temperature_mean,temperature_std,temperature_min,temperature_max,vibration_mean,vibration_std,vibration_min,vibration_max,pressure_mean,pressure_std,pressure_min,pressure_max,power_consumption_mean,power_consumption_std,power_consumption_min,power_consumption_max,target_quantity,produced_quantity,rejected_quantity,production_efficiency,rejection_rate,average_defects,failure_rate,review_rate,days_since_last_maintenance,previous_maintenance_count,previous_corrective_count,previous_preventive_count,previous_inspection_count,target
66.68203125,4.908013082536231,59.658,74.651,1.7476875,0.428153382035442,1.04,2.443,94.75945161290323,8.616354321245575,81.299,107.462,24.384516129032257,3.208327870516226,17.936,29.75,94,84,1,0.8936170212765957,0.0119047619047619,0.0,0.0,0.0,-1,0,0,0,0,0
67.74296875,4.22187190927754,59.997,75.577,1.67815625,0.4785542817746369,1.036,2.503,94.54746875,9.54172924742942,80.136,109.618,24.37196774193548,3.361169791247,17.987,29.402,125,123,2,0.984,0.016260162601626,0.0,0.0,0.0,-1,0,0,0,0,0
66.96671875,4.73351176485537,59.852,75.105,1.87140625,0.4443642693001375,1.045,2.493,94.79965625,9.407544448762575,81.259,109.667,23.053516129032257,3.4867259702187465,18.373,28.423,114,110,2,0.9649122807017544,0.0181818181818181,0.0,0.0,0.0,-1,0,0,0,0,0
66.7839375,3.854808726584028,60.677,73.893,1.82425,0.4379953601168292,1.039,2.486,93.139,8.810282696939977,80.8,108.823,24.4670625,3.245981892676028,18.544,29.531,151,144,3,0.9536423841059604,0.0208333333333333,0.0,0.0,0.0,-1,0,0,0,0,0
65.90028125,4.336078577986775,60.04,75.231,1.7214516129032258,0.3788113724718128,1.038,2.44,94.18909375,9.02989553527748,79.113,110.961,24.10271875,3.5604562704561675,18.091,30.145,123,112,2,0.9105691056910568,0.0178571428571428,0.0,0.0,0.0,-1,0,0,0,0,0
67.09546875,4.291091514532019,59.35,74.508,1.7845,0.4335003813668002,1.105,2.506,97.67809375,7.8746630910394515,84.29,109.149,23.608387096774194,3.804961862948777,18.106,29.861,119,109,1,0.9159663865546218,0.0091743119266055,0.0,0.0,0.0,-1,0,0,0,0,0
67.0261875,4.292520437417295,60.366,74.409,1.77175,0.426707575323792,1.007,2.495,94.22125,8.815701304143133,81.112,109.777,22.80496875,3.3032127126175803,17.767,28.276,82,78,1,0.951219512195122,0.0128205128205128,0.0,0.0,0.0,-1,0,0,0,0,0
67.02775,4.439672822877105,60.26,74.747,1.7267741935483871,0.477615306125297,1.035,2.433,92.5805,8.17378011417231,79.703,109.219,25.19503125,3.1818700373327338,18.092,29.488,92,83,2,0.9021739130434784,0.0240963855421686,0.0,0.0,0.0,-1,0,0,0,0,0
66.55366666666667,4.650823667008798,60.816,74.52,1.74315625,0.415204194566341,1.042,2.541,97.04525806451612,8.720849258979852,81.04,110.111,24.7118125,3.747815814986713,18.475,29.96,101,94,2,0.9306930693069309,0.0212765957446808,0.0,0.0,0.0,-1,0,0,0,0,0
66.80836666666667,4.461746321815023,59.835,75.563,1.7933548387096774,0.4740288703153776,1.082,2.517,96.4625625,7.01013945348151,84.318,110.689,23.270967741935483,3.233138109060308,17.847,29.871,110,103,2,0.9363636363636364,0.0194174757281553,0.0,0.0,0.0,-1,0,0,0,0,0
66.7155806451613,4.518906945816239,59.334,75.3,1.77971875,0.3780129059390057,1.055,2.541,93.4762258064516,7.615715101944037,82.107,108.798,24.321875,3.8667592561680495,17.802,29.881,107,101,1,0.9439252336448598,0.0099009900990099,0.0,0.0,0.0,-1,0,0,0,0,0
68.3228125,4.663469229450569,59.517,75.427,1.8314375,0.4403830398348619,1.059,2.484,94.85584375,9.545420513589228,81.101,108.432,24.89125,3.510422996293072,18.816,29.774,113,107,1,0.9469026548672568,0.0093457943925233,0.0,0.0,0.0,-1,0,0,0,0,0
68.0205,3.996634560033181,62.147,75.292,1.7031290322580643,0.3715337348465576,1.174,2.453,90.13,8.791177601032937,80.503,108.736,23.422875,3.5460066931327043,18.099,29.543,85,84,1,0.9882352941176472,0.0119047619047619,0.0,0.0,0.0,-1,0,0,0,0,0
66.22046875,4.256477378820574,59.791,73.26,1.7136774193548387,0.4052812510752481,1.014,2.33,94.56635483870969,7.822851298379587,79.361,108.551,24.02974193548388,3.023187599954083,18.881,30.534,138,129,3,0.9347826086956522,0.0232558139534883,0.0,0.0,0.0,-1,0,0,0,0,0
66.71821875,3.7428261077941487,61.727,75.231,1.69146875,0.4754695461483482,1.031,2.48,98.702125,8.34607669758285,81.236,111.753,23.7525,3.427313741674516,17.846,30.051,157,156,1,0.9936305732484076,0.0064102564102564,0.0,0.0,0.0,-1,0,0,0,0,0
67.6971875,4.59818636363049,61.475,74.777,1.66303125,0.4097284296808188,1.087,2.525,93.9079,8.545914710025752,79.646,108.106,23.34064516129032,3.314068693196599,18.235,30.286,96,88,2,0.9166666666666666,0.0227272727272727,0.0,0.0,0.0,-1,0,0,0,0,0
66.91140625,4.239417708489743,59.847,74.329,1.66971875,0.4235809123585671,1.069,2.453,96.34484375,9.492358166201038,78.965,111.067,24.0786,3.6132030359931817,18.631,29.571,110,106,1,0.9636363636363636,0.0094339622641509,0.0,0.0,0.0,-1,0,0,0,0,0
67.23728125,4.3055835334491,59.951,75.205,1.66771875,0.4125047983591886,1.083,2.498,95.05759375,7.841018111392515,81.966,108.006,23.38016129032258,3.0859144414233106,17.947,28.964,95,89,2,0.936842105263158,0.0224719101123595,0.0,0.0,0.0,-1,0,0,0,0,0
66.86635483870968,4.596858083143219,59.898,73.9,1.7752,0.3787461528198829,1.075,2.492,93.24153125,7.646570532089384,82.449,107.651,23.621125,3.678721304405088,18.03,29.685,116,107,1,0.9224137931034484,0.0093457943925233,0.0,0.0,0.0,-1,0,0,0,0,0
67.79059375,3.320221648832965,62.013,74.214,1.72875,0.3634255481281662,1.039,2.465,95.05559375,8.384199793926417,81.018,110.841,23.766935483870967,4.658394100513493,17.837,36.274,133,126,3,0.9473684210526316,0.0238095238095238,0.0,0.0,0.0,-1,0,0,0,0,0
67.995625,4.52900123398298,60.201,75.681,1.80084375,0.4619470790368147,1.024,2.516,94.5284375,7.826602154593672,78.96,108.087,23.6604375,3.43208375468804,18.051,30.007,121,111,1,0.9173553719008264,0.009009009009009,0.0,0.0,0.0,-1,0,0,0,0,0
66.796375,4.286886092604719,59.318,75.15,1.82378125,0.4259539377168048,1.078,2.453,95.32253125,9.240952286441171,80.657,109.979,24.55887096774193,3.3615636217087577,18.711,29.919,112,109,1,0.9732142857142856,0.0091743119266055,1.0,0.0,1.0,-1,0,0,0,0,0
66.50215625,4.84327657093215,59.611,75.077,1.83846875,0.4019097944351484,1.069,2.542,94.1463125,9.193081102506282,79.003,109.641,23.66778125,3.2593211715005834,18.018,28.689,127,115,2,0.905511811023622,0.017391304347826,0.0,0.0,0.0,-1,0,0,0,0,0
67.92509677419355,5.056804019370588,59.895,75.696,1.46459375,0.4139819895860361,0.997,2.241,96.25554838709678,9.362392909360688,79.787,110.159,23.87429032258065,3.244571201186667,18.095,28.952,123,111,2,0.902439024390244,0.018018018018018,0.0,0.0,0.0,-1,0,0,0,0,0
68.5775625,4.198639410474958,59.871,75.217,1.72534375,0.4234746905165226,1.01,2.372,96.88683870967742,7.961987964056777,81.631,111.007,23.72753125,3.0433171416726177,18.435,29.036,140,133,2,0.95,0.0150375939849624,0.0,0.0,0.0,-1,0,0,0,0,0
68.1150625,4.237317098060534,60.997,74.646,1.7404333333333333,0.4707654576240211,1.013,2.541,96.25234375,8.690069121108133,80.956,110.843,24.69109375,3.581699257555355,18.456,30.355,81,78,0,0.9629629629629628,0.0,0.0,0.0,0.0,-1,0,0,0,0,0
67.94170967741937,4.459596605027173,60.403,74.332,1.70121875,0.4635143269091042,1.012,2.512,95.74159375,8.701460151326383,78.905,110.569,24.482451612903223,3.2392196780367715,18.062,30.191,118,107,1,0.9067796610169492,0.0093457943925233,0.0,0.0,0.0,1,1,0,1,0,0
67.4152258064516,4.694623710229093,60.286,74.675,1.735375,0.4375864707173186,1.012,2.517,93.8524,8.70642965185837,81.142,108.495,23.59090625,2.851370212319265,18.486,28.657,140,130,1,0.9285714285714286,0.0076923076923076,0.0,0.0,0.0,2,1,0,1,0,0
67.9328125,4.1145337401938455,59.816,74.161,1.7600645161290325,0.4050937287002331,1.026,2.469,95.25383870967742,7.611334872398203,79.462,109.044,24.55596875,3.345537263226507,18.941,29.909,144,137,2,0.9513888888888888,0.0145985401459854,0.0,0.0,0.0,3,1,0,1,0,0
67.33275,4.349247914220901,60.167,73.847,1.81675,0.4273852232263745,1.046,2.515,96.4708064516129,8.024195483741055,80.125,108.465,23.54659375,3.598768085451312,18.139,29.044,132,123,2,0.9318181818181818,0.016260162601626,0.0,0.0,0.0,4,1,0,1,0,0
68.22225,3.62233266493897,61.788,75.692,1.7226875,0.3521265752538424,1.095,2.422,95.851625,7.613897072395468,81.149,109.83,23.62635483870968,3.6880022645364265,18.277,29.229,106,98,1,0.9245283018867924,0.010204081632653,1.0,0.0,1.0,5,1,0,1,0,0
66.407625,4.056084038306707,60.635,75.329,1.83353125,0.442475294325807,1.015,2.461,92.7556129032258,8.516279029707045,79.482,109.197,23.760612903225805,3.835779839679882,18.558,30.516,150,137,1,0.9133333333333332,0.0072992700729927,0.0,0.0,0.0,6,1,0,1,0,0
67.23671875,4.880648471155439,60.087,75.638,1.797125,0.4692892876295718,1.107,2.52,95.8026875,9.854661757300777,80.495,110.221,23.763875,3.627079903866506,18.132,29.689,104,103,1,0.9903846153846154,0.0097087378640776,1.0,0.0,1.0,7,1,0,1,0,0
67.5349375,3.802101829060919,61.673,74.151,1.7425625,0.4866810532377906,1.02,2.411,93.395,8.80566796633471,79.28,106.74,25.40003125,3.2979112009443967,18.643,29.988,99,89,2,0.898989898989899,0.0224719101123595,0.0,0.0,0.0,8,1,0,1,0,0
67.2178064516129,4.637959051273558,60.166,75.195,1.79553125,0.455912766442045,1.103,2.452,93.12278125,9.205673169246882,79.675,109.684,24.52784375,3.728435969847143,18.021,30.395,83,75,1,0.9036144578313252,0.0133333333333333,0.0,0.0,0.0,9,1,0,1,0,0
67.891625,4.015871525945924,61.666,74.111,1.7534516129032258,0.4002563211001734,1.087,2.481,97.882,9.658806234259377,80.351,110.33,24.86835483870968,3.5399838845997325,17.899,29.761,155,144,4,0.9290322580645162,0.0277777777777777,0.0,0.0,0.0,10,1,0,1,0,0
67.82971875,4.492479782454913,60.498,75.294,1.788,0.4338789782208115,0.986,2.487,93.52478125,8.582528508299061,80.822,105.836,24.51234375,3.715683453038685,18.992,29.771,125,115,1,0.92,0.008695652173913,0.0,0.0,0.0,11,1,0,1,0,0
67.51528125,3.8588473729054193,60.724,74.415,1.7809375,0.4804985272375133,0.988,2.537,93.56225,7.792707981017856,80.748,109.536,24.660966666666663,3.541357079477841,17.942,30.312,141,140,2,0.9929078014184396,0.0142857142857142,0.0,0.0,0.0,12,1,0,1,0,0
68.02422580645162,4.601994963851204,60.752,75.707,1.57453125,0.3866988479319992,1.035,2.399,96.49078125,9.199443267637225,80.137,111.639,24.39461290322581,3.693590571764547,17.828,29.728,121,119,1,0.9834710743801652,0.0084033613445378,1.0,0.0,1.0,13,1,0,1,0,0
66.59109375,3.809600134459756,60.068,72.956,1.67121875,0.4266950058580409,1.07,2.466,94.34034375,10.136908390467667,79.647,110.438,23.7338125,3.793393700917596,17.839,30.408,115,103,1,0.8956521739130435,0.0097087378640776,1.0,0.0,1.0,14,1,0,1,0,0
67.92034375,4.824564701135591,59.825,75.449,1.7030625,0.4248195774527072,1.001,2.405,95.673,7.837506161956727,80.8,111.582,23.50659375,4.044859540281323,17.848,30.114,150,138,1,0.92,0.0072463768115942,0.0,0.0,0.0,15,1,0,1,0,0
67.75346875,4.040962293446506,60.653,74.813,1.731354838709677,0.4433249033073522,1.021,2.483,96.91826666666664,8.360379165355226,80.115,110.086,23.176125,3.166918882711936,18.071,29.812,126,119,1,0.9444444444444444,0.0084033613445378,0.0,0.0,0.0,16,1,0,1,0,0
68.31087096774193,4.10512707673332,59.526,74.898,1.832,0.4134679454752011,1.217,2.502,94.1435,8.56675560976379,80.623,110.159,25.05075,3.656159628053246,18.729,30.335,92,90,1,0.9782608695652174,0.0111111111111111,0.0,0.0,0.0,17,1,0,1,0,0
67.23615625,4.50626235300978,60.376,75.452,1.796375,0.3908336623333554,1.027,2.555,94.44893333333331,10.26384092229419,81.072,111.323,24.09865625,2.9989494139951103,18.042,29.24,96,91,1,0.9479166666666666,0.0109890109890109,0.0,0.0,0.0,18,1,0,1,0,0
67.8963,4.808245548193658,59.725,75.493,1.7365,0.3217444638218348,1.116,2.375,96.01021875,9.567915186451067,80.24,110.727,24.9098125,3.679844951480358,18.192,29.491,159,152,3,0.9559748427672956,0.0197368421052631,0.0,0.0,0.0,19,1,0,1,0,0
68.50875,4.652725645842865,60.955,75.666,1.8092,0.4759070758326527,1.033,2.498,92.98328125,8.25151314074547,80.375,108.856,23.59409375,3.984574825412935,18.131,29.482,152,145,4,0.9539473684210528,0.0275862068965517,0.0,0.0,0.0,20,1,0,1,0,0
68.44022580645161,4.473606633799905,60.162,75.256,1.73240625,0.5081270389396859,1.031,2.524,96.275125,8.568881647773434,80.491,109.519,25.038129032258063,3.368067415615227,18.899,29.719,97,94,1,0.9690721649484536,0.0106382978723404,0.0,0.0,0.0,21,1,0,1,0,0
67.17103225806451,3.941913760970008,59.914,74.66,1.70596875,0.4583030751253529,0.985,2.474,95.712,8.799228939826708,82.225,111.638,23.9525,3.0921131724061683,18.396,29.138,101,98,2,0.9702970297029704,0.0204081632653061,0.0,0.0,0.0,22,1,0,1,0,0
67.02987096774193,4.865650293927392,59.658,74.405,1.73890625,0.4351916418326158,1.028,2.423,94.81375,7.899082212918893,80.267,107.783,23.62978125,3.814732863723565,17.908,29.638,105,96,1,0.9142857142857144,0.0104166666666666,1.0,0.0,1.0,23,1,0,1,0,0
67.83615625,4.81194365604918,60.321,75.289,1.720516129032258,0.4756268755349962,0.993,2.515,92.3616875,9.72704110577246,79.556,109.981,24.19264516129032,3.277180704491663,18.647,30.173,137,123,2,0.8978102189781022,0.016260162601626,0.0,0.0,0.0,24,1,0,1,0,0
66.6796875,4.07024072710852,59.779,75.242,1.8941875,0.3991777385269422,1.17,2.455,97.7205625,7.286994809302834,82.771,110.111,24.99521875,3.2560593809911267,18.858,30.144,136,129,2,0.9485294117647058,0.0155038759689922,0.0,0.0,0.0,25,1,0,1,0,0
67.23048387096775,3.6810342103904,60.498,74.147,1.67525,0.3686671722176626,0.977,2.387,94.64640625,8.375913954403579,79.036,108.46,24.5131875,3.921136466576512,17.852,30.468,90,83,1,0.9222222222222224,0.0120481927710843,0.0,0.0,0.0,26,1,0,1,0,0
68.69809375,4.41099864604871,60.122,74.558,1.6810967741935483,0.3776511931080239,1.078,2.508,96.68928125,7.559300199025826,80.508,107.377,23.4630625,2.822723609674334,18.326,29.466,159,145,2,0.9119496855345912,0.0137931034482758,0.0,0.0,0.0,27,1,0,1,0,0
67.86184375,4.258599202595474,60.531,74.841,1.7381,0.484419691931526,1.011,2.482,98.61225,9.469886435262792,81.724,111.261,24.052612903225807,2.546537920097524,18.646,27.819,100,98,2,0.98,0.0204081632653061,0.0,0.0,0.0,28,1,0,1,0,0
67.57386666666667,4.123745600144688,59.507,74.855,1.76415625,0.4713663809829544,1.074,2.477,95.75948387096774,8.733924012611087,79.357,108.741,22.96367741935484,3.2857706796335897,18.143,30.16,110,103,1,0.9363636363636364,0.0097087378640776,0.0,0.0,0.0,29,1,0,1,0,0
67.401375,4.825565992208717,59.949,75.477,1.712,0.4176092478274012,1.057,2.509,95.08674193548389,8.700136535203503,81.469,109.997,24.0568125,3.561170842596756,19.046,29.429,159,150,1,0.9433962264150944,0.0066666666666666,0.0,0.0,0.0,30,1,0,1,0,0
67.53628125,4.771773520531961,60.632,74.119,1.66190625,0.3851286638275744,1.064,2.413,93.218,7.49108131649381,82.15,107.956,23.568387096774195,3.45932583680134,18.034,29.033,82,76,0,0.926829268292683,0.0,0.0,0.0,0.0,31,1,0,1,0,0
66.30753125,4.025127062585688,59.781,72.637,1.6910625,0.3959683057942244,1.007,2.396,94.17822580645162,8.939180166397357,81.085,107.877,23.651125,3.5566950294139734,18.558,30.149,119,113,3,0.9495798319327732,0.0265486725663716,0.0,0.0,0.0,32,1,0,1,0,0
67.83167741935485,4.45604680097428,60.874,74.678,1.83740625,0.3774347932894951,1.094,2.48,90.3048064516129,7.917763579106392,70.814,108.5,23.94703225806452,3.310528794456367,19.294,29.925,90,84,2,0.9333333333333332,0.0238095238095238,0.0,0.0,0.0,33,1,0,1,0,0
67.69725,4.249741624024661,59.869,74.851,1.72315625,0.4454423759390861,1.03,2.518,94.4061875,9.252830616374784,80.053,110.634,24.302612903225807,3.198274948337195,18.274,29.747,157,151,2,0.961783439490446,0.0132450331125827,0.0,0.0,0.0,34,1,0,1,0,0
67.5215,3.425531256184474,60.672,74.112,1.680225806451613,0.4604597492128507,1.023,2.459,93.16584375,7.24887478302389,81.136,108.665,23.327875,3.5680559426216143,18.104,30.265,137,126,2,0.9197080291970804,0.0158730158730158,0.0,0.0,0.0,35,1,0,1,0,0
66.7315625,4.698074333977769,59.448,75.793,1.7061875,0.4477179006343024,1.005,2.474,92.756125,8.26806131174889,79.982,109.438,24.210129032258063,3.497648693450458,17.78,29.729,95,94,2,0.9894736842105264,0.0212765957446808,0.0,0.0,0.0,36,1,0,1,0,0
68.0196129032258,4.419867589852435,61.391,75.454,1.81984375,0.4001665064231428,1.049,2.512,92.71548387096772,9.4759971045126,79.519,109.07,24.11296875,3.3443508698890154,18.314,30.144,150,144,1,0.96,0.0069444444444444,0.0,0.0,0.0,37,1,0,1,0,0
66.31515625,4.1799152646865565,60.977,74.767,1.712548387096774,0.4488782937285397,0.997,2.529,97.189,9.504921187163706,79.46,111.029,22.60765625,3.5365967020375533,18.172,30.051,157,146,4,0.929936305732484,0.0273972602739726,0.0,0.0,0.0,38,1,0,1,0,0
66.6905625,4.003584111505992,60.528,74.174,1.61703125,0.4082960251499221,1.027,2.403,96.39434375,8.059548036673245,82.744,107.057,24.1696875,3.055492900815756,18.902,29.668,106,99,1,0.9339622641509434,0.0101010101010101,0.0,0.0,0.0,39,1,0,1,0,0
67.5759375,4.300834442197646,60.097,74.824,1.862,0.3536462602931846,1.329,2.509,98.48103225806452,7.999576236626,80.056,110.692,23.8051935483871,2.848056722508112,18.952,29.235,145,137,3,0.9448275862068966,0.0218978102189781,0.0,0.0,0.0,40,1,0,1,0,0
68.4883125,4.255607635908936,61.008,74.429,1.7441612903225807,0.4818059150580722,0.987,2.438,96.27115625,8.85707639125941,80.676,109.203,22.76965625,3.3153869974017085,17.928,29.735,126,120,1,0.9523809523809524,0.0083333333333333,0.0,0.0,0.0,41,1,0,1,0,0
69.36115625,4.120217040238214,61.216,74.671,1.7656875,0.4349925796549162,1.016,2.452,94.26306451612903,9.303144321269317,80.373,111.638,23.87625806451613,3.253795322058453,19.288,29.538,120,109,3,0.9083333333333332,0.0275229357798165,0.0,0.0,0.0,1,2,0,2,0,0
68.04271875,4.768874792790696,60.22,75.378,1.76828125,0.426469469797493,1.103,2.465,94.73270967741936,8.06014353550253,80.957,109.541,23.865967741935485,3.565037339532091,18.172,29.411,128,117,2,0.9140625,0.017094017094017,0.0,0.0,0.0,2,2,0,2,0,0
67.26915625,3.617270527838994,61.281,75.658,1.7919032258064516,0.4631472303590376,1.024,2.485,95.878375,8.107971560296734,81.736,109.979,24.617375,3.4304420833322298,18.799,29.966,113,108,1,0.9557522123893806,0.0092592592592592,0.0,0.0,0.0,3,2,0,2,0,0
67.25928125,4.283185370532867,60.389,75.049,1.75578125,0.4471691412960193,1.02,2.493,95.74654838709678,8.68582958555182,80.659,108.789,24.106625,3.7266057439669873,17.831,29.806,112,109,1,0.9732142857142856,0.0091743119266055,0.0,0.0,0.0,4,2,0,2,0,0
68.62778125,4.47028348480002,60.27,75.361,1.70425,0.4354347475280752,1.094,2.502,93.36690625,8.091101274217067,81.345,108.17,24.1876875,3.7606683640484495,18.643,30.089,116,108,2,0.9310344827586208,0.0185185185185185,0.0,0.0,0.0,5,2,0,2,0,0
67.73217241379311,4.657571371042499,60.267,74.987,1.5753125,0.4363226416089878,1.027,2.467,96.2819375,9.1807355947377,79.954,110.984,23.91333333333333,3.412703027516896,18.286,28.962,143,141,1,0.986013986013986,0.0070921985815602,0.0,0.0,0.0,6,2,0,2,0,0
67.9755625,4.966509353384732,60.65,75.402,1.657967741935484,0.4108699294481541,1.083,2.421,93.38951612903226,8.612513190588711,79.644,108.06,24.056387096774195,3.056751529291833,18.661,29.475,80,74,1,0.925,0.0135135135135135,0.0,0.0,0.0,7,2,0,2,0,0
68.7455625,4.490020934914197,60.418,75.912,1.7893870967741936,0.4261341476905565,1.031,2.376,95.781625,8.01679190823861,80.491,109.072,24.081625,3.381855682142381,18.361,29.811,140,136,3,0.9714285714285714,0.0220588235294117,0.0,0.0,0.0,8,2,0,2,0,0
67.30225,4.666522653691864,60.104,75.194,1.9447096774193549,0.3583411031915807,1.062,2.459,94.04696875,9.0980046642085,82.678,110.241,24.2696875,3.2624151002425066,19.657,30.161,96,91,1,0.9479166666666666,0.0109890109890109,0.0,0.0,0.0,9,2,0,2,0,0
66.80112903225806,4.427494564212253,60.674,75.233,1.7546,0.348421227430445,1.156,2.47,94.27475,7.236517452387555,82.912,106.853,23.124967741935485,3.714490548144936,18.279,29.572,137,135,3,0.9854014598540146,0.0222222222222222,0.0,0.0,0.0,10,2,0,2,0,0
66.69521875,3.881211365061462,60.534,73.695,1.75559375,0.4361977843323504,1.043,2.495,94.41146875,8.789288278956652,79.258,111.371,24.94990625,3.05344147838061,19.575,29.486,94,84,1,0.8936170212765957,0.0119047619047619,0.0,0.0,0.0,11,2,0,2,0,0
67.780625,4.6663715665144165,59.344,75.035,1.71071875,0.4652359952217799,1.052,2.426,95.0003125,7.678211155233673,80.453,109.295,23.176,3.672453666894092,17.987,29.391,121,111,3,0.9173553719008264,0.027027027027027,0.0,0.0,0.0,12,2,0,2,0,0
66.644625,3.843912797758836,61.138,73.86,1.7763125,0.4575575717345446,1.015,2.415,93.77884375,10.419106998789184,79.847,110.869,23.969875,3.5232931786299937,18.655,30.083,139,137,2,0.9856115107913668,0.0145985401459854,0.0,0.0,0.0,13,2,0,2,0,0
67.00153125,4.376197952003656,60.805,74.895,1.67678125,0.4666827156178506,1.001,2.463,96.36503125,8.685293392947216,81.493,111.046,24.57840625,3.888641663991093,19.087,30.042,107,106,3,0.9906542056074766,0.0283018867924528,0.0,0.0,0.0,14,2,0,2,0,0
67.4158125,4.339804272660229,59.557,74.675,1.7914375,0.4129601197257079,1.031,2.544,93.92274193548388,9.1658184830661,79.678,110.641,25.26665625,4.136631773123066,17.96,30.139,152,149,3,0.9802631578947368,0.0201342281879194,0.0,0.0,0.0,15,2,0,2,0,0
67.84090322580646,4.683817419974427,60.327,75.222,1.77325,0.4633039829800314,1.031,2.54,95.35175,8.061959891386374,81.806,109.206,23.64606451612904,3.522086256141227,18.032,30.456,87,82,2,0.942528735632184,0.024390243902439,0.0,0.0,0.0,16,2,0,2,0,0
67.20990625,4.511716105511723,60.114,74.89,1.71509375,0.4823567385094602,0.996,2.502,95.79993548387095,9.242938908289156,81.514,111.765,23.719625,3.669626171960228,17.981,29.736,102,92,1,0.9019607843137256,0.0108695652173913,0.0,0.0,0.0,17,2,0,2,0,0
68.47971875,4.700294076142233,59.702,74.382,1.7310625,0.4531437098473215,1.026,2.444,95.98203225806452,9.165126747564637,81.633,110.927,23.80906896551724,2.8879201479244854,19.081,28.711,101,91,2,0.900990099009901,0.0219780219780219,0.0,0.0,0.0,18,2,0,2,0,0
67.6291875,4.980596851379132,60.487,75.093,1.762967741935484,0.4587063318995402,1.023,2.489,93.5040625,9.57943135202846,79.918,111.067,23.713806451612903,3.841901937143068,18.382,29.655,130,129,2,0.9923076923076924,0.0155038759689922,0.0,0.0,0.0,19,2,0,2,0,0
67.95970967741935,4.734967949159726,59.589,75.208,1.7099354838709675,0.4232314524767641,1.031,2.473,94.58255172413794,8.475967448305179,80.104,108.588,25.07875,3.412475574767841,18.086,30.046,109,101,2,0.926605504587156,0.0198019801980198,0.0,0.0,0.0,20,2,0,2,0,0
67.592125,4.7185917988862025,60.189,75.112,1.642125,0.4212833503597342,1.007,2.431,96.07978125,8.580012650319171,78.899,108.845,23.70709375,3.3479876320673303,18.17,29.316,151,144,2,0.9536423841059604,0.0138888888888888,0.0,0.0,0.0,1,3,1,2,0,0
67.55793750000001,3.999483570997315,61.201,74.879,1.80484375,0.434735893824092,1.079,2.445,95.8825625,8.593782587269592,79.864,106.745,23.54203125,3.263710380932235,18.786,29.134,112,111,2,0.9910714285714286,0.018018018018018,0.0,0.0,0.0,2,3,1,2,0,0
66.1314375,3.7088122517253934,59.343,73.249,1.74028125,0.4960597150821857,1.006,2.546,93.88287096774194,9.226082808147543,80.836,108.827,23.06890625,3.4023341926785133,17.794,28.065,121,113,2,0.9338842975206612,0.0176991150442477,0.0,0.0,0.0,3,3,1,2,0,0
65.864375,3.869662232071757,59.201,72.689,1.69734375,0.4505748736157743,1.045,2.523,94.83146875,8.969685239143821,79.378,110.796,23.446,3.95129286014928,17.894,30.333,156,147,2,0.9423076923076924,0.0136054421768707,0.0,0.0,0.0,4,3,1,2,0,0
67.62365625,3.910553270066044,61.219,75.1,1.92946875,0.4296867564509695,1.195,2.505,93.84171875,9.128256895519804,79.331,110.19,24.209875,3.68118380109162,18.504,29.696,108,102,2,0.9444444444444444,0.0196078431372549,0.0,0.0,0.0,5,3,1,2,0,0
68.59675,4.460355200668331,61.342,75.126,1.7004375,0.4579115238882697,0.994,2.477,94.11506451612904,8.721511092066116,78.722,111.883,24.1425,2.913389003183572,18.01,29.657,120,108,1,0.9,0.0092592592592592,0.0,0.0,0.0,6,3,1,2,0,0
67.83975,4.3502122380556365,60.39,75.144,1.69271875,0.4433851623788757,1.003,2.417,94.22115625,8.167991947759827,81.278,108.57,22.999875,3.552748320530496,17.806,29.277,107,98,2,0.9158878504672896,0.0204081632653061,0.0,0.0,0.0,7,3,1,2,0,0
67.27378125,5.150766317770807,59.507,75.732,1.701258064516129,0.4321482745340952,1.047,2.441,96.32084375,8.665223304121035,79.827,111.166,24.23359375,2.9608456383528714,18.525,29.483,97,90,1,0.9278350515463918,0.0111111111111111,0.0,0.0,0.0,8,3,1,2,0,0
67.87425,4.2619013324738,60.462,75.27,1.772032258064516,0.4427534666810239,1.053,2.503,96.322125,7.469055442937709,82.827,109.968,24.44534375,2.829633358324064,19.232,28.78,151,143,2,0.9470198675496688,0.0139860139860139,0.0,0.0,0.0,9,3,1,2,0,0
66.62025,4.683234986148345,59.931,75.55,1.7595806451612903,0.4450017059288311,1.016,2.5,94.53165625,11.426530251467486,60.771,109.297,25.05159375,3.5743980576872514,18.166,30.327,136,129,3,0.9485294117647058,0.0232558139534883,0.0,0.0,0.0,10,3,1,2,0,0
65.48503125,3.998185608533233,59.496,75.701,1.7633125,0.4024249429116184,1.01,2.436,97.22521875,8.261430832623228,82.405,110.898,23.8395625,3.5693837991514954,17.961,30.344,152,142,2,0.9342105263157896,0.0140845070422535,0.0,0.0,0.0,11,3,1,2,0,0
67.520375,4.510428337788172,59.759,74.886,1.6946451612903226,0.4383322596985911,1.108,2.462,97.7796875,8.8595546361432,79.621,110.216,24.992870967741936,3.76753869913268,18.219,29.415,114,109,1,0.956140350877193,0.0091743119266055,0.0,0.0,0.0,12,3,1,2,0,0
67.7914375,4.534492481026276,59.498,75.351,1.75696875,0.3888351076322962,1.134,2.415,95.89064516129032,7.677142743444713,81.456,110.181,23.79121875,3.6950303480736784,17.693,30.341,116,108,2,0.9310344827586208,0.0185185185185185,0.0,0.0,0.0,13,3,1,2,0,0
67.901375,4.527111674445774,60.622,75.115,1.7543125,0.4562109329275009,1.05,2.457,93.79948387096776,8.903061884808572,80.824,108.943,23.49771875,3.6305847856906888,18.226,29.663,101,91,2,0.900990099009901,0.0219780219780219,0.0,0.0,0.0,14,3,1,2,0,0
65.56496875,3.917778645498104,60.21,72.853,1.70425,0.3876645540304309,1.053,2.48,95.7101875,8.49308915051222,81.928,110.641,24.0495,3.564659075224536,18.976,29.852,118,107,2,0.9067796610169492,0.0186915887850467,0.0,0.0,0.0,15,3,1,2,0,0
67.3115806451613,4.4151847282923775,60.873,75.624,1.81225,0.5205496474726219,1.03,2.53,99.30146875,8.848949975924336,78.818,109.366,24.30415625,3.4974336038741414,18.297,29.742,115,110,1,0.9565217391304348,0.009090909090909,0.0,0.0,0.0,16,3,1,2,0,0
68.42521875,3.890825857556545,61.712,75.299,1.7753125,0.4457916074334111,1.052,2.465,92.377125,8.176696839780561,79.438,111.409,23.638548387096773,3.5472111471662697,18.058,30.141,96,90,2,0.9375,0.0222222222222222,0.0,0.0,0.0,17,3,1,2,0,0
65.79364516129033,4.460071498293774,59.236,74.37,1.6794375,0.4380783504454794,1.002,2.458,95.2311935483871,7.515390841108908,80.409,109.179,24.23965625,4.148824805305831,17.844,34.383,145,143,4,0.986206896551724,0.0279720279720279,2.0,0.0,1.0,18,3,1,2,0,0
67.16129032258064,4.454623591981321,60.136,74.845,1.86984375,0.472248506845434,1.021,2.482,94.52016129032258,9.171235798577984,80.518,108.508,24.3381875,4.104386068094441,18.63,29.63,113,103,1,0.911504424778761,0.0097087378640776,0.0,0.0,0.0,19,3,1,2,0,0
66.97067741935483,4.467531856906351,61.216,74.951,1.792516129032258,0.4660406184706609,1.048,2.526,93.5600625,8.377732332094752,79.537,106.334,23.850645161290323,3.3095968289041604,17.829,30.357,145,130,3,0.896551724137931,0.023076923076923,2.0,0.0,1.0,20,3,1,2,0,0
67.49106451612903,4.750844836696478,59.374,75.288,1.72184375,0.4814129144022061,1.02,2.436,95.0185625,9.07905420304198,80.566,110.056,23.910500000000003,3.6373369260756,19.081,29.927,85,84,0,0.9882352941176472,0.0,0.0,0.0,0.0,21,3,1,2,0,0
66.83016129032258,4.128737467206928,60.307,74.54,1.82415625,0.4505324526906128,1.102,2.529,95.423875,9.292267054714316,78.984,111.0,24.29740625,3.640895475277361,18.027,29.141,81,80,0,0.9876543209876544,0.0,0.0,0.0,0.0,22,3,1,2,0,0
67.15184375,4.031790093977508,59.392,74.205,1.782875,0.466732481918089,1.047,2.43,93.3398125,9.073265587169956,79.544,111.265,24.77503125,3.700373411709785,17.729,30.515,135,130,1,0.9629629629629628,0.0076923076923076,0.0,0.0,0.0,23,3,1,2,0,0
66.73845161290322,4.162683396069654,59.996,73.882,1.79190625,0.4486636328515476,1.143,2.466,96.42321875,8.600188110224682,80.095,108.695,24.038875,3.744660178819797,17.949,30.104,91,83,1,0.912087912087912,0.0120481927710843,0.0,0.0,0.0,24,3,1,2,0,0
67.41084375,4.423445184172511,60.444,74.957,1.7705,0.4662506594304771,1.014,2.493,94.770375,10.061482917542522,80.878,110.383,23.72,3.5611215431604264,17.851,29.739,108,98,2,0.9074074074074074,0.0204081632653061,0.0,0.0,0.0,25,3,1,2,0,0
67.18421875,4.85643667148592,60.196,74.666,1.65628125,0.4390708837163077,1.026,2.45,96.06765625,10.11609895361421,79.18,111.422,23.164766666666665,3.229785086085272,18.392,28.788,103,95,1,0.9223300970873788,0.0105263157894736,0.0,0.0,0.0,26,3,1,2,0,0
67.73259374999999,4.214241651899524,60.087,74.963,1.57696875,0.3637097818914805,1.066,2.45,95.7045,9.701352217021588,78.861,109.819,23.290625,3.412493797702032,17.956,29.705,129,119,1,0.9224806201550388,0.0084033613445378,0.0,0.0,0.0,27,3,1,2,0,0
67.02618749999999,4.263834102545766,60.341,75.836,1.860875,0.4271241981498604,1.081,2.537,93.86,8.53872757109239,81.162,107.562,22.9340625,3.0745162214513915,18.133,29.088,125,123,1,0.984,0.008130081300813,0.0,0.0,0.0,28,3,1,2,0,0
68.291125,4.749975875999862,59.552,75.63,1.65103125,0.4424746017405789,0.984,2.554,96.68446875,8.716631152237273,82.195,107.867,24.166625,3.2642951691924096,17.96,29.964,98,95,2,0.9693877551020408,0.0210526315789473,0.0,0.0,0.0,29,3,1,2,0,0
68.16471875,4.4160329316968,59.594,74.987,1.72125,0.4533217898593562,1.04,2.54,94.2326875,8.80275191369337,78.948,111.338,23.42396875,3.738731598648647,18.041,30.226,153,143,4,0.934640522875817,0.0279720279720279,0.0,0.0,0.0,30,3,1,2,0,0
67.69803333333333,3.899633621016327,60.969,75.317,1.6075,0.4586595476441772,0.99,2.544,95.21896774193549,8.932305866847859,80.856,111.241,22.61883870967742,3.7468888703098218,18.216,29.433,136,132,3,0.9705882352941176,0.0227272727272727,0.0,0.0,0.0,31,3,1,2,0,0
68.1668064516129,4.28996776537505,61.512,74.802,1.7249375,0.4499161167337465,0.993,2.385,94.8473125,8.000037360547843,79.135,108.161,24.14578125,3.341007330561084,18.301,29.669,91,84,2,0.9230769230769232,0.0238095238095238,0.0,0.0,0.0,32,3,1,2,0,0
67.35529032258064,3.811371434654885,60.332,74.398,1.77621875,0.4228116132301218,1.041,2.474,93.0020625,8.996339739340948,79.755,109.813,24.30446875,3.4963693610185627,18.213,30.297,160,153,2,0.95625,0.0130718954248366,0.0,0.0,0.0,33,3,1,2,0,0
67.03165625,4.6180825556639205,59.521,74.719,1.82940625,0.4607585512394996,0.988,2.517,95.16140625,8.552184719403485,80.132,110.463,23.364875,3.468311067550073,18.596,29.169,92,83,1,0.9021739130434784,0.0120481927710843,1.0,0.0,1.0,34,3,1,2,0,0
67.9768125,4.785573862089701,60.014,74.955,1.67465625,0.4466163547685801,0.999,2.508,95.43932258064515,9.678522447106262,81.562,110.785,23.31646875,3.071035435183584,18.279,29.304,107,104,1,0.97196261682243,0.0096153846153846,0.0,0.0,0.0,35,3,1,2,0,0
68.74740625,4.145845544789387,61.283,74.614,1.63853125,0.4944021469036145,1.019,2.482,98.5734375,8.261274840844342,80.821,110.126,24.413375,3.692673389031924,18.186,29.748,92,91,1,0.9891304347826086,0.0109890109890109,0.0,0.0,0.0,36,3,1,2,0,0
67.73219354838709,4.474398182395446,60.541,74.835,1.68621875,0.4096408918580493,1.023,2.525,96.11151612903224,8.932398997921247,81.89,109.842,24.95509375,3.707682846158988,18.358,30.109,119,110,2,0.9243697478991596,0.0181818181818181,0.0,0.0,0.0,37,3,1,2,0,0
67.2785,4.719925388967432,60.117,74.936,1.6649375,0.3768946920175021,1.024,2.416,94.3906875,10.078956066134252,79.885,110.782,23.804451612903225,3.757411510057686,18.083,30.138,131,119,3,0.9083969465648856,0.0252100840336134,0.0,0.0,0.0,38,3,1,2,0,0
67.47525,4.570309095215164,59.726,75.249,1.84046875,0.4498740314279384,1.023,2.463,94.58396666666664,9.602082193312368,80.249,111.505,22.6145,3.178677113761067,17.889,28.703,113,110,2,0.9734513274336284,0.0181818181818181,0.0,0.0,0.0,39,3,1,2,0,0
67.04121875,4.37384484093118,59.752,74.793,1.82234375,0.4318307321740776,0.994,2.452,98.4903125,8.368954023507396,81.899,111.509,24.35115625,3.3289664007585045,18.601,29.317,124,117,1,0.9435483870967742,0.0085470085470085,0.0,0.0,0.0,40,3,1,2,0,0
67.92740625,4.093506532651793,60.947,74.976,1.8895333333333333,0.4451542726255489,1.055,2.469,96.693875,8.148350415881731,84.28,110.255,23.34653125,3.523307939664318,18.404,30.121,156,146,2,0.935897435897436,0.0136986301369863,0.0,0.0,0.0,41,3,1,2,0,0
66.98834375,4.19523173729856,60.067,74.27,1.815875,0.4788215877581396,1.0,2.442,95.83234375,7.893695338929078,80.085,110.326,23.03053125,3.0224761370425965,18.412,29.421,96,93,2,0.96875,0.021505376344086,2.0,1.0,0.0,1,4,1,3,0,0
66.9551875,4.003389164497919,60.34,75.867,1.759625,0.4558720639715461,1.044,2.463,93.3119375,9.291393089540172,79.967,108.893,22.81634375,3.3956366461774,17.993,29.493,118,111,3,0.940677966101695,0.027027027027027,0.0,0.0,0.0,2,4,1,3,0,0
67.84084375,4.1802351385428125,61.187,74.131,1.8232903225806447,0.4573441587796792,1.055,2.432,95.02784375,8.196345995898165,80.733,109.313,23.581625,3.683451088226208,18.105,30.038,134,126,3,0.9402985074626866,0.0238095238095238,0.0,0.0,0.0,3,4,1,3,0,0
68.5316875,4.509150327211002,59.412,75.029,1.81590625,0.4233060632515011,1.133,2.489,96.21996774193548,9.70854101117111,81.36,110.727,23.4731875,3.6511260608333935,17.954,29.381,97,90,2,0.9278350515463918,0.0222222222222222,0.0,0.0,0.0,4,4,1,3,0,0
67.99246875,4.341438590058598,60.761,75.589,1.735064516129032,0.4850143596144943,1.019,2.454,96.46009375,7.970479705316546,82.563,107.779,24.15515625,3.574102820960581,18.667,29.59,136,127,2,0.9338235294117648,0.0157480314960629,0.0,0.0,0.0,5,4,1,3,0,0
67.03926666666668,3.8003397845667575,60.791,73.446,1.83653125,0.3770211754449225,1.078,2.511,96.48928125,10.211569084935544,80.52,111.744,23.942125,3.754146393677435,18.302,29.681,100,90,1,0.9,0.0111111111111111,0.0,0.0,0.0,6,4,1,3,0,0
67.16665625,4.620223577954022,60.409,74.734,1.8510967741935485,0.4454707887795944,1.006,2.492,93.6471935483871,9.158804101043447,80.281,110.309,23.1541875,3.384667367632473,18.036,29.731,126,123,1,0.9761904761904762,0.008130081300813,0.0,0.0,0.0,7,4,1,3,0,0
66.7423125,4.167825544592921,59.698,75.083,1.7729677419354837,0.4214147192391336,1.001,2.517,94.9430625,8.744327337000419,82.591,110.409,24.373,4.036975416834866,18.34,29.387,94,85,2,0.9042553191489362,0.0235294117647058,0.0,0.0,0.0,8,4,1,3,0,0
67.06590322580645,4.021238750723789,59.82,74.545,1.64125,0.4206617674339386,1.017,2.409,95.72046875,9.172090566159422,80.025,109.408,24.84734375,3.572694263070804,18.815,29.919,152,140,4,0.9210526315789472,0.0285714285714285,0.0,0.0,0.0,9,4,1,3,0,0
67.95575,4.775945925559769,59.76,74.822,1.6386875,0.4215754199160802,0.987,2.547,92.19725806451612,9.020855055435865,80.584,109.325,22.643625,3.366703333932124,17.892,29.463,144,132,3,0.9166666666666666,0.0227272727272727,0.0,0.0,0.0,10,4,1,3,0,0
68.4278125,4.206223587368543,59.486,74.621,1.7640645161290325,0.4192692798575375,1.022,2.396,94.74559375,9.313481078381972,80.823,110.067,25.46528125,3.582029036052188,18.286,30.018,86,84,2,0.9767441860465116,0.0238095238095238,0.0,0.0,0.0,11,4,1,3,0,0
68.53164516129033,4.0770841668066895,60.909,75.66,1.9499375,0.4408836389167964,1.223,2.524,93.75884375,9.554021534983445,79.768,110.483,23.76615625,3.265928303633717,17.99,29.888,104,94,2,0.903846153846154,0.0212765957446808,0.0,0.0,0.0,12,4,1,3,0,0
66.69675,4.92900235930807,60.007,75.129,1.73859375,0.3188138155600153,1.266,2.273,94.483875,9.144741724602037,79.958,109.746,24.64125806451613,3.646144109126259,18.918,29.95,96,87,2,0.90625,0.0229885057471264,0.0,0.0,0.0,13,4,1,3,0,0
67.52921875,5.1665683734038055,59.344,75.581,1.69053125,0.4942477493136543,1.029,2.543,95.9155,8.325361842373672,81.359,108.7,22.7979375,3.173787347161117,17.924,29.163,117,113,3,0.9658119658119658,0.0265486725663716,0.0,0.0,0.0,14,4,1,3,0,0
68.21453125000001,3.5000903028385144,62.482,74.369,1.8580645161290323,0.4420499169010872,1.168,2.494,95.815125,7.619316304735804,80.938,107.933,23.70134375,3.526353033480038,17.675,29.458,114,111,1,0.9736842105263158,0.009009009009009,0.0,0.0,0.0,15,4,1,3,0,0
66.28973333333333,4.493982067497431,60.312,75.848,1.61928125,0.4386722808198364,1.064,2.467,95.3361935483871,9.859756986252592,80.001,109.606,23.73767741935484,4.091162926659499,17.945,30.407,120,119,1,0.9916666666666668,0.0084033613445378,0.0,0.0,0.0,16,4,1,3,0,0
68.857375,3.267689622308387,60.92,73.561,1.8573125,0.4572784453841043,1.041,2.55,97.540625,9.067340175312648,79.192,108.876,22.872875,3.448500457187994,17.733,30.199,112,100,1,0.8928571428571429,0.01,0.0,0.0,0.0,17,4,1,3,0,0
68.65606451612904,4.808566383275327,60.527,74.998,1.549125,0.4478334043642972,1.015,2.441,91.9404375,8.995818842169347,79.898,110.61,22.78306451612903,3.379373925601051,18.16,29.704,107,103,1,0.9626168224299064,0.0097087378640776,0.0,0.0,0.0,18,4,1,3,0,0
67.69343333333333,4.720704657243401,59.888,73.715,1.8396129032258064,0.4393552607643277,0.996,2.45,94.1126129032258,9.34638538572504,80.935,109.742,23.2843125,3.685776247190657,18.104,29.689,127,120,2,0.9448818897637796,0.0166666666666666,0.0,0.0,0.0,19,4,1,3,0,0
68.40434375,4.061725484357879,61.739,75.135,1.77275,0.462350935001514,1.042,2.526,91.25215625,7.794591073754698,79.908,107.481,25.5834375,3.001069518360456,19.101,30.106,84,76,0,0.9047619047619048,0.0,0.0,0.0,0.0,20,4,1,3,0,0
67.18609677419356,4.029783950824484,61.382,73.909,1.61671875,0.4466324341670676,1.008,2.435,93.30090625,9.300904483798009,79.525,110.656,24.638125,3.5880798958091327,17.966,29.988,136,127,3,0.9338235294117648,0.0236220472440944,0.0,0.0,0.0,21,4,1,3,0,0
67.710875,4.517581352249625,60.249,74.988,1.62896875,0.3717489166849738,1.01,2.389,96.93675,8.190552460786954,83.759,110.708,23.5418,3.637563151721028,18.459,29.454,124,114,3,0.9193548387096774,0.0263157894736842,0.0,0.0,0.0,22,4,1,3,0,0
67.18109375,4.9042208112116,59.95,75.056,1.70025,0.4104649605885596,1.032,2.46,93.49390625,8.907745851348576,82.227,109.003,24.29246875,3.50683081800202,17.848,29.76,104,96,1,0.9230769230769232,0.0104166666666666,0.0,0.0,0.0,23,4,1,3,0,0
67.21809375,4.853983607501697,59.849,74.31,1.719064516129032,0.4322919488404313,0.99,2.352,94.84934375,8.32342009268513,80.843,108.731,24.468433333333333,3.469345140267663,18.314,30.132,115,113,1,0.982608695652174,0.0088495575221238,1.0,0.0,1.0,24,4,1,3,0,0
67.530125,4.236750129673726,60.614,74.523,1.8450645161290324,0.4664979410804061,0.997,2.499,95.26883333333332,9.522408787129203,81.118,110.774,24.46234375,3.5873438876621195,18.589,30.026,139,132,1,0.9496402877697842,0.0075757575757575,1.0,1.0,0.0,25,4,1,3,0,0
66.5684375,3.928034047693415,59.576,74.61,1.7836875,0.4417448860539742,1.006,2.375,93.835125,9.751345434878337,81.542,111.191,23.25378125,2.991623129775012,18.944,28.37,85,76,1,0.8941176470588236,0.0131578947368421,0.0,0.0,0.0,26,4,1,3,0,0
67.59303125,4.6250067165382776,60.176,74.865,1.79196875,0.4148168258303121,1.084,2.515,94.77978125,8.847032404708353,79.919,111.071,24.66396875,3.681228612266036,18.764,30.2,101,93,1,0.9207920792079208,0.010752688172043,0.0,0.0,0.0,27,4,1,3,0,0
67.36943333333333,4.450715670334484,59.458,75.052,1.612,0.447798918006444,1.097,2.501,94.98346875,8.108052759286844,82.204,107.866,24.505166666666664,3.213211242434233,18.204,29.518,103,98,1,0.9514563106796116,0.010204081632653,0.0,0.0,0.0,28,4,1,3,0,0
67.04945161290323,4.479944351132868,60.872,73.939,1.7932580645161291,0.4180070149125838,1.023,2.505,94.65603225806451,9.577206904882274,79.795,110.859,24.84503125,3.2437089830522514,19.154,29.406,128,120,1,0.9375,0.0083333333333333,0.0,0.0,0.0,29,4,1,3,0,0
66.22690625,4.36253879442497,59.373,74.442,1.78728125,0.4168693022051009,1.068,2.503,95.650625,8.405428866838614,80.533,108.826,23.428483870967742,3.427353623141989,18.286,29.742,141,138,2,0.9787234042553192,0.0144927536231884,0.0,0.0,0.0,30,4,1,3,0,0
68.6353125,4.0439213517566746,60.622,75.74,1.76496875,0.3715564893773047,1.025,2.353,92.63859375,8.523515195108764,80.831,109.297,23.908967741935484,3.4021203239927784,18.399,29.444,134,129,1,0.9626865671641792,0.0077519379844961,0.0,0.0,0.0,31,4,1,3,0,0
66.14609375,4.527180247231983,60.943,75.009,1.848516129032258,0.460730642275053,0.999,2.457,94.40870967741937,10.013384167181938,79.779,108.29,24.49984375,3.501042518555563,18.418,30.161,100,91,1,0.91,0.0109890109890109,0.0,0.0,0.0,32,4,1,3,0,0
68.027,4.073742346992187,59.688,75.211,1.75125,0.4375578855715052,1.025,2.498,95.2060625,8.096162798541286,81.22,110.844,23.20496875,3.642111966927581,18.314,30.119,143,134,1,0.9370629370629372,0.0074626865671641,0.0,0.0,0.0,33,4,1,3,0,0
67.48690322580646,4.077221164427549,59.521,75.991,1.60915625,0.4417725373972301,1.032,2.491,96.38103225806452,9.25924231055605,81.164,108.945,24.96165625,3.2403682049777367,19.68,29.758,91,86,2,0.945054945054945,0.0232558139534883,0.0,0.0,0.0,34,4,1,3,0,0
78.85215625000001,3.2296347851988068,74.629,93.709,2.708516129032258,0.1654262919384828,2.443,3.035,100.513,10.99433202360022,78.237,117.489,31.34083870967742,1.082489048344115,29.582,33.083,123,116,4,0.943089430894309,0.0344827586206896,0.0,0.0,0.0,35,4,1,3,0,0
78.6185,3.2660991135228623,74.45,92.954,2.783625,0.2428230140020345,2.501,3.891,98.103625,11.467539727562572,78.396,113.673,31.50121875,1.014732055349208,29.494,33.176,153,128,7,0.8366013071895425,0.0546875,2.0,1.0,0.0,36,4,1,3,0,0
77.98546875,1.855092206809713,74.724,80.56,2.748,0.1400324847104897,2.453,3.014,93.0155,11.572737376571572,75.631,110.927,31.34153125,0.9613549572507784,29.565,33.176,153,142,5,0.9281045751633988,0.0352112676056338,0.0,0.0,0.0,37,4,1,3,0,0
78.4260625,2.0622622238305923,74.522,81.761,2.7526875,0.154855070120211,2.494,3.033,93.243375,12.039051143486512,74.619,113.968,31.4074375,0.7655014353877111,29.854,32.88,113,93,2,0.8230088495575221,0.021505376344086,0.0,0.0,0.0,38,4,1,3,0,0
77.73665625,2.144027828559391,74.599,81.761,2.73190625,0.1391813297117202,2.491,3.021,96.03409375,11.16920392623244,76.984,113.11,31.3680625,0.9735733296602812,29.476,33.11,133,116,6,0.8721804511278195,0.0517241379310344,5.0,0.0,1.0,39,4,1,3,0,0
78.22384375,1.7487742271028135,74.85,81.378,2.76540625,0.1684421714445873,2.458,3.009,95.30934375,11.298167566552335,76.017,115.454,31.33059375,0.9585360430187948,29.839,33.08,124,115,6,0.9274193548387096,0.0521739130434782,1.0,0.0,1.0,40,4,1,3,0,0
77.92103125,1.699415867089191,74.736,81.883,2.73896875,0.1327664659309965,2.536,3.002,96.7731875,10.538951458028327,77.089,116.312,31.640806451612903,1.0027438828652393,29.585,33.326,120,101,3,0.8416666666666667,0.0297029702970297,0.0,0.0,0.0,41,4,1,3,0,0
77.6681875,1.9431489979478704,74.236,81.182,2.76065625,0.1155339942642214,2.528,3.03,97.53196774193547,12.011983406814688,75.861,113.396,31.73525,1.1198726886167372,29.764,35.63,147,134,3,0.91156462585034,0.0223880597014925,0.0,0.0,0.0,42,4,1,3,0,0
78.07096875,1.9945613873792347,74.763,81.641,2.7645,0.1430348479984353,2.471,3.009,93.9586875,12.450900085192702,77.84,116.61,31.46096875,0.9095957799280427,29.662,33.125,160,145,7,0.90625,0.0482758620689655,0.0,0.0,0.0,43,4,1,3,0,0
78.01471875,1.897806156768748,74.957,81.29,2.7605,0.1478816004171428,2.492,2.99,94.4310625,11.593780312367988,76.743,114.752,31.62484375,0.8330011853523303,29.945,33.048,117,104,5,0.8888888888888888,0.048076923076923,0.0,0.0,0.0,44,4,1,3,0,0
78.74915625,1.991277886172516,74.17,81.521,2.76321875,0.1588792875871287,2.464,2.994,97.90393548387097,9.865357790218876,77.327,111.955,31.42570967741936,0.8779960969369744,30.394,33.234,159,138,4,0.8679245283018868,0.0289855072463768,0.0,0.0,0.0,45,4,1,3,0,0
78.09803125,1.817345786764131,74.441,80.811,2.7407419354838707,0.191340702716722,2.462,3.038,94.4094375,11.39089322430777,75.679,114.124,31.79978125,0.9964542536599952,30.004,33.399,89,78,2,0.8764044943820225,0.0256410256410256,0.0,0.0,0.0,46,4,1,3,0,0
78.10665625,2.064361552625817,74.5,81.5,2.790125,0.1465477462654539,2.479,3.016,92.04509677419357,12.105329940030105,77.766,115.884,31.4129375,0.9092494933344932,29.912,32.859,95,79,3,0.8315789473684211,0.0379746835443038,2.0,0.0,1.0,47,4,1,3,0,1
77.8698125,1.7860677377159246,74.838,81.255,2.7530625,0.1535227076825885,2.461,2.983,94.2135625,10.08043501345472,78.474,115.178,31.44315625,0.8148745444456369,30.294,33.319,160,129,4,0.80625,0.0310077519379844,0.0,0.0,0.0,48,4,1,3,0,1
77.6355625,1.92251183036756,74.399,81.085,2.786875,0.1326462066138051,2.528,3.023,95.28725,12.391108162060045,75.016,114.726,31.22084375,0.9985744067249718,29.435,33.451,139,116,6,0.8345323741007195,0.0517241379310344,0.0,0.0,0.0,49,4,1,3,0,1
78.28528125,1.808783769497723,74.96,81.865,2.72546875,0.143370709289792,2.493,2.979,99.64480645161292,12.676846914537686,78.208,116.999,31.495375,1.003438113880024,29.751,33.365,132,118,2,0.8939393939393939,0.0169491525423728,0.0,0.0,0.0,50,4,1,3,0,1
77.66409375,1.8693528181350216,74.337,82.046,2.7562258064516127,0.1473347005239927,2.484,3.015,92.62809375,12.183226823368145,75.946,112.023,31.40659375,1.0215775232887174,29.711,33.489,139,127,2,0.9136690647482014,0.0157480314960629,0.0,0.0,0.0,51,4,1,3,0,1
77.52428125,1.845729163272129,75.352,81.651,2.759125,0.1416790443675536,2.464,3.011,97.8310625,12.554888807301708,76.861,114.219,31.607612903225807,1.0040918177610183,30.0,33.447,93,85,3,0.913978494623656,0.0352941176470588,0.0,0.0,0.0,52,4,1,3,0,1
77.37053125,1.806518519219292,74.112,81.392,2.73584375,0.1561124717331871,2.508,2.988,94.9206875,11.037723764399688,76.187,115.464,31.5061875,1.0825846145131774,29.701,33.198,150,140,4,0.9333333333333332,0.0285714285714285,0.0,0.0,0.0,53,4,1,3,0,1
78.48477419354839,2.127501174456043,74.39,81.993,2.7291875,0.1514245127597119,2.442,2.985,96.63415625,11.563555893853856,75.759,115.781,31.395354838709675,0.9262552761302576,29.812,33.282,154,128,3,0.8311688311688312,0.0234375,0.0,0.0,0.0,54,4,1,3,0,0
77.88009375,1.689670140730375,75.068,80.83,2.73546875,0.1325333760459192,2.532,2.976,99.84748387096774,12.463888860413162,77.869,116.46,31.3709375,0.8590571327089161,30.006,33.14,109,99,5,0.908256880733945,0.0505050505050505,0.0,0.0,0.0,55,4,1,3,0,0
78.02825,1.9815395122756685,74.605,81.499,2.7606451612903227,0.1531640837766472,2.478,3.011,91.97078125,10.706293897288685,74.694,114.416,31.38096774193548,0.9662918635647296,29.75,32.912,86,75,2,0.872093023255814,0.0266666666666666,0.0,0.0,0.0,56,4,1,3,0,0
78.00928125,1.953998782222604,74.42,81.839,2.7735,0.1456841479631258,2.475,3.004,92.14321875,11.23093915222264,75.998,116.646,31.51083870967742,0.9982222563729388,29.593,33.498,156,140,7,0.8974358974358975,0.05,0.0,0.0,0.0,57,4,1,3,0,0
78.0825,1.936653775156412,74.037,81.521,2.80784375,0.1629219305174977,2.501,3.027,102.09625806451612,10.24126442052849,77.499,115.014,31.51275,0.8592452426966204,30.148,32.885,106,96,2,0.9056603773584906,0.0208333333333333,0.0,0.0,0.0,58,4,1,3,0,0
77.7831875,1.8565753494608863,73.923,81.018,2.744935483870968,0.1239289945853057,2.497,2.937,99.5791875,11.306519761845374,76.511,115.5,31.5110625,0.958391493092597,29.751,32.98,129,107,3,0.8294573643410853,0.02803738317757,0.0,0.0,0.0,59,4,1,3,0,0
68.12790625,4.053788831963652,60.544,75.3,1.66834375,0.3618741190306286,1.123,2.314,97.70780645161292,6.444637343918092,80.598,107.907,24.34270967741936,3.4723202347858453,19.157,29.538,112,110,3,0.9821428571428572,0.0272727272727272,0.0,0.0,0.0,60,4,1,3,0,0
67.05378125,4.271945607470381,60.617,74.811,1.778,0.4694441462534312,1.008,2.468,94.61215625,9.919984622482149,79.867,111.451,24.43935483870968,3.9040134097138814,18.637,30.168,105,103,1,0.9809523809523808,0.0097087378640776,1.0,0.0,1.0,1,5,1,4,0,0
67.34074193548388,4.890895575575378,59.623,75.222,1.841625,0.5130173706422084,1.04,2.478,95.23659375,8.383500673305546,83.539,109.629,24.365366666666667,3.4133345460104696,17.908,29.541,96,88,2,0.9166666666666666,0.0227272727272727,0.0,0.0,0.0,2,5,1,4,0,0
68.09258064516129,4.534934632194775,59.609,74.205,1.696516129032258,0.4757108274969674,0.991,2.411,95.95365625,8.474314289927875,81.59,110.169,24.06928125,3.4925129619393704,18.953,29.636,108,105,3,0.9722222222222222,0.0285714285714285,0.0,0.0,0.0,3,5,1,4,0,0
66.30406451612903,4.661474830533672,60.583,74.625,1.81725,0.4492598213692986,1.014,2.54,95.64509677419356,7.318468748560447,81.199,109.352,24.42209375,3.479274084089632,17.954,29.782,148,139,3,0.9391891891891893,0.0215827338129496,0.0,0.0,0.0,4,5,1,4,0,0
67.05990322580645,4.792440473320724,59.821,75.076,1.88771875,0.3197227866171851,1.282,2.475,92.563875,8.729034579697133,79.836,107.966,23.95365625,3.3620228320440484,18.213,29.448,137,123,2,0.8978102189781022,0.016260162601626,0.0,0.0,0.0,5,5,1,4,0,0
78.04484375,1.7361300328395386,75.451,81.927,2.741125,0.1588528940104141,2.467,3.028,96.52545161290324,13.621553442586768,75.186,115.694,31.61975,0.8476342409622276,29.906,33.132,99,81,2,0.8181818181818182,0.0246913580246913,0.0,0.0,0.0,6,5,1,4,0,0
78.59103125,1.4665686412974646,75.114,81.55,2.721375,0.1318439326652734,2.541,2.936,94.63512903225806,10.698159277003173,76.822,114.097,31.32225,1.1082916234370113,29.564,33.575,156,138,4,0.8846153846153846,0.0289855072463768,4.0,1.0,0.0,7,5,1,4,0,0
77.62684375,1.8633728196796708,74.425,81.012,2.75446875,0.1254501531582139,2.492,2.974,94.32121875,11.45720215166658,74.855,112.383,31.31603125,0.9872170230526004,29.934,33.355,138,125,4,0.9057971014492754,0.032,0.0,0.0,0.0,8,5,1,4,0,1
78.19646875,1.7818530583559868,74.241,80.975,2.80865625,0.1534177533939654,2.52,3.008,97.9277741935484,11.000408346086305,78.142,113.399,31.5448125,0.9190682672351984,30.274,33.288,157,147,8,0.9363057324840764,0.0544217687074829,0.0,0.0,0.0,9,5,1,4,0,1
77.98340625,1.605359227398011,75.317,81.224,2.74225,0.1537253520762525,2.463,3.017,94.993375,12.677312358265542,76.743,115.95,31.41678125,0.9809144757160808,30.186,33.309,158,150,5,0.9493670886075948,0.0333333333333333,0.0,0.0,0.0,10,5,1,4,0,1
78.17946875,2.252768891034161,74.03,81.126,2.733625,0.1376671418149003,2.48,3.006,91.31258064516128,9.950943214168836,77.623,109.936,31.4746875,0.9082952993418232,29.912,33.439,140,128,5,0.9142857142857144,0.0390625,0.0,0.0,0.0,11,5,1,4,0,1
77.7521935483871,1.954202043791016,74.686,81.219,2.729483870967742,0.1562900873307371,2.525,3.034,95.74015625,11.841576818795858,75.644,115.044,31.61103125,0.97364726620678,29.562,33.207,129,106,2,0.8217054263565892,0.0188679245283018,2.0,0.0,1.0,12,5,1,4,0,1
78.21075,1.7882325207833276,75.089,80.824,2.8089032258064512,0.1511761345448215,2.525,3.067,94.8323448275862,11.141042668170252,77.199,113.137,31.5576875,1.1186720652256092,29.471,33.491,141,128,5,0.9078014184397164,0.0390625,0.0,0.0,0.0,13,5,1,4,0,1
78.33134375,1.7475600245240548,74.894,81.25,2.71646875,0.1364203618268466,2.509,2.993,93.57603225806452,12.107207482828487,75.986,116.175,31.44303225806452,0.8660708009499352,29.579,32.911,106,89,2,0.839622641509434,0.0224719101123595,0.0,0.0,0.0,14,5,1,4,0,1
77.38446875,2.100654398566728,74.102,81.417,2.77975,0.1472253046272299,2.522,2.981,97.28958064516128,11.827144898563343,76.193,115.95,31.61209375,0.9293947513466194,29.863,33.046,86,70,1,0.813953488372093,0.0142857142857142,0.0,0.0,0.0,15,5,1,4,0,0
77.77809677419356,2.110080714962326,74.973,81.699,2.767125,0.1579732010755764,2.494,3.027,97.62771875,11.36373524811778,79.185,117.209,31.44640625,0.7780689023048482,29.962,32.994,126,108,5,0.8571428571428571,0.0462962962962962,0.0,0.0,0.0,16,5,1,4,0,0
78.16809375,1.9427399566886263,74.449,81.581,2.7671875,0.1601101309482259,2.483,3.04,94.71003125,12.471470450293356,76.853,114.736,31.3556875,0.9031523444347948,30.004,33.451,100,94,3,0.94,0.0319148936170212,2.0,0.0,1.0,17,5,1,4,0,0
78.01871875,1.99639656404418,74.813,81.336,2.758,0.1701492703291683,2.494,3.003,95.65646875,11.307355022811269,77.999,113.571,31.60821875,0.9689623893088732,29.54,33.184,128,108,4,0.84375,0.037037037037037,1.0,1.0,0.0,18,5,1,4,0,0
77.43778125,1.879058579223444,74.063,81.932,2.7554333333333334,0.1431757259654971,2.518,3.013,98.49609375,13.29857116108386,76.063,116.001,31.58321875,0.8713408552849511,29.905,33.392,117,94,5,0.8034188034188035,0.0531914893617021,0.0,0.0,0.0,19,5,1,4,0,0
78.05312903225806,1.9016250724391053,74.215,81.063,2.7479,0.1575520384748677,2.511,3.04,93.13384375,11.165907533170532,76.916,114.517,31.2601875,0.8535414436146274,29.948,32.752,96,78,1,0.8125,0.0128205128205128,0.0,0.0,0.0,20,5,1,4,0,0
78.0671875,2.037082408225853,74.404,81.576,2.76725,0.1554778274826017,2.488,3.065,96.6999375,10.643686263991922,78.953,116.768,31.70841935483871,0.8770398992897852,30.095,33.544,110,99,3,0.9,0.0303030303030303,0.0,0.0,0.0,21,5,1,4,0,0
77.84309375,2.1264926804387736,74.316,81.529,2.8070625,0.1584118636604818,2.556,3.036,97.98659375,11.700590169453337,77.27,116.497,31.24806451612904,1.0723529560576552,29.63,33.46,123,108,2,0.8780487804878049,0.0185185185185185,0.0,0.0,0.0,22,5,1,4,0,0
78.34890625,2.2337973217815383,74.379,81.833,2.7380625,0.1566421723588201,2.449,2.992,92.81283870967742,13.019552317179915,75.443,113.693,31.54296875,0.8704756017175237,29.809,33.26,89,82,2,0.9213483146067416,0.024390243902439,0.0,0.0,0.0,23,5,1,4,0,0
78.40100000000001,1.9170196156786048,74.186,81.5,2.7704375,0.1467791708656238,2.475,3.005,93.89675,12.365483844543949,75.38,115.744,31.37332258064516,0.7918194822515536,30.007,32.581,132,120,3,0.9090909090909092,0.025,0.0,0.0,0.0,24,5,1,4,0,0
77.804,2.0223774894112663,74.612,81.799,2.75221875,0.1379817038771398,2.457,3.023,92.76865625,12.83111246430225,75.145,114.827,31.78903125,0.9635854577959376,29.865,33.16,147,132,2,0.8979591836734694,0.0151515151515151,0.0,0.0,0.0,25,5,1,4,0,0
77.664,1.6147671359133506,75.054,81.402,2.7629375,0.1299818690830477,2.505,2.975,97.94836666666669,13.407741473217763,76.35,115.27,31.54546875,0.8042174310541218,29.482,33.431,92,80,3,0.8695652173913043,0.0375,0.0,0.0,0.0,26,5,1,4,0,0
78.13390322580645,1.9689397545352256,74.417,81.969,2.76246875,0.1652821603813388,2.488,3.065,92.95115625,12.783847409434362,76.119,115.639,31.5610625,0.9480117372861258,29.906,33.229,89,79,4,0.8876404494382022,0.050632911392405,0.0,0.0,0.0,27,5,1,4,0,0
78.51477419354839,1.7892174958097815,75.116,81.782,2.72128125,0.1610654514074844,2.474,3.004,97.699125,10.738235136876016,80.324,116.842,31.61415625,1.026589596968934,29.497,33.517,136,123,2,0.9044117647058824,0.016260162601626,0.0,0.0,0.0,28,5,1,4,0,0
78.13809677419354,1.9959705968916268,75.049,81.558,2.75534375,0.1479720133466831,2.451,3.045,98.06671875,11.870702901259037,77.463,117.286,31.8915625,0.9026543988203224,30.333,33.353,125,106,3,0.848,0.0283018867924528,3.0,1.0,0.0,29,5,1,4,0,0
78.14125,2.1819521445921586,73.993,81.063,2.79878125,0.1286607778856051,2.513,2.991,96.65315625,11.099651139851709,76.716,113.947,31.522625,1.028382467761872,29.449,33.165,104,83,4,0.7980769230769231,0.0481927710843373,0.0,0.0,0.0,30,5,1,4,0,0
78.40938709677418,1.8248447180955696,75.57,81.525,2.7714375,0.1501876111681223,2.505,3.019,94.17340625,10.408365323171784,76.456,114.413,31.3547,0.92843918524029,29.781,33.016,82,71,4,0.8658536585365854,0.056338028169014,0.0,0.0,0.0,31,5,1,4,0,0
77.98706250000001,1.7742485176601832,74.456,81.601,2.772967741935484,0.1471227342212317,2.467,3.063,99.84865625,9.966714638459145,78.389,117.011,31.6055,1.0172673388591993,30.259,33.483,153,134,4,0.8758169934640523,0.0298507462686567,3.0,0.0,1.0,32,5,1,4,0,0
77.63553125,1.8601149285404464,74.038,80.959,2.73815625,0.1414571881832437,2.485,3.024,95.52365625,10.463469065182167,77.116,114.353,31.827870967741934,1.1282008314697485,29.443,33.328,116,100,5,0.8620689655172413,0.05,2.0,1.0,0.0,33,5,1,4,0,0
77.7515625,1.85890401177683,74.405,80.886,2.7336129032258065,0.130864224145831,2.516,3.021,95.7208125,12.884219108204643,63.934,115.818,31.755,0.92048644222638,29.774,33.448,149,130,5,0.87248322147651,0.0384615384615384,1.0,0.0,1.0,34,5,1,4,0,0
77.80975,1.9117975496813835,74.218,80.8,2.7768125,0.1615953603414125,2.478,3.012,94.4750625,11.272392916345844,76.063,114.536,31.63971875,0.8484526802390566,30.141,33.388,136,120,3,0.8823529411764706,0.025,1.0,0.0,1.0,35,5,1,4,0,0
77.998375,1.928266926208528,74.474,81.829,2.75246875,0.14904577871656,2.527,2.995,89.2650625,11.35497619757878,75.52,113.156,31.39203125,1.0251780170945286,29.631,32.924,114,94,2,0.8245614035087719,0.0212765957446808,0.0,0.0,0.0,36,5,1,4,0,0
78.0412258064516,1.534571725480815,75.666,80.712,2.73021875,0.1544229078725253,2.473,3.003,91.419,10.126585588312542,77.754,114.506,31.83223333333333,0.6960913873481194,30.645,33.236,134,121,3,0.9029850746268656,0.024793388429752,1.0,0.0,1.0,37,5,1,4,0,0
78.1479375,2.0302898877317506,74.186,81.284,2.757625,0.1528692779110055,2.471,3.022,95.2734375,11.126821590447346,76.637,112.668,31.528875,0.9089972408489302,29.823,33.178,91,73,3,0.8021978021978022,0.0410958904109589,0.0,0.0,0.0,38,5,1,4,0,0
77.50703125,1.713655468146402,74.554,81.348,2.75884375,0.146796789403012,2.518,3.064,97.51609677419354,12.83476703425722,76.505,116.98,31.5156875,0.9161633689186592,29.722,33.343,90,80,2,0.8888888888888888,0.025,0.0,0.0,0.0,39,5,1,4,0,0
77.29912903225807,1.9089964683385447,74.198,81.352,2.717375,0.1428038921489998,2.519,2.954,96.8968125,13.422973237861829,77.997,116.896,31.3008064516129,0.7472163639961692,29.937,33.141,108,91,5,0.8425925925925926,0.0549450549450549,0.0,0.0,0.0,40,5,1,4,0,0
78.43758064516129,1.9548806574689503,74.629,81.49,2.80403125,0.1569070989522555,2.525,3.01,95.47459375,12.17815789835963,76.32,117.059,31.435,0.9061225794738028,29.941,33.19,101,84,4,0.8316831683168316,0.0476190476190476,3.0,0.0,1.0,41,5,1,4,0,0
78.1685,1.924912599607844,75.184,81.485,2.767625,0.1401102676350816,2.533,3.015,94.1126129032258,11.572638240486103,76.66,115.339,31.35458064516129,1.0085772412725276,29.927,33.09,147,136,5,0.9251700680272108,0.0367647058823529,0.0,0.0,0.0,42,5,1,4,0,0
78.4726875,3.4710103896416085,74.649,94.789,2.723935483870968,0.1588227388178135,2.467,3.013,96.486625,10.684013453180508,77.144,116.245,31.7015625,0.804302700901483,29.872,33.063,127,105,4,0.8267716535433071,0.0380952380952381,0.0,0.0,0.0,43,5,1,4,0,0
77.76196875,1.749875598977011,74.401,81.419,2.80240625,0.1200418903697721,2.537,3.036,100.70170967741936,11.774045238556283,76.754,116.95,31.70665625,0.9083681436927462,30.073,33.403,153,137,7,0.8954248366013072,0.0510948905109489,1.0,0.0,1.0,44,5,1,4,0,0
77.8899375,1.7385873378843018,74.89,81.33,2.7335625,0.1481097974368143,2.504,3.018,94.11575,10.912628804250367,76.393,115.973,31.52567741935484,1.2632013929456318,29.779,36.064,145,124,4,0.8551724137931035,0.032258064516129,0.0,0.0,0.0,45,5,1,4,0,0
77.7155625,2.066861450129703,74.876,81.977,2.762625,0.1715451130357597,2.467,3.044,94.24734375,8.606782773878626,79.562,114.492,31.867290322580644,2.0299009531427616,29.834,41.158,155,137,3,0.8838709677419355,0.0218978102189781,2.0,1.0,0.0,46,5,1,4,0,0
78.341125,1.569866169557962,75.384,81.407,2.734258064516129,0.1422312595134967,2.52,2.995,93.75103333333333,12.557327039547902,76.679,117.36,31.57275,1.1139751546427283,29.845,33.379,80,65,2,0.8125,0.0307692307692307,1.0,0.0,1.0,47,5,1,4,0,0
78.1619375,1.9138358533027588,74.493,81.139,2.774875,0.1586716532603952,2.488,3.023,92.55890625,10.30163441576572,75.612,112.555,31.63153125,0.9310122823892704,29.864,33.219,87,71,2,0.8160919540229885,0.028169014084507,0.0,0.0,0.0,48,5,1,4,0,0
78.32451612903226,1.7565510310637675,74.806,81.099,2.73503125,0.1281227950242996,2.504,3.008,96.59283870967742,12.808612259196996,75.838,115.321,31.31735483870968,0.9543625987498012,29.538,32.938,98,78,3,0.7959183673469388,0.0384615384615384,0.0,0.0,0.0,49,5,1,4,0,0
77.65703125,2.073935614833741,74.218,81.991,2.72809375,0.1246573003891973,2.489,2.922,96.6579375,10.895557854635513,76.2,113.188,31.52967741935484,1.091075597353265,29.58,33.532,156,137,8,0.8782051282051282,0.0583941605839416,0.0,0.0,0.0,50,5,1,4,0,0
77.58975,1.835628502720525,74.156,81.4,2.72609375,0.1568322217088344,2.45,3.002,96.83484375,11.160730323858523,77.615,116.259,31.46984375,1.0582168236075866,29.462,33.321,92,84,4,0.9130434782608696,0.0476190476190476,0.0,0.0,0.0,51,5,1,4,0,0
78.6505625,1.8151016133912368,74.675,82.112,2.716903225806452,0.1603006248352783,2.49,3.049,96.5764375,11.205944297955035,78.865,114.346,31.61115625,0.8823311538877949,30.024,33.276,107,100,5,0.9345794392523364,0.05,5.0,0.0,1.0,52,5,1,4,0,0
77.66028125,2.0918805744357414,74.38,81.106,2.7298387096774195,0.149748699888445,2.488,3.021,98.811,12.201782779577744,77.352,114.961,31.37040625,1.0504032055135906,29.658,33.572,138,122,3,0.8840579710144928,0.0245901639344262,0.0,0.0,0.0,53,5,1,4,0,0
78.17745161290323,2.0988674063044845,74.319,81.514,2.74590625,0.1460102425428414,2.485,3.021,97.83815625,10.870634406241118,77.619,115.062,31.562125,0.9760612669162688,30.047,33.339,101,81,4,0.801980198019802,0.0493827160493827,0.0,0.0,0.0,54,5,1,4,0,0
78.2603125,1.82070437340129,75.584,81.856,2.75490625,0.1501883461341662,2.45,3.038,96.02178125,11.435622314714598,75.791,114.628,31.4954375,0.8714997432124434,30.011,33.363,97,78,3,0.8041237113402062,0.0384615384615384,0.0,0.0,0.0,55,5,1,4,0,0
77.72125,1.9784295009735824,74.618,81.199,2.7473125,0.1431760561843918,2.51,2.986,96.41906451612904,10.300737960410029,78.485,115.155,31.40683870967742,1.02208030006695,29.48,33.214,135,125,3,0.925925925925926,0.024,0.0,0.0,0.0,56,5,1,4,0,0
77.59571875,1.853658165834825,74.397,81.455,2.77859375,0.2315438869255257,2.481,3.687,92.47125,11.629830315240644,75.576,115.012,31.31403125,1.0040264899594642,29.541,32.797,155,146,6,0.9419354838709676,0.0410958904109589,0.0,0.0,0.0,57,5,1,4,0,0
78.0378125,1.96237495081359,75.024,81.494,2.76090625,0.1432467664162429,2.466,2.995,95.0955625,10.889882057294017,77.711,115.547,31.60832258064516,0.8896672931344147,29.741,32.893,119,97,2,0.8151260504201681,0.0206185567010309,0.0,0.0,0.0,58,5,1,4,0,0
77.5245,1.97786386889264,74.472,81.523,2.76009375,0.1319648925392781,2.496,2.987,98.37296875,10.431088080702754,78.617,113.769,32.160000000000004,2.0814250406872694,29.816,42.274,135,112,5,0.8296296296296296,0.0446428571428571,0.0,0.0,0.0,59,5,1,4,0,0
77.50571875,1.8275753942238844,74.626,81.639,2.76515625,0.1564600555794847,2.509,2.991,95.0889375,12.196942154960464,74.799,116.296,31.572125,0.983046769799333,29.718,33.363,149,126,4,0.8456375838926175,0.0317460317460317,1.0,0.0,1.0,60,5,1,4,0,1
78.480625,1.669643611769462,75.077,81.26,2.760133333333333,0.1491326031870071,2.463,3.016,95.60893548387097,11.177553315866236,77.186,114.506,31.32190625,0.97745876439301,29.695,33.043,118,109,3,0.923728813559322,0.0275229357798165,0.0,0.0,0.0,1,6,1,5,0,1
77.60046875,2.073324865763187,74.093,81.228,2.767375,0.1524449662728668,2.476,3.024,93.68596875,10.462462790574374,75.854,115.282,31.781,0.880966514687136,30.339,33.357,113,103,3,0.911504424778761,0.029126213592233,3.0,0.0,1.0,2,6,1,5,0,1
77.6765,1.5485624134619422,74.872,81.417,2.74383870967742,0.1375328074252814,2.513,3.011,97.63625,11.200765057395303,77.125,116.099,31.25090625,1.1409716391085285,29.594,33.28,154,145,8,0.9415584415584416,0.0551724137931034,3.0,1.0,0.0,3,6,1,5,0,1
77.58896875,1.951062249703415,74.582,80.772,2.72496875,0.1433235645427011,2.507,2.999,93.88164516129032,12.17154766808885,76.068,114.136,31.15870967741936,0.9301462678363496,29.574,33.407,111,104,5,0.9369369369369368,0.048076923076923,0.0,0.0,0.0,4,6,1,5,0,1
77.63315625,1.846042359793846,74.829,81.28,2.755903225806452,0.1668453085622946,2.483,3.053,99.0035483870968,11.933679379075873,77.874,115.696,31.368193548387097,0.7081986736010747,30.026,33.105,118,95,5,0.8050847457627118,0.0526315789473684,0.0,0.0,0.0,5,6,1,5,0,1
78.22951612903225,1.9804491724685045,74.797,82.186,2.7544375,0.1372849491315945,2.51,3.025,96.37196875,13.298613137695552,75.573,116.605,31.338483870967742,1.0138258848200616,29.752,33.5,150,136,5,0.9066666666666666,0.0367647058823529,0.0,0.0,0.0,6,6,1,5,0,1
77.45425806451613,1.8212479232244736,74.605,81.194,2.79271875,0.1420466153325005,2.477,3.044,96.5487741935484,13.118529726331577,76.182,115.31,31.54284375,0.982301153131538,30.059,33.578,121,111,3,0.9173553719008264,0.027027027027027,0.0,0.0,0.0,7,6,1,5,0,0
78.5090625,1.6232326952918723,75.621,81.427,2.7406875,0.1394961989307559,2.465,2.954,93.271125,10.78983150859507,77.883,115.297,31.4588125,0.8604897119401481,29.76,33.526,147,127,7,0.8639455782312925,0.0551181102362204,0.0,0.0,0.0,8,6,1,5,0,0
77.76784375,1.763248049616333,74.353,80.403,2.79628125,0.1377759364669855,2.533,2.994,94.4371875,12.678002077353792,75.592,114.992,31.557645161290324,1.0625151151360022,29.605,33.49,127,112,5,0.8818897637795275,0.0446428571428571,0.0,0.0,0.0,9,6,1,5,0,0
78.3060625,1.6828286274948283,74.668,80.686,2.76815625,0.1646137432774264,2.498,3.052,92.6711612903226,11.321843984371617,76.884,114.302,31.5475625,0.9232054235284028,29.515,33.369,127,104,5,0.8188976377952756,0.048076923076923,0.0,0.0,0.0,10,6,1,5,0,0
78.12934375,2.026432963471412,74.872,81.29,2.76859375,0.1714166513112837,2.504,3.037,95.46340625,13.123088463834918,75.665,115.349,31.39834375,1.0388763349477723,29.635,33.435,101,85,5,0.8415841584158416,0.0588235294117647,4.0,1.0,0.0,11,6,1,5,0,0
77.86971875,1.753812183904332,74.811,80.999,2.7884516129032257,0.1671595722076518,2.475,3.038,95.4499375,10.549207773151927,76.853,113.446,32.08264516129032,1.7942514232661115,29.795,40.044,145,133,5,0.9172413793103448,0.037593984962406,0.0,0.0,0.0,12,6,1,5,0,1
77.50963333333334,1.5206174218646056,75.456,80.321,2.79378125,0.1461968920668288,2.52,2.99,95.5944375,11.454211767807257,77.633,114.941,31.51616129032258,1.093013055633348,29.57,33.36,141,122,7,0.8652482269503546,0.0573770491803278,0.0,0.0,0.0,13,6,1,5,0,1
77.99415625,1.8409693118182189,74.296,81.747,2.766125,0.1339852543644141,2.507,3.006,91.35446875,12.7187009784662,75.7,116.816,31.601064516129032,1.2235215550610157,29.608,35.912,100,85,3,0.85,0.0352941176470588,2.0,0.0,1.0,14,6,1,5,0,1
77.6749375,1.8718013565943337,74.392,81.522,2.78125,0.1244318702044641,2.496,2.958,96.96203225806453,11.202097700829288,78.839,112.726,31.44086666666667,1.0495748476976483,30.059,33.201,85,74,4,0.8705882352941177,0.054054054054054,0.0,0.0,0.0,15,6,1,5,0,1
77.85445161290322,2.1302201895376864,74.109,81.554,2.72265625,0.1529190402235876,2.492,3.029,97.26284375,12.148651541019726,76.69,113.495,31.242290322580644,0.9365796351102372,29.765,33.484,132,107,4,0.8106060606060606,0.0373831775700934,0.0,0.0,0.0,16,6,1,5,0,1
78.14245161290323,1.893055939281066,74.391,80.949,2.691,0.1346234892987392,2.482,2.998,98.28059375,11.098118201020869,79.165,115.343,31.44238709677419,0.8312810867337778,29.93,32.973,148,118,4,0.7972972972972973,0.0338983050847457,0.0,0.0,0.0,17,6,1,5,0,1
78.36359375,1.8142742592291885,74.823,81.937,2.75165625,0.1703023136196145,2.444,3.033,95.70296875,10.423430598924943,76.943,112.601,31.447129032258065,1.016258292034576,29.708,33.326,110,95,4,0.8636363636363636,0.0421052631578947,0.0,0.0,0.0,18,6,1,5,0,1
78.35621875,2.009635318134893,74.09,81.529,2.75875,0.1538084271360464,2.48,3.009,96.12364516129033,11.33675867123811,77.371,116.921,31.718375,0.9140347544038276,29.717,33.319,154,136,5,0.8831168831168831,0.0367647058823529,0.0,0.0,0.0,19,6,1,5,0,0
78.14171875,1.736481170019028,74.942,80.999,2.7929375,0.1522317709835045,2.518,2.997,95.960875,12.602032316257564,77.328,114.611,31.4161875,0.9376239853497916,29.834,32.914,155,145,4,0.935483870967742,0.0275862068965517,3.0,1.0,0.0,20,6,1,5,0,0
77.94359375,1.8834050985173008,75.415,81.731,2.76221875,0.1616385322903167,2.447,3.021,94.36287096774193,11.77722984333734,74.705,117.275,31.3725,1.0077836109262803,29.727,33.283,143,120,3,0.8391608391608392,0.025,0.0,0.0,0.0,21,6,1,5,0,0
77.8395,1.6014710173321398,74.787,81.654,2.77725,0.1465691513553662,2.533,3.052,96.192625,11.494132889744083,79.2,112.739,31.2766875,0.8657874818393234,29.685,33.338,86,80,3,0.9302325581395348,0.0375,1.0,0.0,1.0,22,6,1,5,0,0
77.7231875,1.737752616818074,74.655,81.033,2.78509375,0.138794431275991,2.468,3.012,93.327875,10.064013926185297,79.303,113.226,31.27278125,0.8092019459408857,29.912,32.78,105,90,3,0.8571428571428571,0.0333333333333333,3.0,0.0,1.0,23,6,1,5,0,0
78.5801875,3.995123595629412,74.368,98.156,2.73983870967742,0.1556363489621868,2.501,2.99,95.318875,9.071743075918972,77.574,114.104,31.532290322580643,0.8301558967466452,29.724,33.209,83,71,3,0.8554216867469879,0.0422535211267605,0.0,0.0,0.0,24,6,1,5,0,0
77.46325806451613,1.849640342836809,74.718,80.788,2.77025,0.1332313050493812,2.465,2.976,94.1919375,11.459754512197836,76.239,114.14,31.2185625,0.8809717485675658,29.722,32.926,147,131,3,0.891156462585034,0.0229007633587786,0.0,0.0,0.0,25,6,1,5,0,0
67.95021875,4.3758934257115385,60.917,76.086,1.73325,0.4507466207627432,1.086,2.49,92.66421875,8.23506114803619,78.909,110.727,25.07441935483871,3.102468025880832,18.196,29.927,91,83,1,0.912087912087912,0.0120481927710843,0.0,0.0,0.0,-1,0,0,0,0,0
67.31667741935483,4.476738659538485,59.645,74.732,1.76553125,0.3989360838429328,1.054,2.439,94.6678125,9.340917069840904,80.103,107.522,23.6399375,3.2833200048171145,17.909,28.894,150,139,3,0.9266666666666666,0.0215827338129496,0.0,0.0,0.0,-1,0,0,0,0,0
67.98790625,4.2078897734810194,61.052,75.212,1.79325,0.4163217583211487,1.046,2.452,94.97053125,10.403554882468796,79.304,109.701,24.086125,3.528821385529133,18.064,29.66,151,139,2,0.9205298013245032,0.014388489208633,0.0,0.0,0.0,-1,0,0,0,0,0
66.4198125,3.844897418301048,60.459,72.573,1.67365625,0.4362859826643012,1.006,2.455,95.1438064516129,8.504123699395704,79.888,109.902,24.44996774193548,3.4756649290351245,18.237,29.172,143,130,1,0.9090909090909092,0.0076923076923076,0.0,0.0,0.0,-1,0,0,0,0,0
66.3955,4.089308207130298,60.683,73.937,1.81640625,0.370463341913357,1.183,2.439,94.60223333333332,8.855897873766086,79.184,111.28,23.6969375,3.932071521168026,18.074,30.049,144,142,3,0.9861111111111112,0.0211267605633802,0.0,0.0,0.0,-1,0,0,0,0,0
67.092375,4.398588378764992,60.655,74.784,1.876125,0.4631492304618668,0.998,2.478,94.14558064516127,9.856715219497804,78.621,108.556,24.38125806451613,3.200691674911762,19.204,29.844,148,144,1,0.972972972972973,0.0069444444444444,0.0,0.0,0.0,-1,0,0,0,0,0
67.7465,3.6896940077691696,60.035,73.617,1.83334375,0.4390519558772942,1.041,2.541,95.57509677419355,8.375001083999289,82.62,109.024,24.95178125,3.419693994368643,18.707,29.274,122,110,1,0.9016393442622952,0.009090909090909,0.0,0.0,0.0,-1,0,0,0,0,0
67.83865625,4.833269584662563,60.87,75.312,1.5886451612903223,0.4032190098351925,1.011,2.458,93.65415625,7.975656240001155,80.42,105.75,23.69315625,3.227958938754064,19.259,29.806,103,95,1,0.9223300970873788,0.0105263157894736,0.0,0.0,0.0,-1,0,0,0,0,0
67.42084375,5.144731662392526,59.915,75.968,1.828375,0.4234977815381587,1.032,2.46,96.8338064516129,8.246602029197057,82.454,110.981,24.180935483870968,3.806567534629975,18.095,29.997,151,145,2,0.9602649006622516,0.0137931034482758,0.0,0.0,0.0,-1,0,0,0,0,0
67.48677419354838,4.449572853729352,59.938,74.916,1.762645161290323,0.387709044549913,1.035,2.338,94.56525806451612,8.860018652981653,79.952,110.309,24.064966666666667,3.5104368770590493,18.241,29.304,146,136,2,0.9315068493150684,0.0147058823529411,0.0,0.0,0.0,-1,0,0,0,0,0
67.18790322580645,4.798684801448821,59.916,74.945,1.72909375,0.380434162790018,1.053,2.392,95.379125,8.633781310978778,82.016,110.252,24.38209375,3.1855309514334222,18.619,29.923,149,144,3,0.9664429530201344,0.0208333333333333,0.0,0.0,0.0,-1,0,0,0,0,0
66.0825,3.9005424767464367,59.646,73.283,1.74359375,0.4718401765616637,1.02,2.451,98.05709375,8.637637391127555,81.893,110.826,24.70884375,3.4412587823435263,18.51,29.908,122,119,2,0.9754098360655736,0.0168067226890756,0.0,0.0,0.0,-1,0,0,0,0,0
67.30465625,4.603431690558372,60.242,75.772,1.7293125,0.4451183559531685,1.019,2.442,94.60353125,9.693048480106846,80.394,111.277,22.88190625,3.5857166590054703,18.495,29.711,110,108,3,0.9818181818181818,0.0277777777777777,0.0,0.0,0.0,-1,0,0,0,0,0
67.62396875,5.026896762766075,59.727,75.299,1.7220322580645162,0.4427569298438266,1.015,2.349,91.347625,7.886376651767806,80.509,105.033,24.474625,3.316234084017592,18.058,29.937,88,87,1,0.9886363636363636,0.0114942528735632,0.0,0.0,0.0,-1,0,0,0,0,0
67.5718064516129,5.052102680530519,59.557,75.469,1.70346875,0.3642385769347054,1.025,2.428,94.37725,8.443064063134518,81.407,109.902,23.61225,3.171119818490906,18.304,29.983,148,143,4,0.9662162162162162,0.0279720279720279,0.0,0.0,0.0,-1,0,0,0,0,0
68.06567741935484,4.233344055527867,61.015,74.768,1.77834375,0.449836071171954,1.125,2.496,96.04825806451612,9.516623266571472,82.045,111.02,23.76215625,3.812368809879276,17.765,30.289,118,109,2,0.923728813559322,0.018348623853211,0.0,0.0,0.0,-1,0,0,0,0,0
66.29703125,4.174244358771284,60.559,75.351,1.8651612903225807,0.446118377173159,1.017,2.533,96.775875,9.633537429377954,80.359,115.464,24.0645,3.377375742085237,18.622,29.581,138,129,2,0.9347826086956522,0.0155038759689922,2.0,0.0,1.0,-1,0,0,0,0,0
67.89521875,4.91849222067072,60.507,74.828,1.7315,0.4666506602477676,1.03,2.418,97.73709375,8.302514544709995,79.94,109.088,23.1231875,3.310214109023862,17.715,29.642,158,155,4,0.981012658227848,0.0258064516129032,0.0,0.0,0.0,-1,0,0,0,0,0
67.88159375,4.383774959341912,60.673,74.323,1.8015625,0.4263462879609303,0.99,2.459,95.27728125,9.14409015997932,82.361,109.982,23.141875,3.5956821574520954,17.943,29.79,107,96,1,0.897196261682243,0.0104166666666666,1.0,0.0,1.0,-1,0,0,0,0,0
65.43515625,4.191686558010374,59.572,74.345,1.82071875,0.4607571772759382,1.026,2.552,95.6876875,9.843247842696126,79.294,110.022,23.982741935483872,3.5241274377992435,17.898,29.57,129,120,2,0.9302325581395348,0.0166666666666666,1.0,0.0,1.0,-1,0,0,0,0,0
67.16315625,3.9125089805884783,60.397,74.435,1.74509375,0.4820429882700531,1.107,2.493,94.95040625,9.636052852261267,78.748,109.46,23.69796875,3.2071021135495315,18.306,29.599,82,79,0,0.9634146341463414,0.0,0.0,0.0,0.0,-1,0,0,0,0,0
69.05681249999999,4.389309641048352,60.913,75.397,1.72325,0.5245043743475142,1.063,2.447,95.46028125,9.42898861690381,80.999,111.631,23.893125,2.929666123771478,18.476,30.248,83,82,1,0.9879518072289156,0.0121951219512195,0.0,0.0,0.0,-1,0,0,0,0,0
65.97521875,4.16523133954108,59.646,72.669,1.7990625,0.4105733157191845,1.096,2.494,94.7263870967742,8.29686807848769,81.196,107.651,23.5504375,3.650974708012696,18.339,29.463,138,133,2,0.9637681159420288,0.0150375939849624,0.0,0.0,0.0,-1,0,0,0,0,0
68.48709677419355,4.466669373293998,59.693,75.599,1.76328125,0.4571618076204247,0.99,2.451,93.79221875,8.687089774893344,79.646,110.997,23.29253125,3.424796099269645,18.097,29.847,115,109,2,0.9478260869565216,0.018348623853211,0.0,0.0,0.0,-1,0,0,0,0,0
69.03512903225807,4.6559369393061685,60.444,75.348,1.7544375,0.4534981550270113,1.077,2.496,93.90267741935484,8.896713870439646,79.206,111.298,24.5946875,3.613549567923306,18.025,30.112,95,92,1,0.968421052631579,0.0108695652173913,0.0,0.0,0.0,-1,0,0,0,0,0
68.5793125,4.853498175991703,60.368,75.114,1.7020625,0.4456467527378681,1.029,2.525,95.9993870967742,9.22689977792259,78.861,110.861,23.7459375,3.3835005630979094,18.876,30.333,93,91,1,0.978494623655914,0.0109890109890109,0.0,0.0,0.0,-1,0,0,0,0,0
66.81367741935485,4.0749412133763485,59.613,74.821,1.6924193548387096,0.4154308425553362,1.04,2.535,93.76640625,8.18819987251275,80.26,108.438,24.332375,3.379381569210938,18.872,29.799,136,126,2,0.9264705882352942,0.0158730158730158,0.0,0.0,0.0,-1,0,0,0,0,0
67.081,4.297550968002667,60.275,74.707,1.67496875,0.4221583164563098,1.109,2.417,95.38667741935484,8.72686173981268,80.825,109.481,23.44553125,3.67267761145756,18.256,30.321,160,153,3,0.95625,0.0196078431372549,1.0,0.0,1.0,-1,0,0,0,0,0
66.80075,4.747475981355607,59.743,75.164,1.719967741935484,0.3625390538844026,1.036,2.489,96.57128125,8.235340799240618,80.693,111.207,24.02396875,3.855268866272494,18.017,29.974,109,108,2,0.9908256880733946,0.0185185185185185,0.0,0.0,0.0,-1,0,0,0,0,0
67.75090625,4.820465185418379,60.065,75.487,1.7795625,0.4634148797853297,1.053,2.451,96.7858125,8.027220128784794,80.591,111.101,24.48790625,3.479674163086251,18.639,30.252,150,135,1,0.9,0.0074074074074074,0.0,0.0,0.0,-1,0,0,0,0,0
67.55121875,4.704892489494488,60.163,74.525,1.74390625,0.4391107847115577,1.025,2.434,95.86809677419356,8.49593482929665,81.504,111.292,23.78921875,3.330254710149932,18.794,29.775,110,106,1,0.9636363636363636,0.0094339622641509,1.0,1.0,0.0,-1,0,0,0,0,0
66.50678125,3.882844482230196,60.758,73.84,1.6097333333333337,0.3710109147324034,0.994,2.336,93.04459375,8.58553632893389,81.071,111.786,24.5411875,3.545023267019509,17.995,30.258,133,124,3,0.9323308270676692,0.0241935483870967,0.0,0.0,0.0,-1,0,0,0,0,0
66.75590625,3.845325040662591,60.943,74.068,1.7046129032258064,0.3307126322977251,1.042,2.345,93.74353125,9.228843897065945,79.547,110.428,24.43546875,3.01097257874589,19.177,29.118,128,120,2,0.9375,0.0166666666666666,0.0,0.0,0.0,-1,0,0,0,0,0
68.64993548387098,4.355449360173101,59.61,74.83,1.6630625,0.4178829082410525,1.002,2.437,94.7003125,8.441856428754853,80.643,109.838,23.55365625,3.307086122247148,18.921,29.873,148,138,2,0.9324324324324323,0.0144927536231884,0.0,0.0,0.0,-1,0,0,0,0,0
68.1879677419355,4.231432826548403,60.266,75.89,1.7573125,0.5127371481222286,1.002,2.51,95.54615625,10.421458464302658,79.442,110.591,22.74096875,3.2410081315339774,18.231,29.542,103,94,1,0.912621359223301,0.0106382978723404,0.0,0.0,0.0,-1,0,0,0,0,0
67.05975,4.4870189399803015,59.572,74.621,1.7775,0.4060705484550444,1.162,2.488,94.20128125,9.020633052080228,80.804,109.552,22.841,3.27028637396512,18.675,29.405,93,85,1,0.913978494623656,0.0117647058823529,1.0,0.0,1.0,-1,0,0,0,0,0
67.42503125,4.752574083414881,60.551,75.408,1.95578125,0.4480287097925611,1.059,2.513,94.57475,6.814319993054474,80.53,109.176,26.24778125,3.563192585620057,19.025,30.457,85,79,1,0.9294117647058824,0.0126582278481012,0.0,0.0,0.0,-1,0,0,0,0,0
67.34293548387096,4.86046326965845,60.076,75.587,1.7149354838709676,0.4527783810713486,1.023,2.422,95.0350625,8.960591796907526,80.607,110.746,24.74754838709677,3.153795647984713,18.382,29.705,130,129,3,0.9923076923076924,0.0232558139534883,0.0,0.0,0.0,-1,0,0,0,0,0
67.74084375,4.51608282381674,60.06,75.901,1.659741935483871,0.4957242491373562,1.008,2.401,94.96925,9.377844755489637,79.119,110.883,24.07165625,3.6195401651392753,18.115,29.372,85,84,1,0.9882352941176472,0.0119047619047619,1.0,1.0,0.0,-1,0,0,0,0,0
68.08265625,4.101140868881645,60.358,74.246,1.82934375,0.5059463575655734,1.029,3.567,94.178125,9.559981383265718,80.372,109.473,23.69358064516129,3.31550614310187,18.002,29.295,149,147,3,0.9865771812080536,0.0204081632653061,0.0,0.0,0.0,-1,0,0,0,0,0
67.5963870967742,4.725976447094783,60.013,74.964,1.76184375,0.4509843076717072,0.994,2.467,93.73228125,8.884527918674214,78.613,110.469,24.922806451612903,3.371811238482514,18.093,29.102,96,91,2,0.9479166666666666,0.0219780219780219,0.0,0.0,0.0,-1,0,0,0,0,0
68.05371875,5.292219866171014,59.376,74.923,1.667375,0.373129896088264,1.084,2.38,92.6036875,9.396792223559162,80.111,108.519,22.74309375,3.6145154349701,17.951,29.819,87,86,2,0.9885057471264368,0.0232558139534883,0.0,0.0,0.0,-1,0,0,0,0,0
67.64609375,4.318164487292547,59.886,74.728,1.5790625,0.3770831120417577,1.021,2.472,97.24303125,7.681690772741647,81.843,111.051,23.52228125,3.824309401998972,18.629,30.494,132,123,2,0.9318181818181818,0.016260162601626,0.0,0.0,0.0,-1,0,0,0,0,0
67.03818749999999,4.033359917212225,59.457,74.419,1.6774193548387095,0.5179436761008895,1.02,2.549,93.87215625,8.788250169363325,80.129,106.592,24.2389375,3.333249455329081,18.259,29.169,134,132,3,0.9850746268656716,0.0227272727272727,0.0,0.0,0.0,-1,0,0,0,0,0
68.59748387096774,4.997853365002273,60.384,85.157,1.70853125,0.4721732175579554,1.022,2.543,95.1785,8.86971052369769,80.516,110.407,23.21232258064516,3.768295250172565,17.797,29.899,119,118,2,0.9915966386554622,0.0169491525423728,0.0,0.0,0.0,-1,0,0,0,0,0
67.2505,4.449662111129992,60.772,75.043,1.801,0.4092269659704982,1.009,2.462,96.32965625,8.928314881317732,80.167,111.46,23.29865625,3.7532637376656335,18.013,30.221,142,136,2,0.9577464788732394,0.0147058823529411,0.0,0.0,0.0,-1,0,0,0,0,0
67.3251935483871,3.664925551034246,60.376,74.272,1.633375,0.4607551830524291,1.027,2.524,95.069375,9.900315295565736,79.621,110.949,23.24459375,3.708928145829657,18.484,30.143,109,103,2,0.944954128440367,0.0194174757281553,1.0,0.0,1.0,-1,0,0,0,0,0
67.86690625,4.9839825076026,59.976,74.43,1.83634375,0.4513055333981696,1.099,2.537,97.95615625,8.337797559073307,80.182,108.798,24.1455,3.6056231084238415,18.1,30.362,155,145,1,0.935483870967742,0.0068965517241379,0.0,0.0,0.0,-1,0,0,0,0,0
66.02440625,4.3100316731069945,59.503,74.462,1.71434375,0.3961909452788739,1.012,2.484,96.60309375,8.521051174588713,81.217,110.294,23.98977419354839,3.7170578213570775,17.954,29.862,154,145,4,0.9415584415584416,0.0275862068965517,0.0,0.0,0.0,-1,0,0,0,0,0
65.59115625,3.855002431775101,59.934,73.364,1.8285,0.3830286774406526,1.035,2.449,94.04121875,9.136697383608428,79.143,108.891,24.34440625,3.183906343445209,17.752,29.679,139,133,3,0.9568345323741008,0.0225563909774436,0.0,0.0,0.0,-1,0,0,0,0,0
67.47225,4.555184058460384,60.567,74.728,1.8537096774193549,0.4195263355697223,1.078,2.472,95.06628125,7.599306200226335,81.77,108.214,23.37978125,3.245702058697108,18.218,29.373,86,84,1,0.9767441860465116,0.0119047619047619,0.0,0.0,0.0,-1,0,0,0,0,0
67.133625,4.236549979146529,59.858,74.742,1.6851875,0.4259971556394516,1.012,2.469,91.91759375,9.116339633510158,79.109,111.619,24.08348387096774,3.901593989392607,18.392,30.079,126,113,1,0.8968253968253969,0.0088495575221238,0.0,0.0,0.0,-1,0,0,0,0,0
68.4296875,4.342958850439743,60.769,74.807,1.8788387096774195,0.4572100244434858,1.168,2.48,95.65975,9.377543529366385,78.55,110.226,25.12325,2.9629379055690763,19.066,30.013,126,121,1,0.9603174603174603,0.0082644628099173,0.0,0.0,0.0,-1,0,0,0,0,0
67.3551724137931,4.323929290000719,60.551,74.397,1.806125,0.4737160405736481,1.025,2.512,93.568125,7.901571304534637,79.96,110.633,24.56575,3.7618851742864416,17.794,30.147,93,90,1,0.967741935483871,0.0111111111111111,0.0,0.0,0.0,-1,0,0,0,0,0
67.4393870967742,4.898205567194442,59.224,74.852,1.77796875,0.4434288308445827,1.037,2.461,97.36659375,7.817949792539562,80.883,109.385,24.88625,3.0167102783041324,18.213,29.744,116,115,2,0.9913793103448276,0.017391304347826,0.0,0.0,0.0,-1,0,0,0,0,0
66.67878125,4.4406898020855685,60.124,74.706,1.82534375,0.402536683110993,1.058,2.428,92.90640625,8.289279278602537,81.344,107.993,23.8195625,3.658477481116798,17.92,30.307,80,76,1,0.95,0.0131578947368421,0.0,0.0,0.0,-1,0,0,0,0,0
66.76278125,4.617217230172827,60.309,74.269,1.572741935483871,0.4520853140534379,1.055,2.397,95.41015625,9.42631399964799,80.334,109.267,23.301875,3.15053171907588,18.693,29.665,123,120,1,0.975609756097561,0.0083333333333333,0.0,0.0,0.0,-1,0,0,0,0,0
68.35145161290322,4.718514087003165,60.954,74.855,1.731625,0.4222143432107716,0.987,2.456,95.303125,8.83671794185324,81.148,108.766,23.892625,3.5083194740869974,18.125,29.785,86,84,1,0.9767441860465116,0.0119047619047619,0.0,0.0,0.0,1,1,0,1,0,0
67.99796875,4.677719347001755,60.54,75.056,1.690125,0.3940688289315509,1.052,2.422,94.50471875,9.242690022597891,80.424,108.526,24.189,3.6806557094644026,18.475,30.031,137,131,2,0.9562043795620438,0.015267175572519,0.0,0.0,0.0,2,1,0,1,0,0
66.9223125,3.668006881105694,61.775,74.941,1.7027241379310345,0.4116203084459308,1.049,2.469,92.93223333333334,7.213767644811783,81.439,107.701,22.987129032258064,3.2415967232413463,18.781,29.394,84,80,1,0.9523809523809524,0.0125,0.0,0.0,0.0,3,1,0,1,0,0
66.19253125,4.664505671588606,59.948,74.12,1.7695806451612903,0.4194451711641263,1.019,2.5,95.31054838709676,9.379363446200063,79.329,111.111,23.61115625,3.732774096924344,18.351,29.275,102,100,1,0.9803921568627452,0.01,0.0,0.0,0.0,4,1,0,1,0,0
67.32834375,3.836633870812976,59.904,74.208,1.63228125,0.4712606452549681,0.99,2.461,91.4355625,7.955160215890303,81.033,107.685,24.43240625,3.412058293373522,18.944,30.23,96,92,1,0.9583333333333334,0.0108695652173913,0.0,0.0,0.0,5,1,0,1,0,0
69.08890322580645,3.661036951054885,62.067,74.764,1.82425,0.4398957354470671,1.063,2.495,95.42764516129031,9.269666543978758,81.424,109.639,23.66058064516129,3.653404683982633,17.983,30.382,118,108,1,0.9152542372881356,0.0092592592592592,0.0,0.0,0.0,6,1,0,1,0,0
67.84683870967741,3.6181265695271465,60.49,74.005,1.7805625,0.4470750775876464,1.043,2.517,95.90187096774194,8.3654112062386,81.747,108.256,24.11446875,3.406715152169931,18.483,30.005,113,109,2,0.9646017699115044,0.018348623853211,0.0,0.0,0.0,7,1,0,1,0,0
67.97846875,4.556063432283611,60.9,75.485,1.6518125,0.4222675682473712,1.054,2.488,93.26048387096772,7.760461304462803,79.619,106.841,23.88128125,3.735765260242818,18.016,30.417,127,120,1,0.9448818897637796,0.0083333333333333,0.0,0.0,0.0,8,1,0,1,0,0
67.24367741935484,4.090268486600009,59.379,74.643,1.823,0.3912990771033526,1.03,2.414,94.14403225806451,6.983576655190717,80.391,106.335,22.6684375,3.290814164752468,18.447,29.533,154,144,1,0.935064935064935,0.0069444444444444,1.0,0.0,1.0,9,1,0,1,0,0
68.18259375,3.9135677465781096,61.047,74.501,1.72278125,0.4512603664701501,1.009,2.514,93.9130625,8.83295536316021,81.645,111.139,24.302125,3.3727000646079466,18.762,30.185,127,124,2,0.9763779527559056,0.0161290322580645,0.0,0.0,0.0,10,1,0,1,0,0
68.06284375,4.186537541656784,60.078,75.285,1.6343125,0.4213737470196967,1.076,2.398,95.4986875,8.389293712581999,82.342,110.134,23.78377419354839,4.018752797487277,17.9,30.174,152,141,3,0.9276315789473684,0.0212765957446808,0.0,0.0,0.0,11,1,0,1,0,0
67.14425806451614,4.246871200996028,60.59,74.451,1.692375,0.4437003311594075,1.023,2.458,97.769625,7.735169722057314,82.024,110.357,24.8525,3.130944029542692,18.198,29.852,99,93,1,0.9393939393939394,0.010752688172043,0.0,0.0,0.0,12,1,0,1,0,0
67.075125,4.19455773169426,60.915,75.3,1.7594375,0.4126208083114724,1.076,2.501,94.817125,8.045772184718322,80.63,110.345,24.87383870967742,3.307350723230244,19.23,29.965,142,132,2,0.9295774647887324,0.0151515151515151,0.0,0.0,0.0,13,1,0,1,0,0
67.91484375,4.740913251544406,59.681,75.022,1.72240625,0.4675756871197259,1.025,2.53,97.6251875,10.169563118847623,79.819,110.551,23.11475,3.181690846886493,18.068,28.561,155,143,1,0.9225806451612903,0.0069930069930069,1.0,0.0,1.0,14,1,0,1,0,0
67.71634375000001,4.375604147111317,60.756,74.802,1.6622333333333332,0.4333986524598606,1.037,2.383,95.17584375,9.77710947821451,80.14,111.26,23.5575,3.618141761519525,17.909,30.128,84,83,1,0.988095238095238,0.0120481927710843,0.0,0.0,0.0,15,1,0,1,0,0
67.89646875,3.982102281413309,59.392,75.357,1.61934375,0.3919728108884676,1.028,2.347,94.3805625,8.034970863056152,80.772,110.447,24.32446875,3.5066079003409927,18.883,29.424,112,108,1,0.9642857142857144,0.0092592592592592,0.0,0.0,0.0,16,1,0,1,0,0
67.79732258064516,4.639406494995503,59.556,75.144,1.729,0.4871015658811528,1.001,2.546,93.1819375,9.495597546766671,80.771,110.212,25.17459375,3.067556239297008,18.695,29.7,110,99,1,0.9,0.0101010101010101,1.0,0.0,1.0,17,1,0,1,0,0
67.00903124999999,4.071658087270723,60.347,74.097,1.74246875,0.3504040970793578,1.098,2.465,94.389875,8.053026202374424,81.596,109.316,24.03490625,3.3295546574179955,18.027,29.97,126,114,2,0.9047619047619048,0.0175438596491228,0.0,0.0,0.0,18,1,0,1,0,0
68.554875,4.296212208295777,60.209,75.33,1.6610625,0.4709420166692669,1.018,2.442,95.38959375,9.616323249019716,79.434,110.446,23.86553125,3.194147652316404,19.444,29.094,80,77,1,0.9625,0.0129870129870129,1.0,0.0,1.0,19,1,0,1,0,0
68.133125,4.005576787832908,61.151,75.066,1.62490625,0.4150708730290487,1.009,2.44,95.5957741935484,9.096366046246812,80.181,108.006,23.2240625,3.41439153354662,18.473,30.023,102,101,1,0.9901960784313726,0.0099009900990099,0.0,0.0,0.0,20,1,0,1,0,0
67.0801875,4.166915478968943,59.281,74.916,1.8624375,0.389204394224771,1.17,2.492,96.39929032258064,7.901440363180829,80.087,109.261,23.19384375,3.189363260441879,18.428,28.89,156,140,3,0.8974358974358975,0.0214285714285714,0.0,0.0,0.0,21,1,0,1,0,0
69.31390625,4.847514802981107,59.926,75.503,1.772625,0.4688278967533753,1.034,2.493,94.3764375,10.14534846517549,80.545,110.112,23.06825806451613,3.4166700842364235,17.898,29.284,102,98,1,0.9607843137254902,0.010204081632653,0.0,0.0,0.0,22,1,0,1,0,0
68.49077419354839,4.472831047630256,60.7,75.171,1.7868387096774192,0.4078299561315715,1.047,2.461,98.42784375,8.302717511247298,80.753,111.927,24.118125,3.717661159922996,18.214,29.556,90,89,2,0.9888888888888888,0.0224719101123595,0.0,0.0,0.0,23,1,0,1,0,0
66.911,4.260334228899823,59.555,74.262,1.7599354838709678,0.4361428615705234,1.035,2.47,97.58206666666666,9.207246306422263,81.607,110.602,23.737125,3.462650865468396,17.75,30.425,130,128,2,0.9846153846153848,0.015625,0.0,0.0,0.0,24,1,0,1,0,0
65.21053125,4.0228185431672125,59.322,75.553,1.638625,0.4274615809939022,1.003,2.381,95.881375,9.21625952308062,82.694,110.231,24.39253125,3.5732027739141925,18.075,29.622,109,102,2,0.9357798165137616,0.0196078431372549,0.0,0.0,0.0,25,1,0,1,0,0
67.407,4.238209755956385,60.233,74.468,1.8049375,0.4517702054677656,1.041,2.477,95.64793548387098,9.447066666203789,79.818,114.502,24.5214375,3.13180045029754,18.05,29.483,109,98,1,0.8990825688073395,0.010204081632653,0.0,0.0,0.0,26,1,0,1,0,0
67.18115625,4.403472926396625,59.784,74.555,1.6910625,0.3191984858784527,1.075,2.312,94.3259375,8.927286019467907,79.131,108.54,24.777870967741936,3.371967326274436,19.047,30.389,130,118,3,0.9076923076923076,0.0254237288135593,0.0,0.0,0.0,27,1,0,1,0,0
68.71609375,4.041227818528671,59.916,75.735,1.6267096774193548,0.4252691848346085,1.005,2.51,97.411,7.780966388276195,81.185,109.211,24.81034375,3.682026218208199,18.366,30.332,109,100,2,0.9174311926605504,0.02,0.0,0.0,0.0,28,1,0,1,0,0
66.74922580645162,4.491717405103734,60.843,75.175,1.704548387096774,0.3702143378017368,1.167,2.429,92.76234375,9.6718187621743,79.406,109.664,23.968875,4.009986684476324,17.756,29.696,129,125,1,0.9689922480620154,0.008,0.0,0.0,0.0,29,1,0,1,0,0
68.1428125,4.355854595143442,60.682,75.779,1.81190625,0.4784800774074156,1.033,2.522,93.01316666666666,9.650980490061112,79.012,109.197,24.5719375,3.52469591401731,18.668,30.299,111,107,1,0.963963963963964,0.0093457943925233,0.0,0.0,0.0,30,1,0,1,0,0
66.30467741935485,4.692125889097584,60.315,74.398,1.7743125,0.415013675445101,1.071,2.48,92.73703125,9.17339034129861,80.077,106.683,23.526625,3.324190299179831,19.023,29.929,132,123,1,0.9318181818181818,0.008130081300813,0.0,0.0,0.0,31,1,0,1,0,0
68.86154838709678,4.218356843121974,60.441,75.619,1.7645625,0.4847688466448925,1.044,2.449,94.08984375,8.927154551936093,80.804,110.551,24.834375,3.481182175455586,17.868,30.087,130,121,2,0.9307692307692308,0.0165289256198347,0.0,0.0,0.0,32,1,0,1,0,0
67.942125,4.662976826781019,60.241,74.305,1.78303125,0.4009740144725816,1.064,2.414,94.47075,8.5145144085205,80.837,108.362,23.68415625,3.775894750697744,18.264,29.914,150,135,3,0.9,0.0222222222222222,0.0,0.0,0.0,33,1,0,1,0,0
68.40909375,4.090173553848885,59.909,74.569,1.852,0.4325796588957027,1.1,2.45,94.2069375,8.671204901718134,79.656,107.005,22.561625,3.5992328192403407,17.903,29.981,126,122,3,0.9682539682539684,0.0245901639344262,0.0,0.0,0.0,34,1,0,1,0,0
67.13840625,4.398174392964357,59.603,74.693,1.834833333333333,0.3911488016822643,1.151,2.455,93.37364516129033,8.684917050259747,79.427,108.474,23.4421875,3.50111307128222,17.798,29.811,155,150,1,0.967741935483871,0.0066666666666666,0.0,0.0,0.0,35,1,0,1,0,0
67.94225,4.361020996169618,60.714,75.023,1.6724193548387096,0.3864131445481246,1.058,2.401,96.02946875,9.5685813556808,79.373,109.368,25.16575,3.3770642050694404,19.194,29.84,111,105,2,0.945945945945946,0.019047619047619,0.0,0.0,0.0,36,1,0,1,0,0
67.6864375,4.572982713633801,59.52,75.452,1.67609375,0.4514262958721377,1.019,2.41,96.4955,9.030050984030686,80.577,111.127,23.27567741935484,3.001882036179933,18.304,29.408,94,87,2,0.925531914893617,0.0229885057471264,0.0,0.0,0.0,37,1,0,1,0,0
77.95140625,2.002420178577057,74.135,81.612,2.80771875,0.1451378064561513,2.469,3.02,96.698625,12.849974205446689,77.192,117.284,31.64646875,0.9116292039220484,30.216,33.286,153,131,3,0.8562091503267973,0.0229007633587786,0.0,0.0,0.0,38,1,0,1,0,0
77.97421875,1.6450079857512796,75.227,81.217,2.747375,0.1340122165832219,2.557,3.0,96.3795,11.52971507355752,77.608,115.374,31.455806451612904,0.9557730699754632,29.865,33.393,83,76,2,0.9156626506024096,0.0263157894736842,2.0,1.0,0.0,39,1,0,1,0,0
78.05622580645161,1.749849816597171,74.381,81.113,2.78853125,0.1655126901625331,2.49,3.035,99.3697741935484,9.163577186192722,78.781,115.439,31.886875,0.8672845181852796,29.851,33.377,137,115,6,0.8394160583941606,0.0521739130434782,1.0,0.0,1.0,40,1,0,1,0,0
78.279625,1.9331672115318803,74.326,81.58,2.74478125,0.1642134202159867,2.49,3.04,95.74765625,12.352387181090654,76.497,116.721,31.5066875,1.0004016753768328,29.919,33.444,145,137,6,0.9448275862068966,0.0437956204379562,0.0,0.0,0.0,41,1,0,1,0,0
77.84065625,1.964149797345225,74.752,81.719,2.7385625,0.1705828599149814,2.48,3.055,96.80834375,11.079691368152274,78.133,117.247,31.30953125,0.785505794905833,29.851,32.455,127,110,4,0.8661417322834646,0.0363636363636363,0.0,0.0,0.0,42,1,0,1,0,0
78.0086129032258,1.7561445968829823,73.924,80.802,2.8008,0.1337866031126203,2.551,2.996,99.18703125,12.467052184068304,76.979,114.619,31.400064516129035,0.8604122242849203,29.926,33.012,138,110,6,0.7971014492753623,0.0545454545454545,0.0,0.0,0.0,43,1,0,1,0,0
77.73815625,1.6825779013624356,74.855,80.658,2.774774193548387,0.1437680329970051,2.502,2.992,93.789625,11.046310429863142,77.682,113.204,31.45546875,0.9211135261324708,29.737,33.331,141,114,4,0.8085106382978723,0.0350877192982456,2.0,0.0,1.0,44,1,0,1,0,0
77.72453125,1.7841048172660523,74.478,80.628,2.74703125,0.1535694619287857,2.492,3.002,91.35965625,11.449226108821827,76.636,114.712,31.6875625,1.0286930617645769,29.99,33.403,158,141,5,0.8924050632911392,0.0354609929078014,0.0,0.0,0.0,45,1,0,1,0,0
77.66640625,2.012464431412792,74.754,81.74,2.77428125,0.149159415559327,2.525,3.067,96.14463333333332,12.90583478170411,76.009,115.457,31.21463333333333,0.7741732178681772,30.003,32.533,118,98,4,0.8305084745762712,0.0408163265306122,0.0,0.0,0.0,46,1,0,1,0,0
78.44403125,1.8295387482231693,75.244,81.712,2.7093125,0.1734781640065884,2.487,2.987,94.6501875,12.583295989672566,75.417,115.865,31.502903225806453,0.8332322747325099,29.876,33.089,82,72,1,0.8780487804878049,0.0138888888888888,0.0,0.0,0.0,47,1,0,1,0,0
78.24467741935484,1.7213554424173358,74.55,81.299,2.764354838709677,0.1661747169672324,2.457,3.029,97.10670967741936,10.264739604404806,77.083,114.359,31.490566666666663,0.9273713939403404,30.137,33.568,110,88,2,0.8,0.0227272727272727,0.0,0.0,0.0,48,1,0,1,0,0
78.04716129032258,1.821118339496809,74.651,81.366,2.7293125,0.1543731209889564,2.504,2.976,94.50434375,11.085201532090272,75.202,110.474,31.588125,0.9130994981645684,29.939,33.175,134,112,2,0.835820895522388,0.0178571428571428,1.0,1.0,0.0,49,1,0,1,0,0
69.21409375,4.434911042926268,61.446,75.093,1.7681875,0.4244094521385169,1.024,2.425,93.3745625,9.27837257677159,79.558,109.577,23.94167741935484,3.64635792160796,18.087,30.013,84,80,2,0.9523809523809524,0.025,0.0,0.0,0.0,50,1,0,1,0,0
66.60296875,3.850113358066186,60.613,75.906,1.748741935483871,0.4323369031779063,1.029,2.451,94.28915625,8.758090354193527,78.542,109.15,25.20728125,3.666447425614935,18.346,30.154,81,75,1,0.925925925925926,0.0133333333333333,0.0,0.0,0.0,51,1,0,1,0,0
66.15059375,3.8179203666932713,60.278,74.015,1.9434375,0.3755290407996044,1.242,2.548,96.9468064516129,7.475458841745012,80.612,107.914,24.958375,3.4751874746365794,18.369,30.382,110,103,3,0.9363636363636364,0.029126213592233,0.0,0.0,0.0,52,1,0,1,0,0
67.64571875,4.069197156564418,61.474,75.882,1.778741935483871,0.4447504894313915,1.11,2.483,97.83116129032258,9.128266133634124,82.025,110.56,24.11803125,3.495205005611259,18.402,30.26,120,113,1,0.9416666666666668,0.0088495575221238,1.0,0.0,1.0,1,2,0,2,0,0
68.68767741935484,4.612203857789291,60.728,75.116,1.8000322580645165,0.4889668348583549,1.041,2.526,96.755875,9.501080830706204,79.869,109.672,23.60040625,3.373151678918683,18.154,29.876,91,88,2,0.967032967032967,0.0227272727272727,0.0,0.0,0.0,2,2,0,2,0,0
66.62775,3.961153473258728,60.35,74.125,1.63140625,0.4522739577544823,0.978,2.483,96.910375,8.720240958308878,81.751,110.773,24.31378125,3.441202778609256,18.629,29.572,89,80,0,0.898876404494382,0.0,0.0,0.0,0.0,3,2,0,2,0,0
68.13746875,4.117406715823453,61.384,74.694,1.65825,0.4077671694927499,1.085,2.414,95.00161290322582,8.512700467252525,80.675,111.096,24.209709677419355,3.4863526709494783,17.941,29.763,150,142,1,0.9466666666666668,0.0070422535211267,0.0,0.0,0.0,4,2,0,2,0,0
68.3230625,4.488672732467088,60.565,75.639,1.60915625,0.4105501509088631,1.038,2.471,95.998125,9.338509833980735,80.464,110.503,23.04990625,3.2874900844631534,17.889,29.353,147,137,2,0.9319727891156464,0.0145985401459854,0.0,0.0,0.0,5,2,0,2,0,0
67.44203125,4.4121880643418825,60.826,75.559,1.6845,0.3991984711328923,1.033,2.463,93.31209677419356,8.370242096677332,81.56,109.528,23.755129032258065,3.5961836506861498,18.104,29.636,143,136,1,0.951048951048951,0.0073529411764705,0.0,0.0,0.0,6,2,0,2,0,0
68.38515625,4.764671705235244,60.016,75.633,1.621375,0.3830177920570506,0.994,2.401,95.07938709677418,8.82233748949192,79.801,108.96,23.4910625,2.7791089885359463,18.437,29.323,121,110,1,0.9090909090909092,0.009090909090909,1.0,0.0,1.0,7,2,0,2,0,0
67.79474193548387,4.493316688651728,60.951,75.231,1.7871290322580644,0.3969943527671801,1.082,2.409,95.3796875,8.277758939500705,80.398,110.797,24.31771875,3.70264871396031,17.998,29.822,143,130,3,0.9090909090909092,0.023076923076923,2.0,0.0,1.0,8,2,0,2,0,0
67.772375,4.41772597866602,60.146,74.936,1.72803125,0.446698533282903,0.991,2.505,92.9393870967742,8.554899320184584,81.879,106.804,24.227806451612903,3.999764421557473,18.181,30.322,141,138,2,0.9787234042553192,0.0144927536231884,0.0,0.0,0.0,9,2,0,2,0,0
67.1003870967742,4.695824845380693,60.335,74.477,1.86175,0.3831902584794509,1.224,2.456,93.63109375,9.2309569362374,79.777,109.77,24.97375,3.53930070548844,19.042,30.247,86,78,1,0.9069767441860463,0.0128205128205128,0.0,0.0,0.0,10,2,0,2,0,0
77.719,2.000588671431002,74.772,81.562,2.77658064516129,0.1567770761715603,2.476,3.058,96.21396875,11.334347557198829,80.076,113.635,31.503125,0.8876898161392976,29.722,32.956,130,113,6,0.8692307692307693,0.0530973451327433,0.0,0.0,0.0,11,2,0,2,0,0
78.20090625,2.0453545375987523,74.051,81.921,2.721258064516129,0.1312359116862797,2.486,2.949,95.49784375,11.274833634733923,77.168,111.697,31.20903225806452,0.8513410786858954,29.669,32.662,146,125,5,0.8561643835616438,0.04,2.0,1.0,0.0,12,2,0,2,0,0
77.97078125,1.929059535768744,74.911,82.141,2.73934375,0.1418678643224721,2.52,3.017,94.70484375,12.594177807710103,75.664,114.945,31.39374193548387,0.8823697247655289,30.01,33.044,156,130,7,0.8333333333333334,0.0538461538461538,0.0,0.0,0.0,13,2,0,2,0,0
77.74675,2.081233288221194,74.424,81.905,2.7555625,0.155604531300635,2.48,3.016,95.88871875,9.528521718721812,79.196,113.841,31.32225,0.9204287920802589,29.668,33.419,142,125,4,0.8802816901408451,0.032,0.0,0.0,0.0,14,2,0,2,0,0
77.33964516129032,1.840776331667106,74.28,80.724,2.7651875,0.1602146619483554,2.485,3.038,94.23884375,11.772446787388558,77.649,115.33,31.45434375,0.9508193278185012,29.697,33.39,136,124,4,0.9117647058823528,0.032258064516129,0.0,0.0,0.0,15,2,0,2,0,0
77.4015,1.7053284614086306,74.713,82.184,2.7243225806451616,0.1458822326620059,2.511,3.028,98.24240625,11.397687453218309,77.276,115.592,31.34353125,1.0194196636345794,29.665,33.305,138,111,3,0.8043478260869565,0.027027027027027,0.0,0.0,0.0,16,2,0,2,0,0
77.73225,1.9206480425173669,74.562,81.544,2.7332,0.1504467828926848,2.474,2.975,98.75096875,12.265342653931311,78.422,117.145,31.762451612903224,0.8587109656809139,30.08,33.332,106,89,3,0.839622641509434,0.0337078651685393,0.0,0.0,0.0,17,2,0,2,0,0
78.25346875,1.472961532563324,74.865,81.191,2.768032258064516,0.1649505954058098,2.493,3.009,95.80459375,11.826569911089829,75.743,116.376,31.60121875,0.8791684023195422,30.103,33.147,127,112,4,0.8818897637795275,0.0357142857142857,0.0,0.0,0.0,18,2,0,2,0,0
78.05178125,1.9942536923156269,74.328,81.253,2.7884375,0.1426773796977619,2.512,3.017,98.81996875,10.73562089339661,79.436,115.08,31.61990625,0.936016658225594,29.9,33.232,129,117,5,0.9069767441860463,0.0427350427350427,0.0,0.0,0.0,19,2,0,2,0,0
78.12953125,2.030306507678327,74.593,81.554,2.7673125,0.1547206509768804,2.499,3.003,97.2245,11.697301729114088,76.626,114.125,31.67365625,0.932140499217934,30.216,33.276,108,98,3,0.9074074074074074,0.0306122448979591,3.0,0.0,1.0,20,2,0,2,0,0
78.62696875,1.8529744786010311,75.533,81.635,2.78471875,0.1449747996733314,2.509,3.013,94.20765625,10.91454749437907,77.381,113.264,31.233,0.9693634598237032,29.571,33.175,138,113,6,0.8188405797101449,0.0530973451327433,0.0,0.0,0.0,21,2,0,2,0,0
78.79532258064516,1.7605885074238992,74.943,81.362,2.7585483870967744,0.1456252813925012,2.485,3.024,94.774625,12.134200285330554,78.826,114.407,31.31946875,0.938276765839652,29.647,33.408,147,121,5,0.8231292517006803,0.0413223140495867,1.0,0.0,1.0,22,2,0,2,0,0
78.08422580645161,1.794063780168316,75.006,81.609,2.76628125,0.1569569972697473,2.482,3.026,96.62721875,12.519780688933492,78.731,116.267,31.66684375,0.9199901861108748,29.821,33.026,96,79,1,0.8229166666666666,0.0126582278481012,0.0,0.0,0.0,23,2,0,2,0,0
77.98528125,1.7705622987713947,74.75,80.76,2.7715625,0.1387503995925661,2.527,3.015,98.77728125,12.734161477350993,75.66,116.878,31.5031875,0.7066605900403169,30.077,32.591,146,122,5,0.8356164383561644,0.040983606557377,3.0,0.0,1.0,24,2,0,2,0,0
78.46740625,1.6274983347570915,75.396,81.115,2.7171612903225806,0.1412133366634076,2.499,2.981,99.56696774193549,12.621330401305746,77.209,117.082,31.81384375,0.9616188672057798,29.669,33.336,94,86,4,0.9148936170212766,0.0465116279069767,0.0,0.0,0.0,25,2,0,2,0,0
78.14390625,1.8273746258459087,74.82,81.223,2.772548387096774,0.1357985858320274,2.586,3.032,102.02990625,10.6281529890508,83.761,115.707,31.52575,1.0380509341720592,29.771,33.281,101,85,4,0.8415841584158416,0.0470588235294117,3.0,1.0,0.0,26,2,0,2,0,0
77.829375,1.931737204961444,74.05,81.543,2.7608666666666664,0.1292951004040978,2.546,3.0,99.32840625,10.954702368888322,77.655,115.482,31.44134375,0.8389778577329252,29.85,32.902,103,91,4,0.883495145631068,0.0439560439560439,1.0,0.0,1.0,27,2,0,2,0,0
77.74674193548387,2.085912989040881,74.659,81.052,2.8128125,0.2069588454492279,2.568,3.773,95.89865625,12.695886467695148,76.599,115.57,31.46675,1.0548940934459237,29.7,33.179,141,120,5,0.851063829787234,0.0416666666666666,0.0,0.0,0.0,28,2,0,2,0,0
66.5313125,4.274775311488274,59.782,74.381,1.83090625,0.4203857183798493,1.045,2.502,96.26640625,8.697712494448686,79.83,109.257,23.3301875,3.400713193107321,18.269,29.484,143,135,1,0.944055944055944,0.0074074074074074,0.0,0.0,0.0,29,2,0,2,0,0
66.9608125,3.7103718571793296,60.959,74.564,1.7814375,0.4106620097967702,1.015,2.474,93.71590625,8.194188162111526,78.905,108.944,24.93571875,3.049036010900188,18.893,28.988,137,124,3,0.9051094890510948,0.0241935483870967,0.0,0.0,0.0,1,3,1,2,0,0
68.1105,4.786463870865084,60.109,75.467,1.78175,0.5216861001567651,0.999,2.527,95.52387096774191,9.006217088737223,78.909,107.607,23.15303125,3.48414399617592,18.026,28.913,155,141,3,0.9096774193548388,0.0212765957446808,1.0,0.0,1.0,2,3,1,2,0,0
66.76151612903226,4.788862703335505,60.751,74.96,1.76396875,0.4529310625018252,1.015,2.521,95.01746875,8.774258233456493,80.098,107.971,23.907125,2.8484813356163734,17.751,28.779,111,102,2,0.918918918918919,0.0196078431372549,0.0,0.0,0.0,3,3,1,2,0,0
67.32177419354838,5.465931818758063,59.564,75.086,1.72409375,0.4590222680222851,1.0,2.428,94.24615625,9.671972351508598,80.334,108.978,23.873866666666668,3.605029166588535,17.91,29.191,121,117,2,0.9669421487603306,0.017094017094017,0.0,0.0,0.0,4,3,1,2,0,0
68.11096551724138,4.293566528479876,60.985,74.863,1.6746129032258064,0.4560344780400823,1.016,2.474,97.67612903225806,8.971638255234973,79.997,110.049,23.75428125,3.5627658722237494,18.205,30.273,149,134,3,0.8993288590604027,0.0223880597014925,0.0,0.0,0.0,5,3,1,2,0,0
66.73784375,4.252059008704849,59.992,73.905,1.76553125,0.4053572684940629,1.027,2.505,95.64090322580644,8.784541924520362,83.135,110.833,26.08784375,3.28489177029325,19.836,30.008,127,123,2,0.968503937007874,0.016260162601626,0.0,0.0,0.0,6,3,1,2,0,0
66.37861290322581,4.040755916718387,59.249,73.051,1.75215625,0.4028742787468647,1.053,2.471,95.1713125,8.448033451017823,79.134,108.841,24.29477419354839,3.714948754331859,18.247,29.847,160,153,3,0.95625,0.0196078431372549,0.0,0.0,0.0,7,3,1,2,0,0
67.40296774193548,4.124478354764968,60.521,74.253,1.702193548387097,0.4753161347534809,1.041,2.512,94.3503870967742,8.647430580534385,80.931,109.662,23.649875,3.048256537654736,18.32,28.316,81,73,1,0.9012345679012346,0.0136986301369863,0.0,0.0,0.0,8,3,1,2,0,0
68.9945625,3.98810819358122,60.83,74.876,1.67671875,0.4151440662783571,1.022,2.347,95.10090625,10.452836149656829,79.321,110.97,23.63270967741936,3.086413098226358,18.63,29.683,92,84,2,0.9130434782608696,0.0238095238095238,0.0,0.0,0.0,9,3,1,2,0,0
67.40071875,4.190780297151348,60.329,74.478,1.667625,0.4592490188234728,0.984,2.492,93.32640625,9.206256732417655,79.399,109.047,24.96322580645161,3.2192068868970134,18.424,29.725,137,131,2,0.9562043795620438,0.015267175572519,0.0,0.0,0.0,10,3,1,2,0,0
68.31165625,4.142963242223048,59.995,75.002,1.70225,0.4327606058035827,1.022,2.496,94.992625,8.319054760782816,81.609,110.279,24.24296875,3.773969882817203,17.985,29.89,149,138,3,0.9261744966442952,0.0217391304347826,0.0,0.0,0.0,11,3,1,2,0,0
66.689125,4.239252617863735,59.74,75.815,1.7640645161290325,0.4246037317691145,1.001,2.455,95.175375,8.349383356600885,82.022,108.141,24.338,3.336369983480049,18.54,30.501,94,86,2,0.9148936170212766,0.0232558139534883,0.0,0.0,0.0,12,3,1,2,0,0
66.1488125,4.2637087251290895,60.095,74.662,1.75303125,0.4081140324811982,1.011,2.53,96.2444375,8.607001928053467,80.459,109.427,24.86375,3.6030319132283486,18.347,29.545,120,119,1,0.9916666666666668,0.0084033613445378,0.0,0.0,0.0,13,3,1,2,0,0
67.09725,4.387065879635051,59.622,75.126,1.57371875,0.3848435152760144,1.054,2.497,96.25434375,8.279167028419936,81.292,108.978,24.41371875,2.910003871346223,18.906,29.412,144,138,3,0.9583333333333334,0.0217391304347826,0.0,0.0,0.0,14,3,1,2,0,0
67.44390322580645,4.858970051048807,59.965,74.749,1.7679677419354838,0.4620107129977952,0.982,2.421,95.038625,9.010779085395804,79.779,107.936,24.973741935483872,3.3558596014309248,19.395,29.762,100,91,2,0.91,0.0219780219780219,0.0,0.0,0.0,15,3,1,2,0,0
67.31522580645161,4.555257604934303,61.035,74.641,1.7126875,0.4407264851100049,1.183,2.437,95.85328125,8.906921245842305,78.883,108.131,24.207625,3.667112776136456,18.456,29.801,149,142,2,0.953020134228188,0.0140845070422535,0.0,0.0,0.0,16,3,1,2,0,0
66.9214375,4.904344235783668,60.716,75.129,1.92715625,0.4439657142658072,1.088,2.494,95.56021875,8.10042694507767,81.272,109.046,24.95703125,2.5601041244496665,20.15,29.877,109,102,1,0.9357798165137616,0.0098039215686274,0.0,0.0,0.0,17,3,1,2,0,0
68.1855,4.565114025357543,59.707,75.299,1.8185625,0.3958523623043514,1.195,2.515,94.09848387096774,9.07513201693128,80.793,111.232,24.5325,3.606799680531741,18.472,29.82,157,156,4,0.9936305732484076,0.0256410256410256,2.0,0.0,1.0,18,3,1,2,0,0
67.82071875,4.346087689942457,59.746,75.635,1.74728125,0.4398692792897717,1.008,2.392,97.309625,9.146407931444296,80.449,110.646,23.96703125,3.860101005567793,18.663,30.199,102,96,2,0.9411764705882352,0.0208333333333333,0.0,0.0,0.0,19,3,1,2,0,0
67.99780645161292,4.274203203868176,59.813,74.639,1.7743125,0.4308824731236597,1.034,2.521,95.82906451612904,9.426747622007936,80.218,110.03,24.4091875,3.476253781127962,18.685,29.996,109,108,1,0.9908256880733946,0.0092592592592592,0.0,0.0,0.0,20,3,1,2,0,0
67.7505,4.008575774752858,61.634,74.29,1.801548387096774,0.3656488150042039,1.083,2.428,94.477,8.737297699905515,79.722,109.082,24.31832258064516,3.230617478512911,18.059,29.207,106,99,2,0.9339622641509434,0.0202020202020202,0.0,0.0,0.0,21,3,1,2,0,0
68.1843125,3.834431778045331,62.018,73.994,1.798366666666667,0.4935514145968732,1.02,2.466,94.94303333333332,7.991949697312152,80.415,111.295,23.02341935483871,3.148735447489924,18.621,28.299,80,78,2,0.975,0.0256410256410256,0.0,0.0,0.0,22,3,1,2,0,0
67.58278125,3.962518836706016,61.561,75.729,1.80496875,0.4668788945944568,1.047,2.543,96.75996875,7.294413887814009,84.338,110.864,24.11234375,3.8133455264151777,18.465,29.986,146,141,3,0.9657534246575342,0.0212765957446808,0.0,0.0,0.0,23,3,1,2,0,0
67.0819375,4.498043280228245,60.731,74.212,1.72765625,0.4142300754937386,1.088,2.466,91.22896875,8.464941767550688,80.025,106.982,23.70158064516129,3.261113059209422,18.23,29.948,138,137,2,0.9927536231884058,0.0145985401459854,0.0,0.0,0.0,24,3,1,2,0,0
78.28938709677419,1.690911877802813,75.345,81.683,2.69490625,0.136771851323714,2.5,3.054,94.82065625,13.8417248263483,76.563,116.237,31.37316129032258,0.9258254369938996,29.776,33.226,108,97,2,0.8981481481481481,0.0206185567010309,0.0,0.0,0.0,25,3,1,2,0,0
78.35115625,2.033334066603738,74.583,81.92,2.767,0.1651273213555663,2.466,3.042,95.19709375,12.625168167156898,75.998,115.217,31.57521875,0.9487781866058222,29.967,33.375,113,93,2,0.8230088495575221,0.021505376344086,1.0,0.0,1.0,26,3,1,2,0,0
77.41535483870969,2.094729426415851,74.361,81.485,2.7764375,0.2720439880820984,2.456,4.045,94.7637741935484,12.48621751828705,75.944,112.279,31.87946875,0.9567855452697316,30.203,33.383,147,135,5,0.9183673469387756,0.037037037037037,0.0,0.0,0.0,27,3,1,2,0,0
77.77190625,1.9762436078021923,74.975,81.667,2.7300625,0.1401828155452498,2.468,2.997,93.7769677419355,11.39994391940554,76.302,113.021,31.5831875,0.9162361801976744,29.933,33.004,133,120,4,0.9022556390977444,0.0333333333333333,0.0,0.0,0.0,28,3,1,2,0,0
78.26058064516128,1.6957394212986374,74.329,81.343,2.75396875,0.1380314326930294,2.54,2.988,95.65228125,10.03705897431268,77.038,113.084,31.6105625,0.9332608437191358,29.797,33.366,151,140,3,0.9271523178807948,0.0214285714285714,0.0,0.0,0.0,29,3,1,2,0,0
77.8951875,2.1545260902080323,74.271,82.046,2.730375,0.1453316008084559,2.462,3.068,94.05564516129031,11.07937507728779,79.314,111.831,31.63934375,0.9070367069207363,29.688,33.578,121,109,4,0.9008264462809916,0.036697247706422,2.0,1.0,0.0,30,3,1,2,0,0
78.24903125,1.638189864225148,75.271,81.837,2.706,0.1575008448518047,2.469,2.979,93.32903125,10.166149286803362,76.884,117.017,31.6601875,0.8797124690635041,30.001,33.405,155,136,5,0.8774193548387097,0.0367647058823529,0.0,0.0,0.0,31,3,1,2,0,0
78.05659375,1.733221182753884,75.153,81.338,2.81809375,0.1567330500945333,2.464,3.041,95.54809375,11.895649756106632,75.396,115.847,31.42932258064516,0.9284233727883988,29.691,33.112,116,100,2,0.8620689655172413,0.02,0.0,0.0,0.0,32,3,1,2,0,0
77.862125,1.895728249716764,74.866,81.692,2.79778125,0.1680847970279747,2.502,3.06,92.0037741935484,9.562259090506725,77.575,111.305,31.56590625,0.9100241882419846,29.854,33.026,109,100,3,0.9174311926605504,0.03,0.0,0.0,0.0,33,3,1,2,0,0
66.5656875,4.579719786029314,59.435,74.19,1.7424516129032257,0.5013522938819021,0.993,2.439,92.821375,9.513647313710836,79.732,109.303,24.43993548387097,3.086716420788536,18.872,30.078,129,126,1,0.9767441860465116,0.0079365079365079,0.0,0.0,0.0,34,3,1,2,0,0
68.236875,4.500417720755522,59.227,75.777,1.83790625,0.4648598373131133,1.014,2.522,96.3556875,8.755307597394843,79.409,111.326,23.70203125,3.5275878396907245,17.955,30.478,96,93,2,0.96875,0.021505376344086,0.0,0.0,0.0,35,3,1,2,0,0
66.49078125,4.290047550186702,60.257,74.587,1.87875,0.4486549791572368,1.01,2.554,93.6653125,8.939396477562932,79.18,110.071,24.14832258064516,3.302116062841087,18.316,29.538,111,104,3,0.9369369369369368,0.0288461538461538,0.0,0.0,0.0,36,3,1,2,0,0
68.49148387096774,3.767760129227689,61.819,75.344,1.941,0.4464935790456927,1.1,2.504,94.37271875,9.059707184737569,81.133,106.899,23.66171875,3.24721347773128,18.828,29.379,135,125,1,0.925925925925926,0.008,0.0,0.0,0.0,37,3,1,2,0,0
66.85034375000001,4.50958214650634,59.892,75.42,1.759516129032258,0.4207039236777444,1.141,2.429,93.98959375,8.846906584787686,80.407,109.18,23.12046875,3.681244188203967,17.745,30.504,151,147,3,0.9735099337748344,0.0204081632653061,0.0,0.0,0.0,1,4,1,3,0,0
67.97234375,4.670100431394864,60.063,75.301,1.8211875,0.3996484291667914,1.081,2.423,91.320875,8.482808484831104,80.632,108.819,23.26206451612904,3.940118102591037,17.994,30.247,149,139,1,0.9328859060402684,0.0071942446043165,0.0,0.0,0.0,2,4,1,3,0,0
66.91125806451612,5.26560328906854,59.442,75.583,1.82328125,0.4478237869444026,1.034,2.457,96.08365625,8.485891770231852,81.241,108.877,23.667322580645163,3.391005115371121,18.111,29.939,93,88,1,0.946236559139785,0.0113636363636363,0.0,0.0,0.0,3,4,1,3,0,0
68.24593333333333,4.72697967966375,60.573,75.328,1.731483870967742,0.4775996839032833,0.989,2.498,94.3762258064516,9.191040415207546,79.994,109.01,23.39832258064516,3.58866773224732,18.042,30.026,158,146,1,0.9240506329113924,0.0068493150684931,0.0,0.0,0.0,4,4,1,3,0,0
67.8429375,4.744158295361951,60.378,75.51,1.68490625,0.4676762292906796,0.991,2.428,95.43021875,8.331311811413128,81.673,111.557,23.657625,3.880031175049349,17.65,30.079,131,124,2,0.9465648854961832,0.0161290322580645,0.0,0.0,0.0,5,4,1,3,0,0
67.60084375,5.502104618494899,59.652,75.603,1.7163125,0.4220990128073071,1.052,2.429,95.3318125,8.735183128377466,79.348,111.651,23.38384375,3.4818539750872164,17.684,28.809,146,133,3,0.910958904109589,0.0225563909774436,0.0,0.0,0.0,6,4,1,3,0,0
68.45412903225807,3.733082138054609,61.556,74.62,1.84178125,0.4682464704153696,1.022,2.49,97.17146875,8.554551503050687,83.53,108.485,24.4246875,3.3687873135164947,18.515,30.172,141,129,3,0.9148936170212766,0.0232558139534883,2.0,0.0,1.0,7,4,1,3,0,0
67.77229032258064,3.874739020833518,60.001,75.101,1.7125,0.4032464226987696,1.057,2.515,93.9544375,10.35517608123527,79.422,111.252,23.9229375,3.862447827709028,18.958,30.029,120,114,1,0.95,0.0087719298245614,0.0,0.0,0.0,8,4,1,3,0,0
69.2874375,3.956531023245392,61.553,75.153,1.8414193548387097,0.3847304488594188,1.069,2.45,97.59265625,7.451603159872225,81.93,108.816,23.5796875,3.175745291621806,18.307,29.296,105,99,2,0.9428571428571428,0.0202020202020202,0.0,0.0,0.0,9,4,1,3,0,0
66.83921875,4.327974991985279,60.356,75.599,1.7618064516129033,0.491041778219521,1.024,2.483,93.79915625,9.19187946350324,79.399,110.335,24.2186875,3.793919816840217,17.755,29.238,109,100,1,0.9174311926605504,0.01,0.0,0.0,0.0,10,4,1,3,0,0
66.8730625,4.165258803387079,60.475,74.914,1.6564375,0.4465824301688142,1.012,2.517,97.093375,8.751796150210467,79.817,110.787,25.02921875,3.521329072165197,18.127,30.406,82,76,2,0.926829268292683,0.0263157894736842,0.0,0.0,0.0,11,4,1,3,0,0
67.26015625,3.4268026017809343,60.659,74.878,1.655,0.3838454830250184,1.144,2.386,96.35115625,8.913354765089673,81.266,110.41,24.12515625,3.488294778064113,18.977,30.522,138,131,3,0.9492753623188406,0.0229007633587786,0.0,0.0,0.0,12,4,1,3,0,0
67.22628125,4.357210599531463,59.726,75.644,1.74671875,0.4045639814923811,1.097,2.47,93.45951612903224,9.114531463075751,79.743,108.264,23.85453125,3.233892521049765,19.191,29.934,130,125,1,0.9615384615384616,0.008,0.0,0.0,0.0,13,4,1,3,0,0
67.56925806451612,5.0503332561178,59.593,74.959,1.79465625,0.475691320987574,1.059,2.419,94.0773125,8.2104226186362,79.496,106.919,24.04853125,3.671377995533654,18.004,30.249,98,94,2,0.9591836734693876,0.0212765957446808,0.0,0.0,0.0,14,4,1,3,0,0
66.616,4.205313743042171,59.893,74.215,1.6775666666666669,0.3663934839178656,1.077,2.374,95.07659375,8.596726255587534,80.038,110.396,24.80141935483871,3.673581565486136,18.698,30.362,83,77,1,0.927710843373494,0.0129870129870129,0.0,0.0,0.0,15,4,1,3,0,0
68.75084375,4.233770889235776,60.87,81.402,1.74771875,0.4456081914442979,1.031,2.544,93.5060625,8.480465883951835,79.103,108.302,24.66846875,3.948655434565976,17.698,30.076,121,119,3,0.9834710743801652,0.0252100840336134,0.0,0.0,0.0,16,4,1,3,0,0
66.51496875,4.084016977977845,60.404,73.826,1.64571875,0.431910253101117,1.008,2.384,95.43986666666666,9.451381649529209,79.938,107.96,24.8420625,3.3579474811691616,17.649,30.449,118,115,1,0.9745762711864406,0.008695652173913,0.0,0.0,0.0,17,4,1,3,0,0
67.57470967741935,4.153040421936264,59.993,74.458,1.8665666666666667,0.391354648521696,1.239,2.535,92.0975,8.996719918410408,78.801,110.949,22.9205,3.244777590668308,17.794,29.766,100,97,1,0.97,0.0103092783505154,1.0,0.0,1.0,18,4,1,3,0,0
67.63625,4.357248029100107,60.931,75.643,1.80996875,0.3621584472677938,0.999,2.441,92.600125,8.50448366280797,80.14,106.753,23.099125,3.253679839812148,18.4,29.627,116,111,1,0.956896551724138,0.009009009009009,0.0,0.0,0.0,19,4,1,3,0,0
66.8288064516129,4.687262267175835,60.083,75.069,1.7009375,0.4814367568086712,1.054,2.522,95.3648064516129,7.797547291378893,81.65,107.964,22.723193548387098,2.9180461547566936,18.542,28.638,124,112,3,0.9032258064516128,0.0267857142857142,0.0,0.0,0.0,20,4,1,3,0,0
77.653625,1.824564618857632,74.386,81.449,2.74975,0.1333663400006212,2.445,3.001,96.82021875,12.737775041785008,75.727,114.935,31.2096,0.992094148758071,29.491,32.727,134,124,2,0.9253731343283582,0.0161290322580645,1.0,0.0,1.0,21,4,1,3,0,0
78.02832258064517,2.072904393793031,74.767,81.331,2.75959375,0.145409512795038,2.454,2.975,97.4317741935484,10.655083627732749,77.025,114.381,31.6093125,0.9900477159403532,29.601,33.02,125,117,5,0.936,0.0427350427350427,3.0,1.0,0.0,22,4,1,3,0,0
78.08371875,1.9374619119565293,74.92,80.998,2.8385483870967745,0.3163279773388878,2.47,4.28,92.308625,10.885409698603524,77.188,115.574,31.51996875,0.8279328897680522,29.757,32.964,116,97,2,0.8362068965517241,0.0206185567010309,2.0,1.0,0.0,23,4,1,3,0,0
78.04376666666667,1.7433581087666072,74.139,81.122,2.77140625,0.1583538013793489,2.516,3.057,95.086375,12.609377439161133,76.845,113.11,31.4386875,0.8403562008784363,30.14,33.467,87,80,2,0.9195402298850576,0.025,0.0,0.0,0.0,24,4,1,3,0,0
67.14638709677419,3.489893930359674,59.951,74.119,1.69825,0.519351767171843,1.035,2.414,92.01878125,8.293914542269883,80.492,109.542,23.80128125,3.62429633868491,18.033,30.189,91,86,1,0.945054945054945,0.0116279069767441,0.0,0.0,0.0,25,4,1,3,0,0
67.21721875,4.48677661963194,59.508,75.866,1.6926875,0.4448623155974326,1.031,2.424,96.28696875,8.022540553619889,80.173,111.176,23.7080625,3.3858150678067305,18.463,29.272,96,88,0,0.9166666666666666,0.0,0.0,0.0,0.0,26,4,1,3,0,0
67.75,4.575628372147369,59.853,74.741,1.8189375,0.467895627836366,1.075,2.491,93.6810625,7.3764305728426525,80.733,110.043,24.06103125,3.118690093968579,18.448,28.649,94,84,1,0.8936170212765957,0.0119047619047619,1.0,0.0,1.0,1,5,2,3,0,0
67.7418125,4.920869077697426,59.297,75.551,1.677625,0.4245411754793866,1.079,2.444,94.87328125,9.19248870873836,80.615,109.643,24.36453125,3.4678323617664284,17.718,29.736,105,101,2,0.961904761904762,0.0198019801980198,0.0,0.0,0.0,2,5,2,3,0,0
68.11,4.273084736029732,60.591,75.446,1.8642258064516128,0.4399006486073433,1.084,2.378,96.20753125,8.814171320294841,80.066,109.146,24.1965,3.702270332229027,18.644,30.13,140,127,2,0.9071428571428573,0.0157480314960629,0.0,0.0,0.0,3,5,2,3,0,0
66.726625,4.607774648317496,60.234,75.6,1.738125,0.5214191398048587,0.997,2.513,96.33812903225808,8.829304618681045,82.37,109.311,22.9885625,3.6608594437557263,17.98,30.299,123,117,1,0.951219512195122,0.0085470085470085,0.0,0.0,0.0,4,5,2,3,0,0
68.25303124999999,4.622543870824981,60.361,75.699,1.79371875,0.4749694207049951,1.031,2.435,94.07748387096774,9.43922603066928,79.699,110.835,23.54590322580645,3.3358302050597906,18.197,30.063,137,130,2,0.948905109489051,0.0153846153846153,0.0,0.0,0.0,5,5,2,3,0,0
66.872125,4.816868483140363,60.103,75.386,1.8073870967741927,0.4378714938898058,1.128,2.483,95.94087096774192,9.043913200755286,81.134,110.115,24.4020625,3.270476091784723,18.035,29.114,83,76,1,0.9156626506024096,0.0131578947368421,0.0,0.0,0.0,6,5,2,3,0,0
66.7963870967742,4.342508880646603,59.944,74.378,1.71634375,0.4669182845807245,1.02,2.53,95.2674,8.582328731479143,80.902,110.662,24.67134375,3.234687217360161,18.292,29.41,97,93,1,0.9587628865979382,0.010752688172043,0.0,0.0,0.0,7,5,2,3,0,0
67.73759375,4.562415990278263,59.346,74.975,1.774375,0.4179763652833541,1.001,2.972,94.57671875,7.974840737551722,80.504,109.824,24.35093548387097,3.5495904076901024,18.008,29.53,94,90,2,0.9574468085106383,0.0222222222222222,0.0,0.0,0.0,8,5,2,3,0,0
68.9104375,4.60323826366795,60.7,75.017,1.77403125,0.4296822144836209,1.024,2.451,93.25621875,8.499074214230154,80.465,108.036,24.051125,3.6025055147592724,18.464,30.038,117,108,1,0.9230769230769232,0.0092592592592592,0.0,0.0,0.0,9,5,2,3,0,0
67.01428125,4.142833425243467,60.446,73.777,1.87584375,0.4065807946033882,1.121,2.512,92.61215625,8.717622515894861,80.346,109.705,24.629096774193545,3.2328058437920326,17.944,29.25,102,101,2,0.9901960784313726,0.0198019801980198,0.0,0.0,0.0,10,5,2,3,0,0
67.65778125,4.924462615085939,60.111,75.812,1.7605625,0.5012556451295024,1.058,2.522,94.71670967741936,8.53405294958009,80.586,110.532,24.1420625,3.3873433584781165,17.998,29.477,94,85,1,0.9042553191489362,0.0117647058823529,0.0,0.0,0.0,11,5,2,3,0,0
66.30053125,5.175354536612645,59.945,74.364,1.73909375,0.5021959750725131,1.003,2.493,94.8664375,8.768009848628433,80.865,110.288,24.6436875,3.666481608172133,18.338,29.486,114,106,1,0.9298245614035088,0.0094339622641509,0.0,0.0,0.0,12,5,2,3,0,0
69.02584375,3.952269344920509,61.191,75.111,1.82996875,0.4350891999293492,1.028,2.525,94.3149375,9.4367018429845,78.796,111.563,23.905806451612904,3.4570991733856364,18.24,29.714,87,86,1,0.9885057471264368,0.0116279069767441,0.0,0.0,0.0,13,5,2,3,0,0
68.62348387096775,3.827376323897506,59.535,74.449,1.70453125,0.3799772475680022,1.058,2.335,94.23928125,10.02983569554542,80.224,110.253,24.484193548387097,3.630235028381816,18.386,30.056,115,112,1,0.9739130434782608,0.0089285714285714,0.0,0.0,0.0,14,5,2,3,0,0
66.8181875,4.577877825266256,59.647,75.919,1.6286874999999998,0.4345036053527244,1.047,2.502,95.33090625,8.673882537897892,80.254,109.05,23.33321875,3.3640814758877773,18.344,29.052,80,79,1,0.9875,0.0126582278481012,0.0,0.0,0.0,15,5,2,3,0,0
67.04325806451612,4.4639534792060855,59.656,73.575,1.7115806451612905,0.4395897916765544,1.031,2.406,93.30853125,9.8632616570342,79.039,111.976,24.5449375,3.595188271237706,18.146,29.514,123,111,2,0.902439024390244,0.018018018018018,0.0,0.0,0.0,16,5,2,3,0,0
67.8640625,5.300101611548775,59.456,75.434,1.77890625,0.476413506984318,1.038,2.492,94.99928125,8.720004821078778,79.154,108.79,24.44009375,3.68650761701129,18.066,29.616,137,136,1,0.9927007299270072,0.0073529411764705,1.0,1.0,0.0,17,5,2,3,0,0
67.6415625,4.601503267253906,59.94,75.733,1.81278125,0.4284070821358975,1.019,2.544,94.85167741935484,9.509580118270549,81.672,109.816,24.1109375,3.876476192805407,18.596,30.044,119,116,1,0.9747899159663864,0.0086206896551724,0.0,0.0,0.0,18,5,2,3,0,0
67.77671875,4.12639016836418,60.911,74.6,1.89375,0.4539173578328279,1.116,2.545,96.631875,9.237396385555346,80.523,110.618,24.09016129032258,3.619278953021576,18.151,29.775,98,95,1,0.9693877551020408,0.0105263157894736,0.0,0.0,0.0,19,5,2,3,0,0
66.89525,4.605653020141172,59.929,75.218,1.798625,0.5870484812644001,0.986,3.875,93.13546875,9.338142368919945,79.259,107.781,24.81871875,3.5179454986184764,19.426,29.924,132,121,1,0.9166666666666666,0.0082644628099173,0.0,0.0,0.0,20,5,2,3,0,0
68.5304375,3.847506741384608,60.299,74.237,1.73903125,0.4157429016619021,1.04,2.5,93.64883870967742,6.615463692978614,80.528,106.255,23.75621875,3.1764760423115166,18.056,28.811,140,132,1,0.9428571428571428,0.0075757575757575,0.0,0.0,0.0,21,5,2,3,0,0
66.7975625,4.171333614684878,60.943,74.925,1.7248387096774194,0.4669145601195286,1.03,2.455,95.639875,9.79782348361762,79.781,111.333,23.9196875,3.2438562618557323,17.983,28.987,92,84,1,0.9130434782608696,0.0119047619047619,0.0,0.0,0.0,22,5,2,3,0,0
66.85116129032258,4.477270731869092,59.924,73.837,1.7624375,0.3994127897462764,1.131,2.417,95.3320625,7.908805231481943,80.501,107.35,25.10265625,2.841346257576423,19.908,29.639,101,98,1,0.9702970297029704,0.010204081632653,0.0,0.0,0.0,23,5,2,3,0,0
78.172125,1.787386138940722,75.271,81.046,2.7340625,0.1509678319719886,2.479,3.006,94.0146875,12.021447179366149,74.975,114.557,31.256290322580647,0.9091953289786296,29.686,32.607,133,125,2,0.9398496240601504,0.016,0.0,0.0,0.0,24,5,2,3,0,0
78.2384375,1.932518696441712,74.34,81.596,2.7496129032258065,0.144667360386821,2.499,3.047,93.85365625,12.272910984738484,76.284,117.276,31.427225806451613,0.7990436662943768,29.881,32.803,97,90,3,0.9278350515463918,0.0333333333333333,0.0,0.0,0.0,25,5,2,3,0,0
77.85968749999999,1.9134475630685328,74.591,81.922,2.731741935483871,0.1463696160961318,2.493,3.027,96.9785,12.572830740875723,76.813,115.372,31.49559375,0.8706169432621677,29.652,32.902,126,109,2,0.8650793650793651,0.018348623853211,0.0,0.0,0.0,26,5,2,3,0,0
78.65090625,1.9071815442008453,75.264,81.773,2.73809375,0.171928034339765,2.464,3.041,99.10578125,12.164286741044329,75.226,117.176,31.4789375,0.992365955439892,29.584,32.999,144,126,3,0.875,0.0238095238095238,0.0,0.0,0.0,27,5,2,3,0,0
77.57567741935483,1.484555901879904,74.888,80.981,2.75175,0.1386620398318249,2.553,2.985,99.08429032258064,10.689342571594532,77.799,114.862,31.69951612903226,1.012127820352342,29.663,33.135,149,140,5,0.9395973154362416,0.0357142857142857,0.0,0.0,0.0,28,5,2,3,0,0
78.33634375,1.929305517861284,74.191,81.809,2.77803125,0.1628572468848201,2.462,3.007,97.44878125,11.847902500454769,75.559,114.065,31.50759375,0.9430773874234064,29.57,33.066,141,120,3,0.851063829787234,0.025,0.0,0.0,0.0,29,5,2,3,0,0
77.5263125,1.80170568713775,74.508,80.675,2.76753125,0.1642358619387806,2.472,3.042,94.73615625,10.456617821510022,76.538,111.682,31.613612903225803,0.9806143542840664,29.959,33.387,100,88,2,0.88,0.0227272727272727,1.0,0.0,1.0,30,5,2,3,0,0
66.8085625,4.516166294100311,60.396,75.153,1.6523225806451614,0.4497778997903131,0.999,2.442,95.3718125,9.012746702587398,80.078,109.095,23.5304375,3.4438303594043123,18.354,29.65,97,93,1,0.9587628865979382,0.010752688172043,0.0,0.0,0.0,31,5,2,3,0,0
67.95796875,4.525463152090337,59.823,75.052,1.756625,0.4541427052966871,1.036,2.426,94.45553125,9.569238655745025,79.419,111.248,24.27075,4.039480819402733,17.972,30.323,134,125,2,0.9328358208955224,0.016,0.0,0.0,0.0,32,5,2,3,0,0
67.20696875,4.717167052266854,59.333,74.504,1.6772903225806453,0.460989312497111,1.021,2.48,98.080625,8.226329859154257,81.8,110.651,23.352625,3.996518313361301,18.225,29.377,128,116,2,0.90625,0.0172413793103448,1.0,1.0,0.0,33,5,2,3,0,0
67.6120625,4.264250559556438,60.94,75.115,1.6968,0.4231176896684241,1.051,2.453,93.77359375,8.358854053499298,80.259,108.878,24.41203125,3.544014030813767,18.324,30.341,111,100,2,0.9009009009009008,0.02,0.0,0.0,0.0,1,6,2,4,0,0
67.75525,3.76885742932532,60.843,75.411,1.551375,0.3255852051406077,1.027,2.232,94.8381875,9.14828659944829,80.716,111.403,24.13728125,3.5913067370578493,18.365,30.017,125,113,1,0.904,0.0088495575221238,0.0,0.0,0.0,2,6,2,4,0,0
67.40665625,3.9885452486595696,59.494,74.707,1.6478709677419356,0.440177596123465,1.065,2.449,95.32970967741936,8.969715908520733,79.37,109.349,24.1584375,3.5402599497913667,18.544,29.979,108,106,2,0.9814814814814816,0.0188679245283018,0.0,0.0,0.0,3,6,2,4,0,0
67.37003125,4.76072284755687,59.303,75.191,1.7779032258064518,0.4518778120125475,0.999,2.445,95.76428125,9.276961248982392,80.049,111.332,23.48003125,3.3643767527546315,17.967,29.052,98,94,1,0.9591836734693876,0.0106382978723404,0.0,0.0,0.0,4,6,2,4,0,0
67.74709375,5.069028591544454,59.67,75.822,1.75784375,0.4845082714680604,1.025,2.452,95.579875,10.15965572425975,79.765,110.997,23.17040625,3.1216408718593667,17.734,29.937,115,114,1,0.991304347826087,0.0087719298245614,0.0,0.0,0.0,5,6,2,4,0,0
65.976875,4.336057148697906,60.044,73.749,1.5670645161290322,0.4592138162471357,0.997,2.413,96.0733125,8.841956922637332,79.485,109.611,23.92734375,3.5643106070922954,18.284,30.226,125,124,2,0.992,0.0161290322580645,0.0,0.0,0.0,6,6,2,4,0,0
67.65761290322581,4.173581992145514,61.374,73.989,1.793125,0.4326926011578822,0.995,2.486,94.01993548387097,9.88922056563099,80.133,110.927,23.90010714285714,3.464216167441332,18.548,29.801,88,87,2,0.9886363636363636,0.0229885057471264,0.0,0.0,0.0,7,6,2,4,0,0
65.81275,4.242364686001457,60.272,74.927,1.8210625,0.4146013193807493,1.02,2.464,94.8186875,8.179484262618233,79.777,109.826,23.947741935483872,3.6696637899380913,18.339,29.446,143,132,3,0.9230769230769232,0.0227272727272727,0.0,0.0,0.0,8,6,2,4,0,0
68.43416129032258,4.036452015460888,61.617,75.208,1.69821875,0.4626400213065403,1.003,2.436,92.973,8.332843723251328,80.654,106.616,23.9010625,3.377654549244529,18.116,29.446,99,92,2,0.9292929292929292,0.0217391304347826,0.0,0.0,0.0,9,6,2,4,0,0
68.6491875,4.450717560396226,60.433,75.536,1.824375,0.4435894461934295,1.021,2.46,94.56515625,8.545292369748143,81.542,109.124,23.33846875,3.786321084354924,17.771,29.98,118,116,1,0.9830508474576272,0.0086206896551724,0.0,0.0,0.0,10,6,2,4,0,0
66.98971875,4.141909441498275,59.669,73.437,1.697125,0.4240965920104035,1.028,2.347,95.2571612903226,7.054654393125976,80.28,107.431,23.7834375,3.202209921767235,18.042,29.408,126,117,2,0.9285714285714286,0.017094017094017,0.0,0.0,0.0,11,6,2,4,0,0
69.56164516129033,3.752632289903425,60.321,74.965,1.78740625,0.4610520129761444,1.05,2.525,93.89734375,8.185100222490727,80.363,107.84,23.21171875,3.35613039688976,17.899,29.595,114,102,1,0.8947368421052632,0.0098039215686274,0.0,0.0,0.0,12,6,2,4,0,0
68.86445161290322,4.462359016176012,59.828,75.626,1.6944516129032257,0.4173854205016172,1.012,2.467,96.65559375,8.243705273485261,82.527,109.9,24.04884375,3.548034713702375,18.745,29.422,153,143,2,0.934640522875817,0.0139860139860139,0.0,0.0,0.0,13,6,2,4,0,0
68.72153125,4.089233511144766,61.681,75.266,1.6343125,0.4365293795308036,1.04,2.461,94.9515625,9.545626642393245,81.056,110.377,24.786125,3.5012585363994018,18.097,29.618,146,143,3,0.9794520547945206,0.0209790209790209,0.0,0.0,0.0,14,6,2,4,0,0
67.0008125,4.365448973233249,60.421,74.76,1.6839375,0.4107548470253743,1.06,2.395,95.30787096774192,8.914180088458078,79.82,111.332,23.252625,3.120923764714752,18.292,28.533,116,111,1,0.956896551724138,0.009009009009009,0.0,0.0,0.0,15,6,2,4,0,0
66.7645625,4.938717418308444,59.719,74.743,1.71521875,0.4228551749617538,1.06,2.509,95.15303225806451,8.625499743913863,79.992,109.318,23.66084375,3.748451156354126,17.85,30.484,90,83,1,0.9222222222222224,0.0120481927710843,0.0,0.0,0.0,16,6,2,4,0,0
68.4808064516129,4.253282774668328,60.143,75.163,1.8389375,0.4254980336181393,1.127,2.505,94.789,8.03907156009866,79.867,109.837,24.35790625,3.6177359642539497,18.34,29.856,154,149,3,0.9675324675324676,0.0201342281879194,0.0,0.0,0.0,17,6,2,4,0,0
68.69393548387097,4.111233593748425,60.148,75.693,1.758448275862069,0.4430053680912179,1.043,2.429,93.589875,8.169101260434088,80.818,108.027,25.0236875,3.225669447272072,18.047,30.509,157,141,3,0.8980891719745223,0.0212765957446808,0.0,0.0,0.0,18,6,2,4,0,0
66.86490322580644,4.358626636566759,59.701,74.916,1.72334375,0.4422953771009129,1.014,2.479,97.202,8.253262772206925,80.52,110.896,23.957625,3.5977911480742293,17.945,29.205,132,129,1,0.9772727272727272,0.0077519379844961,0.0,0.0,0.0,19,6,2,4,0,0
68.10519354838709,5.217803141932148,59.575,75.783,1.7191612903225806,0.4341305561521168,1.05,2.378,95.6078387096774,8.739573830558614,80.513,111.013,24.33209375,3.05867495409342,18.456,30.023,97,87,1,0.8969072164948454,0.0114942528735632,0.0,0.0,0.0,20,6,2,4,0,0
68.33696875,3.7480232595103566,61.824,74.872,1.85975,0.4459170326417235,1.067,2.48,95.50096875,8.748617676927962,79.729,109.542,24.13321875,3.636663711508784,17.913,29.731,108,97,1,0.8981481481481481,0.0103092783505154,1.0,0.0,1.0,21,6,2,4,0,0
66.82364516129032,4.393058111372129,60.441,74.743,1.785,0.3988419526902936,1.07,2.482,95.46828125,8.399636517613374,78.563,107.148,25.95116129032258,2.5470273797347125,18.54,29.531,114,105,2,0.9210526315789472,0.019047619047619,0.0,0.0,0.0,22,6,2,4,0,0
68.151,4.241880746398544,59.649,74.75,1.8246451612903225,0.4264508997440069,1.036,2.482,92.37859375,8.926562752346086,79.287,110.413,24.49928125,3.697261831055387,18.042,30.033,107,103,2,0.9626168224299064,0.0194174757281553,0.0,0.0,0.0,23,6,2,4,0,0
68.9136875,4.602061021013198,60.9,75.117,1.775375,0.3955653161676827,1.074,2.5,93.64421875,7.980404936505718,79.956,106.942,23.70990625,3.1678320800985675,19.121,29.659,139,126,2,0.9064748201438848,0.0158730158730158,0.0,0.0,0.0,24,6,2,4,0,0
66.11754838709676,4.384091839356696,59.685,74.736,1.9234193548387093,0.4986783047345284,1.026,2.474,94.44059375,8.38766812094139,80.029,110.937,23.720193548387098,3.637887018763821,17.811,30.126,109,100,1,0.9174311926605504,0.01,1.0,0.0,1.0,25,6,2,4,0,0
68.4760625,4.2696781622121085,61.382,75.424,1.71171875,0.4483968744945169,1.034,2.524,94.032,9.52411694662047,78.695,110.418,23.9989,3.61387990325805,18.477,30.018,133,131,1,0.9849624060150376,0.0076335877862595,0.0,0.0,0.0,26,6,2,4,0,0
67.01321875,3.656758389386257,59.943,74.574,1.8008125,0.4601809908664619,1.079,2.518,96.54474193548388,8.69111721996561,82.694,110.398,24.24741935483871,3.8532800553484616,18.17,30.448,121,120,3,0.9917355371900828,0.025,0.0,0.0,0.0,27,6,2,4,0,0
67.31170967741936,4.8447520830519855,59.194,75.488,1.79471875,0.4082340595528896,1.113,2.47,93.8580625,7.385681207525382,78.849,106.761,23.83583870967742,3.672443882909347,18.289,30.119,119,117,2,0.9831932773109244,0.017094017094017,0.0,0.0,0.0,28,6,2,4,0,0
69.06675,5.030876220738007,60.614,79.418,1.8225,0.4315423202810455,0.994,2.551,94.64371875,9.051526541130968,79.35,109.276,24.348290322580645,3.3387975200017586,18.266,29.663,147,133,2,0.9047619047619048,0.0150375939849624,0.0,0.0,0.0,29,6,2,4,0,0
68.28306451612903,4.730122993013211,59.664,75.343,1.72240625,0.3446697212316031,1.075,2.322,92.06328125,9.826922191462414,77.079,109.872,24.244266666666665,3.6875064458934497,18.239,29.84,139,127,1,0.9136690647482014,0.0078740157480314,0.0,0.0,0.0,30,6,2,4,0,0
65.55806451612904,3.9985653505183127,59.872,75.519,1.784625,0.4206429602406297,1.022,2.509,95.3660625,7.975672672358921,82.673,107.661,24.22921875,3.5218027434125365,17.822,29.903,157,152,2,0.9681528662420382,0.0131578947368421,0.0,0.0,0.0,31,6,2,4,0,0
67.13087096774193,4.37150239423424,59.331,75.227,1.77021875,0.4533789082829135,1.042,2.427,95.34421875,8.091554752051273,80.8,110.291,25.03525806451613,3.156074945959954,18.57,29.976,94,86,1,0.9148936170212766,0.0116279069767441,0.0,0.0,0.0,32,6,2,4,0,0
69.35063333333332,3.878802459019016,61.993,75.656,1.61734375,0.4164866577559354,1.03,2.453,95.6385,8.664171404642932,79.735,107.823,24.75251612903226,2.9783209684985006,19.061,30.092,82,77,1,0.9390243902439024,0.0129870129870129,0.0,0.0,0.0,1,7,2,5,0,0
68.0079375,4.90689052671129,59.731,75.299,1.69603125,0.3306641883294113,1.027,2.434,95.1998125,8.200221466078945,79.135,107.623,25.0350625,3.3990845251142208,17.999,29.918,129,128,3,0.992248062015504,0.0234375,0.0,0.0,0.0,2,7,2,5,0,0
66.53038709677419,4.3387950837179,60.61,75.285,1.71071875,0.4622806181960016,1.018,2.487,94.48884375,8.474931226704971,81.3,110.922,24.45403125,3.732110113892373,18.133,29.876,144,130,1,0.9027777777777778,0.0076923076923076,0.0,0.0,0.0,3,7,2,5,0,0
66.12559375,3.28006962809038,61.035,73.566,1.803806451612903,0.4392345933063438,1.026,2.485,93.19496875,9.95206707166868,80.294,111.697,24.542,2.840824017212998,18.477,29.283,93,91,0,0.978494623655914,0.0,0.0,0.0,1.0,4,7,2,5,0,0
68.432625,3.3184030433424625,60.977,73.831,1.71503125,0.4569680220600604,1.009,2.518,94.5091875,9.655899177779952,79.784,109.5,24.050125,3.1268158878920573,17.976,29.159,90,83,2,0.9222222222222224,0.0240963855421686,0.0,0.0,0.0,5,7,2,5,0,0
68.65537499999999,4.3443798974708,60.681,75.461,1.695125,0.4250857029337846,0.993,2.355,96.59619354838708,8.363362371755173,82.671,109.547,23.07067741935484,2.9466803851916348,18.787,29.309,101,95,1,0.9405940594059404,0.0105263157894736,0.0,0.0,0.0,6,7,2,5,0,0
70.1041875,4.313556009556462,62.368,75.851,1.63546875,0.4116547241258883,1.023,2.432,96.12053125,7.636032684600181,79.948,108.088,23.1566875,3.102662357660782,18.183,29.758,131,128,3,0.9770992366412212,0.0234375,0.0,0.0,0.0,7,7,2,5,0,0
42.2995,6.467215330343676,31.111,50.051,1.14925,0.4040557291489189,0.494,1.784,55.74196774193548,7.968271579557978,40.274,69.902,8.347645161290322,1.881638267545724,5.182,11.899,151,147,1,0.9735099337748344,0.0068027210884353,0.0,0.0,0.0,-1,0,0,0,0,0
39.675375,5.774321637297991,30.124,49.606,1.1651875,0.392602683301431,0.508,1.811,56.35806451612903,8.50695418637201,40.245,70.68,8.327,2.0347157366650155,5.176,11.938,170,167,4,0.9823529411764704,0.0239520958083832,0.0,0.0,0.0,-1,0,0,0,0,0
39.33471875,5.721721336047312,30.052,49.08,1.0103870967741937,0.3908338672990826,0.526,1.791,55.13478125,8.272879339353866,39.827,69.764,8.200156250000001,1.925478224793318,4.981,11.864,166,152,4,0.9156626506024096,0.0263157894736842,2.0,0.0,1.0,-1,0,0,0,0,0
39.294645161290326,6.0796066679152165,30.631,49.45,1.1015483870967742,0.3618372413769923,0.544,1.77,52.2453125,10.443479275752145,39.964,69.784,8.84021875,1.7639679745168186,5.726,11.76,269,256,7,0.9516728624535316,0.02734375,0.0,0.0,0.0,-1,0,0,0,0,0
40.41196875,6.173171049423751,29.948,49.891,1.1828125,0.446217322829973,0.506,1.78,55.8281875,8.498164292999192,39.7,68.238,8.54971875,2.00172936900418,5.505,11.927,288,286,8,0.9930555555555556,0.0279720279720279,0.0,0.0,0.0,-1,0,0,0,0,0
39.356580645161294,6.577503157349773,30.15,49.061,1.149875,0.4235837693743935,0.501,1.753,55.68228125,8.470811235227883,41.601,71.059,8.0365,1.8777074216422327,5.005,12.061,201,195,3,0.9701492537313432,0.0153846153846153,0.0,0.0,0.0,-1,0,0,0,0,0
39.794625,5.070928881951161,30.323,49.612,1.0545,0.3389969073985874,0.561,1.624,57.10915625,7.611790010788974,39.6,68.491,8.617375,2.319223573498459,5.343,12.123,254,233,2,0.9173228346456692,0.0085836909871244,0.0,0.0,0.0,-1,0,0,0,0,0
39.72515625,6.099979514028927,30.769,50.323,1.20575,0.3718201958803693,0.566,1.745,51.75975,8.72356862091833,40.414,70.55,8.418125,2.0618137920052884,5.035,11.741,153,152,4,0.9934640522875816,0.0263157894736842,1.0,0.0,1.0,-1,0,0,0,0,0
40.54665625,6.275640209517634,30.454,49.508,1.0835,0.3750264506800519,0.496,1.765,57.21325806451613,8.062626660370436,40.689,69.078,8.794875,2.0398400277251345,5.061,11.864,299,283,8,0.9464882943143812,0.0282685512367491,0.0,0.0,0.0,-1,0,0,0,0,0
41.17521875,5.577458403334568,30.863,49.954,1.1522903225806451,0.4311446156104614,0.502,1.803,55.85870967741936,9.12662533905988,39.591,69.156,8.5624375,2.064713444735363,5.075,11.83,267,248,6,0.9288389513108616,0.0241935483870967,1.0,0.0,1.0,-1,0,0,0,0,0
39.789125,5.65731937404987,31.66,49.084,1.29375,0.3746544214124144,0.514,1.776,53.52090625,8.98997781173255,39.689,67.673,7.8055,2.03133612472503,5.032,11.72,184,170,4,0.9239130434782608,0.0235294117647058,2.0,1.0,0.0,-1,0,0,0,0,0
39.234,5.758251784431038,30.579,49.016,1.215625,0.3548564225784301,0.61,1.735,53.88325,7.524236756920501,42.124,68.678,8.597451612903226,2.1672809976052125,5.343,12.145,188,179,4,0.952127659574468,0.0223463687150838,0.0,0.0,0.0,-1,0,0,0,0,0
39.4198125,6.0192507273371145,29.927,49.527,1.1941290322580644,0.3503131686491848,0.497,1.759,54.37564516129032,8.220840421548099,41.063,69.889,8.47475,2.193820147302344,5.078,11.781,213,197,5,0.9248826291079812,0.0253807106598984,0.0,0.0,0.0,-1,0,0,0,0,0
40.8295,6.389863050680476,30.71,49.787,1.131125,0.3622583065233443,0.607,1.83,55.03425,8.655994559058575,41.426,70.543,8.706290322580644,1.9758176905363911,5.301,11.704,216,198,5,0.9166666666666666,0.0252525252525252,0.0,0.0,0.0,-1,0,0,0,0,0
40.857,6.687366108316986,30.602,50.281,1.1820625,0.3941349807673966,0.517,1.755,52.4591875,7.822033220694294,41.575,69.743,8.201096774193548,1.9774713542777929,5.008,11.743,230,222,2,0.9652173913043478,0.009009009009009,0.0,0.0,0.0,-1,0,0,0,0,0
40.32975,5.052427854586987,31.897,49.897,1.1316875,0.3290091122867905,0.518,1.742,57.10021875,8.481979838626293,41.055,68.9,7.863258064516128,2.0397795627263573,5.071,11.777,271,265,7,0.977859778597786,0.0264150943396226,0.0,0.0,0.0,-1,0,0,0,0,0
40.94721875,5.892427134148543,30.312,49.557,1.12125,0.4077803013799813,0.524,1.818,53.4494375,9.824318063627754,40.213,70.258,8.6980625,2.179781136357353,5.261,11.855,151,149,4,0.9867549668874172,0.0268456375838926,0.0,0.0,0.0,-1,0,0,0,0,0
38.32884375,4.946469109599062,30.82,46.966,1.18284375,0.3509524468637844,0.547,1.75,53.91715625,8.695758176554877,40.114,68.304,7.99965625,2.130463354256685,5.005,11.978,216,210,5,0.9722222222222222,0.0238095238095238,0.0,0.0,0.0,-1,0,0,0,0,0
39.87003125,5.598108802111858,30.32,49.392,1.04621875,0.3685537326234061,0.559,1.729,56.70054838709678,8.398461433852868,42.159,69.032,8.44415625,2.274890342757774,5.244,11.843,155,152,3,0.9806451612903224,0.0197368421052631,0.0,0.0,0.0,-1,0,0,0,0,0
40.43440625,6.005099531067259,30.402,49.119,1.1721724137931036,0.319100305430923,0.618,1.702,55.32665625,9.185043156199647,40.188,69.664,8.392451612903226,2.291718828575468,4.978,11.984,250,239,5,0.956,0.0209205020920502,0.0,0.0,0.0,1,1,1,0,0,0
41.086875,6.199458023918106,30.396,49.687,1.0774516129032257,0.3410774925350227,0.552,1.707,56.169625,8.387641726123407,42.703,70.055,8.607375,1.7800699650983276,5.317,12.061,201,197,4,0.9800995024875622,0.0203045685279187,0.0,0.0,0.0,2,1,1,0,0,0
38.80071875,4.886715231835845,32.152,49.559,1.0702258064516128,0.355797574441556,0.537,1.655,56.35512903225806,7.644673961837461,42.82,70.645,8.6745625,2.110794559730316,5.004,11.905,212,192,4,0.9056603773584906,0.0208333333333333,0.0,0.0,0.0,3,1,1,0,0,0
41.5545,5.73531883974626,31.303,50.516,1.1980625,0.3668121552757821,0.551,1.725,55.169375,8.904864892746241,41.221,68.231,8.430903225806452,2.060542199759385,5.115,11.876,218,203,3,0.9311926605504588,0.0147783251231527,0.0,0.0,0.0,4,1,1,0,0,0
41.01715625,5.775372548292671,31.864,49.932,0.99596875,0.3554994201143131,0.524,1.65,57.55009677419354,9.40190794947082,40.19,69.313,8.51025,2.1152439499362563,4.999,11.774,271,261,5,0.96309963099631,0.0191570881226053,1.0,0.0,1.0,5,1,1,0,0,0
40.885625,5.636081272737578,30.454,49.934,1.12525,0.3694676204766057,0.507,1.778,53.179625,8.083243263770449,40.269,67.041,8.45328125,2.170468527305613,5.097,11.905,220,213,6,0.968181818181818,0.028169014084507,2.0,0.0,1.0,6,1,1,0,0,0
42.49156666666667,5.787401839092085,30.487,49.134,1.0975,0.3877757915550285,0.539,1.762,59.37425,7.561982185951322,44.575,70.66,8.6863125,1.911909321602952,5.208,11.798,179,175,3,0.9776536312849162,0.0171428571428571,0.0,0.0,0.0,7,1,1,0,0,0
40.27525,6.025863621680862,30.346,49.945,1.0743333333333334,0.4377909541553251,0.526,1.812,54.6430625,8.064336374262798,40.142,69.829,8.10478125,1.9978369873501176,5.227,11.887,204,188,2,0.9215686274509804,0.0106382978723404,0.0,0.0,0.0,8,1,1,0,0,0
41.2925,5.280180354935347,30.839,50.175,1.08140625,0.3473235787371398,0.561,1.761,55.158,7.613235838688033,43.263,68.181,8.28678125,1.9581160915594853,5.194,11.96,168,152,3,0.9047619047619048,0.0197368421052631,0.0,0.0,0.0,9,1,1,0,0,0
41.40859375,5.511120112477428,30.269,49.36,1.1066774193548388,0.3649510823016123,0.497,1.754,54.93178125,8.373675755621436,40.675,67.492,8.5004375,1.9647355553405537,5.036,11.886,194,183,4,0.9432989690721648,0.0218579234972677,0.0,0.0,0.0,10,1,1,0,0,0
39.29006451612903,5.72004433511655,30.623,49.944,1.171625,0.3813225499452848,0.571,1.815,58.13765625,8.408203523400669,40.399,69.141,8.39990625,2.057769013642704,5.251,11.625,150,144,3,0.96,0.0208333333333333,0.0,0.0,0.0,11,1,1,0,0,0
38.21753125,5.318989965872888,30.404,47.552,1.15640625,0.4355666579389021,0.549,2.41,54.3425625,9.103539130780137,39.838,69.316,9.128967741935485,1.652758612822231,5.154,11.481,189,179,4,0.9470899470899472,0.0223463687150838,0.0,0.0,0.0,12,1,1,0,0,0
39.3960625,6.094458762586794,29.789,49.169,1.219875,0.3160555024756906,0.531,1.805,54.37434375,9.313938010590418,41.244,69.753,8.939937500000001,2.141950843348788,5.314,12.106,275,271,5,0.9854545454545456,0.018450184501845,0.0,0.0,0.0,13,1,1,0,0,0
40.61946875,5.583234124529841,30.958,49.478,1.271375,0.360194548686159,0.51,1.767,53.6177,9.654177745483006,40.624,70.172,8.34175,2.3203189157888926,5.206,12.096,234,230,6,0.9829059829059827,0.0260869565217391,0.0,0.0,0.0,1,2,2,0,0,0
40.44848387096774,6.3058795044570255,29.888,50.094,1.09996875,0.352443954306808,0.56,1.786,55.26490625,7.052739030308516,43.029,69.566,8.63559375,2.0503832035134306,5.084,11.747,223,222,5,0.9955156950672646,0.0225225225225225,0.0,0.0,0.0,2,2,2,0,0,0
42.386375,5.690153281851708,30.194,49.921,1.1411612903225803,0.4151362906142345,0.516,1.821,55.3895625,9.104712487489032,40.344,69.396,8.427566666666667,2.261314321566009,5.355,11.782,267,247,2,0.9250936329588016,0.0080971659919028,0.0,0.0,0.0,3,2,2,0,0,0
39.99053125,5.358867032308198,31.627,49.99,1.08678125,0.3793175309875832,0.514,1.808,54.1951875,9.664191748783653,40.561,69.579,8.859625,1.9633793406990585,5.43,12.097,220,198,5,0.9,0.0252525252525252,0.0,0.0,0.0,4,2,2,0,0,0
38.9864375,5.45498366951519,29.658,49.032,1.17634375,0.3450782622195313,0.681,1.688,55.55196875,8.924547157516391,39.861,68.135,8.46425,1.8683057013102504,5.283,11.806,201,183,3,0.9104477611940298,0.0163934426229508,0.0,0.0,0.0,5,2,2,0,0,0
39.0036,5.5273622230524735,30.485,50.184,1.0675625,0.3952806220412156,0.537,1.975,56.79284375,7.726689405453462,40.911,69.795,7.995516129032258,1.7431395979853466,5.283,11.323,217,207,5,0.9539170506912442,0.0241545893719806,0.0,0.0,0.0,6,2,2,0,0,0
38.48321875,5.192306652149859,30.938,48.21,1.24903125,0.350978768255473,0.627,1.713,55.30775,6.922533807976718,41.721,69.014,8.210125,1.7547937430493536,5.048,11.456,288,271,6,0.9409722222222222,0.022140221402214,0.0,0.0,0.0,7,2,2,0,0,0
40.16403125,6.454453353752441,29.982,50.459,1.20915625,0.3842366634094989,0.631,1.803,55.4018125,8.520589213449664,40.794,69.285,8.056645161290323,1.937363854113576,5.179,11.823,173,167,3,0.9653179190751444,0.0179640718562874,1.0,0.0,1.0,8,2,2,0,0,0
38.76564516129033,5.630814071093609,30.929,48.483,1.05796875,0.3390509985785277,0.515,1.703,55.16521875,8.911552555565434,41.837,70.389,8.16215625,2.0710471577530765,4.989,11.865,300,279,3,0.93,0.010752688172043,0.0,0.0,0.0,9,2,2,0,0,0
40.8541875,5.786692572744091,30.309,50.339,1.17825,0.3863104217277653,0.552,1.81,59.31890625,8.491004516581347,40.735,69.987,8.24859375,2.250408032670534,5.012,11.815,187,169,2,0.9037433155080212,0.0118343195266272,0.0,0.0,0.0,10,2,2,0,0,0
39.486625,6.3856155979291565,29.949,49.401,1.04525,0.3670475050558741,0.514,1.739,56.914,7.031317098050216,42.451,68.005,7.7765625,1.9938339617268743,5.005,11.716,189,183,3,0.9682539682539684,0.0163934426229508,0.0,0.0,0.0,11,2,2,0,0,0
39.60329032258065,6.02613254746109,30.21,50.088,1.06465625,0.3424741675565448,0.536,1.751,56.1485625,9.786698270010463,39.452,69.898,8.384870967741936,1.8897956281378765,5.178,11.567,207,203,3,0.9806763285024156,0.0147783251231527,0.0,0.0,0.0,12,2,2,0,0,0
40.172,5.432957075170498,30.304,48.237,1.13928125,0.3835123108067361,0.54,1.761,53.46456666666666,8.590487741294629,39.449,69.984,8.656451612903227,2.116043396510095,5.11,11.746,157,142,2,0.9044585987261148,0.0140845070422535,0.0,0.0,0.0,13,2,2,0,0,0
38.4576875,5.250241096998583,30.957,50.076,1.11265625,0.4196646594738354,0.545,1.784,55.0320625,8.591599674316168,40.363,68.67,9.017206896551723,2.0398537829131347,5.129,11.977,274,261,4,0.9525547445255474,0.0153256704980842,0.0,0.0,0.0,14,2,2,0,0,0
40.68909375,5.907933863823674,30.651,49.457,1.07575,0.361927367512929,0.519,1.733,56.56690625,8.900584490989903,41.071,70.301,7.97684375,1.8592488269741727,5.03,11.794,169,166,3,0.9822485207100592,0.0180722891566265,0.0,0.0,0.0,15,2,2,0,0,0
41.44925,5.925615389302235,30.495,49.445,1.156875,0.391039371831764,0.524,1.831,54.34390322580645,10.03031991963978,39.62,69.767,7.888064516129032,1.815915947678267,5.061,10.899,285,271,7,0.950877192982456,0.025830258302583,2.0,0.0,1.0,16,2,2,0,0,0
39.44709375,5.132924604056387,30.469,50.316,1.1635483870967742,0.3942847396412628,0.524,1.807,54.49,8.977365196479852,40.122,68.928,8.6565625,1.937811634667212,5.595,11.781,188,177,3,0.9414893617021276,0.0169491525423728,1.0,0.0,1.0,17,2,2,0,0,0
41.806375,5.887435219834007,30.263,49.543,1.19003125,0.3865774958300832,0.526,1.821,57.13183870967742,7.958748696023239,40.715,69.418,8.67075,2.1298535160897805,5.64,12.022,188,187,3,0.9946808510638298,0.0160427807486631,0.0,0.0,0.0,18,2,2,0,0,0
39.87516129032259,6.031148039396669,29.865,50.116,1.1699032258064517,0.3816886475334496,0.549,1.786,54.73125,6.851653169950324,43.821,69.295,7.953064516129031,1.8952916914551503,5.243,11.954,188,175,3,0.9308510638297872,0.0171428571428571,0.0,0.0,0.0,19,2,2,0,0,0
39.01596875,4.866609878413243,30.122,47.369,1.1426875,0.4219209861435991,0.532,1.804,55.26403125,8.6482067672619,41.278,69.051,8.96646875,1.9725652527638449,5.319,12.203,169,157,4,0.9289940828402368,0.0254777070063694,0.0,0.0,0.0,20,2,2,0,0,0
40.6676875,5.495549386593109,30.266,49.808,1.15084375,0.3848081306041132,0.537,1.828,54.5811935483871,8.427378518532539,41.993,68.465,8.760625,2.0350957772499663,5.19,11.757,270,267,3,0.9888888888888888,0.0112359550561797,0.0,0.0,0.0,21,2,2,0,0,0
39.72064516129032,5.283071742514873,30.938,49.983,1.0719,0.3804886468014881,0.509,1.737,55.32740625,9.247913033479412,39.784,69.562,8.918156250000001,1.938282979928952,5.323,11.851,261,237,6,0.9080459770114944,0.0253164556962025,0.0,0.0,0.0,22,2,2,0,0,0
39.658875,6.210069501195412,30.324,48.72,1.21665625,0.4022843328739095,0.564,1.826,54.7854375,9.321178628704944,40.381,69.381,9.30509375,1.952183795540927,5.041,12.028,205,201,4,0.9804878048780488,0.0199004975124378,0.0,0.0,0.0,23,2,2,0,0,0
40.0988125,5.87921029608953,30.667,50.33,1.1562258064516129,0.3631263976154326,0.571,1.767,57.22229032258065,7.895557734969492,40.163,68.29,8.573354838709678,2.417170791764442,5.14,11.918,279,273,5,0.978494623655914,0.0183150183150183,0.0,0.0,0.0,24,2,2,0,0,0
39.93390625,6.070652743557558,29.897,48.878,1.1879375,0.350159681316046,0.539,1.782,55.94928125,8.664164085787128,41.097,69.034,8.732774193548387,1.8925987373569604,6.104,11.848,166,161,4,0.9698795180722892,0.0248447204968944,0.0,0.0,0.0,25,2,2,0,0,0
40.33709375,6.319888531884368,30.336,50.333,1.20359375,0.4103376940831586,0.498,1.732,54.15706451612903,8.143127814034294,42.848,68.014,8.32,2.179105705884723,4.967,11.7,248,231,3,0.9314516129032258,0.0129870129870129,0.0,0.0,0.0,26,2,2,0,0,0
40.9624375,6.569661757569485,30.829,49.576,1.1104375,0.3376953138555524,0.493,1.836,53.3186875,8.516914227800447,40.849,70.012,9.22303125,1.8063697953911908,4.994,11.838,164,148,3,0.902439024390244,0.0202702702702702,0.0,0.0,0.0,27,2,2,0,0,0
40.337,5.41924745379995,30.489,49.987,1.1305625,0.393233570704527,0.542,1.787,53.221387096774194,9.51906236516118,40.437,69.388,8.482161290322582,1.9708503426486443,5.085,11.849,221,204,2,0.9230769230769232,0.0098039215686274,1.0,1.0,0.0,28,2,2,0,0,0
42.515375,5.690998232919843,29.859,49.681,1.13665625,0.3815145208731861,0.527,1.709,56.70146666666666,8.770708341359631,39.74,68.953,8.63290625,1.78049620411359,5.231,11.9,290,276,7,0.9517241379310344,0.0253623188405797,0.0,0.0,0.0,29,2,2,0,0,0
42.03274193548388,5.564407761045446,32.432,49.841,1.17578125,0.3472400614592995,0.524,1.755,56.2738125,8.672467132094424,39.757,70.52,8.121032258064517,2.3533347188457343,4.988,12.083,297,269,7,0.9057239057239056,0.0260223048327137,0.0,0.0,0.0,30,2,2,0,0,0
40.22790322580645,5.905118877464642,30.616,49.432,1.10615625,0.391702990622874,0.506,1.747,57.55940625,8.884052122762432,41.897,70.967,8.58825,2.059738285911977,5.089,11.645,291,269,6,0.9243986254295532,0.0223048327137546,0.0,0.0,0.0,31,2,2,0,0,0
38.0786875,5.171392564917486,29.954,46.328,1.13496875,0.3819790979229099,0.535,1.747,55.09959375,8.8983004062551,40.42,68.531,8.982709677419354,1.9234423168466888,5.318,11.879,212,207,4,0.9764150943396226,0.0193236714975845,0.0,0.0,0.0,32,2,2,0,0,0
40.4008125,6.023525574844556,30.753,49.803,1.14665625,0.3892406676839308,0.537,1.803,52.65790322580645,7.407356336124419,42.3,68.868,7.81753125,1.877402477762311,5.298,12.046,248,244,4,0.9838709677419356,0.0163934426229508,0.0,0.0,0.0,33,2,2,0,0,0
40.16358064516129,6.013118501932219,30.227,49.774,1.2320967741935485,0.3698766780823674,0.497,1.828,54.09875,9.653354249071382,40.913,69.339,8.328133333333334,1.9515153923135684,5.092,11.51,177,166,4,0.9378531073446328,0.0240963855421686,0.0,0.0,0.0,34,2,2,0,0,0
41.27983870967742,5.267624784769535,32.058,50.193,1.0970645161290322,0.4172692923827386,0.5,1.8,54.82590625,9.27236425416383,40.217,68.728,8.881233333333334,2.0884332138006587,5.172,11.759,159,145,2,0.9119496855345912,0.0137931034482758,0.0,0.0,0.0,35,2,2,0,0,0
37.86609375,5.515414629863698,30.076,49.051,1.16065625,0.3607256673102867,0.524,1.745,56.26164516129032,8.645523749503308,40.801,70.246,8.72240625,2.058104857345865,5.352,11.737,156,149,2,0.9551282051282052,0.0134228187919463,0.0,0.0,0.0,36,2,2,0,0,0
38.84809375,5.403994952120175,30.739,50.092,1.13296875,0.3833013203965543,0.515,1.795,56.1508125,8.299803505009873,39.898,69.654,8.31634375,2.074987440449748,4.964,11.941,293,273,6,0.931740614334471,0.0219780219780219,2.0,0.0,1.0,37,2,2,0,0,0
39.37309375,4.971335053759088,30.165,49.33,1.057516129032258,0.398261210009021,0.522,1.833,54.67725,8.184862869562837,40.604,70.539,8.7043125,2.08918864383189,5.095,11.84,238,236,6,0.9915966386554622,0.0254237288135593,0.0,0.0,0.0,38,2,2,0,0,0
40.687375,5.225570910313024,30.462,48.7,1.229258064516129,0.3064895830466821,0.626,1.768,53.0759,8.604548642112658,41.239,69.645,8.79325,2.149293027050762,5.054,12.035,175,169,2,0.9657142857142856,0.0118343195266272,2.0,0.0,1.0,39,2,2,0,0,0
38.79729032258064,5.713432203696528,30.852,50.395,1.2250625,0.3446413692334348,0.5,1.828,56.19059375,9.174914364931732,41.158,68.994,8.4921875,2.0456087103763863,5.307,11.964,224,221,2,0.9866071428571428,0.0090497737556561,0.0,0.0,0.0,40,2,2,0,0,0
39.58371875,5.5645841640096325,30.765,48.876,1.12328125,0.357618217257617,0.509,1.741,54.47228125,9.209861493247246,40.497,70.371,8.36941935483871,2.082200995328318,5.432,11.882,253,248,5,0.9802371541501976,0.0201612903225806,0.0,0.0,0.0,41,2,2,0,0,0
38.41046875,5.370843821396284,30.234,48.015,1.081375,0.3419386617320375,0.5,1.711,56.35734375,7.379685370552512,41.128,69.75,8.00684375,2.353325911506124,5.032,11.876,225,210,3,0.9333333333333332,0.0142857142857142,0.0,0.0,0.0,42,2,2,0,0,0
40.8433125,5.610120419830576,30.587,49.158,1.1215,0.3277836619361283,0.531,1.722,55.92859375,8.954252112496789,39.772,69.476,8.87025,1.9222410811845496,5.54,11.569,233,229,4,0.9828326180257512,0.0174672489082969,0.0,0.0,0.0,43,2,2,0,0,0
40.58353125,5.826259841521608,30.68,50.124,1.120125,0.3382880763205306,0.529,1.831,56.021625,8.21672802688162,40.811,70.661,8.548677419354838,1.7358532654403094,5.4,11.88,270,243,4,0.9,0.0164609053497942,0.0,0.0,0.0,44,2,2,0,0,0
39.16967741935484,6.159528679951074,30.146,49.6,1.15353125,0.4069405904468437,0.52,1.787,58.38490625,8.773083565599496,41.302,70.894,7.7810625,1.5689524949633158,5.449,11.737,268,259,5,0.9664179104477612,0.0193050193050193,1.0,1.0,0.0,45,2,2,0,0,0
40.19725806451613,5.842299769598395,30.929,49.776,1.183741935483871,0.3403180833418383,0.621,1.699,56.8280625,8.946461870257298,40.359,69.979,8.419129032258065,1.9675752207888688,5.262,11.973,205,199,5,0.9707317073170731,0.0251256281407035,0.0,0.0,0.0,46,2,2,0,0,0
37.809875,5.661760826923929,29.649,47.784,1.14040625,0.3765981737552726,0.524,1.815,52.529125,9.7783366873394,40.277,68.91,9.076625,2.113311691741569,5.003,11.867,256,240,3,0.9375,0.0125,0.0,0.0,0.0,47,2,2,0,0,0
41.52446875,5.9742076434230045,32.076,50.034,1.105625,0.3663695252504744,0.548,1.801,53.29674193548387,9.451111627626112,40.961,69.885,8.662625,2.079237154622168,5.227,12.146,160,157,2,0.98125,0.0127388535031847,0.0,0.0,0.0,48,2,2,0,0,0
37.11954838709678,5.449377694371531,30.298,48.269,1.1228125,0.3770362725341577,0.565,1.697,54.55241935483871,8.64252663972056,41.115,69.042,8.4824375,2.023722072871126,5.139,11.381,277,262,6,0.9458483754512635,0.0229007633587786,0.0,0.0,0.0,49,2,2,0,0,0
40.322,5.265161480843189,30.85,50.15,1.139375,0.358624140561603,0.6,1.757,52.21723333333333,9.105856469719168,39.843,70.305,8.93775,1.871522426675242,5.547,11.907,275,260,6,0.9454545454545454,0.023076923076923,0.0,0.0,0.0,50,2,2,0,0,0
42.9775625,5.666685632756051,31.377,53.759,1.24078125,0.376950046692679,0.557,1.742,55.58532258064516,8.197509936507537,39.926,67.472,8.3328125,2.2296895116917934,5.444,12.121,286,273,2,0.9545454545454546,0.0073260073260073,0.0,0.0,0.0,51,2,2,0,0,0
38.88084375,5.738008045448969,29.945,49.956,1.096516129032258,0.3822033377638786,0.529,1.792,54.76003125,7.070145659330736,41.242,69.795,8.92215625,2.1036536895996285,5.279,11.824,170,164,4,0.9647058823529412,0.024390243902439,0.0,0.0,0.0,52,2,2,0,0,0
38.63303125,6.388927935129828,30.427,48.375,1.228875,0.3527194581094616,0.561,1.78,53.52443333333333,9.014766203418638,41.476,71.026,8.1844375,2.162069139437885,5.156,12.031,289,276,2,0.9550173010380624,0.0072463768115942,0.0,0.0,0.0,53,2,2,0,0,0
38.26196875,6.177476823284547,29.813,49.675,1.061875,0.3554252110432816,0.527,1.737,54.07,7.874105085863777,40.299,69.336,8.13903125,1.8388544730852088,5.16,11.723,169,157,3,0.9289940828402368,0.019108280254777,0.0,0.0,0.0,54,2,2,0,0,0
39.43621875,5.819507720752261,31.054,49.95,1.15428125,0.3864654751825374,0.531,1.797,56.851516129032255,7.888012043056087,41.611,70.931,8.231625,2.00858855514786,5.171,11.703,177,160,4,0.903954802259887,0.025,0.0,0.0,0.0,1,3,2,1,0,0
39.31775,5.560199804950155,31.031,48.841,1.0290645161290322,0.3651176920285541,0.545,1.806,54.59071875,9.778902732939022,39.39,69.637,8.660366666666667,2.209733865756522,5.399,12.041,218,202,4,0.926605504587156,0.0198019801980198,0.0,0.0,0.0,2,3,2,1,0,0
39.474870967741936,6.061404010853897,30.864,50.059,1.13490625,0.3424963724201582,0.523,1.689,57.559875,9.349010600575731,39.938,70.37,8.87909375,2.158424894033953,5.041,11.841,201,190,2,0.945273631840796,0.0105263157894736,0.0,0.0,0.0,3,3,2,1,0,0
41.3016875,5.827144093489564,30.79,49.944,1.2311875,0.3821734479982076,0.563,1.765,52.72221875,8.150725808703747,40.76,71.021,7.718999999999999,1.837950561540399,5.415,11.533,254,245,3,0.9645669291338582,0.0122448979591836,0.0,0.0,0.0,4,3,2,1,0,0
38.91965625,6.316465930072458,30.803,49.305,1.17434375,0.3323586878344423,0.518,1.713,55.70722580645161,8.648143714923943,40.559,69.539,8.82634375,2.143854451748592,5.177,12.046,161,153,3,0.9503105590062112,0.0196078431372549,0.0,0.0,0.0,5,3,2,1,0,0
40.15409375,5.9798136143106655,30.069,49.602,1.2365,0.3388405941971269,0.595,1.731,56.67161290322581,9.016954407032047,39.737,70.349,8.10925,1.9846052341672056,5.201,11.725,186,173,2,0.9301075268817204,0.0115606936416184,0.0,0.0,0.0,6,3,2,1,0,0
39.98321875,5.127604274489806,29.991,49.102,1.1425,0.3831309049431808,0.528,1.782,53.63715625,9.011748672487974,39.911,67.267,8.6487,1.9818097293757224,5.113,12.122,197,189,3,0.9593908629441624,0.0158730158730158,0.0,0.0,0.0,7,3,2,1,0,0
40.063967741935485,5.384021876403494,30.315,50.1,1.220875,0.4253864846117265,0.535,1.803,56.06584375,7.735649198560226,42.044,69.335,8.17225,2.013430005512179,5.044,11.801,239,223,4,0.9330543933054394,0.0179372197309417,0.0,0.0,0.0,8,3,2,1,0,0
39.96975,6.164200573446439,30.416,48.981,1.092875,0.3939117921565689,0.516,1.744,54.81090625,8.414573833378554,39.73,68.766,7.88375,1.8239028341408696,5.023,11.813,185,169,4,0.9135135135135136,0.0236686390532544,0.0,0.0,0.0,9,3,2,1,0,0
40.10834375,5.520750355787464,30.159,49.202,1.24846875,0.3546764072089446,0.506,1.814,53.13015625,8.867667879434798,40.695,69.274,8.45196551724138,1.850566409098241,5.046,11.633,276,263,3,0.9528985507246376,0.0114068441064638,0.0,0.0,0.0,10,3,2,1,0,0
38.4439375,5.431293489005145,30.504,48.908,1.186,0.3306191649890619,0.573,1.722,55.402875,8.308313410422508,41.232,69.792,8.519343749999999,1.934628306542579,5.26,11.869,239,235,5,0.9832635983263598,0.0212765957446808,0.0,0.0,0.0,11,3,2,1,0,0
41.055375,6.1507450361724505,31.211,50.339,1.0946774193548388,0.411458413216271,0.505,1.83,53.6440625,8.753798592749284,40.087,68.338,8.74225,2.264353186859044,5.186,12.044,182,176,2,0.967032967032967,0.0113636363636363,0.0,0.0,0.0,12,3,2,1,0,0
38.647375,6.060761927774535,30.134,50.261,1.2318125,0.342727338019316,0.565,1.763,55.66596774193548,8.288213512709364,40.338,68.505,8.39315625,2.2344184075413622,5.208,12.02,241,237,6,0.983402489626556,0.0253164556962025,0.0,0.0,0.0,13,3,2,1,0,0
39.12816129032258,6.465494346125822,29.651,50.14,1.1306774193548388,0.3126017047401558,0.617,1.783,56.99690322580645,9.631349501687495,39.825,68.294,9.297733333333332,1.971519332433978,5.187,11.73,183,180,2,0.9836065573770492,0.0111111111111111,0.0,0.0,0.0,14,3,2,1,0,0
39.31459375,6.025546415374347,30.408,48.919,1.2014516129032258,0.3796989016496868,0.516,1.834,55.68328125,9.470712812476751,39.783,68.152,7.922516129032258,2.210084144264916,5.094,11.756,258,250,4,0.9689922480620154,0.016,0.0,0.0,0.0,15,3,2,1,0,0
39.973875,6.573376462131408,30.735,49.868,1.1153125,0.3139343919027586,0.58,1.786,58.87764516129032,7.453548638281353,40.736,69.444,7.922645161290323,1.961784808932708,5.058,11.219,205,186,2,0.9073170731707316,0.010752688172043,0.0,0.0,0.0,16,3,2,1,0,0
38.87296875,5.341124881426378,31.769,49.141,1.0584375,0.34222157861679,0.585,1.731,53.69409677419355,8.1622023431377,41.878,70.734,8.56653125,2.390985165890425,5.079,11.419,211,200,2,0.9478672985781992,0.01,0.0,0.0,0.0,17,3,2,1,0,0
41.46070967741935,6.711010501126978,30.311,49.533,1.2328387096774194,0.4045268921241366,0.543,1.822,55.86753125,9.331628779393837,40.442,69.666,8.534875,1.8858559748995989,5.237,11.876,278,271,5,0.974820143884892,0.018450184501845,2.0,0.0,1.0,18,3,2,1,0,0
42.865375,5.427479839043698,31.534,49.208,1.1219032258064514,0.3892252436861986,0.502,1.736,56.62046875,8.312181216722665,42.595,67.578,8.17128125,1.9993881198583343,5.046,11.738,194,176,4,0.9072164948453608,0.0227272727272727,0.0,0.0,0.0,19,3,2,1,0,0
38.03309375,4.671518544012906,31.041,48.045,1.1949375,0.3608378187657343,0.579,1.793,54.08475,8.911744708076835,40.458,68.062,8.679870967741936,2.2498624364159907,5.02,12.126,277,273,3,0.9855595667870036,0.0109890109890109,2.0,0.0,1.0,20,3,2,1,0,0
38.18873333333333,5.167479442485063,31.052,48.24,1.110125,0.3944568949016912,0.545,1.795,54.12903125,10.066832251489895,40.906,69.151,8.18978125,2.109362963525993,5.034,11.462,219,215,4,0.9817351598173516,0.0186046511627906,0.0,0.0,0.0,21,3,2,1,0,0
40.06970967741936,5.981645081377689,30.281,49.653,1.1801875,0.3474164032656842,0.561,1.801,56.58478125,8.311655278386723,40.392,68.296,8.639000000000001,1.5964299610974657,6.185,11.708,200,194,4,0.97,0.0206185567010309,0.0,0.0,0.0,22,3,2,1,0,0
39.44546875,5.296616192982661,30.964,49.465,1.24271875,0.3498205285825032,0.573,1.802,53.631258064516125,8.412799109958357,40.386,67.679,8.90775,1.6150796245227004,5.171,11.76,245,231,5,0.9428571428571428,0.0216450216450216,0.0,0.0,0.0,23,3,2,1,0,0
40.6221875,6.426263116394243,29.861,49.364,1.037,0.3708197544934474,0.511,1.727,54.205375,9.425984496369942,40.511,70.099,8.56928125,1.9775650755472485,5.556,11.963,269,250,3,0.929368029739777,0.012,0.0,0.0,0.0,24,3,2,1,0,0
40.01475,6.0963586910813055,29.693,50.602,1.222625,0.4070473341738827,0.517,1.776,52.2345625,9.223576407115804,39.978,67.693,8.441225806451612,2.1254060899771194,5.55,11.942,253,249,5,0.984189723320158,0.0200803212851405,0.0,0.0,0.0,25,3,2,1,0,0
38.58428125,5.151920044425499,29.987,49.521,1.20228125,0.3425469343283369,0.572,1.762,54.0494375,8.994878807975196,39.827,67.68,7.816806451612903,2.0336992307837267,5.148,12.011,162,148,3,0.9135802469135802,0.0202702702702702,0.0,0.0,0.0,26,3,2,1,0,0
41.21216129032258,5.638645789530049,30.112,49.944,1.108709677419355,0.3913039904003354,0.525,1.749,54.44959375,7.645998484804787,40.919,67.853,8.7449375,2.0401324899655178,5.434,11.645,154,153,3,0.9935064935064936,0.0196078431372549,0.0,0.0,0.0,27,3,2,1,0,0
39.21721875,5.415229472601084,30.037,48.54,1.2325,0.3988336220336947,0.505,1.789,53.22840625,8.998768266463367,40.793,67.834,8.25621875,2.0778007407705807,5.092,11.781,164,160,4,0.975609756097561,0.025,0.0,0.0,0.0,28,3,2,1,0,0
41.07609375,5.994274878040551,30.462,49.253,1.22596875,0.3999753608842876,0.506,1.827,54.62454838709678,8.077189890214335,41.261,70.527,9.36803125,1.865531965719421,5.776,12.079,234,232,3,0.9914529914529916,0.0129310344827586,0.0,0.0,0.0,29,3,2,1,0,0
37.88496875,4.882325467104161,31.564,48.903,1.1088125,0.3560916371276614,0.566,1.69,53.59396875,8.93809571435616,40.346,67.428,9.0575,2.051186627453768,5.248,12.003,241,222,4,0.921161825726141,0.018018018018018,0.0,0.0,0.0,30,3,2,1,0,0
40.682875,5.860831966428461,30.089,50.115,1.140625,0.3628392294827186,0.61,1.709,55.6772,9.2664746612871,39.88,70.851,8.13378125,1.8124266344996005,5.073,11.961,235,221,3,0.9404255319148936,0.0135746606334841,0.0,0.0,0.0,31,3,2,1,0,0
41.68096875,5.459736059344042,30.891,50.147,1.10675,0.3641205046897027,0.538,1.814,55.91734375,8.861204555157654,42.171,70.502,8.468766666666667,2.3268041525594323,5.173,11.56,155,144,4,0.9290322580645162,0.0277777777777777,0.0,0.0,0.0,32,3,2,1,0,0
41.00767741935484,5.821741854961147,31.055,49.938,1.12884375,0.376328537778859,0.534,1.822,58.36159375,7.235810861930893,44.173,70.927,8.69721875,2.101639524880593,5.218,11.515,174,157,3,0.9022988505747126,0.019108280254777,2.0,1.0,0.0,33,3,2,1,0,0
41.37634375,5.9490308270549415,30.793,50.18,1.2411290322580646,0.3549628846264995,0.548,1.812,54.06829032258064,8.382990668385393,39.711,69.333,8.682806451612903,1.748431934036035,5.366,11.857,197,186,2,0.9441624365482234,0.010752688172043,0.0,0.0,0.0,34,3,2,1,0,0
38.75171875,4.91720419012461,30.584,47.697,1.1984193548387096,0.4027626906085474,0.552,1.757,55.15409375,8.29609033981738,39.911,68.573,7.779266666666667,2.0073950512926007,5.338,10.996,158,150,4,0.9493670886075948,0.0266666666666666,0.0,0.0,0.0,35,3,2,1,0,0
40.0620625,6.406768149777234,29.887,50.22,1.1562580645161291,0.367252317237249,0.511,1.729,54.80528125,8.45341324930398,40.936,70.139,8.8956875,1.594668242117888,5.934,11.098,153,149,3,0.9738562091503268,0.0201342281879194,0.0,0.0,0.0,36,3,2,1,0,0
38.102125,5.858574222398725,30.544,50.031,1.1610625,0.3536962372231381,0.587,1.76,54.29503125,8.50935693519815,40.257,70.195,8.30434375,1.7575859472285162,5.051,11.887,234,226,2,0.9658119658119658,0.0088495575221238,2.0,0.0,1.0,37,3,2,1,0,0
40.7004375,5.549503482221949,30.085,49.343,1.1036451612903226,0.3690320264680828,0.509,1.695,52.27906451612903,8.574454139809655,40.82,68.746,8.41825,1.909349424753482,5.212,12.081,254,247,6,0.9724409448818898,0.0242914979757085,0.0,0.0,0.0,38,3,2,1,0,0
51.8313125,1.264611541464988,49.935,54.278,1.9728,0.1085952307328965,1.767,2.206,54.91909375,10.781940217878002,38.585,72.618,12.565375,0.3583400574512895,11.846,13.123,157,131,5,0.8343949044585988,0.0381679389312977,5.0,1.0,0.0,39,3,2,1,0,0
52.076625,1.2550811758864509,49.78,54.314,1.9868125,0.1109482406204541,1.781,2.196,54.2560625,8.363896822682825,38.598,71.424,12.61321875,0.3941404477344629,11.934,13.172,194,172,3,0.8865979381443299,0.0174418604651162,0.0,0.0,0.0,40,3,2,1,0,0
51.83558064516129,1.195678406434148,49.756,54.582,1.983258064516129,0.1160301592236362,1.78,2.175,56.0010625,10.636709708143895,38.955,74.472,12.566967741935484,0.3883151197906985,11.946,13.368,233,216,6,0.927038626609442,0.0277777777777777,0.0,0.0,0.0,41,3,2,1,0,0
51.6840625,1.314932058529409,49.753,53.874,1.9717096774193548,0.0981526680053025,1.814,2.181,53.87009375,10.673398335262556,37.506,73.985,12.60934375,0.3478963146774181,11.975,13.176,271,253,11,0.933579335793358,0.0434782608695652,0.0,0.0,0.0,42,3,2,1,0,0
51.97159375,1.281147994759313,50.122,54.441,1.99021875,0.1102720197818747,1.784,2.178,58.53003225806452,9.672305810866646,37.436,73.23,12.590967741935485,0.3649271602088072,11.961,13.389,163,151,6,0.9263803680981596,0.0397350993377483,0.0,0.0,0.0,43,3,2,1,0,0
51.924625,1.2964491393678883,50.139,54.416,1.98634375,0.1225115160814715,1.772,2.169,55.46728125,11.296985479248294,37.477,72.627,12.61434375,0.3918053836656086,11.985,13.321,265,222,11,0.8377358490566038,0.0495495495495495,0.0,0.0,0.0,44,3,2,1,0,0
52.035375,1.475237274518587,49.886,54.365,1.982870967741936,0.113811757428801,1.788,2.154,55.89721875,10.092045362351785,37.538,71.446,12.6411875,0.3103199636483441,11.908,13.168,278,246,6,0.8848920863309353,0.024390243902439,0.0,0.0,0.0,45,3,2,1,0,0
51.648,1.383325236405891,49.692,54.243,1.97846875,0.1186542780586225,1.785,2.163,56.075,12.04392159904202,39.15,73.727,12.65525,0.3655749338481304,11.821,13.39,286,255,11,0.8916083916083916,0.0431372549019607,0.0,0.0,0.0,46,3,2,1,0,0
52.037838709677416,1.3752165913478058,49.317,54.487,1.99175,0.1144749585238285,1.774,2.184,56.45406451612903,10.410087069554171,39.379,73.656,12.56378125,0.3919329052500467,11.972,13.264,179,164,6,0.9162011173184358,0.0365853658536585,0.0,0.0,0.0,47,3,2,1,0,0
51.80928125,1.3019597197667685,49.72,54.531,1.958125,0.0936692017412271,1.793,2.119,54.04753125,10.839094025300945,37.332,71.978,12.528935483870969,0.343783549682439,12.082,13.377,215,192,7,0.8930232558139535,0.0364583333333333,0.0,0.0,0.0,48,3,2,1,0,0
52.08009677419355,1.4390044325815146,49.997,54.253,1.99021875,0.1134456625295748,1.791,2.159,55.614625,12.18030482628782,38.565,73.663,12.664548387096774,0.4079792346602683,12.04,13.401,252,216,8,0.8571428571428571,0.037037037037037,0.0,0.0,0.0,49,3,2,1,0,0
51.58593548387097,1.125000561051235,49.498,53.417,1.99715625,0.1206060260022877,1.794,2.192,54.0105,9.790274420267185,38.928,73.983,12.517451612903226,0.4367541519520012,11.83,13.345,255,220,4,0.8627450980392157,0.0181818181818181,0.0,0.0,0.0,50,3,2,1,0,0
51.85903125,1.3655771433631294,49.519,54.334,1.98809375,0.1112110343141623,1.773,2.153,52.946875,10.323106139673644,37.632,71.938,12.596625,0.3362823074777807,12.007,13.256,279,258,13,0.9247311827956988,0.0503875968992248,4.0,0.0,1.0,51,3,2,1,0,0
52.220125,1.2429285072736678,50.006,54.168,1.97753125,0.1183562104003105,1.803,2.209,53.74315625,11.568112387101229,38.367,72.467,12.6419375,0.3660686466118862,11.924,13.318,150,138,7,0.92,0.0507246376811594,0.0,0.0,0.0,52,3,2,1,0,0
52.13778125,1.4297622571235955,49.698,54.616,1.9872333333333327,0.1188942396833633,1.784,2.185,54.89148387096774,10.763062156811966,38.836,72.879,12.67667741935484,0.384752767986298,12.045,13.328,177,142,3,0.8022598870056498,0.0211267605633802,0.0,0.0,0.0,53,3,2,1,0,0
52.03853125,1.1424256871257918,50.168,54.726,1.964125,0.0975515579148426,1.828,2.169,58.65128125,9.41999822010248,38.237,72.512,12.632375,0.4152534204865825,11.889,13.262,162,143,5,0.8827160493827161,0.0349650349650349,0.0,0.0,0.0,54,3,2,1,0,0
52.18941935483871,1.3659151211841702,49.754,54.609,1.9449333333333327,0.1049554694845039,1.784,2.175,56.35241935483871,9.177311217614134,39.829,73.572,12.522548387096776,0.3431667076616141,11.998,13.198,281,237,11,0.8434163701067615,0.0464135021097046,2.0,0.0,1.0,55,3,2,1,0,0
40.0595,6.238268478744982,30.378,50.083,1.0784375,0.3454810519522953,0.51,1.758,53.4450625,8.462760180161995,39.676,69.222,8.31465625,1.9872792652327933,5.154,11.839,286,265,7,0.9265734265734266,0.0264150943396226,0.0,0.0,0.0,56,3,2,1,0,0
39.43728125,5.907483183514623,30.789,48.737,1.2096875,0.3793209074206845,0.556,1.8,53.83993548387097,9.731823658956849,39.376,70.134,8.62278125,1.9510952876711527,5.118,11.688,210,199,5,0.9476190476190476,0.0251256281407035,0.0,0.0,0.0,57,3,2,1,0,0
40.55465625,5.267168441786652,32.018,49.898,1.1615625,0.4009898991166092,0.524,1.808,55.92975,8.677707680064199,40.79,70.933,8.0291875,1.4722227530769314,5.12,11.13,169,155,2,0.9171597633136096,0.0129032258064516,0.0,0.0,0.0,1,4,2,2,0,0
39.680125,6.380453663464136,30.401,50.174,1.256709677419355,0.3595832025691585,0.561,1.819,52.4765625,8.796766770175902,39.7,70.87,8.084533333333333,2.115354926334542,5.085,11.908,206,205,4,0.9951456310679612,0.0195121951219512,0.0,0.0,0.0,2,4,2,2,0,0
39.0523125,5.805003900626624,30.887,49.681,1.1342333333333334,0.3966756412584671,0.578,1.802,54.410625,7.630546003167244,41.537,66.499,7.855612903225807,2.0611042619175346,5.314,12.06,232,217,5,0.9353448275862069,0.0230414746543778,0.0,0.0,0.0,3,4,2,2,0,0
38.41303125,6.132671114530106,30.349,50.03,1.2386129032258064,0.3677203355286328,0.561,1.786,55.16821875,9.138356839432262,40.869,69.038,7.62146875,1.85862512460976,5.266,12.147,258,253,3,0.9806201550387597,0.0118577075098814,0.0,0.0,0.0,4,4,2,2,0,0
39.06158064516129,6.12919187590117,30.189,49.571,1.23553125,0.3056631061737848,0.597,1.761,54.60477419354839,7.852111018529465,40.442,69.777,9.0430625,1.9634502702410568,5.637,11.914,299,270,7,0.903010033444816,0.0259259259259259,0.0,0.0,0.0,1,5,2,3,0,0
38.39434375,6.101288016367475,30.548,49.525,1.1616875,0.3642247124084694,0.563,1.744,54.14196875,8.438014968693476,41.465,69.76,8.5918125,2.059986226660814,5.325,12.212,292,266,2,0.910958904109589,0.0075187969924812,0.0,0.0,0.0,2,5,2,3,0,0
40.22975,6.479386091986822,30.678,49.377,1.13190625,0.4294482100567747,0.498,1.739,55.46803125,10.022843854639053,40.147,70.776,7.994193548387097,1.959021616681056,5.066,11.873,167,154,2,0.9221556886227544,0.0129870129870129,0.0,0.0,0.0,3,5,2,3,0,0
38.77646875,6.333586004501028,30.421,50.417,1.133935483870968,0.389614162600546,0.584,1.808,55.60625,9.94302593326988,39.99,70.219,8.6945,1.8139252572004383,5.29,11.857,234,231,4,0.9871794871794872,0.0173160173160173,0.0,0.0,0.0,4,5,2,3,0,0
40.66371875,6.174746808100978,30.982,49.651,1.25159375,0.3240121323271109,0.686,1.797,55.95571875,7.70559210943951,41.308,68.747,8.74509375,2.1571214295665326,5.19,11.933,288,272,6,0.9444444444444444,0.0220588235294117,0.0,0.0,0.0,5,5,2,3,0,0
40.26071875,6.248698513442234,31.1,49.122,1.10475,0.4076353525458277,0.521,1.774,53.803375,9.187296407224135,40.376,70.741,8.75884375,2.1793056175760173,5.184,11.879,274,252,3,0.9197080291970804,0.0119047619047619,0.0,0.0,0.0,6,5,2,3,0,0
39.47145161290322,5.12574430262708,30.375,47.492,1.2423870967741937,0.3724189108534774,0.527,1.781,54.95703125,7.960769145383423,41.188,69.824,8.4893125,2.052590832338486,5.161,11.728,207,196,3,0.9468599033816424,0.0153061224489795,0.0,0.0,0.0,7,5,2,3,0,0
40.13146875,5.689451682772673,30.969,50.192,1.11125,0.3290415210587337,0.602,1.816,54.89553125,8.630945625253858,39.724,68.651,8.39821875,1.949395269909819,5.002,11.479,255,230,2,0.9019607843137256,0.008695652173913,1.0,0.0,1.0,8,5,2,3,0,0
41.1224375,5.732960142541352,30.493,49.993,1.1500645161290324,0.4037473579260403,0.506,1.749,57.4367,7.509324760267892,41.574,70.513,7.99340625,2.1946480481944137,5.14,11.83,196,188,3,0.9591836734693876,0.0159574468085106,0.0,0.0,0.0,9,5,2,3,0,0
39.566375,6.5003350769712815,30.081,50.021,1.2385806451612904,0.3727328600301247,0.552,1.791,56.289125,7.737467414074905,41.81,68.305,8.137354838709678,1.9390139340807069,5.227,11.774,288,283,7,0.9826388888888888,0.0247349823321554,0.0,0.0,0.0,10,5,2,3,0,0
41.3120625,4.990776841318266,30.451,49.666,1.0508125,0.3359264932555451,0.521,1.665,54.03215625,8.852234895901583,41.119,68.316,8.616774193548387,1.9791705284399224,5.023,12.023,151,144,1,0.9536423841059604,0.0069444444444444,0.0,0.0,0.0,11,5,2,3,0,0
39.01521875,5.314412902569006,29.812,49.624,1.12884375,0.3844046179252508,0.549,1.756,53.70703125,9.846804346472087,39.609,69.416,7.727612903225807,1.9600271371832128,5.128,11.441,238,232,4,0.9747899159663864,0.0172413793103448,0.0,0.0,0.0,12,5,2,3,0,0
40.10596875,6.138149035306742,30.817,49.703,1.140258064516129,0.4543514034857407,0.582,1.841,56.0641875,9.297616879670242,42.36,69.347,8.551354838709678,2.136912984476861,5.004,11.76,159,154,4,0.9685534591194968,0.0259740259740259,0.0,0.0,0.0,13,5,2,3,0,0
40.23651612903225,5.720704606199996,31.445,49.936,1.21565625,0.3592861748572416,0.56,1.784,54.81490625,8.817624240632618,41.05,70.373,9.073,1.806519751595101,5.407,11.79,220,215,3,0.9772727272727272,0.013953488372093,0.0,0.0,0.0,14,5,2,3,0,0
40.9748125,6.292564549440155,30.866,50.383,1.08325,0.3322502943031294,0.52,1.698,57.52240625,6.816984319824557,44.976,68.948,8.354064516129032,1.7399051302773931,5.074,11.216,179,175,5,0.9776536312849162,0.0285714285714285,2.0,0.0,1.0,15,5,2,3,0,0
38.45078125,5.619102389197249,31.053,48.043,1.1521612903225806,0.336339917025836,0.559,1.599,57.18046875,8.912801814947999,40.042,70.352,9.088935483870968,1.735985636182586,5.711,11.775,223,202,4,0.905829596412556,0.0198019801980198,0.0,0.0,0.0,16,5,2,3,0,0
39.27284375,5.981181818214552,30.637,49.106,1.1731379310344827,0.3398823035928268,0.547,1.741,59.012,9.179680973443118,41.46,70.18,8.5530625,1.7637170231936945,6.0,11.962,276,265,6,0.960144927536232,0.0226415094339622,0.0,0.0,0.0,17,5,2,3,0,0
39.12025,5.301474012921068,30.143,48.635,1.13646875,0.3708207970274382,0.499,1.769,53.925625,10.157271870676627,39.583,69.743,8.13971875,1.9040517788157152,5.276,11.556,282,266,6,0.9432624113475178,0.0225563909774436,2.0,0.0,1.0,18,5,2,3,0,0
40.84970967741935,6.1653956250108735,30.097,49.602,0.97159375,0.3603738971764312,0.519,1.735,55.42759375,8.992347792964699,40.641,69.829,8.54534375,2.037682041887459,5.122,11.728,175,170,4,0.9714285714285714,0.0235294117647058,2.0,0.0,1.0,19,5,2,3,0,0
37.37965625,5.345853868906409,30.714,49.636,1.25296875,0.3443487995712037,0.516,1.787,58.6503125,9.297241874870132,40.604,70.305,8.241935483870968,2.157361072166392,5.23,11.883,265,258,3,0.9735849056603774,0.0116279069767441,0.0,0.0,0.0,20,5,2,3,0,0
40.06334375,6.150338200034074,30.379,49.399,1.2277096774193548,0.3426487213409079,0.571,1.785,55.198375,9.33243264884142,39.493,70.634,8.235875,1.7265746389516343,5.548,11.672,192,185,5,0.9635416666666666,0.027027027027027,0.0,0.0,0.0,21,5,2,3,0,0
37.37393548387097,5.320582599274156,30.755,47.157,1.14375,0.4120657636207928,0.497,1.804,57.72474193548387,8.524686156364712,41.607,69.349,8.82725,2.0548187110993203,5.205,11.829,170,156,2,0.9176470588235294,0.0128205128205128,0.0,0.0,0.0,22,5,2,3,0,0
39.38551612903226,6.270590715772413,30.476,49.785,1.15478125,0.3665890495500377,0.529,1.759,57.04178125,8.185660423173445,44.334,69.302,8.76196875,1.950192587419046,5.501,12.017,271,256,7,0.9446494464944648,0.02734375,0.0,0.0,0.0,23,5,2,3,0,0
38.31659375,5.460239010834925,30.03,49.786,1.11725,0.3502448912846092,0.568,1.723,53.1139375,8.251134361651872,40.91,67.217,8.45253125,2.0306533190620555,5.399,12.041,184,171,3,0.9293478260869564,0.0175438596491228,0.0,0.0,0.0,24,5,2,3,0,0
40.93853125,5.2832983037808745,31.835,49.442,1.1733225806451613,0.3562703455801295,0.527,1.776,56.50403125,8.447337650768358,42.793,70.725,7.82671875,1.7955813369774185,5.151,11.403,218,205,5,0.9403669724770642,0.024390243902439,0.0,0.0,0.0,25,5,2,3,0,0
39.528,5.406910822749096,30.174,50.426,1.133,0.3843743135320385,0.597,1.794,54.03103125,8.683889077776211,41.149,69.274,8.86325,2.0682545235520577,5.112,12.018,277,276,5,0.9963898916967509,0.0181159420289855,0.0,0.0,0.0,26,5,2,3,0,0
41.49409375,6.798923336772854,30.253,50.342,1.11859375,0.387150871597924,0.503,1.81,55.764875,9.16681828134636,40.523,68.071,8.75796875,2.224028087609464,5.475,12.006,203,192,4,0.9458128078817734,0.0208333333333333,0.0,0.0,0.0,27,5,2,3,0,0
39.4279375,5.00229825204569,30.386,48.602,1.1546774193548388,0.3947510934835413,0.516,1.83,56.0540625,8.85718141993519,41.468,69.481,8.27775,2.009460206767142,5.025,11.837,271,262,3,0.966789667896679,0.0114503816793893,0.0,0.0,0.0,28,5,2,3,0,0
39.69353125,5.192434639248037,30.406,49.369,1.1815625,0.391229982482872,0.535,1.805,55.27753125,9.509204203277848,40.169,68.892,8.15128125,1.870968443974076,5.094,11.511,160,151,2,0.94375,0.0132450331125827,0.0,0.0,0.0,29,5,2,3,0,1
40.09403125,5.162456301365472,30.549,49.156,1.14009375,0.3515728125727622,0.542,1.797,55.90016129032258,8.553520394538436,40.113,70.136,8.051133333333333,2.336781528650824,5.038,12.009,211,196,2,0.9289099526066352,0.010204081632653,0.0,0.0,0.0,30,5,2,3,0,1
40.50890625,6.451229011988412,29.985,50.198,1.192375,0.4051357996141939,0.513,1.777,51.41575,8.48429570517808,40.432,71.106,8.71278125,2.1846050463800903,5.336,11.864,215,194,2,0.9023255813953488,0.0103092783505154,0.0,0.0,0.0,31,5,2,3,0,1
41.2665,5.674190941333371,30.459,49.009,1.18609375,0.377027282265595,0.559,1.744,55.55170967741936,6.849850709777298,43.222,66.617,8.43228125,1.928996901858329,5.343,11.639,209,199,2,0.9521531100478468,0.0100502512562814,0.0,0.0,0.0,32,5,2,3,0,1
38.88040625,5.90395957270108,29.726,49.214,1.05546875,0.4188702920625675,0.492,1.793,52.805375,7.862370978478808,40.003,68.01,8.04828125,1.978848218834756,4.985,11.534,233,229,4,0.9828326180257512,0.0174672489082969,0.0,0.0,0.0,33,5,2,3,0,1
38.592,5.813892571995949,30.159,49.625,1.0920999999999998,0.3739688674115848,0.528,1.769,55.56215625,8.155400392098693,41.361,71.35,8.4281875,2.123271083197324,5.12,11.907,220,218,4,0.990909090909091,0.018348623853211,0.0,0.0,0.0,34,5,2,3,0,1
42.10340625,5.4120111929132,29.779,49.874,1.15603125,0.3951747252900475,0.598,1.771,53.97684375,8.109449387097447,41.453,66.3,8.500774193548388,2.1733501744185544,5.013,11.986,297,278,7,0.936026936026936,0.0251798561151079,0.0,0.0,0.0,35,5,2,3,0,1
37.69575,5.4022738163755415,29.981,49.738,1.124125,0.3771806917029932,0.577,1.79,53.52103125,8.466391627638089,43.125,68.493,7.744,2.04351556660764,5.058,11.899,297,282,4,0.9494949494949496,0.0141843971631205,0.0,0.0,0.0,36,5,2,3,0,1
38.9553125,6.393852861563409,30.108,50.414,1.12825,0.4006959268653122,0.553,1.797,51.88393103448276,8.978173612915116,40.39,69.874,8.61853125,2.1588021168317155,5.286,11.673,260,242,6,0.9307692307692308,0.024793388429752,0.0,0.0,0.0,37,5,2,3,0,1
39.48009375,5.733621207598016,31.052,49.216,1.1543125,0.4580389783033332,0.512,1.813,54.88325806451613,8.869689923057221,41.731,68.61,8.10678125,2.142725709635713,5.169,11.384,187,184,4,0.983957219251337,0.0217391304347826,0.0,0.0,0.0,38,5,2,3,0,1
39.8619375,5.977400340840273,30.228,49.839,1.1169375,0.4570279823084175,0.511,1.786,53.68071875,7.604347518124832,42.246,68.006,8.167375,1.942667051811388,5.164,11.965,219,198,4,0.9041095890410958,0.0202020202020202,0.0,0.0,0.0,39,5,2,3,0,1
38.97078125,5.717673425635441,29.794,49.133,1.15196875,0.4140171014369551,0.496,1.715,55.10735483870968,8.680056184719803,40.549,70.346,8.273451612903225,1.827277115249348,5.429,11.5,154,143,2,0.9285714285714286,0.0139860139860139,0.0,0.0,0.0,40,5,2,3,0,1
39.4199375,5.586075475839384,30.002,48.935,1.17459375,0.3966691039445769,0.579,1.756,55.35090625,8.390211406307968,43.225,70.543,8.689375,2.0998202035166664,5.225,12.131,259,258,7,0.996138996138996,0.0271317829457364,0.0,0.0,0.0,41,5,2,3,0,1
40.56575,6.7124939214245325,30.881,49.945,1.06571875,0.3467346512057516,0.496,1.786,55.2805625,8.288688210690053,39.684,68.44,8.365124999999999,2.088859864198186,5.096,11.882,187,181,4,0.9679144385026738,0.0220994475138121,0.0,0.0,0.0,42,5,2,3,0,1
40.749375,6.9840732118894815,29.804,50.113,1.1338125,0.3350704728474198,0.529,1.743,54.6691,8.412120108141176,40.095,69.71,8.774,2.100841785308106,5.149,12.056,249,236,3,0.9477911646586346,0.0127118644067796,0.0,0.0,0.0,43,5,2,3,0,0
38.49675,6.057389014866005,29.694,50.202,1.12396875,0.3588836170750048,0.511,1.787,55.77190625,9.359413285855238,39.599,69.903,8.613266666666668,1.8874885509282056,5.084,11.778,296,283,5,0.956081081081081,0.0176678445229682,0.0,0.0,0.0,44,5,2,3,0,0
39.80075,5.722903312356467,30.629,48.407,1.21965625,0.3428627685010338,0.518,1.768,56.4449375,8.222047813898449,41.114,70.194,8.208709677419355,1.931059298132304,4.977,11.933,268,263,5,0.9813432835820896,0.0190114068441064,0.0,0.0,0.0,45,5,2,3,0,0
41.7693125,5.559723620640079,30.678,50.435,1.2053125,0.3770567200850428,0.562,1.725,55.93812903225807,8.577288917997091,40.632,70.513,8.4501875,2.071375722331541,4.961,12.032,280,269,3,0.9607142857142856,0.0111524163568773,0.0,0.0,0.0,46,5,2,3,0,0
39.85246875,6.69145205797316,29.946,49.783,1.08428125,0.3661088534033595,0.507,1.677,53.80878125,8.578167022548223,40.572,66.312,8.37621875,1.974926094727875,5.236,11.875,277,264,2,0.9530685920577616,0.0075757575757575,0.0,0.0,0.0,47,5,2,3,0,0
39.44165625,5.576603079858048,29.951,49.43,1.19765625,0.3303266818376484,0.526,1.82,55.62496875,8.49678010924129,40.925,68.512,9.4509375,1.880893163564038,5.873,11.812,256,255,3,0.99609375,0.0117647058823529,0.0,0.0,0.0,48,5,2,3,0,0
39.74409375,6.671522544025732,31.158,49.46,1.15203125,0.3861755813578802,0.524,1.768,58.0083125,8.402115906463393,40.342,70.047,8.97675,2.192482684670656,5.069,11.946,203,196,4,0.9655172413793104,0.0204081632653061,1.0,0.0,1.0,49,5,2,3,0,0
39.9668125,5.244132748728842,31.402,50.242,1.13853125,0.3932019906403685,0.516,1.747,54.98125,8.523734862136433,40.574,70.196,9.161625,1.9850100633530563,5.214,12.055,209,202,5,0.9665071770334928,0.0247524752475247,0.0,0.0,0.0,50,5,2,3,0,0
37.986266666666666,5.717926359920285,30.55,49.3,1.1044375,0.3908607488607675,0.524,1.806,52.2370625,8.287305807339006,40.842,69.66,8.0684375,1.7969834030414562,5.426,11.695,251,244,5,0.9721115537848606,0.0204918032786885,0.0,0.0,0.0,1,6,2,4,0,0
41.71222580645161,5.434182255008124,30.671,49.165,1.091375,0.3603912524447696,0.552,1.796,55.49415625,8.70457754291412,40.184,70.092,8.79065625,2.0087492274222174,5.048,12.001,240,217,2,0.9041666666666668,0.0092165898617511,0.0,0.0,0.0,2,6,2,4,0,0
40.049533333333336,5.187133749319882,30.426,50.508,1.08109375,0.3953885275290785,0.51,1.822,53.70164516129032,9.967771484634492,40.221,69.734,8.342125,1.932905981225694,5.046,11.76,159,155,4,0.9748427672955976,0.0258064516129032,0.0,0.0,0.0,3,6,2,4,0,0
40.77015625,6.341756926142964,30.374,50.412,1.1268125,0.3773215824901926,0.514,1.75,56.523,8.70264808790609,42.031,70.439,8.02834375,1.880979148061868,5.11,11.894,172,160,4,0.9302325581395348,0.025,0.0,0.0,0.0,4,6,2,4,0,0
40.631366666666665,6.011055065365029,30.051,50.217,1.14653125,0.3925426612833557,0.505,1.762,56.7938064516129,8.892343704630987,42.391,69.262,8.328625,2.073693552966036,5.088,11.619,222,212,2,0.954954954954955,0.0094339622641509,0.0,0.0,0.0,5,6,2,4,0,0
39.68325,5.263727999394809,30.074,49.849,1.1335625,0.3690105285236321,0.586,1.828,55.861322580645165,9.404181589013463,40.183,69.518,8.50675,2.279344019951864,5.047,12.023,269,244,3,0.9070631970260224,0.0122950819672131,0.0,0.0,0.0,6,6,2,4,0,0
38.648,5.869895904995578,30.607,49.642,1.1276129032258069,0.3561160557476878,0.511,1.823,52.11141935483871,9.354190122699714,40.179,69.246,8.393875,1.8415150450893203,5.782,11.768,177,165,3,0.9322033898305084,0.0181818181818181,0.0,0.0,0.0,7,6,2,4,0,0
39.4933125,5.848257763380089,30.158,49.137,1.1665625,0.4182188759797989,0.513,1.817,56.0873125,7.363413139331778,41.192,68.594,8.74615625,2.073369209288156,5.065,11.869,233,222,5,0.9527896995708156,0.0225225225225225,2.0,1.0,0.0,8,6,2,4,0,0
40.866741935483866,5.573485498128568,30.656,49.857,1.0813125,0.4163142762540137,0.503,1.814,55.75609375,8.699331599683394,42.174,68.299,8.566096774193548,1.8755454558579083,5.437,12.089,227,225,6,0.9911894273127754,0.0266666666666666,0.0,0.0,0.0,9,6,2,4,0,0
37.8378125,5.971704049434488,30.205,49.532,1.2441875,0.3404403635426214,0.551,1.799,52.519125,8.216808452505225,41.758,68.375,8.74025,2.00826550101839,5.248,12.076,194,183,2,0.9432989690721648,0.0109289617486338,0.0,0.0,0.0,1,7,2,5,0,0
41.3749375,5.613916796891397,32.062,49.849,1.114,0.3847498067486239,0.521,1.768,54.02183333333333,9.316519910735254,39.917,71.08,8.5553125,2.0579568545823745,5.046,11.98,258,246,4,0.9534883720930232,0.016260162601626,0.0,0.0,0.0,2,7,2,5,0,0
40.26865625,5.182045359105867,30.03,50.047,1.22190625,0.3211313025976516,0.553,1.783,52.0709375,7.801275271834437,40.237,66.611,8.602032258064517,2.033751123480468,5.144,11.919,172,159,3,0.9244186046511628,0.0188679245283018,0.0,0.0,0.0,3,7,2,5,0,0
40.1489375,6.881000513041973,29.729,50.413,1.042516129032258,0.2977037533038218,0.634,1.66,56.8373125,9.564556163715643,39.385,71.011,9.206225806451616,1.6758433242137605,5.854,12.029,193,184,4,0.9533678756476685,0.0217391304347826,0.0,0.0,0.0,4,7,2,5,0,0
39.45846875,5.176766770151069,31.455,48.809,1.26375,0.398882309427472,0.621,2.089,56.5193125,9.246142513668309,40.025,69.917,9.102625,1.935613193663412,5.128,11.539,196,192,5,0.979591836734694,0.0260416666666666,0.0,0.0,0.0,5,7,2,5,0,0
39.89546875,5.691819182993707,30.387,49.501,1.14,0.3823366453072835,0.539,1.801,54.65046875,10.44776742313994,40.419,69.813,8.42415625,2.030135894217905,5.118,11.796,271,251,5,0.92619926199262,0.0199203187250996,0.0,0.0,0.0,6,7,2,5,0,0
42.20093333333333,5.187917095377078,32.046,49.406,1.20984375,0.3431893213406531,0.639,1.81,52.22416129032258,8.26373002986252,39.922,68.234,7.69365625,2.017507798431984,5.024,11.998,300,293,5,0.9766666666666668,0.0170648464163822,0.0,0.0,0.0,7,7,2,5,0,0
41.05134375,6.638125418487705,30.348,50.521,1.04528125,0.3701714715463283,0.513,1.76,54.43409375,9.001947209996988,41.329,71.032,7.583733333333333,1.972088511920947,5.388,12.121,246,237,6,0.9634146341463414,0.0253164556962025,0.0,0.0,0.0,8,7,2,5,0,0
40.5695,5.946029154795444,30.506,49.72,0.98853125,0.337053646000541,0.508,1.625,54.85154838709677,8.4762960025344,41.171,67.678,8.668125,2.0760559186638865,5.157,11.615,201,193,2,0.9601990049751244,0.0103626943005181,0.0,0.0,0.0,9,7,2,5,0,0
39.23215625,6.211802097409336,29.88,49.864,1.0023548387096777,0.4048012309259197,0.497,1.785,57.475875,10.121228762422591,39.303,69.978,9.149,1.713746810072088,5.456,11.744,275,260,4,0.9454545454545454,0.0153846153846153,0.0,0.0,0.0,10,7,2,5,0,0
39.02559375,5.646783531267331,30.31,49.124,1.27953125,0.3355593293414214,0.527,1.812,57.501612903225805,9.158320365210423,40.572,71.064,8.71503125,2.02028452937627,5.401,12.077,226,219,6,0.9690265486725664,0.0273972602739726,0.0,0.0,0.0,11,7,2,5,0,0
41.209870967741935,6.332609197594807,29.775,50.637,1.11309375,0.3689416738040781,0.542,1.719,53.9786875,9.137399522195896,40.087,68.726,8.07596875,2.111065110842804,5.031,11.883,283,267,6,0.9434628975265018,0.0224719101123595,0.0,0.0,0.0,12,7,2,5,0,0
38.12509375,5.523723932973264,30.237,48.834,1.226451612903226,0.3318335766323914,0.527,1.753,53.27740625,8.761388912058795,40.378,69.658,8.12659375,2.112320018817026,5.083,11.317,206,186,2,0.9029126213592232,0.010752688172043,1.0,0.0,1.0,13,7,2,5,0,0
39.4205625,5.574986161924096,31.253,48.926,1.10059375,0.3779561213118485,0.556,1.746,56.80619354838709,8.168229483469698,41.18,70.251,7.88665625,1.9989468293106976,5.121,11.868,246,240,2,0.975609756097561,0.0083333333333333,0.0,0.0,0.0,14,7,2,5,0,0
39.2438125,5.302984208169659,30.22,48.293,1.17134375,0.3554709379142167,0.598,1.717,55.23053125,9.555072427552089,39.784,69.769,8.748733333333332,1.838944129832029,5.185,11.779,227,212,2,0.933920704845815,0.0094339622641509,0.0,0.0,0.0,15,7,2,5,0,0
40.56390625,5.682179604293019,30.783,49.536,1.0863225806451613,0.3890543567075407,0.513,1.754,57.286,8.294924515007802,42.56,69.658,9.41478125,1.839931901516396,5.4,12.148,266,240,5,0.9022556390977444,0.0208333333333333,0.0,0.0,0.0,16,7,2,5,0,0
40.54340625,6.2029954827219855,29.609,50.323,1.2085625,0.3868713162313544,0.555,1.812,54.745625,9.112496381697586,40.708,69.763,8.567612903225806,2.1839943021509822,5.052,11.884,261,238,6,0.9118773946360154,0.0252100840336134,0.0,0.0,0.0,17,7,2,5,0,0
39.99296875,6.306526396721123,31.248,50.423,1.0308125,0.3185782364536778,0.537,1.697,56.040375,9.439994664945184,40.508,68.489,9.18167741935484,1.57012609657307,6.297,12.122,208,188,5,0.903846153846154,0.026595744680851,0.0,0.0,0.0,18,7,2,5,0,0
39.64215625,5.6903242841396455,30.037,49.275,0.9955333333333332,0.4060653704238656,0.491,1.755,53.53021875,8.386409580999622,40.139,68.546,8.901741935483871,2.185421514914105,5.137,11.914,175,165,2,0.9428571428571428,0.0121212121212121,0.0,0.0,0.0,19,7,2,5,0,0
40.85187096774193,5.605287395200684,30.393,49.411,1.204516129032258,0.4206146194136815,0.531,1.818,51.0815,7.963285871483439,40.519,62.908,8.170645161290324,1.923045302783879,5.647,11.558,235,223,3,0.948936170212766,0.0134529147982062,0.0,0.0,0.0,20,7,2,5,0,0
39.7265625,6.416149397632659,30.074,49.284,1.19134375,0.3610230632767689,0.51,1.708,54.0108125,7.835574744497873,40.813,69.536,8.744967741935485,1.916702715322522,5.465,11.785,185,184,2,0.9945945945945946,0.0108695652173913,0.0,0.0,0.0,21,7,2,5,0,0
39.94440625,5.721662942679958,30.562,49.749,1.1196875,0.391570818173624,0.524,1.731,53.2941935483871,8.176622947645132,40.747,68.711,8.85578125,2.1392873358769617,5.13,11.776,166,152,4,0.9156626506024096,0.0263157894736842,0.0,0.0,0.0,22,7,2,5,0,0
38.33215625,5.762575858345422,30.14,48.825,1.017741935483871,0.3568358135746219,0.537,1.684,57.04138709677419,8.644067733335657,40.604,68.924,8.6711875,1.7215993209147689,5.297,11.761,209,205,4,0.9808612440191388,0.0195121951219512,0.0,0.0,0.0,23,7,2,5,0,0
38.705875,5.978533538769649,29.913,49.522,1.1511612903225807,0.4011916496949385,0.546,1.818,54.86265625,8.089824028587277,41.161,67.981,8.5865625,1.9556879152293685,5.748,11.518,287,266,7,0.926829268292683,0.0263157894736842,0.0,0.0,0.0,24,7,2,5,0,0
39.37496875,6.079903752869221,29.762,49.616,1.1531290322580643,0.348613801786015,0.543,1.806,52.349625,8.518093879425706,40.04,67.166,7.8099375,1.8902941218063083,5.065,11.533,189,170,4,0.8994708994708994,0.0235294117647058,0.0,0.0,0.0,25,7,2,5,0,0
39.8520625,6.905576432632939,30.253,49.339,1.0828125,0.3609765819855015,0.504,1.77,54.88840625,8.597111037114491,40.982,68.969,8.66921875,1.8997866388585545,5.34,11.938,199,190,2,0.9547738693467336,0.0105263157894736,0.0,0.0,0.0,26,7,2,5,0,0
40.14403125,5.837268182780505,29.979,49.525,1.2129354838709676,0.4134139116739922,0.501,1.801,59.16771875,8.330779273600013,44.825,69.824,8.689774193548386,1.8527128165598568,5.496,11.69,263,256,4,0.973384030418251,0.015625,0.0,0.0,0.0,27,7,2,5,0,0
40.677193548387095,6.47279908241329,30.062,49.927,1.28996875,0.3748612202879972,0.533,1.827,57.29461290322581,7.325735688549966,40.976,69.276,8.472451612903226,1.90997683823146,5.047,11.938,224,214,2,0.9553571428571428,0.0093457943925233,0.0,0.0,0.0,28,7,2,5,0,1
39.69209677419354,5.690980520993072,30.353,49.791,1.19628125,0.3306289445767498,0.514,1.722,55.315125,8.168808748585546,40.823,68.93,8.43834375,2.202382736205011,5.166,12.849,216,207,4,0.9583333333333334,0.0193236714975845,0.0,0.0,0.0,29,7,2,5,0,1
40.66871875,5.084607113533151,31.584,49.073,1.064741935483871,0.4278268316146877,0.527,1.808,54.06353125,9.525176018979405,41.214,70.205,8.243612903225806,2.076290565366022,5.196,11.976,192,183,5,0.953125,0.0273224043715847,0.0,0.0,0.0,30,7,2,5,0,1
38.7691875,6.226227120597035,29.805,48.54,1.15440625,0.4456853989064339,0.527,1.792,55.610375,8.71929790289074,40.181,68.504,8.447774193548387,2.159778085972066,5.112,12.065,179,175,4,0.9776536312849162,0.0228571428571428,0.0,0.0,0.0,31,7,2,5,0,1
40.41615625,6.413257861192954,30.685,50.318,1.20246875,0.3783837431186118,0.601,1.79,52.307,9.41289535336144,39.453,70.257,8.93316129032258,2.0482630217947144,5.071,11.917,260,235,2,0.903846153846154,0.0085106382978723,0.0,0.0,0.0,32,7,2,5,0,1
39.485451612903226,6.168952935675602,29.942,48.963,1.19934375,0.4069535607472168,0.556,1.815,53.64503225806451,9.385856940041474,39.553,68.783,8.49283870967742,2.2295861663363183,5.255,11.712,298,290,5,0.9731543624161074,0.0172413793103448,0.0,0.0,0.0,33,7,2,5,0,1
40.07503225806452,5.366515327993707,31.328,48.241,1.19775,0.4198463620682397,0.529,1.798,54.70003225806452,8.8849113013163,40.976,68.998,8.83709375,1.954003324185356,5.339,12.124,184,174,2,0.9456521739130436,0.0114942528735632,1.0,0.0,1.0,34,7,2,5,0,1
39.83190625,5.8426872924519095,30.393,48.906,1.16890625,0.3643638167099189,0.508,1.764,54.80375,9.050184927713158,40.154,69.389,8.2873125,1.907644357831864,5.27,11.188,283,273,3,0.9646643109540636,0.0109890109890109,0.0,0.0,0.0,35,7,2,5,0,0
39.95003125,6.378286965314053,30.042,49.925,1.0851,0.3839791077290713,0.499,1.783,55.04516129032258,8.420989637395257,39.512,70.909,8.67640625,2.272618269173033,5.379,12.188,253,252,5,0.9960474308300395,0.0198412698412698,0.0,0.0,0.0,36,7,2,5,0,0
38.5918,5.637093188319057,31.275,48.959,1.18734375,0.3719482802561183,0.54,1.726,54.45115625,8.816658130363315,39.975,69.325,8.14621875,2.159684859543244,5.026,11.796,277,262,3,0.9458483754512635,0.0114503816793893,0.0,0.0,0.0,37,7,2,5,0,0
39.00690322580645,5.52735817158516,30.01,49.555,1.2263125,0.4266580891064881,0.546,1.818,57.43425,8.459595269812395,40.398,68.527,8.5054375,2.3316022033523254,5.159,12.055,275,265,6,0.9636363636363636,0.0226415094339622,0.0,0.0,0.0,38,7,2,5,0,0
39.96128125,4.90823094886325,30.001,49.575,1.11715625,0.3876811218227448,0.505,1.787,53.77871875,8.131824055323248,41.113,69.97,8.83065625,2.089984590302429,5.063,11.717,241,226,2,0.9377593360995852,0.0088495575221238,0.0,0.0,0.0,39,7,2,5,0,0
39.85115625,6.230678201108299,30.196,50.36,1.24621875,0.3999702194055081,0.529,1.825,53.2369375,8.50698538749565,39.681,70.413,8.302935483870968,1.6142102080271097,5.687,12.036,275,250,5,0.9090909090909092,0.02,0.0,0.0,0.0,40,7,2,5,0,0
39.27371875,5.896068149879561,29.796,49.876,1.092625,0.4222750021246282,0.508,1.754,53.94871875,7.814062209163,40.449,69.73,8.71278125,1.955928073325856,5.062,11.648,295,289,5,0.9796610169491524,0.0173010380622837,0.0,0.0,0.0,1,8,2,6,0,0
40.1129375,5.592351827604347,30.633,48.922,1.2701875,0.3887006840413244,0.499,1.767,54.3633,8.883102510792126,40.8,69.085,8.13516129032258,1.9324962802340089,5.463,11.957,261,259,6,0.992337164750958,0.0231660231660231,0.0,0.0,0.0,2,8,2,6,0,0
40.31840625,5.782789174445901,30.396,49.494,1.2039375,0.4015203315062678,0.507,1.778,56.9373870967742,7.462172568706872,42.388,68.828,7.679161290322581,1.817872879618268,5.134,11.559,229,216,4,0.9432314410480348,0.0185185185185185,0.0,0.0,0.0,3,8,2,6,0,0
41.96396875,5.505267908188249,31.211,49.432,1.12325,0.3539524298272935,0.556,1.811,53.44196875,9.164361109612551,40.765,69.816,8.414354838709679,2.281528209313326,4.966,11.799,251,249,6,0.9920318725099602,0.0240963855421686,0.0,0.0,0.0,4,8,2,6,0,0
39.71454838709678,4.671679917964626,30.513,49.034,1.0728125,0.3480327605547427,0.511,1.737,54.88384375,9.25533385574232,40.383,70.0,8.5456875,2.150803637315672,5.871,12.16,220,207,3,0.9409090909090908,0.0144927536231884,0.0,0.0,0.0,5,8,2,6,0,0
37.69890625,6.309202947253884,30.491,50.08,1.28959375,0.3707255187901934,0.521,1.822,52.3133125,8.314204993466728,40.491,69.847,8.2305,1.7722745181663977,5.8,11.327,242,239,5,0.987603305785124,0.0209205020920502,0.0,0.0,0.0,6,8,2,6,0,0
38.32967741935484,6.324017960058287,29.967,49.957,1.10115625,0.3660883120474374,0.614,1.728,54.72954838709678,7.651794163631208,41.255,68.819,8.44875,2.1360965152774924,5.09,12.037,235,228,6,0.9702127659574468,0.0263157894736842,0.0,0.0,0.0,7,8,2,6,0,0
39.6220625,6.375289893155776,29.764,50.588,1.0799375,0.4103814069783723,0.51,1.721,54.06890625,9.16054896354515,39.937,71.271,8.11546875,2.251580591558352,4.929,11.743,183,180,4,0.9836065573770492,0.0222222222222222,0.0,0.0,0.0,8,8,2,6,0,0
41.94,5.427424779942646,33.235,49.725,1.1303870967741936,0.3578406235015206,0.539,1.707,54.65993548387097,8.162642872401412,41.008,69.734,9.23067741935484,1.9921638384279,5.158,12.145,193,174,3,0.9015544041450776,0.0172413793103448,0.0,0.0,0.0,9,8,2,6,0,0
40.88228125,6.018192801478376,29.725,49.114,1.10934375,0.3806475475338681,0.555,1.752,54.13453125,8.692478086789436,39.449,70.301,8.934451612903226,2.015327993796703,5.077,11.845,198,186,3,0.9393939393939394,0.0161290322580645,0.0,0.0,0.0,10,8,2,6,0,0
40.02241935483871,5.867973811428686,31.175,49.388,1.2015,0.362901035118836,0.504,1.749,55.18603125,7.775119849649347,40.347,67.848,8.4508,1.9645994485144929,5.217,11.444,270,267,7,0.9888888888888888,0.0262172284644194,0.0,0.0,0.0,11,8,2,6,0,0
39.456875,5.677894099331706,30.951,49.648,1.2060625,0.378601240348666,0.625,1.818,54.64196875,8.498869509203903,39.815,69.194,7.98065625,1.946393482238782,5.02,11.755,221,215,6,0.9728506787330315,0.027906976744186,1.0,0.0,1.0,12,8,2,6,0,0
40.52706451612903,5.347657692457412,30.894,49.116,1.0446875,0.3826455816144128,0.506,1.749,55.341625,8.05286448634794,40.533,67.921,8.35540625,2.161012126361687,4.94,11.98,293,277,5,0.9453924914675768,0.0180505415162454,0.0,0.0,0.0,13,8,2,6,0,0
40.2469375,5.996157774815792,30.313,49.204,1.097625,0.4143220463172533,0.525,1.804,54.46777419354839,8.899056338397823,40.787,69.373,8.520733333333332,1.768690533219096,5.019,11.556,181,170,3,0.9392265193370166,0.0176470588235294,0.0,0.0,0.0,14,8,2,6,0,0
41.3305625,5.867984992050973,29.709,49.618,1.19203125,0.3883604481684674,0.506,1.805,56.66877419354839,9.505656371198771,41.144,69.861,8.8906875,1.8696471883408827,5.058,11.822,168,160,3,0.9523809523809524,0.01875,0.0,0.0,0.0,15,8,2,6,0,0
41.44225806451613,6.043319622899003,29.991,50.859,1.2158387096774197,0.3619203500563988,0.556,1.811,56.17816129032258,9.497705618013834,40.828,70.342,8.90753125,2.096877263231315,5.003,12.115,271,251,5,0.92619926199262,0.0199203187250996,0.0,0.0,0.0,16,8,2,6,0,0
39.62159375,6.881163413726728,31.018,49.724,1.1969375,0.4139207449071816,0.525,1.814,55.48683870967742,8.149027913793457,43.753,70.239,9.4485,2.3294684289104075,5.303,14.849,226,222,4,0.9823008849557522,0.018018018018018,0.0,0.0,0.0,17,8,2,6,0,0
41.4597,5.242954320833324,30.721,48.716,1.1603870967741936,0.3026508084045985,0.525,1.604,54.74946875,8.89472781858635,40.673,68.97,8.9958125,1.7529675932727666,5.079,11.438,265,255,3,0.9622641509433962,0.0117647058823529,0.0,0.0,0.0,18,8,2,6,0,0
40.535,6.0619346587085206,30.386,49.223,1.17684375,0.3933756400099347,0.507,1.833,55.65893548387096,7.916149408795008,41.147,70.26,7.82509375,2.1131129209613646,5.19,12.088,184,165,2,0.8967391304347826,0.0121212121212121,0.0,0.0,0.0,19,8,2,6,0,0
40.1694375,5.957081656896732,30.374,49.622,1.1260645161290324,0.3582594902659124,0.547,1.824,54.79325806451613,9.163419790914094,40.367,70.272,9.3575625,1.927462512710228,5.175,12.021,201,186,4,0.9253731343283582,0.021505376344086,0.0,0.0,0.0,20,8,2,6,0,0
40.46853125,5.993245455991782,29.883,49.172,1.074625,0.3656993079990277,0.5,1.804,55.66825806451613,8.355929503323742,40.127,69.293,8.372096774193547,2.232156331963015,5.005,12.041,238,224,4,0.9411764705882352,0.0178571428571428,0.0,0.0,0.0,21,8,2,6,0,0
39.45753333333333,5.441912010170394,30.326,49.183,1.11096875,0.334872482651377,0.535,1.705,51.6180625,8.041175920816316,39.969,68.042,8.719875,2.0592395676011552,4.942,11.853,203,188,4,0.9261083743842364,0.0212765957446808,0.0,0.0,0.0,22,8,2,6,0,0
39.88487096774194,5.403159203909847,30.443,50.05,1.1085806451612903,0.3720858121628708,0.577,1.801,54.41819354838709,9.60309959481609,40.916,69.787,8.61071875,2.07709479545699,4.976,12.145,240,234,5,0.975,0.0213675213675213,0.0,0.0,0.0,23,8,2,6,0,0
40.16996875,6.081657984275474,30.347,49.895,1.14359375,0.3129563361665237,0.571,1.731,55.04987096774194,9.2469337070618,39.658,70.47,8.4475,1.7941693640502707,5.529,12.184,224,217,5,0.96875,0.0230414746543778,0.0,0.0,0.0,24,8,2,6,0,0
40.09825,5.362862157106878,31.396,48.568,1.0367096774193547,0.386836847051259,0.51,1.769,55.90846875,9.289739754625494,41.582,69.712,8.68425,2.0608235434940463,5.139,12.082,208,190,3,0.9134615384615384,0.0157894736842105,0.0,0.0,0.0,25,8,2,6,0,0
39.915375,6.026290084074892,30.888,48.956,1.2146875,0.3775940333642179,0.553,1.829,54.307375,7.323031968363747,40.945,68.94,8.0004375,1.745353627861793,5.373,11.336,283,282,5,0.9964664310954064,0.0177304964539007,0.0,0.0,0.0,26,8,2,6,0,0
39.363375,6.727208876955844,30.686,49.911,1.13165625,0.4056557899989564,0.502,1.757,55.40806451612904,8.120351584898623,42.421,70.242,7.87490625,1.9216672928672656,5.122,11.62,204,185,3,0.9068627450980392,0.0162162162162162,0.0,0.0,0.0,27,8,2,6,0,0
38.84341379310345,5.871053534790359,30.264,50.086,0.72571875,0.2823056264651325,0.299,1.182,54.03277419354839,9.616499223416936,40.491,68.599,6.86790625,1.889586750509648,4.022,9.954,236,214,3,0.9067796610169492,0.014018691588785,0.0,0.0,0.0,-1,0,0,0,0,0
39.63277419354839,5.316793242232121,30.489,49.926,0.70415625,0.2425910017977291,0.311,1.16,53.51478125,9.26279984054976,39.883,69.254,6.79490625,1.8347101266935697,4.122,10.068,243,222,3,0.9135802469135802,0.0135135135135135,0.0,0.0,0.0,-1,0,0,0,0,0
40.1953125,6.107686687559136,29.968,49.624,0.722,0.2653206216223392,0.316,1.192,55.7539375,8.462698379768446,40.962,71.143,7.731875,1.7037061072849389,4.307,9.797,267,244,3,0.9138576779026216,0.0122950819672131,0.0,0.0,0.0,-1,0,0,0,0,0
38.25270967741936,5.491409984048107,31.328,50.191,0.7728709677419354,0.26362963186201,0.315,1.199,55.91796875,9.426483610395575,40.744,70.159,6.79484375,1.8178935365643,4.131,9.788,287,279,7,0.9721254355400696,0.025089605734767,0.0,0.0,0.0,-1,0,0,0,0,0
41.72028125,6.115131434951654,31.116,49.856,0.7545625,0.2783994504884269,0.302,1.156,57.34034375,7.633737902357871,43.683,69.891,6.621161290322581,1.8504428136128963,4.156,9.856,178,176,4,0.9887640449438202,0.0227272727272727,1.0,1.0,0.0,-1,0,0,0,0,0
40.80678125,6.045158210445325,30.931,50.529,0.8417,0.2672778678093075,0.316,1.182,54.82274193548387,8.970526197749837,40.382,70.642,6.6181875,1.60199431027744,4.448,9.378,180,166,1,0.9222222222222224,0.0060240963855421,0.0,0.0,0.0,-1,0,0,0,0,0
39.74154838709678,6.32602840566238,30.187,50.055,0.65659375,0.2272900462426098,0.322,1.112,54.09584375,8.94786160112364,40.656,67.668,7.00978125,1.7172806472946058,4.108,9.645,163,157,4,0.9631901840490796,0.0254777070063694,0.0,0.0,0.0,-1,0,0,0,0,0
37.334,5.95115591374293,30.559,49.273,0.7367741935483871,0.2515681100189263,0.341,1.189,54.35665625,8.172658988514101,40.669,70.748,6.7918125,1.7025829985452938,4.163,9.74,204,201,5,0.9852941176470588,0.0248756218905472,0.0,0.0,0.0,-1,0,0,0,0,0
42.10965625,5.412366917737355,31.239,49.327,0.7465483870967742,0.2750488246002489,0.306,1.199,53.80778125,8.456002638837347,40.657,70.907,7.10146875,1.7721293185240687,4.271,9.775,197,178,2,0.9035532994923858,0.0112359550561797,0.0,0.0,0.0,-1,0,0,0,0,0
40.96171875,5.413987119605106,30.39,48.918,0.73678125,0.2425010454749662,0.314,1.132,53.9091875,8.882336943429525,40.199,70.343,6.71721875,1.494040305505781,4.01,9.363,294,293,3,0.9965986394557824,0.0102389078498293,0.0,0.0,0.0,-1,0,0,0,0,0
40.103566666666666,5.174991192285245,30.249,48.785,0.76775,0.2843968150087071,0.325,1.217,55.1360625,7.661561598329679,42.696,68.622,7.51965625,1.5449980396558192,4.861,10.147,237,218,4,0.919831223628692,0.018348623853211,0.0,0.0,0.0,-1,0,0,0,0,0
38.994125,6.067991546074022,30.661,49.87,0.7095,0.292298896955309,0.309,1.217,52.6436875,9.570052520965191,39.795,68.41,6.71425,1.7695610718753887,4.054,9.965,243,240,6,0.9876543209876544,0.025,0.0,0.0,0.0,-1,0,0,0,0,0
41.72228125,5.104024188652203,30.166,49.758,0.81546875,0.2749787070202275,0.337,1.181,55.25540625,8.140299764074534,40.597,68.848,7.101870967741935,1.537701786041656,4.145,9.573,270,249,6,0.9222222222222224,0.0240963855421686,0.0,0.0,0.0,-1,0,0,0,0,0
39.635935483870966,5.493493787718241,29.915,50.375,0.7726875,0.2657225617795931,0.318,1.184,54.0221875,10.404693960675756,39.795,69.312,7.18721875,1.6565215739006809,4.038,9.585,238,231,3,0.9705882352941176,0.0129870129870129,0.0,0.0,0.0,-1,0,0,0,0,0
39.4893125,5.4997030385373336,30.454,48.727,0.73671875,0.2623851188707902,0.343,1.144,55.77484375,8.05880091580657,39.521,68.617,7.14875,1.7203152561798556,4.176,9.929,233,219,3,0.9399141630901288,0.0136986301369863,0.0,0.0,0.0,-1,0,0,0,0,0
40.5836,5.532868212967752,29.958,49.844,0.714,0.271972361678979,0.324,1.197,54.42580645161291,9.511118922676252,39.989,70.957,6.8743125,1.7787347521618808,3.972,9.739,235,213,6,0.9063829787234042,0.028169014084507,0.0,0.0,0.0,-1,0,0,0,0,0
39.45784375,5.8832344577176094,30.484,50.059,0.78359375,0.2580573653873207,0.35,1.197,56.078625,8.591385155322556,41.426,69.237,6.4721875,1.6060188493149254,4.246,9.697,282,266,5,0.9432624113475178,0.018796992481203,0.0,0.0,0.0,-1,0,0,0,0,0
39.894625,4.7136981765912855,30.004,50.424,0.65721875,0.2386345207127553,0.295,1.124,55.16975,8.80486263013137,41.381,70.254,7.187903225806451,1.7623467565500783,4.061,9.726,211,195,2,0.924170616113744,0.0102564102564102,0.0,0.0,0.0,-1,0,0,0,0,0
40.330129032258064,5.8146622701691815,29.787,50.178,0.75896875,0.2835165676873678,0.368,1.198,54.3935,9.405181746113117,40.486,68.944,6.8126875,1.8569407626436936,4.045,10.046,226,220,5,0.9734513274336284,0.0227272727272727,1.0,0.0,1.0,-1,0,0,0,0,0
41.7824375,5.332725950251321,31.662,50.516,0.76875,0.2711919924595738,0.304,1.18,54.18340625,6.916504491289238,42.603,70.087,6.5891875,1.686845260079185,4.111,9.731,268,246,3,0.917910447761194,0.0121951219512195,1.0,0.0,1.0,-1,0,0,0,0,0
40.00425,4.842878849237002,32.938,49.74,0.7140625,0.2964759618716869,0.304,1.18,55.7095,7.795992365808339,41.361,68.788,7.2425,1.7763785015151363,3.997,9.973,294,292,5,0.9931972789115646,0.0171232876712328,0.0,0.0,0.0,-1,0,0,0,0,0
37.302125,6.343527998499094,30.169,49.453,0.7532903225806452,0.2527304484423918,0.306,1.175,55.95823333333333,8.78518062806998,41.218,68.196,7.266375,1.7529308498957197,4.309,9.831,160,149,2,0.93125,0.0134228187919463,0.0,0.0,0.0,-1,0,0,0,0,0
40.36423333333333,5.867928558219487,30.668,49.961,0.710375,0.2785487447930908,0.348,1.206,52.47141935483871,8.965763368779383,40.351,69.058,6.4641875,1.9121876921895744,4.017,10.021,268,256,5,0.9552238805970148,0.01953125,0.0,0.0,0.0,-1,0,0,0,0,0
40.34671875,6.008196198819414,30.85,49.955,0.71875,0.2136031895376217,0.319,1.106,53.46048387096774,8.538331733506134,40.42,68.525,7.159322580645161,1.9716937961576213,4.056,9.717,212,197,4,0.929245283018868,0.0203045685279187,0.0,0.0,0.0,-1,0,0,0,0,0
41.06951612903226,5.490153397194943,31.406,50.28,0.7476875,0.3045781257369271,0.3,1.171,54.8515625,9.100987599502064,39.552,70.297,6.9025,1.8415715880174472,4.085,9.943,225,207,2,0.92,0.0096618357487922,0.0,0.0,0.0,-1,0,0,0,0,0
40.81443333333333,6.131656791817663,30.665,49.462,0.7519354838709676,0.2680089470501399,0.345,1.136,52.2844,7.992076816102479,40.451,68.419,7.524375,1.7799272139884748,4.203,9.972,188,172,3,0.9148936170212766,0.0174418604651162,0.0,0.0,0.0,-1,0,0,0,0,0
38.98341935483872,5.540319814921598,29.662,48.866,0.7269687499999999,0.2743300912986679,0.307,1.197,55.00845161290322,8.342204144544013,41.572,68.712,7.42003125,1.7044708474948105,4.44,9.862,150,141,3,0.94,0.0212765957446808,0.0,0.0,0.0,-1,0,0,0,0,0
41.3440625,4.835445804163252,31.795,48.793,0.7988125,0.2238424615229317,0.38,1.17,57.193161290322585,9.04188678723187,41.599,69.491,6.55496875,1.815789661763204,3.951,9.961,227,220,6,0.9691629955947136,0.0272727272727272,0.0,0.0,0.0,-1,0,0,0,0,0
39.84577419354839,5.570097783161306,31.333,48.867,0.7994375,0.2626312191230595,0.367,1.168,56.32953125,8.294584828842424,41.952,68.816,6.767625,1.627844284976002,4.109,9.778,275,274,5,0.9963636363636365,0.0182481751824817,0.0,0.0,0.0,1,1,1,0,0,0
40.09209677419355,5.973846233680266,30.386,49.088,0.7644375,0.246619065989792,0.339,1.165,58.2345625,9.64336256084146,42.654,70.443,6.79225,1.7143945230445532,4.175,10.058,277,266,6,0.96028880866426,0.0225563909774436,0.0,0.0,0.0,2,1,1,0,0,0
38.3241875,5.902424299291858,30.837,49.532,0.77334375,0.2359709672375655,0.303,1.128,53.575,7.493530060938807,40.32,68.765,7.30715625,1.7662444412966425,4.373,10.122,273,272,4,0.9963369963369964,0.0147058823529411,0.0,0.0,0.0,3,1,1,0,0,0
40.38509375,5.734129105961135,30.496,49.807,0.7528666666666666,0.2577858953009103,0.315,1.173,53.65387096774194,8.876119733088837,40.12,69.883,7.1783125,1.2762080535585654,4.958,9.686,289,271,7,0.9377162629757786,0.025830258302583,0.0,0.0,0.0,4,1,1,0,0,0
40.16722580645161,5.702698231011221,31.017,50.395,0.8338666666666666,0.2143107208178612,0.363,1.19,52.9663870967742,7.304422777456679,39.418,67.994,7.01959375,1.5111823796206092,4.359,9.707,153,148,2,0.9673202614379084,0.0135135135135135,0.0,0.0,0.0,5,1,1,0,0,0
40.671375,5.994283904876216,30.278,49.182,0.69728125,0.2451230414374552,0.295,1.202,53.3459375,8.09219194332294,42.251,68.269,7.496,2.002692622929311,4.082,10.128,175,165,3,0.9428571428571428,0.0181818181818181,0.0,0.0,0.0,6,1,1,0,0,0
38.8180625,5.576924218411368,30.264,49.642,0.811375,0.2563549391736185,0.376,1.195,55.8095625,9.261405439005744,39.467,70.705,6.715064516129032,1.7271122128277954,4.216,9.594,190,172,4,0.9052631578947368,0.0232558139534883,0.0,0.0,0.0,7,1,1,0,0,0
41.56778125,5.3634222448369,31.007,49.355,0.7980967741935484,0.2207703716290918,0.36,1.22,56.51976666666666,7.7848045606249086,42.894,69.838,6.7395,1.931096846939082,4.094,9.924,223,217,3,0.9730941704035876,0.0138248847926267,0.0,0.0,0.0,8,1,1,0,0,0
38.1170625,5.071410517906141,30.136,48.776,0.7701875,0.255000877607598,0.313,1.181,56.38271875,7.448739864131925,42.695,66.602,6.733741935483871,1.7068305318678034,4.041,9.739,192,177,4,0.921875,0.0225988700564971,0.0,0.0,0.0,9,1,1,0,0,0
41.16896774193548,6.723422072545453,29.988,50.397,0.73153125,0.2366116982867268,0.322,1.159,52.76584375,7.249726077625612,39.977,67.648,6.7184375,1.7581478512728912,4.095,9.997,156,150,4,0.9615384615384616,0.0266666666666666,0.0,0.0,0.0,10,1,1,0,0,0
40.4949375,5.568802204780464,30.035,49.935,0.7739354838709678,0.2765612572871661,0.323,1.155,54.38078125,9.399812080257416,41.301,70.789,7.166258064516129,2.082762764018696,4.014,10.14,275,264,7,0.96,0.0265151515151515,0.0,0.0,0.0,11,1,1,0,0,0
40.41378125,5.859396400348016,30.051,49.417,0.750375,0.2527147761103733,0.335,1.146,54.2066875,8.353363361400046,41.501,69.296,6.64741935483871,1.8653059404861447,3.996,9.959,182,178,2,0.978021978021978,0.0112359550561797,2.0,0.0,1.0,12,1,1,0,0,0
41.52746875,6.236828334691544,30.623,49.779,0.7666774193548387,0.2698832324168824,0.325,1.134,53.455875,9.197416284286128,40.573,69.777,6.896375,1.6368171070512074,4.393,9.756,179,174,3,0.9720670391061452,0.0172413793103448,0.0,0.0,0.0,13,1,1,0,0,0
40.15570967741935,5.758868038040973,30.288,50.535,0.79409375,0.2634694521528861,0.342,1.213,55.51403125,9.937194757282018,40.824,70.123,6.88528125,1.99798534390916,4.064,9.809,225,212,4,0.9422222222222222,0.0188679245283018,0.0,0.0,0.0,14,1,1,0,0,0
40.437375,6.081133875329289,29.901,49.61,0.74853125,0.2512157515575908,0.332,1.22,56.17971875,8.638820720125855,42.032,70.206,6.594250000000001,1.802116909314906,4.105,9.829,174,169,2,0.971264367816092,0.0118343195266272,0.0,0.0,0.0,15,1,1,0,0,0
39.99659375,6.222900671320486,30.308,49.264,0.675741935483871,0.2700232048969045,0.301,1.186,55.04334375,9.726078487704688,39.525,69.728,7.24125,1.5939468562800836,4.053,9.922,207,203,5,0.9806763285024156,0.0246305418719211,0.0,0.0,0.0,16,1,1,0,0,0
38.89909677419355,5.513719708477745,30.074,47.973,0.77821875,0.2564508044849299,0.325,1.125,58.94454838709677,9.249952673171574,42.886,70.293,7.03671875,1.6077657555746074,4.074,9.962,244,227,3,0.930327868852459,0.013215859030837,0.0,0.0,0.0,17,1,1,0,0,0
39.63259375,6.075685071471498,30.912,48.841,0.717375,0.2398277271494633,0.343,1.158,51.29135483870967,8.2188364851658,40.261,68.043,7.448187499999999,1.6048926290585463,4.544,9.779,151,138,3,0.913907284768212,0.0217391304347826,2.0,1.0,0.0,18,1,1,0,0,0
41.54840625,6.084991132918898,30.312,49.668,0.819258064516129,0.2322399574781703,0.313,1.174,54.50753333333333,8.83288612470205,40.212,69.858,6.8985806451612905,1.5026761854370252,4.163,9.833,179,168,4,0.9385474860335196,0.0238095238095238,1.0,1.0,0.0,19,1,1,0,0,0
40.88083870967742,5.335964761857499,30.383,49.943,0.7898437500000001,0.2720268143062608,0.298,1.214,58.08025,8.33371374056473,42.349,68.984,6.9733125,1.862230217525351,4.232,9.979,187,172,2,0.9197860962566844,0.0116279069767441,0.0,0.0,0.0,20,1,1,0,0,0
39.8545,5.64391059232812,30.516,49.251,0.7820967741935484,0.2969567145605241,0.302,1.185,56.31121875,8.690378301036208,40.945,69.5,7.0040625,1.8044870406402784,4.035,9.829,240,228,3,0.95,0.0131578947368421,0.0,0.0,0.0,21,1,1,0,0,0
40.06296875,5.883929965397416,31.789,50.697,0.7959677419354839,0.2305238214546698,0.356,1.191,54.620875,9.131965165851351,39.775,69.367,6.87565625,1.6815598290484208,3.968,9.898,194,175,4,0.9020618556701032,0.0228571428571428,0.0,0.0,0.0,22,1,1,0,0,0
39.3885,6.924578384743119,30.433,49.925,0.76125,0.250453524115624,0.337,1.187,55.5381875,9.194041146790184,39.806,69.604,7.16740625,1.7721043415609117,4.095,9.655,250,228,5,0.912,0.0219298245614035,0.0,0.0,0.0,23,1,1,0,0,0
41.07512903225806,4.594502706074841,31.198,49.139,0.6728125,0.2499725710759534,0.306,1.116,57.74634375,9.439363372496272,40.991,71.112,7.01071875,1.5299794060257486,4.114,9.699,284,256,4,0.9014084507042254,0.015625,0.0,0.0,0.0,24,1,1,0,0,0
38.6264375,6.004704182434667,30.392,49.927,0.75540625,0.2476051564650149,0.3,1.168,55.20559375,9.16633760493806,40.987,68.227,7.1644375,1.591317245747341,4.1,9.643,247,234,4,0.9473684210526316,0.017094017094017,0.0,0.0,0.0,25,1,1,0,0,0
39.15954838709677,5.514004514801132,30.755,50.441,0.76846875,0.2624286058825978,0.352,1.173,57.53096875,8.564929404768572,40.108,68.786,6.957774193548387,1.8840285509102992,3.968,9.879,256,231,4,0.90234375,0.0173160173160173,0.0,0.0,0.0,26,1,1,0,0,0
40.15812903225807,5.664765295178818,30.455,48.737,0.68259375,0.2712743949933945,0.307,1.146,56.6086875,8.497731159958846,40.977,69.546,6.2751875,1.4109580007352134,4.178,9.327,227,207,3,0.9118942731277532,0.0144927536231884,0.0,0.0,0.0,27,1,1,0,0,0
40.99475,6.075212928699064,30.876,49.934,0.785,0.2654497097137173,0.32,1.192,51.426,9.837946927176192,40.169,69.134,6.716333333333334,1.3600990413564928,4.303,10.012,249,248,3,0.9959839357429718,0.0120967741935483,0.0,0.0,0.0,28,1,1,0,0,0
40.23216129032258,5.073435529610904,32.376,50.023,0.77853125,0.256527931494987,0.305,1.186,57.25841935483871,7.690828927036814,40.463,68.619,6.9958125,1.9558186543928269,4.038,9.956,201,198,3,0.9850746268656716,0.0151515151515151,0.0,0.0,0.0,29,1,1,0,0,0
40.48184375,6.377690516922024,30.313,49.459,0.8050625,0.2789340235900401,0.361,1.207,55.668125,7.783151230744857,41.218,70.531,7.00759375,1.6141387168948749,4.061,9.604,218,213,5,0.9770642201834864,0.0234741784037558,0.0,0.0,0.0,30,1,1,0,0,0
41.64521875,5.498400809938638,32.076,50.26,0.7066875,0.2472898831135689,0.313,1.115,58.157066666666665,8.704427073912303,41.031,69.892,6.8105625,1.9207223093191084,4.104,9.811,190,189,2,0.9947368421052633,0.0105820105820105,0.0,0.0,0.0,31,1,1,0,0,0
40.72283870967742,5.793384371256431,31.808,50.599,0.76215625,0.2939686300331183,0.301,1.197,54.69667741935484,9.917032134622726,41.73,68.975,7.15146875,1.5193672491210322,4.019,9.599,293,267,6,0.9112627986348124,0.0224719101123595,0.0,0.0,0.0,32,1,1,0,0,0
41.8956875,5.308541324692476,31.276,50.31,0.732625,0.2534974390657689,0.331,1.144,60.87634375,7.231591461882549,44.569,70.71,7.12028125,1.7919936498010869,4.314,9.919,194,189,3,0.9742268041237112,0.0158730158730158,0.0,0.0,0.0,33,1,1,0,0,0
40.17367741935484,5.753901866774677,29.632,49.707,0.7531290322580646,0.2569949081123961,0.321,1.191,58.3200625,8.921574021899149,40.531,69.356,7.28815625,1.8066987557844905,4.029,10.046,238,217,5,0.9117647058823528,0.0230414746543778,0.0,0.0,0.0,34,1,1,0,0,0
40.77375,6.089557656481537,29.809,49.881,0.772375,0.2876736221888024,0.295,1.215,54.55248387096774,7.671289256576403,39.879,68.233,7.82328125,1.3972982971613472,4.818,9.989,298,272,6,0.912751677852349,0.0220588235294117,0.0,0.0,0.0,35,1,1,0,0,0
41.78225,5.426550832295215,32.866,49.753,0.8155,0.2642138674292768,0.307,1.177,52.93846875,7.44237413119425,42.042,69.885,6.694375,1.8730948471584707,4.01,9.464,190,179,3,0.9421052631578948,0.0167597765363128,0.0,0.0,0.0,36,1,1,0,0,0
40.070125,5.646586041083128,30.01,48.874,0.74478125,0.2191403636757398,0.342,1.106,53.30371875,9.231999560555051,40.87,69.238,7.1360625,1.7397669279848027,3.991,10.067,230,211,2,0.917391304347826,0.0094786729857819,0.0,0.0,0.0,37,1,1,0,0,0
39.8173125,5.638896680216909,30.777,49.396,0.7691935483870967,0.2691480905071703,0.303,1.171,50.51765625,9.908048603841662,39.726,69.085,6.52828125,1.667635649739552,4.135,9.901,252,228,4,0.9047619047619048,0.0175438596491228,0.0,0.0,0.0,38,1,1,0,0,0
40.55006451612903,5.934495114360244,30.673,50.105,0.6835161290322581,0.2446120562533991,0.307,1.15,53.864875,7.448719486184921,41.074,69.409,6.926375,1.5702043990636092,4.225,9.978,281,256,7,0.9110320284697508,0.02734375,0.0,0.0,0.0,39,1,1,0,0,0
39.7045,6.529636832266425,30.278,49.78,0.79075,0.2025051174184128,0.48,1.127,54.51775,7.556969212417063,41.324,69.649,7.16471875,1.7173959889503945,4.151,9.859,193,183,4,0.9481865284974094,0.0218579234972677,2.0,1.0,0.0,40,1,1,0,0,0
40.972625,6.255747451537613,29.883,49.593,0.75040625,0.2568746222821177,0.31,1.176,52.6884375,8.56069058089207,39.601,69.376,6.800625,1.7324297639722008,4.085,9.24,286,267,4,0.9335664335664337,0.0149812734082397,0.0,0.0,0.0,1,2,1,1,0,0
39.24259375,5.760660926795472,30.274,50.421,0.78496875,0.2556927950559975,0.379,1.18,55.22534375,6.2447085657837205,46.183,66.23,7.448064516129031,1.8716312303350764,4.031,9.964,170,158,2,0.9294117647058824,0.0126582278481012,0.0,0.0,0.0,2,2,1,1,0,0
41.14977419354839,5.787355819426102,30.254,48.856,0.7338125,0.2374123182797551,0.396,1.173,53.7211875,9.561449780195131,40.343,68.503,6.4181875,1.7393920969509673,4.034,9.651,271,256,3,0.9446494464944648,0.01171875,0.0,0.0,0.0,3,2,1,1,0,0
38.707625,5.048808672957318,30.51,47.992,0.7370322580645161,0.2379884428385781,0.322,1.126,52.3934375,7.306827747928865,40.843,69.599,6.8904375,1.756966978548452,4.077,10.098,266,265,5,0.9962406015037594,0.0188679245283018,0.0,0.0,0.0,4,2,1,1,0,0
38.793,5.567788771137066,30.803,49.086,0.70409375,0.2708607974081533,0.328,1.13,52.463625,8.153317522887985,39.944,67.195,6.366516129032258,1.6936004422721778,4.049,8.912,185,175,5,0.945945945945946,0.0285714285714285,0.0,0.0,0.0,5,2,1,1,0,0
40.91321875,5.896353130616199,31.398,49.705,0.77740625,0.2487935871197958,0.303,1.183,54.708375,8.152558338812545,41.567,70.019,7.695225806451613,1.4938457686940647,4.417,10.061,245,230,4,0.9387755102040816,0.017391304347826,0.0,0.0,0.0,6,2,1,1,0,0
40.78867741935484,6.69613657460826,29.884,49.596,0.739375,0.3106985625557246,0.313,1.208,57.44834375,8.363647558985699,40.211,70.57,6.67171875,1.7482773500049476,4.019,9.979,280,264,2,0.9428571428571428,0.0075757575757575,0.0,0.0,0.0,7,2,1,1,0,0
39.1484375,6.034513209314161,29.998,48.106,0.742,0.2697933498307607,0.326,1.185,56.04377419354839,8.832896545338071,42.521,69.602,7.33328125,1.8057577845357031,3.972,10.058,257,240,6,0.933852140077821,0.025,0.0,0.0,0.0,8,2,1,1,0,0
39.53284375,5.741354881735163,29.891,50.04,0.73196875,0.2569123717026312,0.326,1.142,57.18253125,8.403963446606323,42.054,70.141,7.04959375,1.7532310239057156,4.108,9.925,238,217,2,0.9117647058823528,0.0092165898617511,0.0,0.0,0.0,9,2,1,1,0,0
40.14741935483871,6.479975595500307,29.957,49.54,0.80621875,0.26284408899758,0.304,1.207,54.36659375,7.945194590927374,40.821,69.181,7.26253125,1.4241242240210463,4.278,9.746,297,276,6,0.9292929292929292,0.0217391304347826,0.0,0.0,0.0,10,2,1,1,0,0
41.5824375,5.404015967464651,31.031,49.307,0.753,0.2864171332053102,0.308,1.19,56.95115625,8.613307285482925,41.083,68.515,6.456967741935483,1.8255509211170744,4.321,9.743,207,192,4,0.927536231884058,0.0208333333333333,2.0,0.0,1.0,11,2,1,1,0,0
41.03713333333334,5.516303808325565,32.041,49.318,0.6078749999999999,0.2633606321769545,0.319,1.185,52.42434375,7.541324289494156,40.417,68.494,6.80840625,1.5925793211495702,4.121,9.209,235,218,6,0.9276595744680852,0.0275229357798165,0.0,0.0,0.0,12,2,1,1,0,0
39.729838709677416,5.969492413356288,30.121,49.285,0.78628125,0.2493792596046587,0.345,1.22,55.40677419354839,8.576552915593682,40.036,69.726,6.49775,1.6264323116921064,4.133,9.612,202,189,3,0.9356435643564356,0.0158730158730158,0.0,0.0,0.0,13,2,1,1,0,0
38.53154838709678,5.354819398378184,30.479,48.6,0.8,0.2578922005349797,0.308,1.138,57.54183870967742,8.921033370997533,39.536,70.4,7.02103125,1.6841242672021068,4.152,9.423,275,252,7,0.9163636363636364,0.0277777777777777,0.0,0.0,0.0,14,2,1,1,0,0
40.202875,5.456853783058276,30.362,50.282,0.69659375,0.2550218029104127,0.342,1.18,56.76478125,9.003950784227909,40.762,68.993,6.916612903225806,1.872042479529054,3.994,9.898,278,272,6,0.9784172661870504,0.0220588235294117,0.0,0.0,0.0,15,2,1,1,0,0
40.45859375,5.344294080300398,30.294,48.67,0.77921875,0.2869701270701276,0.308,1.173,56.82196875,8.28145640333162,40.612,70.029,6.5633125,1.6763776893224465,4.035,9.863,291,275,6,0.9450171821305842,0.0218181818181818,0.0,0.0,0.0,16,2,1,1,0,0
38.32996875,4.941659036320696,31.018,48.27,0.7618064516129032,0.2701087952850158,0.329,1.18,53.657,9.895331352746362,40.203,70.302,7.7195,1.699136194203282,4.183,10.031,186,181,4,0.9731182795698924,0.0220994475138121,0.0,0.0,0.0,17,2,1,1,0,0
39.6985,5.832648944253079,29.996,48.693,0.8033125,0.2375097196652883,0.329,1.206,55.5033125,6.0481361908495845,40.611,67.157,6.429875,1.65363448685888,4.105,9.478,219,214,4,0.9771689497716894,0.0186915887850467,0.0,0.0,0.0,18,2,1,1,0,0
42.3296875,5.756345264351275,30.633,49.803,0.8304516129032258,0.2685711375296655,0.363,1.208,56.32983333333333,8.59296563588731,41.527,67.77,7.372375,1.6228306562022043,4.13,9.774,183,166,3,0.907103825136612,0.0180722891566265,0.0,0.0,0.0,19,2,1,1,0,0
39.77738709677419,5.392584152812202,30.331,49.372,0.74815625,0.2327023724701271,0.31,1.164,55.27535483870968,8.99204509756035,40.402,68.679,7.176677419354839,1.8540437137438583,4.328,9.821,226,214,2,0.9469026548672568,0.0093457943925233,0.0,0.0,0.0,20,2,1,1,0,0
40.73446875,5.61268617758237,30.96,49.695,0.7217419354838709,0.2532887637647243,0.331,1.181,56.86325,9.55096754429927,40.304,69.835,7.752129032258065,1.637940144244909,4.564,10.027,275,274,7,0.9963636363636365,0.0255474452554744,0.0,0.0,0.0,21,2,1,1,0,0
40.52515625,5.296086254958437,30.461,50.239,0.76859375,0.2891821459012719,0.329,1.217,55.50409375,8.088137364262892,41.344,68.074,6.8565000000000005,1.900667217312842,4.186,9.966,258,252,2,0.9767441860465116,0.0079365079365079,0.0,0.0,0.0,22,2,1,1,0,0
40.34771875,5.6886685399183206,30.792,48.316,0.7987096774193547,0.2619939176836474,0.32,1.206,56.0075625,10.154850583985198,40.068,70.744,6.604225806451613,1.5809229099838575,4.193,9.394,260,236,2,0.9076923076923076,0.0084745762711864,0.0,0.0,0.0,23,2,1,1,0,0
40.160806451612906,5.78093138066497,30.114,48.815,0.69821875,0.2887904401928398,0.305,1.207,56.80159375,9.795167326731551,39.585,70.106,7.000875,1.7173993795946991,4.204,9.584,174,164,3,0.942528735632184,0.0182926829268292,0.0,0.0,0.0,24,2,1,1,0,0
41.11125,5.598922822668086,32.061,49.754,0.74528125,0.2974086180471401,0.306,1.185,58.0705625,8.566678894781239,40.081,70.67,6.5198125000000005,1.6536183090715868,3.983,9.683,265,254,4,0.958490566037736,0.0157480314960629,0.0,0.0,0.0,25,2,1,1,0,0
40.80715625,5.6033205369061765,30.014,50.162,0.79665625,0.272137015937833,0.305,1.159,55.91921875,8.810781912994258,39.742,70.712,7.3255,1.9558494235860635,4.106,9.82,226,224,4,0.991150442477876,0.0178571428571428,0.0,0.0,0.0,26,2,1,1,0,0
37.98903225806452,5.36968835522678,31.129,46.363,0.78396875,0.2990592221396527,0.305,1.204,56.6880625,8.405003770556236,41.008,70.455,6.710774193548387,1.5106936311879475,4.088,9.667,274,250,6,0.9124087591240876,0.024,0.0,0.0,0.0,27,2,1,1,0,0
40.79809375,5.124314798313795,30.677,50.365,0.680125,0.2705814229610246,0.307,1.182,54.6831875,8.922086055212251,39.51,69.231,6.510290322580645,1.4446628024917183,4.038,9.023,243,231,5,0.9506172839506172,0.0216450216450216,0.0,0.0,0.0,28,2,1,1,0,0
40.7268125,6.104599658943062,30.743,49.967,0.78525,0.2459463618418166,0.352,1.17,55.78046875,9.087415275318316,42.177,69.918,7.2231875,1.7958747430547417,4.066,10.071,202,198,5,0.9801980198019802,0.0252525252525252,0.0,0.0,0.0,29,2,1,1,0,0
40.18009375,6.5079492154539285,30.451,49.903,0.78459375,0.2817824440346294,0.311,1.178,51.51440625,8.10568877039702,40.115,67.666,6.97125,1.6016597641197083,4.203,9.953,250,237,5,0.948,0.0210970464135021,0.0,0.0,0.0,30,2,1,1,0,0
39.3869375,5.9801711969102405,31.034,49.274,0.7889354838709678,0.2188559549846841,0.408,1.157,56.578,8.657513768118495,40.244,68.937,7.333625,1.8227281351969933,4.016,9.912,204,193,3,0.946078431372549,0.0155440414507772,0.0,0.0,0.0,31,2,1,1,0,0
40.844625,5.442567454795576,31.391,49.508,0.7669375,0.2489640390537065,0.321,1.223,57.01328125,7.948999865003813,42.658,69.797,7.2540344827586205,1.7995563636383636,4.421,9.984,171,160,4,0.935672514619883,0.025,0.0,0.0,0.0,32,2,1,1,0,0
39.13951612903226,6.223905895127098,30.414,49.477,0.7551290322580645,0.2554463729677241,0.308,1.199,54.99440625,8.702541682339874,40.271,70.406,7.16775,1.6146438736482038,4.201,9.717,176,160,2,0.9090909090909092,0.0125,0.0,0.0,0.0,33,2,1,1,0,0
38.72553125,4.976757604812239,29.892,49.58,0.8241562499999999,0.2570339640385192,0.312,1.212,55.8690625,8.715902159133076,41.904,67.829,6.73958064516129,1.7111942374492646,4.238,10.046,259,241,3,0.9305019305019304,0.0124481327800829,0.0,0.0,0.0,34,2,1,1,0,0
41.84990625,5.151628188342731,30.458,50.315,0.81025,0.257384737748388,0.394,1.197,56.1081935483871,9.10405365178741,41.315,69.37,7.59478125,1.7657302562117498,4.456,9.893,153,152,4,0.9934640522875816,0.0263157894736842,0.0,0.0,0.0,35,2,1,1,0,0
40.3395625,5.414577223763345,31.104,50.151,0.7342258064516128,0.2845208498133214,0.314,1.215,57.18996875,9.439639141832924,41.234,70.922,6.884451612903226,1.7356392067229804,4.197,10.056,189,175,2,0.925925925925926,0.0114285714285714,0.0,0.0,0.0,36,2,1,1,0,0
39.23984375,5.451324261186892,30.431,50.278,0.8191612903225806,0.2274462715711403,0.31,1.205,57.33871875,8.66480969853898,40.846,69.249,6.72325,1.7869400408736211,4.1,9.367,283,269,7,0.950530035335689,0.0260223048327137,0.0,0.0,0.0,37,2,1,1,0,0
39.9145625,6.25948598805664,31.295,49.562,0.7923125,0.2477216749212842,0.323,1.168,57.540375,9.276587772103944,42.132,70.522,6.853903225806452,1.584691396977946,4.599,9.755,296,286,3,0.9662162162162162,0.0104895104895104,0.0,0.0,0.0,38,2,1,1,0,0
37.69367741935484,5.616055747509972,30.373,49.568,0.7763125,0.2678556950805728,0.345,1.168,55.207366666666665,9.259932510677324,40.967,71.01,7.10671875,1.7606377369940187,3.973,9.793,195,179,3,0.917948717948718,0.0167597765363128,0.0,0.0,0.0,39,2,1,1,0,0
39.9885625,6.392995889845436,30.265,49.147,0.7658709677419355,0.2475366292000012,0.313,1.132,52.75312903225807,8.902179286526549,40.324,69.313,6.75934375,1.3704499993085628,4.146,9.242,156,144,2,0.9230769230769232,0.0138888888888888,0.0,0.0,0.0,1,3,1,2,0,0
39.66096774193549,6.24836670116744,30.347,50.08,0.757875,0.2665093050484716,0.34,1.193,53.905125,9.11461527774433,40.063,69.883,7.27815625,1.9741785896495392,4.097,9.892,250,226,4,0.904,0.0176991150442477,0.0,0.0,0.0,2,3,1,2,0,0
38.45135483870968,6.507286001339254,30.543,48.635,0.74184375,0.2596082792773659,0.308,1.177,54.1456,8.908536323139153,41.07,69.894,6.9111,1.4658010720280636,4.203,9.194,228,215,5,0.9429824561403508,0.0232558139534883,0.0,0.0,0.0,3,3,1,2,0,0
41.19096875,6.696677584923086,30.96,50.404,0.7279354838709677,0.2949468805829134,0.341,1.142,55.05296666666666,8.422354640390402,39.601,69.435,7.167875,1.8149861414204764,4.326,9.742,185,168,1,0.9081081081081082,0.0059523809523809,0.0,0.0,0.0,4,3,1,2,0,0
41.35734482758621,7.001758974285689,29.973,49.777,0.7946774193548387,0.2993997758957938,0.389,1.212,55.41667741935483,7.831420634797991,39.446,68.471,7.3506875,1.729874234427313,4.389,9.937,259,237,3,0.915057915057915,0.0126582278481012,0.0,0.0,0.0,5,3,1,2,0,0
38.39309375,5.930565470288566,29.961,49.525,0.6275161290322581,0.2360118458845857,0.305,1.086,54.197625,8.756200887592229,40.899,69.436,7.197,1.531927122834967,4.491,9.266,238,235,4,0.9873949579831932,0.0170212765957446,2.0,0.0,1.0,6,3,1,2,0,0
40.02416129032258,5.221316826860021,31.608,49.522,0.72240625,0.2180980630839433,0.317,1.144,53.705,9.456989526441582,40.171,69.553,6.8624375,1.82462899344214,4.032,10.058,194,178,3,0.9175257731958762,0.0168539325842696,0.0,0.0,0.0,7,3,1,2,0,0
38.52432258064516,5.358846974160871,29.788,48.756,0.83621875,0.276387845115192,0.306,1.183,57.47619354838709,9.323052816967037,39.627,70.931,7.368645161290322,1.653362705687757,4.035,9.659,232,210,2,0.9051724137931034,0.0095238095238095,2.0,1.0,0.0,8,3,1,2,0,0
40.0053125,6.651856449275961,30.247,49.809,0.71859375,0.303113505768107,0.307,1.169,56.843125,8.523857145038992,42.478,67.34,7.29441935483871,1.5524806767277022,4.15,9.883,225,205,5,0.9111111111111112,0.024390243902439,0.0,0.0,0.0,9,3,1,2,0,0
39.62067741935484,5.987156979107289,29.897,50.063,0.67071875,0.2528330106018595,0.312,1.173,55.76775,9.059709922010072,40.997,69.812,6.79440625,1.8816684747829344,4.021,9.776,177,172,1,0.9717514124293786,0.005813953488372,0.0,0.0,0.0,10,3,1,2,0,0
39.72871875,5.707394667104134,30.691,49.731,0.8851612903225807,0.2525672315475879,0.409,1.197,51.8529375,8.552762156876385,39.46,66.392,6.87340625,1.6190852227938324,4.165,9.262,191,185,3,0.9685863874345548,0.0162162162162162,0.0,0.0,0.0,11,3,1,2,0,0
39.1153125,4.973868491442178,29.895,47.057,0.7641875,0.2524631480613206,0.309,1.146,55.861375,8.130328282663067,41.781,70.265,6.573375,1.594733140786439,4.067,9.94,259,235,6,0.9073359073359072,0.025531914893617,0.0,0.0,0.0,12,3,1,2,0,0
39.278125,5.236326314716604,31.052,49.463,0.8712666666666666,0.2163856603913218,0.423,1.186,54.09215625,9.937937003122135,39.395,70.98,6.952516129032258,1.7603521214228277,3.929,9.717,294,266,6,0.9047619047619048,0.0225563909774436,0.0,0.0,0.0,13,3,1,2,0,0
41.039875,6.1544483191349695,30.299,49.871,0.708625,0.2836718629093334,0.316,1.17,55.67178125,9.023496213682744,40.506,69.232,6.857125,1.602787244650051,4.071,9.706,194,193,2,0.9948453608247424,0.0103626943005181,0.0,0.0,0.0,14,3,1,2,0,0
39.86554838709677,5.3474865113665615,30.101,49.965,0.8409375,0.2532638478206142,0.355,1.187,53.304806451612905,8.874491596402786,40.233,68.18,6.57875,1.7436225545981063,4.254,10.008,295,282,7,0.9559322033898304,0.0248226950354609,0.0,0.0,0.0,15,3,1,2,0,0
39.04870967741935,6.086837439336064,29.922,49.457,0.7473548387096774,0.2792810470221823,0.31,1.219,55.6538125,9.34024553257948,40.098,70.402,8.002625,1.5238668502921624,4.414,9.892,155,144,3,0.9290322580645162,0.0208333333333333,0.0,0.0,0.0,16,3,1,2,0,0
41.926375,6.281714871418985,30.049,50.269,0.71490625,0.2569173783816815,0.339,1.178,54.431875,9.092256463429427,41.376,69.273,6.60128125,1.628749198190083,4.013,9.088,190,172,4,0.9052631578947368,0.0232558139534883,0.0,0.0,0.0,17,3,1,2,0,0
39.68178125,6.270971060958503,30.122,50.334,0.765225806451613,0.2848042262885646,0.323,1.183,56.5100625,8.21743882059132,40.293,68.276,7.254354838709677,1.84420750004597,4.065,9.848,300,286,4,0.9533333333333334,0.0139860139860139,0.0,0.0,0.0,18,3,1,2,0,0
40.613625,6.005010186395164,30.36,49.744,0.7885806451612903,0.2449151926951515,0.312,1.167,53.88196875,9.570330363005054,41.11,69.685,7.01709375,1.7416734511045,4.18,9.769,220,207,3,0.9409090909090908,0.0144927536231884,0.0,0.0,0.0,19,3,1,2,0,0
40.72834375,6.00345992504094,31.202,49.853,0.7069354838709677,0.2612880830914249,0.334,1.186,55.672,9.723533401313103,40.656,68.715,7.466967741935484,1.8367307094195195,4.236,10.07,211,208,5,0.985781990521327,0.0240384615384615,0.0,0.0,0.0,20,3,1,2,0,0
38.46709375,5.614744583047648,30.644,49.76,0.7531875,0.296362728654404,0.303,1.183,58.60477419354839,7.826337984479831,43.468,69.648,7.103625,1.7275553069901055,4.155,9.987,292,268,3,0.9178082191780822,0.0111940298507462,0.0,0.0,0.0,21,3,1,2,0,0
39.3155,5.579311944663254,30.702,48.471,0.7340625000000001,0.2701513240819408,0.326,1.207,52.99306451612903,8.802811111364688,40.419,68.202,6.7620645161290325,1.4867858383211274,4.396,9.596,180,177,3,0.9833333333333332,0.0169491525423728,0.0,0.0,0.0,22,3,1,2,0,0
39.88953125,4.672983083878836,32.116,48.596,0.782125,0.27357262997414,0.32,1.213,53.46159375,8.85332182185026,39.571,67.204,6.82275,1.6198726951174578,4.143,9.699,172,157,2,0.9127906976744186,0.0127388535031847,2.0,0.0,1.0,23,3,1,2,0,0
39.27540625,5.71621175514318,30.481,48.735,0.7711935483870968,0.249290649557879,0.304,1.194,53.41783870967742,8.418276150126282,40.142,67.915,6.63021875,1.749088255291421,4.051,9.903,283,271,4,0.9575971731448764,0.014760147601476,0.0,0.0,0.0,24,3,1,2,0,0
40.29953125,6.91747875468892,30.011,49.149,0.7025483870967741,0.2756446793379328,0.313,1.198,54.416875,9.172540604715865,40.543,69.614,7.35171875,1.617879082255033,4.347,10.059,155,140,1,0.9032258064516128,0.0071428571428571,0.0,0.0,0.0,25,3,1,2,0,0
40.8350625,6.15377604998647,30.845,49.658,0.69659375,0.2931823014698556,0.303,1.137,54.502875,8.321311627963311,41.718,70.452,6.41478125,1.6707274006788275,3.965,9.53,201,188,3,0.9353233830845772,0.0159574468085106,0.0,0.0,0.0,26,3,1,2,0,0
40.0418125,6.356836758688469,29.91,49.799,0.7430322580645161,0.2597528933263263,0.308,1.155,55.740375,9.643148196785182,39.674,69.346,6.72325,1.8519861004146416,4.04,10.012,194,191,5,0.9845360824742267,0.0261780104712041,0.0,0.0,0.0,27,3,1,2,0,0
38.86203125,5.641549486789526,31.134,50.235,0.7821935483870968,0.2932449964739198,0.32,1.177,52.178225806451614,9.61983996301282,40.671,68.005,7.11265625,1.579649340617884,4.18,9.876,257,247,6,0.9610894941634242,0.0242914979757085,0.0,0.0,0.0,28,3,1,2,0,0
51.8014375,1.3855379748814929,49.67,54.524,1.29384375,0.0698163994853413,1.188,1.443,55.97334375,11.579747241125204,37.545,73.033,10.46609375,0.3472700315293375,9.905,11.144,284,259,11,0.9119718309859156,0.0424710424710424,0.0,0.0,0.0,29,3,1,2,0,0
38.82696774193548,5.353825289665147,30.255,49.524,0.75496875,0.3070909799386452,0.336,1.184,54.6829375,8.601534675286807,42.333,68.242,7.29809375,1.895233824358339,4.137,10.001,211,196,3,0.9289099526066352,0.0153061224489795,2.0,0.0,1.0,30,3,1,2,0,0
41.37265625,6.317295504480332,30.628,49.852,0.678483870967742,0.2917047446726161,0.307,1.167,53.5954375,8.778607626892518,40.951,69.719,7.01378125,1.723160201384972,4.273,9.824,266,264,4,0.9924812030075189,0.0151515151515151,0.0,0.0,0.0,1,4,1,3,0,0
40.2805625,5.159981632484813,31.091,49.236,0.74390625,0.2508247504604526,0.318,1.075,55.47703225806452,9.75196194101088,40.556,70.891,6.780838709677419,1.799144168704928,4.089,9.777,254,231,5,0.9094488188976378,0.0216450216450216,0.0,0.0,0.0,2,4,1,3,0,0
38.75459375,5.545324929305094,31.655,49.157,0.7923749999999999,0.2427957790460547,0.373,1.19,56.30996875,8.94370616504891,41.62,70.615,7.24096875,1.5646906627061077,4.081,9.826,195,188,2,0.964102564102564,0.0106382978723404,0.0,0.0,0.0,3,4,1,3,0,0
39.347125,4.490588313709662,32.432,48.343,0.6941875,0.2715871436811824,0.31,1.186,53.72466666666666,8.083780190042251,42.92,67.262,7.1958,1.711952210902452,4.213,9.737,205,188,4,0.9170731707317074,0.0212765957446808,0.0,0.0,0.0,4,4,1,3,0,0
40.4836875,6.1205954087211225,30.269,50.163,0.72109375,0.2565430680531614,0.3,1.171,56.31938709677419,8.865955735950186,42.846,69.623,7.216633333333333,1.9658471102604955,4.229,9.81,187,169,1,0.9037433155080212,0.0059171597633136,1.0,0.0,1.0,5,4,1,3,0,0
40.24703225806452,5.833752620077238,29.933,48.935,0.7323225806451613,0.2301907016796833,0.308,1.169,54.65615625,9.666625214588311,41.388,70.016,6.7223125,1.5358896851662236,4.424,9.413,247,231,6,0.9352226720647774,0.0259740259740259,0.0,0.0,0.0,6,4,1,3,0,0
40.71526666666667,5.684464933624732,29.951,49.452,0.7298749999999999,0.2350193883559946,0.341,1.192,55.7940625,9.016634859498089,39.803,68.237,6.61384375,1.621692825401801,4.052,10.039,292,270,3,0.9246575342465754,0.0111111111111111,0.0,0.0,0.0,7,4,1,3,0,0
40.2203125,5.990425998301705,30.514,49.574,0.7544375,0.2976912166723616,0.321,1.21,54.25671875,10.072616369705042,39.82,68.835,6.39541935483871,1.5024101919736292,4.452,9.974,253,230,3,0.9090909090909092,0.0130434782608695,0.0,0.0,0.0,8,4,1,3,0,0
38.641903225806445,6.011563880582371,29.698,48.93,0.68465625,0.2783537560516554,0.306,1.155,54.63934375,8.835067236392295,40.395,69.245,7.13621875,1.4204747896475296,4.531,9.475,222,200,4,0.9009009009009008,0.02,0.0,0.0,0.0,1,5,1,4,0,0
38.42570967741935,5.76060702353232,30.528,48.271,0.7361612903225807,0.2644984053857658,0.307,1.198,56.0541875,9.01432426192854,41.736,68.339,7.00321875,1.723925522947368,4.301,9.964,189,170,4,0.8994708994708994,0.0235294117647058,0.0,0.0,0.0,2,5,1,4,0,0
40.396625,5.4515744559152,29.925,47.831,0.77615625,0.2340311682268259,0.323,1.154,54.268,8.308026651299917,40.025,68.064,7.43865625,1.8141259622905053,4.11,9.831,227,218,3,0.960352422907489,0.0137614678899082,0.0,0.0,0.0,3,5,1,4,0,0
39.29865625,6.237185550206247,30.694,49.901,0.8097096774193548,0.2495191633987774,0.394,1.21,54.04425,10.457703084638212,39.641,69.784,6.779875,1.3796625288629054,4.621,9.622,228,209,5,0.9166666666666666,0.0239234449760765,1.0,0.0,1.0,4,5,1,4,0,0
38.64538709677419,6.412126114778776,30.601,49.879,0.8290625,0.2342430413467064,0.347,1.168,54.534838709677416,8.685972596076097,40.034,68.638,6.50753125,1.5812457111378788,4.047,9.418,210,191,4,0.9095238095238096,0.0209424083769633,0.0,0.0,0.0,5,5,1,4,0,0
38.115375,4.47950481674323,30.445,46.933,0.75625,0.2021229265060122,0.366,1.096,55.03984375,9.313712804279769,40.134,68.389,6.68371875,1.859591981511432,3.98,9.939,177,162,3,0.9152542372881356,0.0185185185185185,0.0,0.0,0.0,6,5,1,4,0,0
41.303,5.51929558385266,29.614,48.899,0.74496875,0.2505721819092738,0.362,1.131,57.04521875,8.852484793272506,41.38,70.633,7.08628125,2.013886440633168,4.12,9.953,300,291,4,0.97,0.0137457044673539,0.0,0.0,0.0,7,5,1,4,0,0
39.65265625,5.763026521236546,30.444,48.608,0.82640625,0.2804025745792023,0.355,1.201,53.8719375,9.981544537335212,39.416,70.203,6.448032258064517,1.578459723567482,3.965,9.909,242,227,6,0.9380165289256198,0.026431718061674,0.0,0.0,0.0,8,5,1,4,0,0
40.85765625,5.574012133564205,30.864,49.233,0.7708125,0.2666882240950428,0.31,1.204,57.3871875,8.179521527285237,42.218,70.787,7.420774193548388,1.697930303039113,4.443,9.911,151,143,1,0.9470198675496688,0.0069930069930069,0.0,0.0,0.0,9,5,1,4,0,0
39.84796875,5.183465483472111,31.728,47.48,0.7803125,0.2787214400239641,0.382,1.176,53.94806451612904,7.613416525824588,40.818,68.0,7.012870967741936,1.9679551611073445,4.04,9.9,296,270,3,0.9121621621621622,0.0111111111111111,0.0,0.0,0.0,10,5,1,4,0,0
38.8461875,6.682395120340823,29.822,50.136,0.65978125,0.2294590742025056,0.307,1.066,52.3065625,8.766340417674206,41.044,68.56,6.47471875,1.8254525419366296,4.207,9.66,266,255,2,0.9586466165413534,0.0078431372549019,0.0,0.0,0.0,11,5,1,4,0,0
40.796,5.57894515986438,30.581,49.835,0.7207741935483871,0.2796461704460858,0.341,1.152,56.46484375,9.255664368930104,41.117,70.478,6.81203125,1.5827304802730895,4.312,9.615,161,156,2,0.968944099378882,0.0128205128205128,2.0,0.0,1.0,12,5,1,4,0,0
40.58325,5.331176036812502,30.187,48.996,0.7824375,0.2432437961281617,0.34,1.174,52.051,9.037948139962143,40.465,70.202,6.980375,1.602903328540172,4.387,9.617,230,216,2,0.9391304347826088,0.0092592592592592,0.0,0.0,0.0,13,5,1,4,0,0
40.461625,5.245709680146922,29.974,50.561,0.75615625,0.2457836853000569,0.331,1.15,53.288625,8.564540040942259,40.467,68.604,7.014,1.759016825828675,4.32,9.821,208,196,4,0.9423076923076924,0.0204081632653061,0.0,0.0,0.0,14,5,1,4,0,0
39.558,5.4235886405529925,30.629,50.432,0.7514375,0.2678142034706994,0.297,1.153,56.24321875,8.785029145064751,41.029,69.122,6.713625,1.551902552436223,4.023,9.224,164,163,4,0.9939024390243902,0.0245398773006134,0.0,0.0,0.0,15,5,1,4,0,0
40.5340625,5.208365373793921,30.441,48.638,0.7876875,0.2435655091716898,0.336,1.184,54.160548387096775,8.13542452012067,40.484,69.286,7.27553125,1.8669868597491,4.097,10.142,153,148,1,0.9673202614379084,0.0067567567567567,0.0,0.0,0.0,16,5,1,4,0,0
40.0564375,5.07779567324184,30.636,48.448,0.6808125,0.2482179632058576,0.315,1.183,56.45778125,8.03709919879368,40.936,68.081,7.43565625,1.594529652752831,4.046,9.969,294,278,4,0.9455782312925172,0.014388489208633,0.0,0.0,0.0,17,5,1,4,0,0
40.761875,6.44822314985474,29.93,50.345,0.7481935483870967,0.2678359472207864,0.304,1.216,55.28375,9.195891400248334,40.847,70.112,6.82084375,1.7033369357628192,4.078,9.695,271,252,3,0.9298892988929888,0.0119047619047619,0.0,0.0,0.0,18,5,1,4,0,0
41.074125,5.708542476821681,30.181,49.927,0.77971875,0.2914524510962294,0.343,1.185,57.09825,8.885878564946056,40.955,70.291,6.98721875,1.4548518100873766,4.989,9.961,230,218,6,0.9478260869565216,0.0275229357798165,0.0,0.0,0.0,19,5,1,4,0,0
39.86096875,5.346272463787874,30.61,48.977,0.72775,0.2610733428034748,0.326,1.183,55.87215625,8.660339679359879,40.995,69.431,6.680375,1.771989655361926,4.122,9.907,175,163,3,0.9314285714285714,0.0184049079754601,0.0,0.0,0.0,20,5,1,4,0,0
40.81925806451613,6.221143362050323,31.805,50.114,0.736375,0.2780633195468603,0.31,1.21,54.99845161290322,8.695494863581983,42.184,70.237,6.97546875,1.6532843360312008,4.618,9.683,188,178,1,0.946808510638298,0.0056179775280898,0.0,0.0,0.0,21,5,1,4,0,0
39.15021875,5.549657296797268,29.762,49.495,0.7718387096774193,0.2849035037545395,0.322,1.189,55.4061875,9.275402053497857,39.967,68.822,6.90365625,1.635369517469784,4.125,10.119,215,200,3,0.9302325581395348,0.015,0.0,0.0,0.0,22,5,1,4,0,0
40.25861290322581,5.39635167915892,31.303,49.829,0.802125,0.2741872152968808,0.316,1.207,52.3228125,9.315173028149012,40.446,69.467,7.24321875,1.718808378187464,4.258,9.99,168,152,2,0.9047619047619048,0.0131578947368421,0.0,0.0,0.0,23,5,1,4,0,0
39.37159375,5.457024291677626,30.229,48.206,0.7119032258064516,0.2795407370239872,0.3,1.181,56.60003125,8.801550986796899,41.153,69.805,6.436625,1.706505101454526,4.277,9.852,290,262,6,0.903448275862069,0.0229007633587786,0.0,0.0,0.0,24,5,1,4,0,0
39.513375,6.154152947400642,31.735,49.567,0.7889375,0.2648273859608155,0.301,1.163,56.5824375,7.90338045655965,42.359,69.435,6.6459375,1.9723256444057724,4.024,9.871,288,264,5,0.9166666666666666,0.0189393939393939,0.0,0.0,0.0,25,5,1,4,0,0
39.10425,5.366587850887221,30.602,49.723,0.7552258064516129,0.2250396571980769,0.433,1.095,53.70090322580646,7.8082130834775025,40.932,69.843,6.60625806451613,1.637966930226654,4.215,9.799,272,252,6,0.9264705882352942,0.0238095238095238,0.0,0.0,0.0,26,5,1,4,0,0
38.66590625,5.630883757826405,30.266,50.013,0.7434,0.2578490068719047,0.31,1.16,55.50540625,8.783593797013122,40.24,70.638,6.71896875,1.383526757715411,3.98,9.896,266,255,3,0.9586466165413534,0.0117647058823529,0.0,0.0,0.0,27,5,1,4,0,0
39.77434375,5.056689498523299,30.951,49.543,0.79378125,0.2917172442706099,0.31,1.219,55.43659375,7.578859778311941,39.943,65.662,7.0411875,1.7538393540568955,4.082,9.874,187,169,4,0.9037433155080212,0.0236686390532544,0.0,0.0,0.0,28,5,1,4,0,0
38.3149375,5.2913897798611815,30.249,49.164,0.67034375,0.2997289753583307,0.303,1.199,54.23771875,7.904169549875909,40.05,68.805,7.23409375,1.7902384299552698,4.049,9.682,160,155,3,0.96875,0.0193548387096774,0.0,0.0,0.0,29,5,1,4,0,0
41.0338275862069,4.877602185126896,30.393,48.922,0.7700625,0.2531607850053324,0.348,1.213,57.0081875,8.294081642128335,41.795,71.08,6.9281875,1.6079427336436514,4.419,9.706,236,234,7,0.9915254237288136,0.0299145299145299,0.0,0.0,0.0,30,5,1,4,0,0
39.6033125,6.405219703302973,30.6,50.025,0.7188387096774194,0.2585824300262482,0.316,1.144,56.53615625,8.752376658276697,40.838,70.816,6.79578125,1.667102484114376,4.053,9.847,295,271,4,0.91864406779661,0.014760147601476,0.0,0.0,0.0,31,5,1,4,0,0
40.2635,6.055873176964977,30.043,49.77,0.7541290322580645,0.2549965675501645,0.352,1.187,55.45048387096774,8.835932317799362,41.704,67.359,7.0434375,1.8055343760406544,4.126,9.754,291,266,4,0.9140893470790378,0.0150375939849624,0.0,0.0,0.0,32,5,1,4,0,0
40.51080645161291,6.317579744487364,30.194,50.521,0.74615625,0.2882687041045715,0.307,1.209,53.926625,10.159236851418802,40.371,69.616,7.60978125,1.6698497466572526,4.294,10.078,275,273,7,0.9927272727272728,0.0256410256410256,0.0,0.0,0.0,33,5,1,4,0,0
41.25971875,5.399163801650812,29.895,49.39,0.725774193548387,0.2802508054912503,0.328,1.165,55.28687096774193,8.897371382387554,41.304,71.099,7.512129032258064,1.6418272288710425,4.81,10.069,292,284,5,0.9726027397260274,0.0176056338028169,0.0,0.0,0.0,34,5,1,4,0,0
41.343225806451606,6.11965053855026,30.075,49.409,0.7742903225806451,0.2715060703493738,0.337,1.225,54.80925,9.805110135750311,39.539,68.764,6.8141875,1.741809615860248,4.02,9.843,211,201,2,0.95260663507109,0.0099502487562189,0.0,0.0,0.0,35,5,1,4,0,0
39.524875,5.81885017324812,30.629,49.805,0.68140625,0.2779425398235188,0.318,1.18,54.85615625,7.871584929185421,39.662,70.307,7.49634375,1.7814327979208382,4.637,10.065,189,172,2,0.91005291005291,0.0116279069767441,0.0,0.0,0.0,36,5,1,4,0,0
39.82854838709677,5.886295449820768,29.777,50.622,0.722741935483871,0.2494823931986565,0.305,1.163,55.0470625,7.548968982956889,39.693,67.561,6.92,1.5461388169822627,4.321,9.69,256,254,3,0.9921875,0.0118110236220472,0.0,0.0,0.0,37,5,1,4,0,0
40.9434375,5.068881291207639,30.596,49.013,0.814875,0.2680757897167479,0.383,1.216,54.88246875,9.68537752518938,40.7,71.116,6.6595,1.7257121391172905,4.067,9.973,236,214,4,0.9067796610169492,0.0186915887850467,0.0,0.0,0.0,38,5,1,4,0,0
38.53078125,6.070471192501612,29.676,50.556,0.711483870967742,0.2324366395339802,0.324,1.083,55.16765625,8.36223645656134,39.956,69.508,7.11125806451613,1.7287046203779664,4.196,9.926,243,227,3,0.934156378600823,0.013215859030837,0.0,0.0,0.0,39,5,1,4,0,0
41.3218125,6.445690635623254,30.332,49.973,0.78003125,0.2705327461396697,0.305,1.203,55.44596875,8.145865436445005,41.821,70.364,7.07403125,1.6018529287807757,4.298,9.632,228,215,2,0.9429824561403508,0.0093023255813953,0.0,0.0,0.0,40,5,1,4,0,0
40.36146875,6.219561254022692,29.625,49.337,0.7420625,0.2589129804618009,0.335,1.152,55.10015625,8.813539174545603,40.293,69.848,7.7305,1.7129090705203724,4.279,9.938,242,238,2,0.9834710743801652,0.0084033613445378,0.0,0.0,0.0,41,5,1,4,0,0
39.65545161290323,4.007946197565611,31.397,47.584,0.8069375,0.2607082088490701,0.389,1.2,55.32796875,8.99340383544401,40.553,69.432,7.542483870967742,1.804618997110244,4.284,9.961,278,257,2,0.9244604316546764,0.0077821011673151,1.0,0.0,1.0,42,5,1,4,0,0
40.82765625,5.161591668801741,31.268,49.607,0.8434375,0.2426415034439664,0.366,1.187,53.295,8.2550365701306,39.928,69.493,6.989,1.7295555088127454,4.071,9.729,185,177,4,0.9567567567567568,0.0225988700564971,0.0,0.0,0.0,43,5,1,4,0,0
40.79440625,5.85309553533565,29.689,50.632,0.824875,0.2468342463299822,0.363,1.17,54.13393548387097,8.755442196849087,40.355,67.699,7.45765625,1.7374892454413045,4.106,9.788,220,201,2,0.9136363636363636,0.0099502487562189,0.0,0.0,0.0,44,5,1,4,0,0
39.08915625,5.914553532679151,29.911,48.912,0.8336250000000001,0.2184930426293234,0.315,1.124,55.73090625,9.252688506797938,40.634,70.311,7.137875,1.6460215721943114,4.618,9.726,153,151,4,0.9869281045751634,0.0264900662251655,0.0,0.0,0.0,45,5,1,4,0,0
40.071625,5.834184509174935,29.962,49.659,0.772625,0.2657556177902864,0.309,1.218,56.0886875,8.840985291892055,39.536,70.405,7.51678125,1.690713339323414,4.353,10.0,160,158,2,0.9875,0.0126582278481012,0.0,0.0,0.0,46,5,1,4,0,0
51.8194375,1.2917035247949666,49.779,54.219,1.3359677419354838,0.0752287550833978,1.181,1.465,55.89922580645161,11.2074945511465,39.751,74.727,10.415774193548389,0.3309383335988161,9.848,11.019,289,237,8,0.8200692041522492,0.0337552742616033,0.0,0.0,0.0,47,5,1,4,0,0
51.97265625,1.251427278295828,49.927,54.732,1.3455483870967744,0.0989787312876449,1.223,1.768,56.97765625,10.151550139405456,40.599,70.535,10.41671875,0.2481426793490313,10.0,10.944,235,207,9,0.8808510638297873,0.0434782608695652,0.0,0.0,0.0,48,5,1,4,0,0
51.93715625,1.1705575486913853,49.77,53.98,1.32740625,0.0659945546996113,1.216,1.46,54.57146875,10.480669635046794,39.313,73.579,10.472375,0.2463129074715669,10.075,10.903,271,235,8,0.8671586715867159,0.0340425531914893,0.0,0.0,0.0,49,5,1,4,0,0
52.31209677419355,1.3760754667977269,49.977,54.683,1.325,0.0839612045588183,1.173,1.451,55.84834375,11.637473386156808,38.197,73.449,10.47025,0.2796716969314489,9.929,10.905,296,271,7,0.9155405405405406,0.025830258302583,0.0,0.0,0.0,50,5,1,4,0,0
51.87958064516129,1.3882790491394623,49.451,54.178,1.349225806451613,0.0588901291544513,1.217,1.455,55.0298125,10.633007062422005,38.494,74.258,10.55971875,0.2898903279134056,9.919,11.042,285,270,10,0.9473684210526316,0.037037037037037,0.0,0.0,0.0,51,5,1,4,0,0
51.77035483870968,1.3284680537718905,49.316,54.345,1.32340625,0.0756506654662328,1.175,1.44,52.621375,9.811976824762551,38.49,70.628,10.462375,0.2959531076631633,9.964,11.094,180,163,4,0.9055555555555556,0.0245398773006134,0.0,0.0,0.0,52,5,1,4,0,0
51.93277419354838,1.4187158444564685,49.73,54.732,1.31996875,0.0699052281837299,1.194,1.442,55.97578125,10.912680309220557,38.311,71.148,10.42084375,0.2868686458288488,9.942,11.094,236,221,8,0.9364406779661016,0.0361990950226244,0.0,0.0,0.0,53,5,1,4,0,0
51.65422580645161,1.0949331702491378,49.908,54.067,1.30615625,0.0644060252515995,1.195,1.415,54.95034375,9.120360521345336,38.455,69.84,10.51671875,0.3136897207869895,9.956,11.121,286,264,11,0.9230769230769232,0.0416666666666666,0.0,0.0,0.0,54,5,1,4,0,0
51.8041875,1.078289488854543,49.655,53.892,1.32575,0.0734350711677966,1.19,1.445,55.0783125,10.699069740802155,38.339,73.259,10.42315625,0.3374885526732487,9.886,11.122,278,228,7,0.8201438848920863,0.0307017543859649,0.0,0.0,0.0,55,5,1,4,0,0
52.334645161290325,1.3314924095011356,49.625,54.329,1.321,0.0725191854481592,1.198,1.449,53.5219375,10.649669111738456,39.23,71.342,10.4915625,0.2953376348323851,9.969,10.992,229,183,9,0.7991266375545851,0.0491803278688524,0.0,0.0,0.0,56,5,1,4,0,0
51.9985625,1.0809192902787763,49.639,53.872,1.3068064516129032,0.0609882061576054,1.191,1.451,56.173625,9.613490107572122,41.436,73.606,10.60453125,0.2522089487521113,10.154,11.062,263,212,4,0.8060836501901141,0.0188679245283018,0.0,0.0,0.0,57,5,1,4,0,0
52.0836875,1.0612840803449142,50.377,54.221,1.33478125,0.0729160960039112,1.227,1.45,55.633,9.986616007953977,39.54,72.791,10.51415625,0.3325536686616501,9.924,11.151,186,172,7,0.9247311827956988,0.0406976744186046,1.0,0.0,1.0,58,5,1,4,0,0
39.8101875,5.97373576549614,30.037,49.017,0.7749999999999999,0.2739379491782766,0.323,1.221,53.50828125,8.679091944602439,39.868,66.616,6.441,1.6110337694944856,4.216,9.985,255,235,3,0.9215686274509804,0.0127659574468085,0.0,0.0,0.0,59,5,1,4,0,0
40.276387096774194,5.209824780658297,31.919,48.665,0.7319666666666667,0.2471610508503944,0.342,1.21,56.333,8.349024022544924,41.252,69.43,7.754870967741936,1.4683504064524355,4.173,9.828,177,171,3,0.9661016949152542,0.0175438596491228,0.0,0.0,0.0,1,6,1,5,0,0
40.731366666666666,5.715548276613438,30.66,49.288,0.64253125,0.2260236905046788,0.327,1.171,56.352387096774194,9.097306318090055,40.446,70.076,6.8734375,1.6633584165098614,4.088,9.499,280,263,3,0.9392857142857144,0.0114068441064638,0.0,0.0,0.0,2,6,1,5,0,0
40.3093125,5.968465915380981,29.784,48.991,0.73728125,0.2884382009480177,0.325,1.189,54.66525,8.207578236978863,42.298,68.976,7.096774193548387,1.9997896507662567,3.939,9.924,256,234,7,0.9140625,0.0299145299145299,0.0,0.0,0.0,3,6,1,5,0,0
40.4540625,6.038870493285763,30.973,50.172,0.7025625,0.2562328751162164,0.303,1.166,54.75290625,7.955004743857693,42.233,69.167,7.30503125,1.6030612546277545,4.388,9.907,151,144,3,0.9536423841059604,0.0208333333333333,0.0,0.0,0.0,4,6,1,5,0,0
38.7909375,5.856808554800185,30.951,49.546,0.74309375,0.2865185192883024,0.3,1.185,53.24425,8.846080429644642,40.297,70.759,7.02959375,1.8549615570205744,4.11,9.989,298,277,3,0.929530201342282,0.0108303249097472,2.0,0.0,1.0,5,6,1,5,0,0
38.66790625,6.647069960173696,29.997,49.965,0.750875,0.2535730155074636,0.392,1.178,55.97709375,7.688071314661077,40.863,70.646,7.568548387096774,1.672759951670884,4.594,9.922,223,211,2,0.9461883408071748,0.0094786729857819,2.0,0.0,1.0,6,6,1,5,0,0
39.93403125,6.38356472101435,30.342,49.488,0.6519354838709678,0.2590095153314991,0.314,1.176,54.19009375,9.327545368628911,40.225,70.275,7.1736562500000005,1.9415388078893303,4.11,10.064,189,185,4,0.9788359788359788,0.0216216216216216,0.0,0.0,0.0,7,6,1,5,0,0
39.63546875,6.086640791768821,30.075,50.461,0.75990625,0.2243849456417367,0.319,1.144,56.4174375,9.339304695185614,40.472,69.092,6.4253125,1.5286243538955475,3.959,9.722,264,247,4,0.9356060606060606,0.0161943319838056,0.0,0.0,0.0,8,6,1,5,0,0
40.48212903225807,6.060155728152732,30.145,48.396,0.60371875,0.2068478066622118,0.329,0.998,56.44303125,8.98734050326194,40.659,68.808,6.87628125,1.6960956347499223,4.266,9.608,152,149,1,0.9802631578947368,0.0067114093959731,0.0,0.0,0.0,9,6,1,5,0,0
38.962625,6.11499655131388,30.463,49.981,0.8148064516129032,0.2653409654708244,0.303,1.187,54.577,8.627076595269404,41.763,68.713,6.977129032258064,1.674000094423245,4.039,9.694,214,198,4,0.9252336448598132,0.0202020202020202,0.0,0.0,0.0,10,6,1,5,0,0
38.7760625,5.569060104504226,30.204,48.83,0.7101935483870968,0.3043209292128776,0.322,1.205,55.2371875,8.467704378849126,40.582,70.266,7.047548387096774,1.98795685464096,4.224,11.732,260,239,5,0.9192307692307692,0.0209205020920502,0.0,0.0,0.0,11,6,1,5,0,0
40.7319375,5.764768265703145,30.198,49.689,0.7958125,0.2543580708878852,0.3,1.193,57.97154838709677,8.703220587187673,41.699,70.443,6.668903225806451,1.778881883934188,4.079,9.935,273,249,5,0.912087912087912,0.0200803212851405,0.0,0.0,0.0,12,6,1,5,0,0
39.96046875,5.805150588385339,30.968,50.069,0.72521875,0.2583925164170251,0.312,1.159,52.19416129032258,9.614572800690889,40.447,70.026,7.01075,1.5949601269159093,4.027,9.561,262,255,3,0.9732824427480916,0.0117647058823529,0.0,0.0,0.0,13,6,1,5,0,0
39.8145,5.706865412703341,30.429,49.1,0.744375,0.2640587361346567,0.325,1.186,57.633875,8.062045905191768,40.941,69.482,7.0441290322580645,1.753078620445291,4.088,9.848,168,151,1,0.8988095238095238,0.0066225165562913,1.0,0.0,1.0,14,6,1,5,0,0
39.74696875,5.908417224245942,31.07,49.239,0.711375,0.2616395883530403,0.341,1.2,59.284451612903226,7.1064469314311545,45.52,70.627,7.152129032258065,1.7022620194305278,4.385,9.697,252,234,6,0.9285714285714286,0.0256410256410256,0.0,0.0,0.0,15,6,1,5,0,0
39.7980625,6.143752325828982,29.859,49.752,0.73340625,0.2709239697388038,0.312,1.208,54.7095625,10.279976041573375,40.028,71.126,6.679375,1.6336428865101336,3.98,9.686,172,166,3,0.9651162790697676,0.0180722891566265,0.0,0.0,0.0,16,6,1,5,0,0
39.25648387096774,5.76717010829961,29.743,50.319,0.69471875,0.2695388217145915,0.306,1.174,52.2373125,7.934815835972912,40.704,69.107,7.0494062500000005,1.775690521920162,4.044,9.99,174,167,4,0.9597701149425288,0.0239520958083832,0.0,0.0,0.0,17,6,1,5,0,0
38.67459375,5.105499646076642,31.067,48.572,0.79475,0.2322573655903461,0.349,1.152,53.57959375,9.193363517512015,42.3,68.752,6.56034375,1.3788680633362678,4.119,8.96,281,256,7,0.9110320284697508,0.02734375,0.0,0.0,0.0,18,6,1,5,0,0
41.302125,6.243108472806299,30.24,49.912,0.6905,0.2717040610189578,0.311,1.161,52.61028125,8.86575104703624,39.946,68.896,7.19703125,1.6145982519255273,4.322,9.839,267,259,5,0.9700374531835206,0.0193050193050193,0.0,0.0,0.0,19,6,1,5,0,0
40.09083870967742,6.346575838443773,29.969,50.031,0.6689375,0.2963800891727791,0.303,1.183,56.99315625,8.740641768382085,40.694,69.353,7.418875,1.6194682669759035,4.103,9.97,271,266,4,0.981549815498155,0.0150375939849624,0.0,0.0,0.0,20,6,1,5,0,0
42.463375,4.409031974437573,31.806,49.242,0.72065625,0.2602770991592887,0.308,1.175,52.41815625,7.703075385464773,40.571,70.018,7.3970625,1.604932737762532,4.058,9.814,205,187,2,0.9121951219512195,0.0106951871657754,0.0,0.0,0.0,21,6,1,5,0,0
40.63796875,6.321523134571876,31.006,49.655,0.7071875,0.2858045167141231,0.329,1.186,56.06634375,8.857306634271396,40.245,68.844,6.95428125,1.8713582135732496,4.093,9.797,297,290,7,0.9764309764309764,0.0241379310344827,0.0,0.0,0.0,22,6,1,5,0,0
40.25075,5.399485943273944,30.466,48.374,0.7396874999999999,0.2459173002218166,0.333,1.217,52.83441935483871,10.093141607957335,40.747,68.577,6.83609375,1.5903946428354436,4.188,9.992,298,294,7,0.9865771812080536,0.0238095238095238,0.0,0.0,0.0,23,6,1,5,0,0
39.287625,5.771454916642657,30.165,49.425,0.7167333333333333,0.2549350063668471,0.333,1.155,54.9296875,8.93956257296562,40.565,69.732,6.47265625,1.6504127462131717,4.093,9.705,223,222,2,0.9955156950672646,0.009009009009009,0.0,0.0,0.0,24,6,1,5,0,0
39.4241875,6.2798782320098345,30.257,49.031,0.76015625,0.2367257988277685,0.404,1.105,55.81071875,9.26285440655614,41.09,70.693,6.60684375,1.7911644637187034,3.973,9.901,233,221,5,0.9484978540772532,0.0226244343891402,0.0,0.0,0.0,25,6,1,5,0,0
40.625933333333336,5.353590692773135,31.863,49.548,0.76409375,0.2685094290859531,0.322,1.202,55.7289375,8.906030066441211,41.382,69.544,7.094375,1.840665618561622,4.232,9.93,231,221,4,0.9567099567099568,0.0180995475113122,0.0,0.0,0.0,26,6,1,5,0,0
41.04225,5.085633833050799,33.63,49.21,0.8016875,0.2585832913171056,0.311,1.189,56.53693548387097,9.130881180315088,41.01,71.335,6.828193548387097,1.739571506997338,4.065,9.982,271,268,7,0.988929889298893,0.0261194029850746,0.0,0.0,0.0,27,6,1,5,0,0
39.893625,5.490066482645815,30.713,50.298,0.77809375,0.2816377631588079,0.34,1.194,52.247516129032256,7.653404801659489,39.828,66.15,7.25803125,1.9084057268691,4.042,9.974,264,255,7,0.9659090909090908,0.0274509803921568,0.0,0.0,0.0,28,6,1,5,0,0
40.8769375,4.709703400958493,30.768,47.12,0.7288709677419355,0.2446132650989426,0.362,1.166,53.9921875,8.768553808878265,39.319,69.445,7.1376875,1.280836431286086,4.837,9.334,258,250,4,0.9689922480620154,0.016,0.0,0.0,0.0,29,6,1,5,0,0
40.27974193548387,5.369681455280452,30.858,49.289,0.6280322580645161,0.2367653527399321,0.33,1.17,55.086375,10.28161689540468,40.246,70.432,6.799193548387097,1.9113179993459115,4.094,10.092,293,285,4,0.9726962457337884,0.0140350877192982,0.0,0.0,0.0,30,6,1,5,0,0
51.9741875,1.212431266758204,50.067,54.045,1.32821875,0.0708837004672829,1.208,1.459,54.263625,11.279946046971174,38.027,74.165,10.507875,0.3085230947595333,9.956,11.074,154,142,3,0.922077922077922,0.0211267605633802,1.0,0.0,1.0,31,6,1,5,0,0
52.0823125,1.1790078233755037,50.007,54.177,1.33121875,0.0643597421630193,1.195,1.456,55.1174375,9.353073425997296,38.555,71.473,10.52446875,0.3370823565851048,9.838,11.058,242,197,8,0.8140495867768595,0.0406091370558375,1.0,0.0,1.0,32,6,1,5,0,0
52.18233333333333,1.1796368621049371,49.761,53.876,1.3075625,0.071467988547998,1.184,1.445,52.84365625,10.622217621598834,38.129,71.919,10.55340625,0.2641149382462845,10.077,11.115,185,170,9,0.918918918918919,0.0529411764705882,0.0,0.0,0.0,33,6,1,5,0,0
52.0068125,1.2487143436738353,49.762,54.205,1.2941875,0.0737434250759719,1.192,1.445,59.24734375,10.174785931359535,38.209,73.966,10.47740625,0.311262658441906,9.931,11.049,161,130,6,0.8074534161490683,0.0461538461538461,0.0,0.0,0.0,34,6,1,5,0,0
52.07146875,1.244247355979873,49.623,53.856,1.3196875,0.0631406200731811,1.188,1.434,57.6831875,10.61375899614391,37.718,73.4,10.546935483870968,0.3523337371947102,9.825,11.092,287,229,11,0.7979094076655052,0.0480349344978165,0.0,0.0,0.0,35,6,1,5,0,0
52.02934375,1.3735324980449068,49.552,54.307,1.32590625,0.0791064449782492,1.183,1.471,52.66634375,10.689425693282956,38.247,73.187,10.43325,0.3033944520725239,9.988,11.115,233,203,7,0.871244635193133,0.0344827586206896,0.0,0.0,0.0,36,6,1,5,0,0
51.74754838709677,1.3408275016747344,49.372,53.879,1.307258064516129,0.0661981710431818,1.186,1.432,57.2390625,9.425388253960852,40.92,73.317,10.46634375,0.3287801117694942,9.93,11.115,176,160,8,0.9090909090909092,0.05,5.0,0.0,1.0,37,6,1,5,0,0
40.850966666666665,5.0594825241958965,30.107,49.134,0.785625,0.2632683838509361,0.305,1.158,56.02871875,7.989545423842154,40.209,70.846,6.28546875,1.733137802990064,3.975,9.464,214,203,2,0.9485981308411215,0.0098522167487684,0.0,0.0,0.0,38,6,1,5,0,0
41.392875,6.853350203814848,30.076,58.623,0.77290625,0.2626068273410442,0.324,1.179,55.34859375,9.06997129795713,39.347,70.072,7.195129032258064,1.7175720604375524,4.04,9.533,154,153,1,0.9935064935064936,0.0065359477124183,0.0,0.0,0.0,1,7,1,6,0,0
41.5290625,6.324548077377902,30.716,50.202,0.7841,0.249628323713476,0.362,1.17,54.48777419354839,9.485112477666172,40.199,69.084,6.96375,1.888783376981408,4.257,9.86,279,252,3,0.9032258064516128,0.0119047619047619,0.0,0.0,0.0,2,7,1,6,0,0
40.74433333333333,5.9548881939377205,30.666,50.352,0.809625,0.2236416704780071,0.402,1.152,57.8036875,9.185673871841884,42.317,70.053,6.69453125,1.7463011598597245,4.188,10.024,171,169,1,0.9883040935672516,0.0059171597633136,0.0,0.0,0.0,3,7,1,6,0,0
41.10671875,6.352463958000992,30.787,50.275,0.76925,0.244845573451328,0.346,1.178,53.95584375,9.118233371301049,40.739,67.631,6.75290625,1.6234686751873335,4.007,9.917,236,216,3,0.9152542372881356,0.0138888888888888,0.0,0.0,0.0,4,7,1,6,0,0
40.0795,6.111394872721167,30.444,50.152,0.7816333333333334,0.2318555560054033,0.356,1.154,53.76234375,8.987026242560761,41.276,68.645,7.0428125,1.7447579448996131,4.179,9.706,227,215,3,0.947136563876652,0.013953488372093,0.0,0.0,0.0,5,7,1,6,0,0
40.4488125,6.2078789813897535,30.452,50.058,0.7275,0.2777530813394306,0.307,1.189,55.48751612903226,9.31603741180039,40.155,70.257,6.837875,1.6168461683963828,4.091,9.59,187,172,4,0.9197860962566844,0.0232558139534883,0.0,0.0,0.0,6,7,1,6,0,0
39.9186875,6.106482153113224,30.248,50.387,0.6989354838709678,0.247642206349385,0.313,1.12,55.87878125,7.771739622314713,41.051,68.434,7.182870967741936,1.5947512186740496,4.212,9.601,201,184,2,0.9154228855721394,0.0108695652173913,0.0,0.0,0.0,7,7,1,6,0,0
39.83103125,5.817439917398402,29.931,49.376,0.6979375,0.2583301135768828,0.31,1.148,54.69553125,8.635733825719116,40.014,70.521,7.164875,1.8445626590674025,4.223,9.976,278,276,5,0.9928057553956836,0.0181159420289855,0.0,0.0,0.0,8,7,1,6,0,0
40.1593125,5.974351925644456,29.884,49.393,0.7703125,0.2425362543567855,0.324,1.216,57.9874375,8.405918460064793,43.6,70.407,6.7949375,1.624732830394367,4.369,9.954,178,165,3,0.9269662921348316,0.0181818181818181,0.0,0.0,0.0,9,7,1,6,0,0
42.00951612903226,5.050156405967165,31.269,49.133,0.78096875,0.2606935519421098,0.359,1.182,56.02974193548387,8.853028061884597,40.662,69.54,6.69490625,1.8367206112609085,4.453,10.005,250,248,7,0.992,0.0282258064516129,0.0,0.0,0.0,10,7,1,6,0,0
40.436125,5.492966909398048,30.561,48.514,0.7468064516129033,0.2686258140182906,0.329,1.186,54.61228125,9.260628673825329,39.731,70.181,6.699612903225806,1.7684920823009898,4.388,9.81,279,252,4,0.9032258064516128,0.0158730158730158,0.0,0.0,0.0,11,7,1,6,0,0
41.6575625,5.649063353349941,30.352,49.355,0.78471875,0.2789873663893021,0.317,1.157,55.5635,8.969578840761985,39.999,70.017,7.291935483870968,1.6316748845993363,4.31,9.802,184,170,4,0.9239130434782608,0.0235294117647058,1.0,0.0,1.0,12,7,1,6,0,0
39.449000000000005,5.08605179551552,30.882,49.211,0.8329375,0.2945841177310053,0.321,1.2,56.72175,7.550403919979296,40.347,69.528,6.55909375,1.6732009377310884,4.133,9.609,193,191,2,0.9896373056994818,0.0104712041884816,0.0,0.0,0.0,13,7,1,6,0,0
39.18635483870968,5.979978052068904,29.715,48.751,0.7604516129032257,0.2078884057548949,0.412,1.079,54.90925806451612,9.627465834675782,40.491,69.324,7.05603125,1.7522671854812888,4.013,9.623,210,201,5,0.9571428571428572,0.0248756218905472,0.0,0.0,0.0,14,7,1,6,0,0
39.055125,5.889617155803549,30.353,49.675,0.6608125,0.2759982979727791,0.298,1.156,56.2033125,9.368904402631353,40.693,69.883,6.63109375,1.7804721620850124,4.193,9.767,247,229,4,0.9271255060728744,0.0174672489082969,0.0,0.0,0.0,15,7,1,6,0,0
39.42459375,5.494751471437347,30.291,49.645,0.76315625,0.2259527654571679,0.318,1.19,54.98584375,9.622336183066963,40.418,68.841,7.0345,1.8055146527487167,4.134,9.727,217,206,3,0.9493087557603688,0.0145631067961165,0.0,0.0,0.0,16,7,1,6,0,0
40.14878125,5.360194963560471,30.982,50.333,0.804258064516129,0.212380471127006,0.407,1.179,55.43365625,8.828136600991522,41.843,70.557,7.09465625,1.6910001928497054,4.125,9.918,222,203,2,0.9144144144144144,0.0098522167487684,2.0,0.0,1.0,17,7,1,6,0,0
40.413125,6.437673351251937,29.86,49.785,0.667375,0.2401558297869222,0.311,1.113,53.2418125,8.660930458982023,39.295,66.809,6.88934375,1.7205848519799605,4.033,9.863,170,160,3,0.9411764705882352,0.01875,0.0,0.0,0.0,18,7,1,6,0,0
40.019,5.698669256091511,30.626,49.138,0.7666774193548387,0.259883100270971,0.315,1.183,56.6420625,8.643141983723654,41.492,70.046,6.83171875,1.4615528250057397,4.251,9.393,252,229,6,0.9087301587301588,0.0262008733624454,0.0,0.0,0.0,19,7,1,6,0,0
40.90973333333333,5.746395769543712,29.638,49.041,0.720875,0.2462433558953025,0.356,1.193,54.922870967741936,9.248271549293,40.951,69.677,7.2964375,1.7213066480476111,4.069,10.026,197,185,3,0.9390862944162436,0.0162162162162162,0.0,0.0,0.0,20,7,1,6,0,0
38.64971875,5.170692629927395,30.985,49.371,0.840625,0.2453995754130459,0.343,1.181,56.82777419354839,8.228572621095664,42.575,69.085,7.105645161290322,1.7382522169962775,4.015,9.882,161,153,3,0.9503105590062112,0.0196078431372549,0.0,0.0,0.0,21,7,1,6,0,0
40.7080625,5.999640795363261,29.918,50.01,0.73996875,0.2362680932651747,0.375,1.212,58.244625,7.603348463331054,44.649,70.014,7.210903225806452,1.9254843434806856,4.222,10.034,216,213,2,0.9861111111111112,0.0093896713615023,0.0,0.0,0.0,22,7,1,6,0,0
52.023875,0.998825624937736,50.418,53.877,1.313125,0.0724487583098921,1.203,1.467,56.25,9.939566788011104,38.031,72.776,10.352354838709678,0.2961394433243792,9.947,11.034,156,129,5,0.8269230769230769,0.0387596899224806,0.0,0.0,0.0,23,7,1,6,0,0
52.204741935483874,1.348692304116397,49.507,54.318,1.32896875,0.07969477433591,1.184,1.466,56.045125,9.809942625033626,39.873,74.773,10.48540625,0.2706469977277271,10.053,11.095,260,246,13,0.946153846153846,0.0528455284552845,2.0,0.0,1.0,24,7,1,6,0,0
51.794645161290326,1.3679438231249896,49.651,54.008,1.3164375,0.0596197290900771,1.201,1.417,53.925125,9.580849917682736,38.227,70.812,10.51303125,0.2941548291428586,9.87,11.088,238,206,8,0.865546218487395,0.0388349514563106,0.0,0.0,0.0,25,7,1,6,0,0
51.88434375,1.222179190952941,49.734,54.335,1.3134,0.0702211285622192,1.215,1.449,54.69783870967742,9.850006325198558,39.384,72.592,10.51709375,0.3049095433683517,9.933,11.117,275,224,8,0.8145454545454546,0.0357142857142857,2.0,0.0,1.0,26,7,1,6,0,0
52.1165,1.2667781586472848,49.858,54.413,1.3159677419354838,0.0773522177535838,1.192,1.454,53.02325,9.961222389037951,39.893,72.138,10.49228125,0.3894929072504244,9.892,11.12,281,250,6,0.8896797153024911,0.024,0.0,0.0,0.0,27,7,1,6,0,0
52.0528125,1.1657862759224047,49.989,54.27,1.3243870967741935,0.073759373379187,1.206,1.452,56.6499375,11.645067625220891,38.158,72.367,10.480774193548386,0.3181047741103989,9.871,11.095,243,206,5,0.8477366255144033,0.0242718446601941,2.0,1.0,0.0,28,7,1,6,0,0
52.37090625,1.193548987044856,50.137,54.589,1.30628125,0.0723090296306693,1.179,1.442,54.3601875,10.262989611714575,38.617,72.075,10.4621,0.3247060580554834,9.893,11.014,282,259,8,0.9184397163120568,0.0308880308880308,4.0,0.0,1.0,29,7,1,6,0,0
52.196,1.1559618254663455,50.163,54.407,1.32803125,0.0743637460989625,1.192,1.472,56.12732258064516,8.930584525054323,40.068,71.807,10.4700625,0.334463936770469,9.898,11.109,238,190,5,0.7983193277310925,0.0263157894736842,0.0,0.0,0.0,30,7,1,6,0,0
52.24096875,1.2541382206165663,49.962,54.117,1.3239375,0.0764949661004544,1.188,1.45,57.94953125,9.891052447294015,39.111,72.164,10.476774193548389,0.3173889002131214,9.871,11.081,157,146,6,0.929936305732484,0.0410958904109589,2.0,0.0,1.0,31,7,1,6,0,0
45.98341935483871,4.813029162417321,35.811,53.77,1.052516129032258,0.2582967119377431,0.644,1.504,63.31738709677419,8.654831023489786,51.022,81.418,9.56078125,2.3634177921565747,5.933,13.602,228,212,2,0.9298245614035088,0.0094339622641509,0.0,0.0,0.0,-1,0,0,0,0,0
43.4058125,5.851245648674223,35.594,54.165,0.97815625,0.3034532550891381,0.522,1.47,66.7765,9.148337314119066,52.089,80.48,9.6393125,2.3211802814933504,6.028,13.856,217,201,4,0.9262672811059908,0.0199004975124378,0.0,0.0,0.0,-1,0,0,0,0,0
44.744,5.1588587239168815,36.686,53.017,1.08225,0.2927873829469145,0.606,1.525,63.46440625,8.243538442649706,50.976,80.013,9.907625,2.4064455752107947,5.994,14.141,200,184,3,0.92,0.0163043478260869,0.0,0.0,0.0,-1,0,0,0,0,0
45.001875,5.860179385947488,35.958,54.403,1.01875,0.2620716474308062,0.506,1.44,66.06334375,8.714353837979502,52.302,79.594,11.040625,2.3864589201197983,6.119,13.924,122,118,1,0.9672131147540984,0.0084745762711864,0.0,0.0,0.0,-1,0,0,0,0,0
41.7191875,5.42362148049711,34.906,53.865,1.09815625,0.2703550961683422,0.514,1.488,65.46628125,9.46610203946548,50.648,80.396,10.643129032258065,2.161759911768426,7.013,13.701,120,115,2,0.9583333333333334,0.017391304347826,0.0,0.0,0.0,-1,0,0,0,0,0
45.44803125,5.560949718634892,35.466,54.274,1.02115625,0.2812684527996743,0.552,1.493,62.41871875,8.542393663311936,49.681,78.955,10.335064516129032,2.416139909517988,6.355,13.943,215,202,4,0.9395348837209302,0.0198019801980198,0.0,0.0,0.0,-1,0,0,0,0,0
43.83987096774194,5.870315310906423,36.6,55.787,0.95484375,0.2890813156474344,0.515,1.468,65.1758064516129,9.11669262550608,50.744,79.777,10.271774193548389,2.4921603440880684,6.067,14.091,230,215,3,0.9347826086956522,0.013953488372093,0.0,0.0,0.0,-1,0,0,0,0,0
43.91164516129032,6.280876481024959,34.582,54.607,0.946741935483871,0.2468943050162607,0.521,1.416,63.85915625,9.305063453734432,50.27,79.268,10.033161290322582,2.2821156134425533,6.038,13.667,180,164,3,0.9111111111111112,0.0182926829268292,0.0,0.0,0.0,-1,0,0,0,0,0
47.1360625,5.19216726417722,35.498,55.442,1.129741935483871,0.3052787761748197,0.523,1.5,63.3291875,8.474903658934766,49.939,80.257,10.644375,2.290846466321579,6.236,13.886,160,144,2,0.9,0.0138888888888888,0.0,0.0,0.0,-1,0,0,0,0,0
46.51871875,5.235149775929174,34.956,54.12,1.001322580645161,0.308269512720798,0.566,1.481,66.036,8.335577004623016,51.145,78.86,10.522516129032258,2.237950593302836,6.36,14.059,138,124,2,0.8985507246376812,0.0161290322580645,0.0,0.0,0.0,-1,0,0,0,0,0
43.43826666666666,4.737875530987115,35.157,52.596,1.02084375,0.3071960716078419,0.509,1.532,62.56265625,8.256911347898587,50.066,79.248,10.432870967741936,2.530238074989987,6.176,13.803,159,147,3,0.9245283018867924,0.0204081632653061,0.0,0.0,0.0,-1,0,0,0,0,0
44.7743870967742,5.95618913219641,36.103,55.218,0.9678709677419356,0.2962419891390015,0.522,1.483,65.4116875,7.564673305687045,51.445,79.569,10.05165625,2.0410257953732565,6.849,13.874,157,148,1,0.9426751592356688,0.0067567567567567,0.0,0.0,0.0,-1,0,0,0,0,0
44.09878125,6.008258073654717,35.147,53.638,1.00134375,0.2492682981764958,0.556,1.479,65.97590322580645,8.00780891528113,51.846,80.165,10.07778125,2.5144082832986694,6.499,14.005,147,137,1,0.9319727891156464,0.0072992700729927,0.0,0.0,0.0,-1,0,0,0,0,0
43.83384375,5.956327592917738,35.138,54.433,0.9918125,0.2801038329942389,0.525,1.455,66.29964516129031,8.55167088370605,49.687,80.003,10.118709677419355,2.4499396073311472,6.063,13.717,187,169,3,0.9037433155080212,0.0177514792899408,0.0,0.0,0.0,-1,0,0,0,0,0
46.68853125,5.585112474590879,35.073,54.61,1.02003125,0.2910399024161242,0.512,1.492,63.225375,8.26613484100504,49.541,78.431,9.93628125,2.1985209138576223,6.098,14.001,196,186,4,0.9489795918367347,0.021505376344086,0.0,0.0,0.0,-1,0,0,0,0,0
46.27246875,5.109660224701361,39.104,54.61,1.102125,0.2660529598019064,0.589,1.48,67.00334375,8.174238232671946,52.393,80.675,10.4774375,2.305759352039177,6.512,13.818,163,157,2,0.9631901840490796,0.0127388535031847,1.0,0.0,1.0,-1,0,0,0,0,0
45.40541935483871,5.0757925014996,36.245,54.324,1.014967741935484,0.2817517209496057,0.527,1.432,64.59429032258065,9.672593651458564,51.427,79.416,10.29740625,2.5841506105535323,6.545,14.257,147,143,2,0.9727891156462584,0.0139860139860139,0.0,0.0,0.0,-1,0,0,0,0,0
44.17459375,6.005859879663629,35.343,53.074,0.979,0.3191774711105345,0.498,1.45,63.65467741935484,8.190381665454085,50.068,80.949,9.9819375,2.199457820837936,6.129,13.819,190,185,3,0.9736842105263158,0.0162162162162162,0.0,0.0,0.0,-1,0,0,0,0,0
44.7348125,6.60136264250823,35.396,54.672,1.0241875,0.2687126343116559,0.58,1.455,64.31725806451612,8.780724677640002,50.846,79.183,10.22571875,2.113422773978879,6.314,13.586,217,205,5,0.9447004608294932,0.024390243902439,0.0,0.0,0.0,-1,0,0,0,0,0
44.79977419354838,5.944189368392617,35.956,54.29,0.92234375,0.2925042717498933,0.528,1.513,65.27003125,9.674581089486844,50.117,80.263,9.19348387096774,2.6225747510283064,6.061,13.905,141,135,1,0.9574468085106383,0.0074074074074074,1.0,1.0,0.0,-1,0,0,0,0,0
46.07996875,6.378475768396725,35.443,55.695,1.09759375,0.283058053930923,0.497,1.498,65.302125,9.15319254986142,50.283,80.505,9.26415625,1.8999622255901183,6.31,13.523,181,165,3,0.9116022099447514,0.0181818181818181,0.0,0.0,0.0,-1,0,0,0,0,0
44.29825806451613,5.421054146982498,36.151,55.746,0.97259375,0.2831714241295339,0.552,1.429,66.45206451612904,8.007812056300539,51.287,77.68,10.2758125,1.993879804147456,6.503,13.683,150,146,3,0.9733333333333334,0.0205479452054794,1.0,0.0,1.0,-1,0,0,0,0,0
45.29471875,5.0923827380318585,35.271,54.723,0.97559375,0.2985186933548016,0.545,1.524,67.02671875,8.11505418754144,50.866,78.149,10.28040625,2.338018031048534,6.393,13.984,142,131,2,0.9225352112676056,0.015267175572519,0.0,0.0,0.0,-1,0,0,0,0,0
45.6330625,6.054274842368447,35.972,54.559,1.00725,0.2483653656182956,0.557,1.446,66.5395625,9.161085334833247,49.823,79.748,9.75534375,2.3619638167365262,5.97,13.711,124,112,1,0.9032258064516128,0.0089285714285714,0.0,0.0,0.0,-1,0,0,0,0,0
44.1570625,6.131662111861047,35.058,55.252,1.0520625,0.2938781772512482,0.59,1.481,63.2813125,9.188541705482274,49.497,80.327,9.84634375,2.5796330272818944,6.021,13.929,192,191,5,0.9947916666666666,0.0261780104712041,0.0,0.0,0.0,-1,0,0,0,0,0
46.687225806451615,5.006908079241965,36.475,55.47,0.9359375,0.2783470724508082,0.525,1.497,61.5026875,8.571403846464916,49.966,76.989,10.657612903225807,2.084860405837272,7.194,14.2,138,132,3,0.9565217391304348,0.0227272727272727,0.0,0.0,0.0,-1,0,0,0,0,0
45.92870967741936,5.975166274916813,34.992,54.271,1.0453225806451614,0.2806165102171495,0.516,1.489,64.61629032258064,8.144214208846051,51.722,81.321,10.845375,2.4124386771413984,6.194,13.99,181,166,1,0.9171270718232044,0.0060240963855421,0.0,0.0,0.0,-1,0,0,0,0,0
46.37234375,5.084204118953672,37.29,53.179,0.9947741935483873,0.3152884086755511,0.502,1.508,65.69828125,8.369155926277559,52.501,79.719,9.46571875,2.225768460763028,6.28,13.849,193,182,3,0.9430051813471504,0.0164835164835164,2.0,0.0,1.0,-1,0,0,0,0,0
45.482225806451616,5.879924946854778,34.671,54.664,0.98434375,0.2700313732519289,0.532,1.51,65.62558064516129,9.7880675374805,50.761,79.091,10.20641935483871,2.168505903061576,6.615,13.797,191,175,3,0.9162303664921466,0.0171428571428571,0.0,0.0,0.0,-1,0,0,0,0,0
44.98975,5.866376042410487,35.547,55.146,0.9979677419354838,0.3035403854372558,0.535,1.492,65.90821875,8.20022629402296,50.733,78.953,10.33532258064516,2.278850944183593,6.445,13.768,225,203,4,0.9022222222222224,0.0197044334975369,1.0,0.0,1.0,-1,0,0,0,0,0
46.19221875,6.080941516311299,34.715,54.733,1.0323125,0.2612311345248903,0.534,1.417,67.38075,8.318389604539044,51.471,80.053,9.6526875,1.8333138414164205,6.267,12.827,250,242,4,0.968,0.0165289256198347,0.0,0.0,0.0,-1,0,0,0,0,0
45.97515625,4.93096060856153,35.599,54.807,1.02515625,0.2779791253911448,0.499,1.419,64.10243750000001,8.298093710110425,50.206,80.131,9.64909375,2.286436745446377,5.992,13.767,243,227,4,0.934156378600823,0.0176211453744493,0.0,0.0,0.0,-1,0,0,0,0,0
44.17825,5.143577034484602,35.46,53.455,1.0129375,0.2820991518094531,0.565,1.517,64.1590625,8.042881556873958,51.491,77.254,9.276354838709675,2.42889274565438,6.006,13.496,232,211,5,0.9094827586206896,0.0236966824644549,0.0,0.0,0.0,-1,0,0,0,0,0
45.06765625,5.186534025783003,35.287,54.835,0.9809354838709676,0.3328551171790183,0.493,1.484,65.61578125,8.679073262309768,50.176,78.013,10.48215625,2.241609734232264,5.938,13.66,231,230,5,0.9956709956709956,0.0217391304347826,0.0,0.0,0.0,-1,0,0,0,0,0
44.44941935483871,6.716809563943253,35.497,54.889,0.91075,0.2942529085558006,0.528,1.487,66.0178064516129,8.577646213343746,51.969,77.791,9.89778125,2.5112193636837707,6.069,14.115,239,236,5,0.98744769874477,0.0211864406779661,0.0,0.0,0.0,-1,0,0,0,0,0
45.474375,5.094776216238393,36.07,54.821,0.94859375,0.2679299209500921,0.509,1.505,63.2666875,9.02816254101218,50.098,81.06,10.0445625,2.421509938667301,6.359,13.828,132,130,3,0.9848484848484848,0.023076923076923,0.0,0.0,0.0,-1,0,0,0,0,0
47.586,4.608484678531333,39.55,54.729,1.1238387096774194,0.2846116765904254,0.501,1.521,66.63153125,8.25116209600053,49.839,79.512,9.26059375,2.3720530492269303,6.023,14.009,213,203,5,0.9530516431924884,0.0246305418719211,1.0,0.0,1.0,-1,0,0,0,0,0
43.6860625,5.716661392792015,35.907,53.164,0.954375,0.2676750256464706,0.51,1.479,65.2608125,8.515321180226811,51.821,79.003,10.26203125,2.261910361367777,6.077,13.977,215,195,2,0.9069767441860463,0.0102564102564102,0.0,0.0,0.0,1,1,0,1,0,0
44.02825806451613,6.081411732855796,34.836,54.288,1.07978125,0.2747346795605276,0.546,1.495,68.91015625,8.148787244458132,51.778,80.659,9.82965625,2.3399564871798706,6.294,13.946,159,157,3,0.9874213836477987,0.019108280254777,0.0,0.0,0.0,2,1,0,1,0,0
45.64996875,5.971310649259483,35.867,54.716,0.97415625,0.2964077519963815,0.522,1.499,62.5516875,8.779350734453454,51.362,79.025,10.28196875,2.0857891596100444,6.273,13.654,125,113,1,0.904,0.0088495575221238,0.0,0.0,0.0,3,1,0,1,0,0
46.17271875,5.374692238657228,36.665,55.255,1.029125,0.3110334231599245,0.521,1.477,65.98009375,8.197659588740123,49.407,79.764,9.56884375,2.541827271476997,6.121,13.843,133,121,2,0.9097744360902256,0.0165289256198347,0.0,0.0,0.0,4,1,0,1,0,0
45.417,5.289421146450346,35.338,55.355,0.974375,0.2599972394394391,0.496,1.453,66.58159375,8.737412228030696,52.076,80.536,9.6068125,2.375133102382319,6.318,13.924,203,190,4,0.9359605911330048,0.0210526315789473,0.0,0.0,0.0,5,1,0,1,0,0
45.4054,6.691467714882168,35.039,55.113,1.03659375,0.2756528742031391,0.522,1.435,64.51790322580645,8.089171285757434,50.911,77.11,10.52390625,2.3334378121530226,6.195,13.864,143,140,1,0.9790209790209792,0.0071428571428571,0.0,0.0,0.0,6,1,0,1,0,0
44.3318125,6.120030568327096,35.285,53.846,1.073875,0.2725338392720931,0.503,1.503,64.608375,8.492002046517921,50.035,80.556,9.795433333333332,2.272065757355435,6.099,13.533,214,195,3,0.911214953271028,0.0153846153846153,0.0,0.0,0.0,7,1,0,1,0,0
43.167625,5.428414517832931,35.435,54.241,0.976,0.3344908568755405,0.491,1.507,64.3175625,8.155160349039646,52.074,80.437,10.4231875,2.650586842356041,6.015,13.862,216,203,3,0.9398148148148148,0.0147783251231527,0.0,0.0,0.0,8,1,0,1,0,0
45.90125,6.200010385006912,35.869,53.976,0.99821875,0.2524211450647636,0.567,1.489,64.933875,8.293558564409508,49.504,79.958,10.78240625,2.3888618407419937,6.251,14.088,176,165,3,0.9375,0.0181818181818181,0.0,0.0,0.0,9,1,0,1,0,0
44.81696875,6.847608640669102,34.87,54.542,1.0310967741935484,0.3230178895808208,0.507,1.46,68.40658064516128,8.576173493169678,50.022,79.298,10.16090625,2.270857097808965,6.729,13.675,223,216,3,0.968609865470852,0.0138888888888888,0.0,0.0,0.0,10,1,0,1,0,0
46.025625,5.198272428599284,36.54,54.74,0.9556451612903226,0.2885992086368333,0.553,1.441,63.8074,8.684342317622859,52.712,80.392,10.1798125,2.6508385823199663,6.147,13.958,209,195,5,0.9330143540669856,0.0256410256410256,0.0,0.0,0.0,11,1,0,1,0,0
46.37165625,5.387884794188119,36.011,55.134,0.94365625,0.2569076160519261,0.496,1.404,65.56046875,8.70014126687079,50.737,79.405,10.53525806451613,2.345168152716586,6.191,14.093,197,192,4,0.9746192893401016,0.0208333333333333,0.0,0.0,0.0,12,1,0,1,0,0
47.33996875,5.704596768336436,36.026,54.999,0.902258064516129,0.2921544075475541,0.5,1.396,64.09932258064516,9.09297006992067,49.798,77.661,10.39525,2.240087469490364,6.002,13.92,207,206,2,0.9951690821256038,0.0097087378640776,0.0,0.0,0.0,13,1,0,1,0,0
44.0311875,5.570711360363582,35.904,54.177,0.9803870967741936,0.2443999014483373,0.554,1.397,63.865,8.961369307570502,50.007,81.469,8.32171875,1.6899461383738943,5.995,11.482,156,154,2,0.9871794871794872,0.0129870129870129,0.0,0.0,0.0,14,1,0,1,0,0
44.1048125,4.938502609923963,35.779,53.58,0.9534193548387097,0.2876123286872508,0.494,1.483,65.23275,8.570120780569452,49.233,77.942,10.08384375,2.682146625966874,6.072,14.102,249,243,6,0.9759036144578314,0.0246913580246913,0.0,0.0,0.0,15,1,0,1,0,0
45.27459375,5.090339730467171,35.543,54.457,0.9830625,0.3031883197916182,0.502,1.505,63.767161290322576,8.449687363434515,51.725,78.465,10.178612903225806,2.129023871439982,6.214,13.714,232,219,3,0.9439655172413792,0.0136986301369863,2.0,0.0,1.0,16,1,0,1,0,0
45.943,5.592475538181753,36.696,54.384,1.0425,0.2765112142624657,0.543,1.443,62.68235483870968,9.350021345959188,49.477,79.133,9.805064516129033,2.250819731201412,6.076,13.692,235,232,6,0.9872340425531916,0.0258620689655172,1.0,0.0,1.0,17,1,0,1,0,0
45.62235483870968,4.9256837261331,36.692,53.32,1.0079354838709678,0.2579552849473297,0.528,1.465,65.7823125,8.661800656264898,52.612,78.313,10.767,2.4814739246483484,6.213,13.883,228,207,3,0.9078947368421052,0.0144927536231884,0.0,0.0,0.0,18,1,0,1,0,0
43.9183125,6.012094253964119,35.582,54.611,0.9578125,0.2835967647911379,0.509,1.472,65.28687096774193,11.02122683353033,49.451,81.14,10.4985625,2.1844689165974973,6.409,13.865,125,117,2,0.936,0.017094017094017,0.0,0.0,0.0,19,1,0,1,0,0
44.59990625,5.409975900962214,35.588,53.235,1.0400967741935483,0.29896269051937,0.525,1.507,68.214,8.122107552647536,54.347,79.377,10.7728125,1.951402050759832,6.46,13.752,129,119,1,0.9224806201550388,0.0084033613445378,0.0,0.0,0.0,20,1,0,1,0,0
44.438375,6.641994879843779,34.854,55.203,1.01440625,0.2203824914559289,0.637,1.482,65.99093548387097,7.760232384559472,51.001,79.165,9.950290322580646,2.429988205644195,6.509,14.013,247,231,5,0.9352226720647774,0.0216450216450216,0.0,0.0,0.0,21,1,0,1,0,0
45.36671875,5.956327393211438,35.547,54.7,0.94484375,0.3103095342661124,0.502,1.458,64.5884375,9.734882542948322,50.073,78.751,10.578625,1.9987104512014573,6.156,13.501,213,202,5,0.9483568075117372,0.0247524752475247,0.0,0.0,0.0,22,1,0,1,0,0
45.78509375,5.970448696378582,35.583,54.8,0.93815625,0.2976294632240435,0.509,1.5,64.24709375,7.757458256660531,51.883,78.671,10.25216129032258,2.554951455465436,6.143,14.065,167,158,2,0.9461077844311376,0.0126582278481012,0.0,0.0,0.0,23,1,0,1,0,0
46.51115625,5.127108630630159,35.735,54.569,1.07940625,0.2611732658569538,0.537,1.496,62.43364516129032,7.906760396641122,51.021,77.643,9.87359375,2.417528034455657,6.032,13.718,160,155,4,0.96875,0.0258064516129032,0.0,0.0,0.0,24,1,0,1,0,0
44.74032258064516,5.51077299712177,36.296,54.187,0.98578125,0.2816294447553839,0.533,1.409,66.56609375000001,7.40518613109007,51.422,79.908,10.094806451612904,2.4911587587486923,6.222,13.73,138,130,3,0.9420289855072465,0.023076923076923,0.0,0.0,0.0,25,1,0,1,0,0
45.07,6.0011681013487,35.699,54.616,1.0264516129032255,0.2772596663430242,0.514,1.45,66.30075000000001,8.587053976772244,50.024,78.562,9.95909375,2.336506564598373,6.463,13.981,143,135,1,0.944055944055944,0.0074074074074074,0.0,0.0,0.0,26,1,0,1,0,0
45.8925625,5.85198561800925,35.068,54.493,1.0768709677419357,0.2773815353065742,0.53,1.463,65.4321875,9.697859216500545,50.465,79.665,10.1646875,1.960377242127549,6.353,13.47,196,185,4,0.9438775510204082,0.0216216216216216,0.0,0.0,0.0,27,1,0,1,0,0
45.43034375,5.597307714626538,36.103,54.691,1.098125,0.2512479497589274,0.565,1.48,63.55921875,8.01555711437643,50.3,78.69,10.0683125,2.107737289094329,6.259,13.766,160,157,4,0.98125,0.0254777070063694,0.0,0.0,0.0,28,1,0,1,0,0
45.11125806451613,5.349174839591254,35.825,53.338,0.8683870967741936,0.3011596118804063,0.516,1.414,66.796625,7.951755422952316,51.219,78.417,9.5116875,2.329544804455957,6.049,13.619,213,207,3,0.971830985915493,0.0144927536231884,0.0,0.0,0.0,29,1,0,1,0,0
44.52534375,5.897566647516173,35.821,53.652,1.0494375,0.2866563568726217,0.5,1.486,66.7454375,8.650672768681433,50.646,80.461,9.978612903225804,2.6532626666982333,5.953,14.185,241,229,2,0.950207468879668,0.0087336244541484,0.0,0.0,0.0,30,1,0,1,0,0
45.21415625,7.125523302160839,34.654,54.764,0.97534375,0.2808209864153503,0.534,1.477,64.60253125,8.22390849698207,50.063,79.668,9.57990625,2.51736760050826,6.097,13.856,178,173,3,0.9719101123595506,0.0173410404624277,2.0,0.0,1.0,31,1,0,1,0,0
44.00796774193549,5.406895920851883,35.248,52.872,1.1229032258064515,0.3031508265796317,0.539,1.49,65.416125,9.938805194466202,49.885,80.288,10.16865625,2.006428115146416,6.53,14.001,216,201,2,0.9305555555555556,0.0099502487562189,0.0,0.0,0.0,32,1,0,1,0,0
44.80265625,5.830589643226628,35.383,54.343,0.9651935483870968,0.2802864510169122,0.505,1.448,67.81921875,9.42028525605481,49.964,79.308,10.13640625,2.240338408472213,6.642,13.85,194,175,5,0.9020618556701032,0.0285714285714285,0.0,0.0,0.0,33,1,0,1,0,0
43.9073125,6.447497891467967,34.919,55.252,1.0534516129032256,0.2988602615169479,0.569,1.507,66.28915625,7.960109563637988,52.142,80.642,10.72309375,2.1760082921950485,6.81,14.111,160,150,4,0.9375,0.0266666666666666,0.0,0.0,0.0,34,1,0,1,0,0
44.71874193548387,5.111139866133854,36.204,52.986,0.96196875,0.2490670960740784,0.5,1.502,64.47646875,9.578867334833838,51.822,78.561,9.831625,2.150038270477093,6.188,13.379,147,145,2,0.9863945578231292,0.0137931034482758,0.0,0.0,0.0,35,1,0,1,0,0
46.74378125,5.619014456889558,35.447,54.653,0.880875,0.3108587221895025,0.501,1.439,65.15232258064516,10.062091811636712,50.076,79.396,9.646375,2.379072681231208,6.128,13.907,142,133,1,0.9366197183098592,0.0075187969924812,0.0,0.0,0.0,36,1,0,1,0,0
45.30034375,4.648141138058796,35.345,53.588,1.08334375,0.2546917946896956,0.552,1.5,63.7594375,8.341621745848133,51.238,78.636,9.978607142857143,2.3989513656516483,6.3,14.027,154,145,2,0.9415584415584416,0.0137931034482758,0.0,0.0,0.0,37,1,0,1,0,0
44.99778125,6.132381859700641,35.297,53.297,0.9299375,0.3040506046060266,0.504,1.473,67.70065625,9.66325141170228,49.782,79.725,9.756666666666666,2.394898375690513,6.229,13.863,172,167,3,0.9709302325581396,0.0179640718562874,2.0,0.0,1.0,38,1,0,1,0,0
45.9590625,5.868395972179309,35.494,55.021,0.96259375,0.3199996834045812,0.506,1.469,63.77158064516129,8.707535907760944,51.265,77.057,9.7761875,2.376892487933257,6.173,13.788,154,150,4,0.974025974025974,0.0266666666666666,1.0,1.0,0.0,39,1,0,1,0,0
44.66009375,5.489673868680708,35.625,54.822,1.0058125,0.282037910686695,0.499,1.456,64.928375,8.442204396995205,50.914,80.217,10.05434375,2.2372420032821663,6.285,13.826,217,213,3,0.9815668202764976,0.0140845070422535,0.0,0.0,0.0,40,1,0,1,0,0
43.91296875,4.787467371972535,36.414,53.865,1.0394193548387096,0.2909678990534349,0.505,1.492,68.36853333333333,7.58292746550608,53.266,80.75,10.1194375,2.474756109684216,6.065,13.883,155,147,2,0.9483870967741936,0.0136054421768707,0.0,0.0,0.0,41,1,0,1,0,0
45.68871875,5.739965433381224,35.568,55.321,1.0192903225806451,0.2577574044909136,0.561,1.46,66.03915625,7.839850817825944,51.261,79.213,9.908032258064516,2.503499623645149,6.054,13.62,167,162,3,0.9700598802395208,0.0185185185185185,0.0,0.0,0.0,42,1,0,1,0,0
45.70848387096774,5.456531705952465,35.539,54.909,0.9211875,0.254285138086387,0.546,1.483,63.9058064516129,8.847268713824828,50.217,80.821,9.554875,1.984671237095665,6.081,13.595,175,165,4,0.9428571428571428,0.0242424242424242,0.0,0.0,0.0,43,1,0,1,0,0
45.86125806451613,6.1533995155401255,35.186,55.447,0.954375,0.2849566746921589,0.492,1.459,64.41245161290323,9.425440735366914,49.304,80.591,9.89478125,2.33315239791471,6.505,14.067,240,234,3,0.975,0.0128205128205128,0.0,0.0,0.0,44,1,0,1,0,0
43.818125,4.787590125488751,35.506,51.782,1.01528125,0.3204343055186598,0.507,1.441,63.18709677419355,8.481242917382799,51.077,78.829,9.81015625,2.5270902572616545,5.992,14.119,210,192,4,0.9142857142857144,0.0208333333333333,0.0,0.0,0.0,45,1,0,1,0,0
45.70215625,5.576393175320955,36.216,53.712,0.9886451612903224,0.3346290033641332,0.502,1.501,64.1540625,7.990573030190422,49.807,76.803,10.6187,2.153912961293373,6.371,13.887,190,181,2,0.9526315789473684,0.011049723756906,0.0,0.0,0.0,46,1,0,1,0,0
45.70921875,5.64513502643948,35.172,54.397,1.075,0.3187026503032958,0.493,1.516,65.0501935483871,8.96106497547159,50.535,78.493,9.475625,2.3357123904641472,6.106,13.472,128,116,2,0.90625,0.0172413793103448,0.0,0.0,0.0,47,1,0,1,0,0
45.9471935483871,6.082099672642417,35.287,54.833,1.03778125,0.3118157783645606,0.494,1.493,64.75478125,8.318104040078635,52.321,77.995,10.813375,2.348336181763728,6.032,13.997,200,180,2,0.9,0.0111111111111111,0.0,0.0,0.0,48,1,0,1,0,0
45.5149375,4.893790752724478,37.915,54.58,0.94428125,0.3036680312207458,0.496,1.416,64.58265625,8.761618901849708,49.788,77.956,9.939580645161293,2.50142058004638,6.079,13.968,221,220,3,0.995475113122172,0.0136363636363636,0.0,0.0,0.0,49,1,0,1,0,0
44.096625,5.8446989146769415,35.651,53.953,1.0355625,0.2963356790489788,0.506,1.475,66.38984375,9.1383864147409,50.498,79.33,9.82528125,2.073011230917012,6.09,13.591,233,218,3,0.9356223175965666,0.0137614678899082,0.0,0.0,0.0,1,2,0,2,0,0
44.707375,6.373800364040684,35.06,55.136,0.965516129032258,0.2436066324997114,0.519,1.403,64.30975,8.523731036007268,50.816,79.203,9.81241935483871,2.267852887265744,6.113,13.684,136,124,1,0.9117647058823528,0.0080645161290322,0.0,0.0,0.0,2,2,0,2,0,0
45.90703225806451,6.007410315512395,34.81,54.667,0.945,0.2895619680367801,0.493,1.427,66.53115625,9.117169333308324,50.802,80.252,10.71828125,2.522851871099067,6.401,13.789,221,220,3,0.995475113122172,0.0136363636363636,0.0,0.0,0.0,3,2,0,2,0,0
44.93025,5.110857493863495,36.252,54.168,1.01090625,0.3439199418633504,0.51,1.503,64.26912903225806,7.514775608723281,50.034,79.698,9.93890322580645,2.120571752379355,5.968,13.775,197,182,4,0.9238578680203046,0.0219780219780219,0.0,0.0,0.0,4,2,0,2,0,0
45.41374193548387,5.999164047141578,35.394,54.863,1.041375,0.2614574226733059,0.583,1.491,63.02090625,8.820897486922656,50.089,80.813,9.81767741935484,2.196762821169622,6.012,13.633,222,221,3,0.9954954954954957,0.0135746606334841,0.0,0.0,0.0,5,2,0,2,0,0
45.06109375,5.254056554820285,35.396,53.241,0.97040625,0.2618608174233268,0.501,1.417,64.29770967741936,7.572675631037107,51.961,77.17,9.374,2.362835297933669,5.993,13.369,172,163,2,0.9476744186046512,0.0122699386503067,2.0,0.0,1.0,6,2,0,2,0,0
44.4116875,5.255381447360226,36.601,53.434,1.078125,0.2867888680522828,0.527,1.443,63.373,8.558726420179815,51.678,79.989,11.18790625,1.9738895507776908,6.939,14.049,127,123,3,0.968503937007874,0.024390243902439,0.0,0.0,0.0,7,2,0,2,0,0
44.37640625,6.666649087468421,35.049,54.182,0.99496875,0.289131902522796,0.52,1.498,64.12325806451612,7.722090623519609,51.58,79.566,9.91175,2.273650638468112,6.385,13.785,164,160,3,0.975609756097561,0.01875,0.0,0.0,0.0,8,2,0,2,0,0
44.9733125,5.869068923451636,36.562,55.123,0.947625,0.2847321038585954,0.516,1.43,67.65996875,8.708739820264263,50.698,78.206,10.24303125,2.1158174121536533,6.944,13.861,133,131,3,0.9849624060150376,0.0229007633587786,0.0,0.0,0.0,9,2,0,2,0,0
43.47021875,6.153905309923776,34.845,54.626,1.0018125,0.3027436302305323,0.505,1.486,63.61515625,9.361876001374991,50.598,79.659,9.539193548387097,2.1230265254953813,6.301,14.033,149,138,2,0.9261744966442952,0.0144927536231884,0.0,0.0,0.0,10,2,0,2,0,0
44.86140625,5.611292076262025,35.181,54.901,1.0664375,0.2898225193837351,0.571,1.509,64.833875,6.968278561660922,51.045,76.86,9.46540625,2.5299279966723907,6.2,13.81,229,209,2,0.9126637554585152,0.0095693779904306,0.0,0.0,0.0,11,2,0,2,0,0
44.49377419354839,5.869215283776172,36.5,54.578,0.8826875000000001,0.2713502007583795,0.493,1.37,65.56867741935484,8.978106991963267,50.473,80.728,9.780125,2.252817472525488,6.272,13.87,157,152,4,0.9681528662420382,0.0263157894736842,0.0,0.0,0.0,12,2,0,2,0,0
45.21529032258064,5.560416010776822,35.879,54.222,0.908,0.294336980456952,0.543,1.468,64.90940625,7.365410515065914,51.688,75.839,9.028516129032258,2.1799479637668377,6.099,12.402,221,203,3,0.918552036199095,0.0147783251231527,0.0,0.0,0.0,13,2,0,2,0,0
45.753375,6.226225873595677,35.415,53.924,1.00246875,0.2923417117198473,0.511,1.418,64.48653125,7.974991022279808,49.439,76.4,10.40934375,2.140759295646094,6.66,14.073,190,172,2,0.9052631578947368,0.0116279069767441,0.0,0.0,0.0,14,2,0,2,0,0
47.22446875,5.702415764163381,35.318,54.69,1.028233333333333,0.2642446206457757,0.57,1.475,66.635375,8.467971733195236,50.819,81.144,10.24741935483871,2.064744984644085,5.984,13.842,178,167,4,0.9382022471910112,0.0239520958083832,0.0,0.0,0.0,15,2,0,2,0,0
43.8850625,4.954709593634934,35.007,52.475,0.87284375,0.2606052643954937,0.515,1.389,67.37671875,8.394224055801224,49.766,78.667,10.2728125,2.257609146970279,6.054,13.817,151,144,2,0.9536423841059604,0.0138888888888888,0.0,0.0,0.0,16,2,0,2,0,0
45.31390625,5.169480384191464,36.989,53.58,1.0415625,0.2834161351178886,0.554,1.432,62.22275,8.07201277613363,49.944,80.059,10.679870967741936,2.6503883456572352,6.165,13.965,247,238,2,0.9635627530364372,0.0084033613445378,0.0,0.0,0.0,17,2,0,2,0,0
46.5803125,5.838378467091697,37.485,62.478,0.9365,0.2821637593610742,0.504,1.384,66.7711875,7.915207646849323,49.975,79.337,8.94075,2.0903785580915804,6.266,13.805,222,201,4,0.9054054054054054,0.0199004975124378,0.0,0.0,0.0,18,2,0,2,0,0
42.8081875,5.611508959488471,35.721,53.537,0.9787096774193548,0.3271116214738109,0.525,1.516,65.18003225806451,7.47999675349248,51.567,80.011,10.6655,2.199002383780192,6.077,14.169,122,111,3,0.9098360655737704,0.027027027027027,0.0,0.0,0.0,19,2,0,2,0,0
43.764375,6.201676769879621,34.779,52.497,0.9441935483870968,0.3079815383379159,0.521,1.482,65.09935483870967,8.54310164810723,49.358,78.804,9.631125,2.145972533119477,5.99,13.574,160,148,1,0.925,0.0067567567567567,0.0,0.0,0.0,20,2,0,2,0,0
45.58046875,5.314446567759677,37.281,53.381,0.967875,0.2828041326065707,0.523,1.455,65.70984375,9.343035370934883,52.651,81.245,9.83421875,2.5788761209835247,6.105,13.908,150,142,3,0.9466666666666668,0.0211267605633802,0.0,0.0,0.0,21,2,0,2,0,0
46.955375,5.30024413162627,36.387,55.307,0.95784375,0.3460319870889246,0.508,1.482,67.4536875,8.521248948430564,50.803,80.508,9.53640625,2.2245434306388328,6.105,13.332,182,166,4,0.912087912087912,0.0240963855421686,0.0,0.0,0.0,22,2,0,2,0,0
57.38384375,1.5277947233623632,54.48,59.878,1.67103125,0.0816022945498865,1.507,1.815,64.3986875,10.405096063599892,47.967,84.536,14.6720625,0.4419805817877292,13.966,15.606,144,126,5,0.875,0.0396825396825396,0.0,0.0,0.0,23,2,0,2,0,0
56.85053125,1.31159646588214,54.896,59.145,1.65759375,0.0830525909463589,1.499,1.819,68.9414,9.70310800403309,51.089,84.408,14.801625,0.4359552174397082,14.003,15.46,211,199,5,0.943127962085308,0.0251256281407035,1.0,0.0,1.0,24,2,0,2,0,0
57.297125,1.4513238172718883,54.86,59.947,1.6165625,0.0836127546606107,1.474,1.759,68.54309375,11.278205346137176,48.584,85.187,14.7590625,0.4331837081424003,13.861,15.512,183,149,3,0.8142076502732241,0.0201342281879194,0.0,0.0,0.0,25,2,0,2,0,0
57.312125,1.1440786333792092,54.453,59.587,1.66884375,0.0875225719733984,1.479,1.799,68.2212,10.563089390697307,51.503,83.651,14.658516129032256,0.3646287491835811,13.944,15.458,221,193,6,0.8733031674208145,0.0310880829015544,0.0,0.0,0.0,26,2,0,2,0,0
57.150125,1.4413402533081667,54.36,59.526,1.6481290322580644,0.0791655404560527,1.482,1.777,66.13809375,10.545828664298211,49.399,84.972,14.7286875,0.4568025928899349,13.967,15.614,211,183,9,0.8672985781990521,0.0491803278688524,0.0,0.0,0.0,27,2,0,2,0,0
57.474,1.4956718848386414,54.455,59.857,1.6355161290322582,0.0880669710950107,1.49,1.806,65.00309375,11.275259159769218,47.718,84.154,14.6563125,0.5135142952748375,13.99,15.557,219,186,9,0.8493150684931506,0.0483870967741935,0.0,0.0,0.0,28,2,0,2,0,0
57.2790625,1.3073711603085214,54.584,59.794,1.64378125,0.0917446436425406,1.471,1.817,68.1041935483871,10.648922356806365,51.049,84.48,14.755875,0.5033146101338541,13.853,15.577,153,130,3,0.8496732026143791,0.023076923076923,0.0,0.0,0.0,29,2,0,2,0,0
57.048625,1.4004904152566715,54.38,59.64,1.6412903225806452,0.0809045501597971,1.492,1.816,68.7381935483871,9.99476931339373,51.898,84.558,14.65541935483871,0.4378102918078823,13.838,15.334,164,140,6,0.8536585365853658,0.0428571428571428,0.0,0.0,0.0,30,2,0,2,0,0
57.07509375,1.1441095525983414,55.333,59.249,1.6586875,0.0915773734204068,1.498,1.84,66.28571875,9.505119198771938,49.906,81.223,14.755806451612903,0.4472517128236135,13.827,15.464,183,165,5,0.9016393442622952,0.0303030303030303,4.0,0.0,1.0,31,2,0,2,0,0
57.29474193548387,1.4432911456746336,55.087,60.242,1.6630625,0.0902812585488332,1.512,1.803,66.17225806451613,12.628297187844291,48.003,85.012,14.75565625,0.3611347357691204,13.846,15.435,138,117,6,0.8478260869565217,0.0512820512820512,2.0,1.0,0.0,32,2,0,2,0,0
57.30725,1.3035340053967968,55.106,59.615,1.6503870967741936,0.0968664638972486,1.497,1.816,64.50040625,11.255701955322753,47.252,82.374,14.64715625,0.434261710104521,13.923,15.622,245,201,6,0.8204081632653061,0.0298507462686567,1.0,1.0,0.0,33,2,0,2,0,0
57.0651875,1.43514599543942,54.849,59.693,1.65375,0.0782514557217988,1.524,1.784,64.23425,9.87734479470816,48.366,81.729,14.77903125,0.4353749206977598,13.884,15.493,239,200,10,0.8368200836820083,0.05,2.0,1.0,0.0,34,2,0,2,0,0
57.4679375,1.4540727660165322,54.67,59.883,1.62534375,0.0831716489284892,1.494,1.802,65.9156129032258,9.866388291154362,48.959,84.281,14.80440625,0.4657759990059601,13.901,15.612,157,128,6,0.8152866242038217,0.046875,5.0,1.0,0.0,35,2,0,2,0,0
57.0141875,1.4655273065659085,54.792,59.641,1.6440625,0.0783894074065392,1.487,1.768,64.25284375,9.967401480081003,49.174,82.428,14.67690625,0.375888827025037,13.756,15.416,227,185,4,0.8149779735682819,0.0216216216216216,3.0,0.0,1.0,36,2,0,2,0,0
57.5210625,1.399898842831614,54.754,59.833,1.64209375,0.0895740311499466,1.479,1.811,62.81759375,10.269890758156864,46.788,82.369,14.68375,0.4877789028489402,13.889,15.377,241,226,12,0.9377593360995852,0.0530973451327433,0.0,0.0,0.0,37,2,0,2,0,0
57.48509375,1.3130036817719812,54.893,59.881,1.66425,0.0843055120074524,1.516,1.825,67.465125,11.760625597113613,49.564,89.945,14.69634375,0.4190723710980501,13.878,15.589,215,198,8,0.9209302325581395,0.0404040404040404,4.0,0.0,1.0,38,2,0,2,0,0
57.12096875,1.1950463477143818,54.886,60.041,1.6446875,0.0902246077226699,1.477,1.772,65.9242258064516,11.718579651447174,48.397,83.179,14.81984375,0.4823461552744716,13.847,15.513,234,193,10,0.8247863247863247,0.0518134715025906,0.0,0.0,0.0,39,2,0,2,0,0
57.07134375,1.4586620384929203,55.001,59.699,1.66825,0.0754778326782536,1.508,1.825,64.82421875,10.329436070340437,49.555,82.49,14.7383125,0.3844772267680181,14.103,15.456,184,163,9,0.8858695652173914,0.0552147239263803,3.0,1.0,0.0,40,2,0,2,0,0
57.47,1.2797013008334563,55.227,59.966,1.6551935483870968,0.0898837839860779,1.478,1.772,61.9799375,10.983794746271696,48.505,84.913,14.727709677419355,0.393722168840617,14.006,15.432,196,162,6,0.826530612244898,0.037037037037037,2.0,0.0,1.0,41,2,0,2,0,0
57.67840625,1.4710977437181347,54.684,59.791,1.63428125,0.0938427766739186,1.476,1.812,66.29190625,10.141553260685194,47.508,82.348,14.60871875,0.4673913352665603,13.919,15.533,249,210,5,0.8433734939759037,0.0238095238095238,1.0,0.0,1.0,42,2,0,2,0,0
56.72606451612904,1.2493803780403536,54.829,59.087,1.65871875,0.0856554366671792,1.501,1.807,64.94209375,9.453147389709558,48.128,82.286,14.793387096774197,0.4150616562567825,14.023,15.491,138,120,3,0.8695652173913043,0.025,3.0,1.0,0.0,43,2,0,2,0,0
56.90615625,1.2820103947385697,54.461,59.229,1.6558125,0.1007236518016402,1.478,1.834,64.77036666666666,9.511038561381818,47.982,83.809,14.61751612903226,0.4579764092154192,13.884,15.569,163,144,3,0.8834355828220859,0.0208333333333333,0.0,0.0,0.0,44,2,0,2,0,0
57.185,1.180457920989057,55.138,59.121,1.65009375,0.0870877789933811,1.468,1.808,68.6719375,10.19340203723673,51.832,83.174,14.77596875,0.3997715867499597,14.097,15.484,131,110,3,0.8396946564885496,0.0272727272727272,2.0,1.0,0.0,45,2,0,2,0,0
57.27651612903226,1.275105351751186,55.44,59.83,1.66246875,0.0964859957663922,1.495,1.836,65.36525806451613,10.769757446874843,47.945,83.893,14.86184375,0.4446479658202256,13.994,15.704,132,118,5,0.8939393939393939,0.0423728813559322,0.0,0.0,0.0,46,2,0,2,0,0
57.090125,1.3430418951983834,54.939,59.407,1.646125,0.0832294729124865,1.483,1.78,65.43696875,8.841594114347417,48.833,82.327,14.6815,0.4241201899036061,13.908,15.439,171,156,8,0.912280701754386,0.0512820512820512,4.0,0.0,1.0,47,2,0,2,0,0
57.07159375,1.4318395310021033,54.939,59.563,1.652375,0.0853526838779032,1.517,1.816,64.07690322580645,10.816042672360467,48.347,83.604,14.945935483870969,0.4668844921736619,13.775,15.606,195,163,3,0.8358974358974359,0.0184049079754601,0.0,0.0,0.0,48,2,0,2,0,0
56.796125,1.384612738452117,54.789,59.257,1.6416451612903225,0.0882947897243836,1.522,1.834,62.92309375,11.622096533312616,48.477,85.498,14.94909375,0.3538529272921525,14.108,15.684,218,196,7,0.8990825688073395,0.0357142857142857,0.0,0.0,0.0,49,2,0,2,0,0
57.2216875,1.0866060044335146,55.343,59.479,1.648774193548387,0.0874462538467369,1.524,1.825,67.6410625,9.821514126543992,50.708,83.782,14.654625,0.4578314769544823,14.041,15.548,200,160,8,0.8,0.05,0.0,0.0,0.0,50,2,0,2,0,0
57.2536875,1.4598304240340674,54.332,60.181,1.6438387096774194,0.1023119728328324,1.475,1.793,67.5885,9.17451085801696,49.218,82.042,14.719096774193549,0.3814096096358621,14.01,15.584,162,131,5,0.808641975308642,0.0381679389312977,5.0,0.0,1.0,51,2,0,2,0,0
57.00803225806452,1.2019867576605834,54.769,59.499,1.6225806451612903,0.10582462668445,1.479,1.845,68.63634375,8.965754051764629,51.882,83.572,14.7679375,0.3976875039606492,14.145,15.527,197,183,7,0.9289340101522844,0.0382513661202185,0.0,0.0,0.0,52,2,0,2,0,0
56.9750625,1.4560279582901492,54.502,59.544,1.67359375,0.0892982893218366,1.493,1.815,64.5133125,9.928227228422683,47.621,81.244,14.72090625,0.3966313279132875,14.037,15.405,155,143,7,0.9225806451612903,0.0489510489510489,0.0,0.0,0.0,53,2,0,2,0,0
57.3586875,1.3245754386753283,54.728,59.485,1.6749375,0.0874734752423141,1.499,1.808,68.2871875,10.48189096285866,47.371,83.889,14.7035,0.406312766863323,13.816,15.569,243,228,11,0.9382716049382716,0.0482456140350877,0.0,0.0,0.0,54,2,0,2,0,0
57.50471875,1.0926040582133103,55.571,59.392,1.6750322580645165,0.0934128770106019,1.502,1.825,62.79590625,10.0088564857439,47.99,85.068,14.74148387096774,0.4696821528770098,13.897,15.667,200,181,10,0.905,0.0552486187845303,0.0,0.0,0.0,55,2,0,2,0,0
57.00627586206897,1.1219550187237508,54.877,59.21,1.65528125,0.084033493466555,1.526,1.8,68.15921875,10.164608996286038,49.127,83.871,14.66271875,0.4487800836802638,13.941,15.262,123,108,2,0.8780487804878049,0.0185185185185185,0.0,0.0,0.0,56,2,0,2,0,0
56.9995,1.4475389793626277,54.538,59.607,1.6515625,0.084007272150651,1.515,1.8,62.611225806451614,9.53793381087566,48.132,81.606,14.814645161290324,0.3602759635230651,13.991,15.3,193,174,3,0.9015544041450776,0.0172413793103448,0.0,0.0,0.0,57,2,0,2,0,0
57.25940625,1.2848542746383558,54.796,59.787,1.63834375,0.0974966035388562,1.507,1.82,62.28059375,9.248843118097822,48.826,84.931,14.728967741935485,0.4521116000776044,14.021,15.509,150,128,4,0.8533333333333334,0.03125,0.0,0.0,0.0,58,2,0,2,0,0
45.33709677419355,5.738631151269663,35.778,54.456,0.9571290322580644,0.2845721633066598,0.499,1.473,70.28970967741935,8.35369909757966,49.898,79.655,10.85740625,2.235481341822628,6.534,13.925,249,228,4,0.9156626506024096,0.0175438596491228,0.0,0.0,0.0,59,2,0,2,0,0
45.06445161290323,5.86429552938066,35.12,55.276,1.0453548387096774,0.2615009940563766,0.543,1.463,65.1296875,9.599095318385562,50.626,79.536,10.0910625,1.8209775456534856,6.666,13.601,149,139,2,0.9328859060402684,0.014388489208633,0.0,0.0,0.0,60,2,0,2,0,0
45.5668125,5.981078387162895,35.574,54.876,0.94871875,0.2508494259028839,0.553,1.427,64.50471875,8.704113433330372,51.539,80.442,10.28815625,2.301717018415362,5.998,13.609,231,222,6,0.961038961038961,0.027027027027027,0.0,0.0,0.0,61,2,0,2,0,0
44.98084375,5.976974658769485,35.106,54.716,1.0015,0.323133748399697,0.496,1.462,62.5401875,9.71460162195996,49.222,79.511,10.29065625,2.411763477535179,6.191,13.979,211,209,2,0.990521327014218,0.0095693779904306,2.0,0.0,1.0,62,2,0,2,0,0
45.05896875,5.075080723873331,34.965,54.589,1.04321875,0.3071339661865549,0.534,1.471,66.92575,9.398871074968044,51.441,79.632,9.23316129032258,2.2744141384361547,6.035,14.043,220,209,6,0.95,0.0287081339712918,1.0,1.0,0.0,1,3,0,3,0,0
44.33078125,5.803778039454127,35.116,52.981,1.049709677419355,0.2794578314699599,0.512,1.58,65.91096875,8.517758706730818,50.892,80.438,9.77815625,2.770226753376151,5.939,13.973,244,242,4,0.9918032786885246,0.0165289256198347,0.0,0.0,0.0,2,3,0,3,0,0
46.2909375,6.0378065870864495,35.142,54.309,1.02746875,0.2587843770992468,0.651,1.483,65.79590322580646,7.130817603215116,51.638,76.785,9.7033125,2.1610533339315747,6.738,13.709,211,206,4,0.976303317535545,0.0194174757281553,1.0,0.0,1.0,3,3,0,3,0,0
43.07409375,6.204855649899416,35.404,54.222,0.9702258064516128,0.2313710886112638,0.575,1.432,62.64915625,9.585838082765216,46.338,76.989,10.47015625,1.9887243457014063,6.374,14.102,213,200,5,0.9389671361502347,0.025,0.0,0.0,0.0,4,3,0,3,0,0
46.817625,5.440440457441634,36.816,54.891,0.93840625,0.2562783088218365,0.533,1.4,64.70396774193549,8.573377216647168,49.376,79.349,10.74928125,1.947286403614428,6.766,13.898,179,161,2,0.8994413407821229,0.0124223602484472,0.0,0.0,0.0,5,3,0,3,0,0
45.73515625,6.133474588125847,36.101,54.996,0.984,0.2635298844533576,0.514,1.484,65.90923333333333,9.485444114385285,49.989,81.096,9.983125,2.8135959857392008,6.071,14.0,208,197,3,0.9471153846153846,0.015228426395939,0.0,0.0,0.0,6,3,0,3,0,0
46.22816129032258,6.907216603412088,35.533,66.222,1.00090625,0.2860544003501387,0.549,1.488,64.035,8.889677130462669,49.669,80.967,9.70590625,2.2799889411075176,6.09,13.379,161,147,2,0.9130434782608696,0.0136054421768707,0.0,0.0,0.0,7,3,0,3,0,0
45.64432258064516,5.972332215514565,35.744,54.942,0.94065625,0.2921337088229381,0.503,1.402,65.93425,8.830224919504161,50.796,78.83,9.969625,1.968770760259206,6.318,12.929,162,157,2,0.9691358024691358,0.0127388535031847,0.0,0.0,0.0,8,3,0,3,0,0
45.23528125,5.15197896981767,36.807,53.613,1.0028125,0.279940481865515,0.589,1.463,63.84796875,10.15670713556818,49.722,80.511,9.66959375,2.463059556329118,6.402,13.939,230,219,3,0.9521739130434784,0.0136986301369863,0.0,0.0,0.0,9,3,0,3,0,0
44.25540625,5.427694448215143,34.677,53.605,1.0829375,0.3232839496429944,0.502,1.483,63.568548387096776,9.5519244582395,50.91,78.848,9.806290322580644,2.3338153339335195,6.11,13.996,121,113,1,0.9338842975206612,0.0088495575221238,0.0,0.0,0.0,10,3,0,3,0,0
45.42796875,5.405122053973136,35.21,53.919,1.0173125,0.2847171134256235,0.548,1.417,67.13929032258065,7.315271360624286,53.749,77.734,10.02803125,2.337330604307111,6.679,13.735,155,152,3,0.9806451612903224,0.0197368421052631,0.0,0.0,0.0,11,3,0,3,0,0
44.32235483870968,5.5212909815753966,35.334,54.305,0.86440625,0.2262745776171208,0.518,1.303,67.30359375,8.167009978622984,52.083,78.043,10.2644375,2.4405460115878617,6.234,14.032,222,213,4,0.9594594594594594,0.0187793427230046,0.0,0.0,0.0,12,3,0,3,0,0
44.7390625,6.105571389801921,34.681,53.965,0.98578125,0.2706026409969351,0.542,1.499,66.011875,8.252126372111029,50.505,79.317,10.41528125,2.19895038354996,6.482,14.002,221,207,2,0.9366515837104072,0.0096618357487922,0.0,0.0,0.0,13,3,0,3,0,0
57.17219354838709,1.3315877094495083,55.021,59.907,1.62,0.1046160414517403,1.48,1.818,68.59384375,9.507122247368615,49.653,83.097,14.7791875,0.4346153239805395,13.976,15.517,184,166,9,0.9021739130434784,0.0542168674698795,3.0,1.0,0.0,14,3,0,3,0,0
57.3094375,1.3178413418994537,54.652,59.757,1.6561290322580646,0.0972610720125593,1.489,1.803,65.846875,9.817426595173144,48.488,84.762,14.5504,0.3844711190444745,13.809,15.371,207,167,9,0.8067632850241546,0.0538922155688622,2.0,1.0,0.0,15,3,0,3,0,0
56.891125,1.2546001483572642,54.63,59.286,1.6230666666666669,0.097923592075952,1.476,1.806,69.58880645161291,9.017357016403992,51.167,82.557,14.674413793103447,0.4506982295157926,13.882,15.469,130,120,4,0.9230769230769232,0.0333333333333333,0.0,0.0,0.0,16,3,0,3,0,0
57.298375,1.201174955696942,55.026,60.129,1.654967741935484,0.1049823743527035,1.482,1.832,66.93109375,11.43451098961266,48.083,83.759,14.76916129032258,0.4596461027627082,13.77,15.43,123,110,3,0.8943089430894309,0.0272727272727272,0.0,0.0,0.0,17,3,0,3,0,0
56.97390322580645,1.187339641238308,54.513,60.036,1.61640625,0.089053756644965,1.494,1.806,63.6085625,8.104636187880566,51.4,80.268,14.651,0.4814381926408966,13.833,15.505,230,213,5,0.9260869565217392,0.0234741784037558,0.0,0.0,0.0,18,3,0,3,0,0
45.7515,6.227039974073531,35.505,55.249,1.01740625,0.3202871553702416,0.517,1.506,62.03709375,8.744126239974172,49.367,79.59,9.83896875,2.272402927191405,6.273,13.644,212,202,5,0.9528301886792452,0.0247524752475247,0.0,0.0,0.0,19,3,0,3,0,0
46.09634375,4.651960818694559,35.658,54.589,1.04909375,0.3281488017480937,0.513,1.501,65.0684375,8.418127567214889,51.396,80.847,9.98865625,2.35544580547724,6.202,13.904,227,218,4,0.960352422907489,0.018348623853211,0.0,0.0,0.0,20,3,0,3,0,0
45.45759375,5.809218329847022,35.11,55.292,0.9536451612903224,0.3011815120916396,0.512,1.487,66.74390322580646,7.300952528516806,50.461,76.101,10.16109375,2.309267030192453,6.049,13.357,144,130,3,0.9027777777777778,0.023076923076923,0.0,0.0,0.0,21,3,0,3,0,0
45.0189375,5.596970182319554,35.813,55.432,0.97359375,0.2501662491579188,0.538,1.486,65.67103125,8.427083475450905,49.34,79.278,10.2096875,2.517871085345585,6.124,14.017,189,180,2,0.9523809523809524,0.0111111111111111,0.0,0.0,0.0,1,4,0,4,0,0
44.0420625,6.219033427323034,35.742,54.516,0.96284375,0.2954244742056375,0.539,1.492,65.01028125,8.469303411331149,50.498,81.145,10.15571875,2.10882864955536,6.376,13.387,122,118,2,0.9672131147540984,0.0169491525423728,0.0,0.0,0.0,2,4,0,4,0,0
44.99225806451613,5.40284343019329,35.345,53.73,1.0093125,0.2887013679197064,0.507,1.459,63.4663125,8.348761265803876,50.004,78.146,9.8416875,1.9838185146816087,6.103,12.682,166,151,1,0.9096385542168676,0.0066225165562913,0.0,0.0,0.0,3,4,0,4,0,0
44.305125,4.830179017252846,35.602,52.952,1.01003125,0.311602878405584,0.547,1.489,63.493,9.07785469896296,51.132,78.174,9.823548387096771,2.1434227898186533,6.018,13.91,128,119,3,0.9296875,0.0252100840336134,1.0,1.0,0.0,4,4,0,4,0,0
45.27546875,6.336696895653052,35.602,54.26,1.01921875,0.2926326260529491,0.555,1.462,62.49184375,8.019491111315968,50.049,79.034,10.38603125,2.3704165209648083,6.377,14.213,199,197,2,0.9899497487437184,0.0101522842639593,0.0,0.0,0.0,5,4,0,4,0,0
46.42815625,6.321908037362051,35.329,55.174,0.9384193548387098,0.3085385739464406,0.495,1.454,65.90415625,9.48174074500266,50.949,80.096,10.25096875,2.1290853629816966,6.581,13.661,142,131,2,0.9225352112676056,0.015267175572519,0.0,0.0,0.0,6,4,0,4,0,0
44.08867741935484,6.526320128970571,34.74,54.046,1.02875,0.2719418818364949,0.531,1.457,63.13646875,9.6976304754152,50.009,80.703,10.034032258064515,2.3567315288179795,6.061,13.768,195,186,3,0.953846153846154,0.0161290322580645,0.0,0.0,0.0,7,4,0,4,0,0
44.52375,5.261391659394725,35.937,53.293,0.9623225806451612,0.2902386819035641,0.529,1.482,65.88296774193549,9.114334009254769,52.593,80.574,9.7208125,2.322705353086798,6.072,13.246,219,201,4,0.9178082191780822,0.0199004975124378,0.0,0.0,0.0,8,4,0,4,0,0
45.17564516129032,5.339033168083194,35.934,54.411,1.00134375,0.313476922994341,0.5,1.52,66.563875,9.217092070817973,49.619,78.846,9.821375,2.422066616249104,6.367,14.104,138,124,3,0.8985507246376812,0.0241935483870967,0.0,0.0,0.0,9,4,0,4,0,0
43.902366666666666,6.910692681900864,35.211,54.338,0.9808333333333332,0.2780204759679964,0.542,1.463,63.6016875,7.312834195010145,51.066,74.828,9.81940625,2.45383736163973,6.126,13.766,183,175,5,0.9562841530054644,0.0285714285714285,0.0,0.0,0.0,10,4,0,4,0,0
44.01719354838709,5.88271596242957,35.111,54.854,1.0133666666666667,0.3545471597767314,0.53,1.525,64.27603125,8.791474453327382,50.084,80.534,10.16278125,1.9935451601214225,6.242,13.289,230,226,3,0.982608695652174,0.0132743362831858,0.0,0.0,0.0,11,4,0,4,0,0
43.31615625,5.238657677795043,35.189,53.674,1.0065625,0.29723900858704,0.518,1.51,64.6630625,8.222889928131186,51.099,78.785,10.009375,2.3402227044560555,6.036,13.612,159,144,2,0.9056603773584906,0.0138888888888888,0.0,0.0,0.0,12,4,0,4,0,0
44.5269375,4.952926290050905,35.681,54.76,0.987375,0.2851424940893304,0.497,1.508,64.78353125,8.169542530661202,50.774,79.452,10.046129032258063,2.794221474662015,6.134,14.197,205,191,5,0.9317073170731708,0.0261780104712041,0.0,0.0,0.0,13,4,0,4,0,0
46.77809375,5.483887562430419,35.95,54.705,0.9630967741935484,0.273699757013497,0.555,1.515,66.02796875,8.85464022505268,51.843,79.742,10.26,2.502965854075254,6.091,13.795,194,189,2,0.9742268041237112,0.0105820105820105,0.0,0.0,0.0,14,4,0,4,0,0
43.90996875,5.908051299733464,35.269,55.627,0.97234375,0.3231792281506726,0.53,1.486,65.0048064516129,9.9115049325497,50.429,80.071,10.13521875,2.067143170196179,6.554,13.381,142,129,2,0.908450704225352,0.0155038759689922,0.0,0.0,0.0,15,4,0,4,0,0
46.06638709677419,5.510342389104445,35.595,54.498,1.044625,0.2687214350910983,0.556,1.463,65.2355625,8.312778600473122,50.945,77.925,9.44784375,2.3607425309378898,6.08,13.587,123,114,2,0.926829268292683,0.0175438596491228,0.0,0.0,0.0,16,4,0,4,0,0
45.39728125,5.313429815309292,35.151,54.084,0.9099032258064516,0.2913268902611761,0.528,1.502,65.5321875,9.378057541625148,49.749,79.85,10.36046875,2.2728313163409912,6.652,13.615,122,110,2,0.9016393442622952,0.0181818181818181,0.0,0.0,0.0,17,4,0,4,0,0
44.62967741935484,5.553220485370609,35.001,54.618,1.04634375,0.2867987503206453,0.538,1.487,65.95290322580645,8.346690039989262,50.852,80.685,10.195387096774194,2.0230003077511607,6.463,13.279,197,181,5,0.9187817258883249,0.0276243093922651,0.0,0.0,0.0,18,4,0,4,0,0
45.347206896551725,5.17074235053972,35.531,53.959,1.04221875,0.2563374457403944,0.512,1.447,64.912875,7.90489457092372,50.498,79.561,10.01053125,2.2840962211297127,6.047,14.062,204,192,2,0.9411764705882352,0.0104166666666666,2.0,0.0,1.0,19,4,0,4,0,0
44.23329032258064,6.041811550595005,35.322,55.433,1.02265625,0.2856952594111424,0.609,1.49,65.0725806451613,7.770045824721983,51.148,77.99,10.301375,2.1659615126297944,6.666,13.826,225,224,3,0.9955555555555556,0.0133928571428571,0.0,0.0,0.0,20,4,0,4,0,0
43.20951612903225,5.87005301436008,34.586,54.056,0.9300645161290324,0.2830458073037968,0.496,1.511,64.3895,8.012610182423945,51.827,79.536,9.71790322580645,2.2902952263094627,6.283,13.925,169,155,2,0.9171597633136096,0.0129032258064516,0.0,0.0,0.0,21,4,0,4,0,0
43.3534375,5.044559828858756,35.394,52.89,1.05221875,0.2913977145143618,0.522,1.492,63.2954,8.404163133377041,49.527,77.404,9.599129032258064,2.2661910296344607,6.019,13.935,129,122,2,0.9457364341085271,0.0163934426229508,0.0,0.0,0.0,22,4,0,4,0,0
46.34225806451612,5.325235769226509,36.457,53.461,0.9914375,0.3105787456637439,0.521,1.492,66.18146875,8.743710996996178,51.445,78.06,10.265375,2.1772848102995828,6.739,13.766,248,226,5,0.9112903225806452,0.0221238938053097,0.0,0.0,0.0,23,4,0,4,0,0
43.398,6.542202310129722,35.194,54.724,0.9655,0.2886808707921089,0.514,1.471,65.0939375,9.218342535008228,49.998,79.535,10.13021875,2.0985592712908936,6.049,13.451,217,196,2,0.9032258064516128,0.010204081632653,0.0,0.0,0.0,24,4,0,4,0,0
57.31165625,1.529912660576393,54.66,59.899,1.63640625,0.1067891680428793,1.475,1.824,67.96367741935484,11.141811589345474,47.256,84.988,14.65365625,0.4281976186351803,13.939,15.618,246,205,8,0.8333333333333334,0.0390243902439024,5.0,0.0,1.0,25,4,0,4,0,0
57.28167741935484,1.5900118319705836,54.734,60.17,1.651625,0.0969568410802356,1.474,1.807,64.2093125,11.025859721984084,48.447,84.731,14.622,0.412868877099521,13.832,15.393,192,171,8,0.890625,0.0467836257309941,3.0,0.0,1.0,26,4,0,4,0,0
57.03874193548387,1.4919080169979635,54.662,59.853,1.65671875,0.094553359018138,1.529,1.817,67.1665,9.719137158038988,47.129,83.055,14.70340625,0.42768596101579,14.043,15.577,147,130,7,0.8843537414965986,0.0538461538461538,0.0,0.0,0.0,27,4,0,4,0,0
57.13543333333334,1.3641187804316894,54.781,59.958,1.64209375,0.0861140876321039,1.494,1.782,65.73454838709678,10.0283720042644,46.746,82.403,14.64146875,0.3229787753313153,13.808,15.069,120,98,3,0.8166666666666667,0.0306122448979591,1.0,0.0,1.0,28,4,0,4,0,0
56.94459375,1.5958572751158928,54.448,59.74,1.6570625,0.0970127818316209,1.521,1.835,64.00003225806452,10.440803051757632,47.723,81.641,14.4790625,0.4315275147284835,13.816,15.451,127,117,3,0.9212598425196852,0.0256410256410256,0.0,0.0,0.0,29,4,0,4,0,0
56.843125,1.1670336189424602,54.606,60.021,1.637375,0.0890765346893224,1.513,1.822,66.59851612903226,9.369322155741283,49.135,82.202,14.73,0.4422946033234322,13.975,15.651,127,108,3,0.8503937007874016,0.0277777777777777,2.0,0.0,1.0,30,4,0,4,0,0
57.205129032258064,1.5854855773954646,54.332,59.501,1.6609375,0.0818759634269837,1.504,1.834,65.74787500000001,10.036585635049272,49.847,82.33,14.7465,0.4464588988777097,13.884,15.501,233,204,10,0.8755364806866953,0.0490196078431372,2.0,0.0,1.0,31,4,0,4,0,0
57.44161290322581,1.357939755105,54.901,59.639,1.6426774193548388,0.0999271024620028,1.502,1.818,67.29640625,11.407005334469028,47.328,84.718,14.718451612903223,0.4421268926985913,13.769,15.575,146,128,5,0.8767123287671232,0.0390625,4.0,1.0,0.0,32,4,0,4,0,0
56.63579310344828,1.5004100006167451,54.4,60.038,1.6654666666666669,0.0831163427779495,1.505,1.824,66.65365625,10.06406811098476,48.663,83.128,14.690709677419354,0.4992244113654958,13.798,15.674,199,177,5,0.8894472361809045,0.0282485875706214,0.0,0.0,0.0,33,4,0,4,0,0
45.65509375,5.650160953227704,34.81,53.795,1.06771875,0.2940255896670088,0.503,1.453,64.83871875,7.979084862371588,49.892,80.569,10.43171875,2.0216788334064213,6.304,14.029,239,226,6,0.9456066945606696,0.0265486725663716,0.0,0.0,0.0,34,4,0,4,0,0
46.00275,5.425120328678909,36.023,54.967,1.013375,0.2748001913414369,0.524,1.458,64.82441935483871,8.222039685196505,49.631,80.316,9.777625,1.942434783228712,6.578,13.428,197,187,3,0.949238578680203,0.0160427807486631,0.0,0.0,0.0,35,4,0,4,0,0
44.59553125,6.499136007016748,35.201,54.074,1.0804375,0.3212682466262774,0.539,2.145,63.29065625,8.634496580612263,49.555,80.042,10.4533,2.391700637910044,6.001,14.052,165,153,2,0.9272727272727272,0.0130718954248366,0.0,0.0,0.0,1,5,0,5,0,0
44.3246875,5.12654829759563,34.732,54.371,1.0300625,0.3080464918304252,0.561,1.487,67.3796129032258,9.515065204461886,51.761,79.165,9.86103125,2.012549858879478,6.174,13.927,208,207,4,0.9951923076923076,0.0193236714975845,0.0,0.0,0.0,2,5,0,5,0,0
43.9888125,5.910895835371564,34.867,53.861,0.9343225806451612,0.249924306820655,0.507,1.445,66.44478125,9.670358600731095,50.809,80.478,10.29059375,2.268199511327318,5.986,13.661,218,214,3,0.981651376146789,0.014018691588785,0.0,0.0,0.0,3,5,0,5,0,0
45.21690625,5.794319934820347,35.722,54.045,0.9895625,0.2907956756899937,0.506,1.46,61.9343125,8.548388836830316,49.583,79.319,10.187387096774192,2.5131367475384137,6.313,13.937,210,193,3,0.919047619047619,0.0155440414507772,0.0,0.0,0.0,4,5,0,5,0,0
46.10403125,5.658815289692968,35.891,55.015,1.03,0.2893176622285949,0.53,1.504,64.0596875,7.946234395012764,49.464,79.583,10.94178125,1.991355928626474,6.263,13.674,139,134,2,0.9640287769784172,0.0149253731343283,0.0,0.0,0.0,5,5,0,5,0,0
45.30084375,5.54969362775056,35.999,54.046,0.95375,0.2788138470204135,0.517,1.496,65.03009375,9.278034334920289,50.254,79.552,10.64828125,2.2377265714714465,6.807,13.76,194,190,4,0.979381443298969,0.0210526315789473,0.0,0.0,0.0,6,5,0,5,0,0
45.812875,5.411290262631602,36.777,54.439,1.073193548387097,0.2647063050948905,0.564,1.483,66.282375,6.7677737119476,50.947,77.082,10.150290322580643,2.159596307855528,6.387,14.21,207,206,6,0.9951690821256038,0.029126213592233,0.0,0.0,0.0,7,5,0,5,0,0
43.74634375,5.556229573332312,35.706,54.713,0.95971875,0.3014088675595799,0.492,1.451,64.11003125,9.26847015070318,51.287,79.862,10.17378125,2.178510851763195,6.417,13.98,231,208,5,0.9004329004329005,0.0240384615384615,0.0,0.0,0.0,8,5,0,5,0,0
44.70228125,6.031298122906794,34.573,53.285,1.01034375,0.2945813441933724,0.566,1.452,64.29609375,9.310882579556154,50.001,79.516,9.980612903225806,2.3321344540630493,6.452,13.399,166,154,1,0.927710843373494,0.0064935064935064,0.0,0.0,0.0,9,5,0,5,0,0
44.04128125,6.532219828365293,35.339,63.113,1.0172,0.2844090546111842,0.497,1.485,68.0359375,8.727233545105028,51.825,80.615,10.263612903225807,2.2749779292324184,6.292,13.863,167,165,3,0.9880239520958084,0.0181818181818181,0.0,0.0,0.0,10,5,0,5,0,0
46.547875,5.558170694368962,35.397,54.71,1.00875,0.2949261252497626,0.532,1.506,63.94503125,8.95973386875927,50.291,79.239,10.46646875,2.623532904733185,6.287,13.703,245,223,4,0.9102040816326532,0.0179372197309417,0.0,0.0,0.0,11,5,0,5,0,0
44.5644375,5.780779816451266,35.704,55.264,1.0383125,0.3341555980522807,0.514,1.496,61.842,9.994294349697077,50.311,80.303,9.573774193548388,2.489792812125505,5.918,13.996,137,130,1,0.948905109489051,0.0076923076923076,0.0,0.0,0.0,12,5,0,5,0,0
42.949125,6.196377113984402,35.575,55.049,0.9897741935483872,0.2590778145239275,0.597,1.52,65.27559375,8.553386421836091,50.176,80.541,9.68151612903226,2.230730057940192,6.235,13.812,211,200,5,0.9478672985781992,0.025,0.0,0.0,0.0,13,5,0,5,0,0
45.871625,5.552477887713591,35.272,54.715,1.08159375,0.2855108448733998,0.498,1.483,65.82865625,9.750677851074949,50.956,80.917,9.87825,2.2335768507904747,6.032,13.665,158,153,2,0.9683544303797468,0.0130718954248366,0.0,0.0,0.0,14,5,0,5,0,0
45.2290625,5.477386078599195,35.891,54.829,1.03815625,0.3057264336261128,0.535,1.476,63.20103125,9.30788247456328,50.151,79.309,10.23465625,2.4612264659583585,6.054,13.983,206,202,5,0.9805825242718448,0.0247524752475247,0.0,0.0,0.0,15,5,0,5,0,0
45.453125,6.063657247047974,35.427,54.637,1.029125,0.2374425227563572,0.562,1.478,64.08341935483871,9.276987247212656,50.342,80.411,10.10315625,2.294936152170757,6.04,13.55,244,221,2,0.9057377049180328,0.0090497737556561,0.0,0.0,0.0,16,5,0,5,0,0
46.20887096774193,4.715529682103137,35.608,55.15,1.03221875,0.2501525643353439,0.544,1.423,65.612875,8.120257145737641,51.175,79.136,10.363,2.2207439758899747,6.299,14.076,180,165,4,0.9166666666666666,0.0242424242424242,0.0,0.0,0.0,17,5,0,5,0,0
44.65296875,5.339054570677224,34.952,52.729,0.990741935483871,0.3374483632342323,0.495,1.425,67.32906666666666,7.571151750096448,54.628,80.083,10.6659,2.1106573636894623,6.232,13.984,165,151,1,0.9151515151515152,0.0066225165562913,0.0,0.0,0.0,1,6,0,6,0,0
44.659000000000006,5.279259701890028,36.816,53.649,1.10928125,0.2925694000244133,0.51,1.485,66.70461290322581,7.619464459209802,51.341,78.774,10.27325,2.3740260074125064,6.281,13.796,236,216,3,0.9152542372881356,0.0138888888888888,0.0,0.0,0.0,2,6,0,6,0,0
44.61890625,5.619620032841016,34.792,55.63,1.035774193548387,0.3212991036067399,0.559,1.483,64.063125,9.22109616935623,51.331,80.043,10.26628125,2.594857187124675,6.039,13.878,245,241,3,0.9836734693877552,0.0124481327800829,0.0,0.0,0.0,3,6,0,6,0,0
45.9280625,5.711213768162173,35.911,54.892,1.0108125,0.2820050831731298,0.574,1.494,66.924375,9.890899922362657,50.627,80.246,10.2665,2.518761485205544,6.113,14.012,123,119,2,0.967479674796748,0.0168067226890756,0.0,0.0,0.0,4,6,0,6,0,0
45.16703225806452,5.661017420239765,35.524,54.464,1.0378666666666667,0.2356146376421982,0.681,1.434,63.31890625,9.069303595128176,50.256,79.666,9.479133333333332,2.162837866503545,6.175,13.229,189,183,4,0.9682539682539684,0.0218579234972677,0.0,0.0,0.0,5,6,0,6,0,0
44.834875,5.723166221312657,35.152,54.767,0.923483870967742,0.3266776056979054,0.501,1.491,66.21453125,9.891915610770486,50.741,80.471,9.457612903225806,2.341243938271837,6.214,13.646,149,143,3,0.959731543624161,0.0209790209790209,0.0,0.0,0.0,6,6,0,6,0,0
46.09909375,5.843856870249278,37.229,55.017,0.97134375,0.2672540906926131,0.513,1.435,61.86354838709677,8.019234331026496,49.589,76.112,9.80146875,2.374453553222571,6.059,13.964,142,128,3,0.9014084507042254,0.0234375,2.0,0.0,1.0,7,6,0,6,0,0
45.57790625,5.272463171436404,36.884,54.194,1.0410666666666666,0.2865822302806712,0.56,1.473,65.0850625,9.62222656795193,49.297,79.316,10.0905,2.4448095908442173,6.286,13.783,205,192,3,0.9365853658536586,0.015625,0.0,0.0,0.0,8,6,0,6,0,0
46.0181875,5.480142595492884,36.769,54.831,1.1242,0.277335151408718,0.542,1.48,64.00821875,9.772721738411022,49.763,80.03,9.70753125,2.2908618040911035,6.144,13.524,159,145,1,0.9119496855345912,0.0068965517241379,0.0,0.0,0.0,9,6,0,6,0,0
44.34,5.541971606777012,34.942,54.081,1.036875,0.2889413100357256,0.6,1.484,66.01625,8.30845720316198,50.225,78.308,10.754741935483873,2.445105150673374,6.039,13.872,249,232,5,0.931726907630522,0.021551724137931,0.0,0.0,0.0,10,6,0,6,0,0
45.1005,5.637698970095808,35.156,54.635,0.95184375,0.3137875909237679,0.503,1.492,64.00325,9.373630394579978,51.106,80.499,10.353483870967745,2.474606876131611,6.15,14.083,191,175,2,0.9162303664921466,0.0114285714285714,0.0,0.0,0.0,11,6,0,6,0,0
43.50483870967742,5.592532384628477,35.099,55.119,0.99421875,0.2721006377362089,0.525,1.485,64.51758064516129,8.757299777040076,50.246,80.758,9.33383870967742,2.2384234049403937,6.144,14.03,233,216,5,0.927038626609442,0.0231481481481481,0.0,0.0,0.0,12,6,0,6,0,0
45.91329032258065,5.857431935547344,34.994,55.027,0.9960625,0.2442647872500712,0.541,1.479,64.05778125,9.937139504467574,49.833,80.361,9.8010625,2.525431089837165,6.255,13.663,197,193,3,0.9796954314720812,0.0155440414507772,0.0,0.0,0.0,13,6,0,6,0,0
47.6468125,5.777150734477244,36.613,55.459,0.98584375,0.3470086091127813,0.492,1.527,65.6183125,9.024344728021047,50.893,80.397,9.6104375,2.014658939157949,6.039,13.922,150,140,3,0.9333333333333332,0.0214285714285714,0.0,0.0,0.0,14,6,0,6,0,0
45.29635483870968,4.781174071629876,36.845,54.03,1.0555625,0.2607511404731809,0.515,1.465,66.98019354838709,8.555144107180405,50.52,77.828,9.73146875,2.382828191989578,6.067,13.649,197,182,4,0.9238578680203046,0.0219780219780219,0.0,0.0,0.0,15,6,0,6,0,0
45.849870967741936,6.0138822333106114,35.905,53.986,0.936625,0.2542200913356567,0.5,1.506,65.40206451612903,8.405477804921757,51.818,81.31,10.6959375,2.094252333095852,7.117,13.684,242,226,5,0.9338842975206612,0.0221238938053097,0.0,0.0,0.0,16,6,0,6,0,0
43.936625,6.225190318375816,34.97,54.169,0.85846875,0.3007078728573416,0.507,1.448,62.74103125,9.461882474789771,47.462,78.264,10.224,2.241332252627144,6.279,14.018,135,127,3,0.9407407407407408,0.0236220472440944,2.0,0.0,1.0,17,6,0,6,0,0
42.81046875,5.477089855873693,35.406,52.412,1.003625,0.3255079157652029,0.52,1.439,67.05678125,9.24479076939872,49.81,80.714,10.22396875,2.468180242338342,5.943,13.897,169,168,2,0.9940828402366864,0.0119047619047619,0.0,0.0,0.0,18,6,0,6,0,0
45.717000000000006,5.313634700779997,35.373,53.878,0.98715625,0.2555915478150952,0.549,1.426,66.95625,8.30295141462049,50.509,78.976,10.05651612903226,2.202376699098313,6.538,14.053,193,184,1,0.9533678756476685,0.0054347826086956,0.0,0.0,0.0,19,6,0,6,0,0
44.074322580645166,6.7960972544890135,35.424,55.554,1.0383125,0.2870624791495466,0.504,1.515,65.813875,7.813378657686259,50.411,80.022,9.37225806451613,2.250694262781182,5.975,13.7,156,146,3,0.935897435897436,0.0205479452054794,0.0,0.0,0.0,20,6,0,6,0,0
45.3608125,5.716625433838258,35.899,55.047,0.97384375,0.304975103095424,0.503,1.492,65.70803125,7.790149940518867,52.451,78.883,10.10941935483871,2.660156684285013,6.053,14.009,157,153,1,0.9745222929936306,0.0065359477124183,0.0,0.0,0.0,21,6,0,6,0,0
43.745,5.902730062737783,34.935,53.253,1.1153666666666666,0.2744043685353139,0.61,1.485,66.7745,9.277219716996,50.388,79.249,9.46096875,2.184832044690865,6.194,14.261,207,203,4,0.9806763285024156,0.0197044334975369,0.0,0.0,0.0,22,6,0,6,0,0
45.4644375,6.119613823666203,35.513,54.76,0.98125,0.3070121359374954,0.54,1.48,63.77115625,8.39856937552126,50.022,80.363,9.52553125,2.653419449160928,5.899,14.088,240,227,6,0.9458333333333332,0.026431718061674,0.0,0.0,0.0,23,6,0,6,0,0
45.09603225806451,5.941781032001943,35.413,54.911,1.03315625,0.2659785474462421,0.54,1.515,64.2454375,8.142661869348892,52.113,80.274,10.574266666666666,2.2304400978024628,6.015,13.704,182,168,3,0.9230769230769232,0.0178571428571428,0.0,0.0,0.0,24,6,0,6,0,0
45.31696875,6.085849348226961,36.196,55.533,0.90653125,0.2697652485301176,0.554,1.412,63.64871875,9.522142189974309,49.34,78.858,10.213566666666669,1.992841978325104,6.846,14.122,206,195,5,0.9466019417475728,0.0256410256410256,0.0,0.0,0.0,25,6,0,6,0,0
43.65335483870968,5.882354242695619,34.565,54.01,1.0764516129032258,0.274253998902438,0.508,1.492,63.575875,9.31378783950734,49.082,80.773,10.051625,2.626840574383189,6.015,13.553,173,161,1,0.930635838150289,0.0062111801242236,0.0,0.0,0.0,26,6,0,6,0,0
44.5620625,6.279723175209085,35.22,53.962,0.9434375,0.275627604954408,0.536,1.509,64.64254838709678,8.931820944759655,49.587,79.97,9.44190625,2.4750788369245806,6.038,13.592,135,128,2,0.9481481481481482,0.015625,0.0,0.0,0.0,27,6,0,6,0,0
44.03859375,5.289756539670984,35.471,53.266,0.9893225806451612,0.3003579405860918,0.529,1.478,63.76353125,8.794404614021403,51.604,78.582,10.610903225806451,2.1264552562866794,6.152,13.684,231,217,6,0.9393939393939394,0.0276497695852534,0.0,0.0,0.0,28,6,0,6,0,0
44.4050625,6.048972218418064,34.577,53.351,0.9223870967741936,0.2428044037793047,0.608,1.442,64.8614375,6.669764753492847,50.019,74.924,10.1343125,2.187759650027928,6.198,13.9,155,143,3,0.9225806451612903,0.0209790209790209,0.0,0.0,0.0,29,6,0,6,0,0
45.1568125,5.440424464212924,36.852,53.264,0.9796129032258064,0.2637778961448886,0.555,1.502,63.81725,8.645639769979896,50.362,79.795,10.106709677419357,2.2910624346730257,6.131,13.718,134,127,2,0.9477611940298508,0.0157480314960629,0.0,0.0,0.0,30,6,0,6,0,0
44.87925806451613,5.29415506615703,35.687,54.034,1.0590625,0.2568799063576646,0.533,1.48,63.37434375,8.538125614387294,49.41,79.807,9.88525,2.6618621422823776,5.985,13.92,180,177,3,0.9833333333333332,0.0169491525423728,0.0,0.0,0.0,31,6,0,6,0,0
45.85171875,5.954422066343066,35.869,55.394,1.031774193548387,0.3066109054026421,0.538,1.514,64.10774193548387,7.636699710248932,52.571,77.558,9.93703125,2.4673361041019195,6.096,13.793,145,142,3,0.9793103448275862,0.0211267605633802,0.0,0.0,0.0,32,6,0,6,0,0
44.38603125,5.840347401754922,35.039,55.089,1.062125,0.2590840877323982,0.558,1.435,65.6901935483871,9.599939862378848,50.093,80.306,9.92721875,2.6115537055661813,6.058,13.99,201,189,5,0.9402985074626866,0.0264550264550264,0.0,0.0,0.0,33,6,0,6,0,0
42.76128125,5.87861585219698,34.842,54.615,0.9254375,0.2667314630618157,0.53,1.447,64.43434375,8.6482182524807,51.816,78.191,10.30996875,2.330239977734191,6.427,14.034,186,170,4,0.913978494623656,0.0235294117647058,0.0,0.0,0.0,34,6,0,6,0,0
44.618,5.247370917744152,35.143,53.329,1.0022,0.3127230128382314,0.509,1.453,65.9523125,8.380147036347656,51.768,80.11,10.141935483870968,2.8573767332465847,6.002,13.998,157,141,4,0.8980891719745223,0.0283687943262411,0.0,0.0,0.0,35,6,0,6,0,0
57.09675,1.689161674112435,54.401,60.037,1.6654193548387095,0.1048309032660211,1.49,1.831,63.3521875,11.893878453783994,47.339,82.179,14.67153125,0.47186370259922,13.828,15.476,131,104,4,0.7938931297709924,0.0384615384615384,0.0,0.0,0.0,36,6,0,6,0,0
56.9398125,1.1647920882590883,54.959,59.4,1.64675,0.0937718576670132,1.499,1.814,65.31700000000001,10.346970437079952,46.917,82.808,14.60541935483871,0.425783182241349,13.933,15.625,192,179,5,0.9322916666666666,0.0279329608938547,0.0,0.0,0.0,37,6,0,6,0,0
57.22615625,1.1589837347344585,54.743,59.968,1.6423333333333334,0.0926853532800284,1.503,1.829,67.87470967741936,9.541071589688965,48.525,82.237,14.659375,0.4655078912050719,13.893,15.486,157,128,3,0.8152866242038217,0.0234375,0.0,0.0,0.0,38,6,0,6,0,0
57.3685625,1.2479660339024432,54.678,59.272,1.644375,0.093832640995173,1.503,1.831,66.83684375,13.0379656737653,47.676,84.355,14.7558125,0.4614776713222778,13.992,15.562,147,136,3,0.9251700680272108,0.0220588235294117,3.0,0.0,1.0,39,6,0,6,0,0
57.317741935483866,1.342972448656137,54.75,59.921,1.635625,0.0926041697660775,1.482,1.8,65.4620625,10.067302278031493,48.583,83.103,14.7138125,0.4266450846146087,13.966,15.546,143,122,3,0.8531468531468531,0.0245901639344262,0.0,0.0,0.0,40,6,0,6,0,0
57.39567741935484,2.707968308370647,54.504,70.059,1.65459375,0.0946132567179366,1.494,1.814,63.59128125,10.884069071974327,48.521,82.45,14.581125,0.4785651100071222,13.806,15.44,143,130,6,0.9090909090909092,0.0461538461538461,0.0,0.0,0.0,41,6,0,6,0,0
45.32228125,5.546532658449781,36.186,53.572,1.0004375,0.3379233485809008,0.496,1.501,62.87023333333333,8.458725789275883,50.708,82.008,10.05467741935484,2.121042108447272,6.099,13.809,195,186,3,0.953846153846154,0.0161290322580645,0.0,0.0,0.0,42,6,0,6,0,0
45.31778125,5.894591603869712,35.375,55.366,1.0264375,0.2937570795303384,0.55,1.469,65.67575,9.469623193103033,50.023,79.92,10.358125,2.616381640184928,6.026,13.854,167,153,1,0.9161676646706588,0.0065359477124183,0.0,0.0,0.0,43,6,0,6,0,0
45.72884375,5.9639945214778445,35.621,54.639,1.0228064516129032,0.27551121203499,0.522,1.468,64.20009677419355,8.852164365678558,49.488,78.79,9.75284375,2.2479680446209853,6.257,14.126,124,120,1,0.967741935483871,0.0083333333333333,0.0,0.0,0.0,1,7,0,7,0,0
45.536096774193545,5.680996622394341,36.917,54.414,1.04875,0.2821734767261833,0.516,1.51,65.22471875,9.845711567641292,44.951,79.857,10.40684375,2.2656268677411657,6.048,13.765,220,199,2,0.9045454545454544,0.0100502512562814,0.0,0.0,0.0,2,7,0,7,0,0
45.4704375,5.583973431732132,36.088,54.343,1.0251290322580646,0.3417948450884422,0.529,1.503,62.62115625,8.55592911607585,50.292,79.149,9.444875,2.488962470070482,6.068,13.919,161,149,2,0.9254658385093169,0.0134228187919463,1.0,0.0,1.0,1,8,0,8,0,0
44.1853,6.513454357368081,34.726,54.651,0.9860645161290325,0.2884158959424013,0.506,1.488,62.8723125,9.173632799382329,49.642,80.716,9.8273125,2.3587769990933043,6.054,13.865,243,221,3,0.9094650205761317,0.0135746606334841,0.0,0.0,0.0,2,8,0,8,0,0
46.234375,5.757259079883692,35.523,55.174,0.9596875,0.3104518494170257,0.503,1.5,64.1118064516129,8.306119268023043,51.355,79.344,10.17659375,2.214413165682225,6.473,14.133,188,186,5,0.9893617021276596,0.0268817204301075,0.0,0.0,0.0,3,8,0,8,0,0
44.419125,6.3038334253721136,34.784,54.362,1.08628125,0.2921235083885338,0.518,1.508,66.9514375,6.987203325977312,50.382,79.094,10.20203125,2.575639243978272,6.249,13.839,247,240,2,0.97165991902834,0.0083333333333333,0.0,0.0,0.0,4,8,0,8,0,0
43.92165625,5.682357164288455,35.04,54.413,1.0449375,0.2914231971527141,0.509,1.485,64.67459375,8.223976241255436,50.601,78.723,10.139096774193549,2.400388070775761,6.46,13.848,224,221,6,0.9866071428571428,0.0271493212669683,0.0,0.0,0.0,5,8,0,8,0,0
43.64803125,5.012111090113337,35.187,53.35,0.9947741935483873,0.3142151820729885,0.531,1.471,64.47254838709678,9.33269330843178,49.836,80.797,9.61678125,2.3809826073306977,5.98,13.599,197,191,3,0.9695431472081218,0.0157068062827225,0.0,0.0,0.0,6,8,0,8,0,0
43.79277419354839,5.793740028166478,35.222,52.535,0.9313225806451612,0.2998836871296129,0.506,1.422,65.03156666666668,8.842447775803718,51.112,80.033,10.4578125,2.371781465175151,6.738,13.997,207,201,2,0.9710144927536232,0.0099502487562189,0.0,0.0,0.0,7,8,0,8,0,0
60.22328125,5.454888705492946,50.118,70.022,2.08996875,0.3848073237495492,1.479,2.941,152.16932258064514,17.016572217277087,121.808,181.147,27.346419354838712,4.966761612789522,20.542,35.083,128,116,1,0.90625,0.0086206896551724,0.0,0.0,0.0,-1,0,0,0,0,0
59.20221875,6.800394968294004,50.299,70.378,2.213,0.4590476818300559,1.54,2.939,147.77975,19.472752634419468,119.521,182.2,27.822064516129032,4.82490251324994,19.995,35.042,203,183,3,0.9014778325123152,0.0163934426229508,0.0,0.0,0.0,-1,0,0,0,0,0
60.7744375,6.2615096032903095,50.484,69.5,2.317875,0.4025084050414752,1.561,2.91,150.14690322580643,15.989993615497658,124.192,179.877,26.11246875,4.563672516482927,20.019,34.455,109,104,1,0.9541284403669724,0.0096153846153846,0.0,0.0,0.0,-1,0,0,0,0,0
60.4730625,6.0074530266108175,49.547,70.484,2.20590625,0.4517364603804931,1.483,2.987,148.31625,17.298217344290787,121.637,183.437,26.49396875,4.189924700873744,20.485,35.395,154,152,2,0.987012987012987,0.0131578947368421,2.0,0.0,1.0,-1,0,0,0,0,0
58.42641935483872,6.245562348709115,50.235,69.032,2.4679375,0.4541335555652352,1.647,3.872,147.9325625,19.99346983382244,118.696,177.211,27.498516129032257,4.243728579688447,20.311,34.594,158,142,3,0.8987341772151899,0.0211267605633802,0.0,0.0,0.0,-1,0,0,0,0,0
61.14784375,5.556109709484744,51.557,68.579,2.17996875,0.4606812966210498,1.568,3.024,150.57818749999998,15.30875172306836,127.05,181.458,27.01921875,4.839031152926372,19.783,34.97,172,171,2,0.994186046511628,0.0116959064327485,0.0,0.0,0.0,-1,0,0,0,0,0
60.92709375,5.00610598369228,51.268,69.339,2.25584375,0.4692131443154456,1.536,2.983,151.2118125,17.69233503150264,119.448,180.951,27.194466666666667,4.114978960295929,20.183,34.283,128,115,2,0.8984375,0.017391304347826,0.0,0.0,0.0,-1,0,0,0,0,0
59.45848387096774,5.410799558111955,50.24,69.444,2.47815625,0.42186789778968,1.503,3.033,145.8531612903226,17.74948212408233,122.455,179.134,28.35365625,4.138584849371044,19.835,34.769,202,199,2,0.9851485148514852,0.0100502512562814,0.0,0.0,0.0,-1,0,0,0,0,0
60.1268125,6.028464001864338,50.512,70.87,2.115548387096774,0.4462131657036934,1.512,2.923,152.02748387096773,19.15007827463719,119.561,180.485,28.033967741935484,3.967964251215568,20.753,35.466,133,132,3,0.9924812030075189,0.0227272727272727,0.0,0.0,0.0,-1,0,0,0,0,0
59.622125,6.217866664285968,50.571,69.2,2.2505,0.4703778851505559,1.538,2.926,151.92128125,17.292743852570208,125.418,177.536,27.936451612903223,4.639135090644301,19.944,35.271,172,159,3,0.9244186046511628,0.0188679245283018,0.0,0.0,0.0,-1,0,0,0,0,0
60.6546,5.891240046268579,49.961,69.495,2.1786875,0.3928707772037075,1.48,2.932,142.44587096774194,17.353442330446402,122.108,179.57,29.07790625,4.257080616810561,21.829,35.071,144,142,3,0.9861111111111112,0.0211267605633802,0.0,0.0,0.0,-1,0,0,0,0,0
58.53754838709678,6.4196644452219855,49.586,70.647,2.148032258064516,0.3496451042481951,1.701,2.995,150.038125,18.555969151331364,122.561,180.147,26.1375625,4.02531423688203,19.639,34.482,216,212,2,0.9814814814814816,0.0094339622641509,0.0,0.0,0.0,-1,0,0,0,0,0
59.3945,5.774529351021299,50.984,69.712,2.34521875,0.3991049449160604,1.549,2.921,147.37812903225804,16.138729606636616,122.739,175.508,29.684516129032257,4.909136827528627,20.109,35.483,131,126,2,0.9618320610687024,0.0158730158730158,0.0,0.0,0.0,-1,0,0,0,0,0
59.26103225806452,5.358148203026061,50.097,70.146,2.20065625,0.4354552389407753,1.534,3.039,145.65021875,15.915991807256916,124.72,177.102,27.68428125,4.103076927524694,20.898,35.278,211,194,2,0.919431279620853,0.0103092783505154,0.0,0.0,0.0,-1,0,0,0,0,0
57.93635483870968,5.483817019487958,49.586,69.071,2.234,0.4302318754656222,1.513,2.944,149.2913125,17.264080059079035,122.081,178.741,28.25878125,4.056586414425509,20.412,34.438,215,205,3,0.9534883720930232,0.0146341463414634,0.0,0.0,0.0,-1,0,0,0,0,0
60.81448387096774,4.709252530009179,52.495,69.977,2.2826451612903225,0.4330389935011315,1.491,2.986,147.7961875,17.789747145816794,124.721,181.761,27.41074193548388,3.9819991458875874,20.4,34.505,148,143,4,0.9662162162162162,0.0279720279720279,0.0,0.0,0.0,-1,0,0,0,0,0
61.6405,5.861523698196241,49.68,70.228,2.3246774193548387,0.4093540755138332,1.495,3.015,148.51384375,18.95239621433452,121.299,180.497,27.78853125,3.913247821838143,21.283,34.644,125,114,1,0.912,0.0087719298245614,0.0,0.0,0.0,-1,0,0,0,0,0
59.739548387096775,6.942603175748559,49.865,69.243,2.2108125,0.4179767270492923,1.515,3.022,149.62167741935482,18.2034581666728,123.235,182.243,27.58896875,3.852808732343742,22.41,35.223,185,176,3,0.9513513513513514,0.0170454545454545,1.0,0.0,1.0,-1,0,0,0,0,0
59.26165625,5.063986059766364,50.819,68.404,2.260838709677419,0.4067784078810962,1.525,3.01,151.64787096774194,14.777495605913598,123.645,180.882,26.64058064516129,4.312585734600482,19.895,35.249,214,204,2,0.9532710280373832,0.0098039215686274,0.0,0.0,0.0,-1,0,0,0,0,0
59.34413333333334,5.596580616974874,50.997,69.69,2.1616875,0.4336515203813222,1.531,2.887,148.380625,16.471351045806582,118.339,177.791,27.946,3.8429115642078697,20.996,35.053,202,193,2,0.9554455445544554,0.0103626943005181,0.0,0.0,0.0,-1,0,0,0,0,0
58.921375,5.781729748708146,50.543,68.366,2.27296875,0.3876509474468645,1.523,2.954,150.800875,17.921934003769902,119.916,178.289,27.70759375,4.490978195473426,20.725,34.733,197,194,3,0.9847715736040608,0.0154639175257731,0.0,0.0,0.0,-1,0,0,0,0,0
57.7365625,4.89040231828399,50.386,66.897,2.1373125,0.4157587263646874,1.523,2.946,151.74875,17.055536692551417,123.641,176.457,28.51553125,4.000535923649641,22.172,34.867,177,176,4,0.9943502824858758,0.0227272727272727,0.0,0.0,0.0,-1,0,0,0,0,0
59.2421875,5.650642695033503,50.703,70.711,2.1884375,0.4393483398280656,1.536,3.029,155.3376451612903,18.3505951593736,122.14,182.304,26.53559375,3.957301107502883,20.657,33.257,101,99,2,0.9801980198019802,0.0202020202020202,0.0,0.0,0.0,-1,0,0,0,0,0
60.044,5.824745692911989,49.996,69.853,2.127516129032258,0.4133435916174132,1.492,2.933,150.66403125,18.60373579459569,123.659,180.728,28.71115625,4.485946349681162,20.657,34.875,123,116,1,0.943089430894309,0.0086206896551724,0.0,0.0,0.0,-1,0,0,0,0,0
61.70693548387096,5.785166709989056,49.768,70.052,2.354967741935484,0.4338917287274147,1.506,3.014,140.202,16.482133431434566,118.823,178.858,25.68421875,3.36284631490968,20.222,32.908,195,186,3,0.953846153846154,0.0161290322580645,1.0,0.0,1.0,-1,0,0,0,0,0
59.821,4.799836321134026,51.609,69.675,2.348625,0.4536163470627801,1.53,3.005,148.23540625,17.042509087306584,122.74,179.015,27.29413793103448,4.040413943822888,19.956,34.581,105,104,2,0.9904761904761904,0.0192307692307692,0.0,0.0,0.0,-1,0,0,0,0,0
60.44987096774193,5.498763223016219,50.234,69.171,2.23828125,0.3893380017890583,1.509,2.988,146.1869375,16.30760403266803,121.923,178.807,29.14977419354839,4.294273820718915,19.958,34.954,171,166,3,0.9707602339181286,0.0180722891566265,0.0,0.0,0.0,-1,0,0,0,0,0
59.67945161290323,5.291875551816578,50.076,69.537,2.230451612903226,0.5291199510325094,1.497,3.716,152.199875,17.04627357584586,121.769,179.783,27.3378125,4.043704006568969,20.245,35.299,190,176,4,0.9263157894736842,0.0227272727272727,0.0,0.0,0.0,-1,0,0,0,0,0
60.84683870967742,5.271704664823161,50.789,70.641,2.1820625,0.4570402634553709,1.566,3.004,149.14965625,19.485908495892154,121.29,183.033,27.9068125,4.1276364121378775,20.178,34.38,176,159,2,0.9034090909090908,0.0125786163522012,0.0,0.0,0.0,-1,0,0,0,0,0
61.66721875,5.54759645562615,51.447,69.433,2.33809375,0.5112492201666109,1.486,3.028,145.18115625,15.802934107125582,123.438,177.242,27.32346875,4.307749416023406,19.888,33.83,209,191,3,0.9138755980861244,0.0157068062827225,0.0,0.0,0.0,-1,0,0,0,0,0
59.5564375,5.009300613970879,50.416,69.128,2.131516129032258,0.3950793904156262,1.53,2.911,142.96528125,16.695083634516724,119.642,177.217,27.28209375,4.701407039623111,20.211,34.88,136,128,3,0.9411764705882352,0.0234375,0.0,0.0,0.0,-1,0,0,0,0,0
59.489625,5.788322876775832,50.64,70.635,2.28565625,0.4045031687243803,1.57,2.881,152.8671875,14.547051574532096,128.24,178.215,27.52722580645161,4.495559443937817,19.75,35.189,176,167,4,0.9488636363636364,0.0239520958083832,0.0,0.0,0.0,-1,0,0,0,0,0
59.98821875,6.406099969683004,49.398,70.088,2.2964375,0.4457164538785443,1.528,3.058,144.851875,17.297326410506713,119.418,178.54,28.490375,4.418188745438856,20.343,36.346,149,137,3,0.9194630872483222,0.0218978102189781,0.0,0.0,0.0,-1,0,0,0,0,0
59.21275,5.694408967036962,50.242,68.419,2.25003125,0.3861935403458202,1.594,2.915,150.65565625,18.5160114105453,124.186,179.362,27.96232258064516,4.493744128504995,20.342,34.518,133,124,2,0.9323308270676692,0.0161290322580645,0.0,0.0,0.0,-1,0,0,0,0,0
58.18948387096774,4.946001502028129,49.971,68.462,2.092125,0.3213195324524855,1.617,2.853,150.537625,19.99959681811353,117.985,180.796,27.6220625,4.06410995642382,20.07,34.239,137,128,2,0.9343065693430656,0.015625,0.0,0.0,0.0,-1,0,0,0,0,0
61.932875,5.404724449124834,52.642,70.348,2.14853125,0.3729318872667267,1.506,2.964,149.23646875,17.44495655184518,121.704,175.029,28.125612903225807,4.52009569719801,19.995,34.229,188,173,4,0.9202127659574468,0.0231213872832369,1.0,0.0,1.0,1,1,0,1,0,0
60.85864516129032,6.081681272742415,50.463,69.538,2.2068125,0.4128519563999011,1.51,2.966,148.708375,14.603846923040958,122.79,174.12,27.210774193548385,4.339620104031207,21.192,35.418,132,127,3,0.9621212121212122,0.0236220472440944,0.0,0.0,0.0,2,1,0,1,0,0
59.4945625,5.774941066240277,50.174,68.775,2.16521875,0.4687410547533577,1.533,3.06,152.90475,16.106148220978504,122.53,180.582,28.36883870967742,4.532058068889337,20.875,35.131,211,197,2,0.933649289099526,0.0101522842639593,0.0,0.0,0.0,3,1,0,1,0,0
58.00316129032258,6.242762316457753,49.569,70.292,2.306625,0.4755034513629365,1.511,2.957,152.9729375,17.802089293725444,120.023,178.979,26.638,3.85881143325498,19.923,34.055,108,104,2,0.9629629629629628,0.0192307692307692,0.0,0.0,0.0,4,1,0,1,0,0
59.41359375,6.307076731272043,51.18,69.702,2.23603125,0.4362282980552655,1.538,2.952,141.53040625,14.019940683366707,119.39,176.621,27.2305625,4.468046220466593,19.947,35.171,156,147,2,0.9423076923076924,0.0136054421768707,0.0,0.0,0.0,5,1,0,1,0,0
59.67971875,6.461444177103957,50.222,70.458,2.0683125,0.4265237154469956,1.525,2.917,148.372125,18.146846308700937,121.926,182.625,27.91596875,4.571124965542382,19.79,34.495,211,194,4,0.919431279620853,0.0206185567010309,0.0,0.0,0.0,6,1,0,1,0,0
61.6046875,5.669153475167169,49.768,70.673,2.4096451612903227,0.4311335097458866,1.665,2.989,148.00084375,17.046054976595638,121.322,178.643,26.94284375,4.304756837082821,20.371,34.228,164,151,3,0.9207317073170732,0.0198675496688741,0.0,0.0,0.0,7,1,0,1,0,0
59.6288064516129,6.189979307554833,49.529,70.512,2.1685,0.4710352359944923,1.517,3.02,152.472625,17.355901898015794,123.234,179.824,27.0216875,4.576177651620788,19.891,34.964,183,176,4,0.9617486338797814,0.0227272727272727,0.0,0.0,0.0,8,1,0,1,0,0
60.32671875,5.91580042976421,51.23,69.406,2.246483870967742,0.4307528193730711,1.542,2.975,148.80025,17.54544591220367,122.44,177.516,27.99553125,4.396647615747304,20.354,34.174,171,163,3,0.953216374269006,0.0184049079754601,0.0,0.0,0.0,9,1,0,1,0,0
59.4889375,5.936790546748953,50.495,70.223,2.33465625,0.4266277072634155,1.614,2.978,148.6325625,18.261122097342,120.523,179.774,27.56690322580645,4.654763018348973,20.692,35.177,103,98,2,0.9514563106796116,0.0204081632653061,0.0,0.0,0.0,10,1,0,1,0,0
60.2214375,6.258079505147081,50.312,73.311,2.24890625,0.3468746505374583,1.648,2.998,151.34936666666667,18.54864977051417,124.106,178.319,26.49283870967742,4.331737912176237,19.952,34.236,119,108,2,0.907563025210084,0.0185185185185185,0.0,0.0,0.0,11,1,0,1,0,0
60.217125,5.12938939804478,50.837,69.557,2.14653125,0.4718551571345978,1.522,2.904,152.34671875,18.56885315692674,121.491,182.134,26.27616129032258,3.908684459821696,20.224,33.697,115,103,2,0.8956521739130435,0.0194174757281553,0.0,0.0,0.0,12,1,0,1,0,0
61.88496774193548,5.629164298448281,50.398,70.774,2.342548387096774,0.4515742713891538,1.489,3.034,148.67796875,16.663155458606926,123.249,180.307,26.5583125,4.055048835770523,20.854,35.105,206,199,3,0.9660194174757282,0.0150753768844221,0.0,0.0,0.0,13,1,0,1,0,0
59.6123125,5.923421196689216,49.993,69.908,2.3101875,0.4224596516332236,1.57,3.035,150.455875,18.3400232890238,121.795,180.8,27.891625,3.913293998584164,20.251,34.685,197,190,2,0.964467005076142,0.0105263157894736,0.0,0.0,0.0,14,1,0,1,0,0
60.49140625,5.166150216112918,51.363,69.337,2.349806451612903,0.4367161869647028,1.561,2.998,149.97870967741937,16.98354532126817,122.495,181.819,27.687290322580647,4.852021318952534,20.196,35.149,136,123,3,0.9044117647058824,0.024390243902439,0.0,0.0,0.0,15,1,0,1,0,0
61.04196774193548,6.110901692788447,50.515,70.693,2.2020625,0.4066337765432262,1.58,2.961,151.86428125,15.317248037244672,123.571,180.991,27.43934375,4.7909484319938365,20.322,34.794,146,136,2,0.9315068493150684,0.0147058823529411,0.0,0.0,0.0,16,1,0,1,0,0
60.65471875,6.192576264311527,50.758,69.805,2.186375,0.4952143719577899,1.504,2.993,149.75940625,18.850646096327623,119.859,178.842,27.47774193548388,4.254164508398346,20.099,34.52,201,187,2,0.9303482587064676,0.0106951871657754,0.0,0.0,0.0,17,1,0,1,0,0
61.95965625,4.766532367823393,51.616,70.117,2.2074193548387093,0.424365626489984,1.509,2.959,155.4579375,15.795406816922972,124.321,181.201,27.38409375,4.795564518953275,20.491,34.547,120,110,2,0.9166666666666666,0.0181818181818181,0.0,0.0,0.0,18,1,0,1,0,0
59.39428125,5.88750931091312,50.799,70.452,2.31434375,0.4113035618125346,1.547,3.039,148.93753125,18.31140925847189,124.12,180.305,27.3131875,4.487931066096297,20.068,34.92,117,115,1,0.9829059829059827,0.008695652173913,0.0,0.0,0.0,19,1,0,1,0,0
59.76559375,6.313128491149705,49.471,70.262,2.1445625,0.444990245453074,1.524,2.99,147.60403125,16.48748630557161,119.672,175.66,26.6481935483871,3.8780476395505583,20.82,34.421,128,115,3,0.8984375,0.0260869565217391,0.0,0.0,0.0,20,1,0,1,0,0
60.5086875,5.704463580206575,50.681,69.829,2.1186451612903223,0.4371939728455473,1.522,2.95,150.7165,17.225383821745506,120.626,177.865,28.3483,4.199373025041749,20.853,34.026,215,204,4,0.9488372093023256,0.0196078431372549,0.0,0.0,0.0,21,1,0,1,0,0
59.77377419354839,5.3353754426449225,51.871,69.795,2.28090625,0.3648146112820026,1.515,2.896,150.0060333333333,15.28508173865849,118.305,175.876,27.2589375,4.673955373629214,20.158,34.754,130,126,2,0.9692307692307692,0.0158730158730158,0.0,0.0,0.0,22,1,0,1,0,0
60.8810625,5.607083543780624,51.448,70.163,2.201935483870968,0.4382849860903954,1.55,3.04,153.59421875,15.55521341033055,123.612,178.93,25.00403125,4.340097713218247,19.827,34.135,169,160,1,0.9467455621301776,0.00625,0.0,0.0,0.0,23,1,0,1,0,0
59.85296875,5.462088283646355,50.688,68.889,2.24475,0.4814983334979368,1.503,2.94,149.99784375000002,16.654529902255447,122.094,176.103,27.456125,5.288396779743365,19.893,39.443,123,117,1,0.951219512195122,0.0085470085470085,0.0,0.0,0.0,24,1,0,1,0,0
59.60775,6.2893590421672,49.736,70.228,2.269625,0.4263301575373321,1.499,2.999,145.26,17.526960305437655,119.713,176.803,27.36428125,4.272379583492501,20.146,35.328,116,105,2,0.9051724137931034,0.019047619047619,0.0,0.0,0.0,25,1,0,1,0,0
60.90259375,6.262967584034693,50.062,69.18,2.151875,0.3783681216538609,1.631,2.939,144.8615,17.618401650254125,120.588,176.593,27.85203125,4.6899746094943415,21.051,34.896,188,186,3,0.9893617021276596,0.0161290322580645,0.0,0.0,0.0,26,1,0,1,0,0
60.2100625,5.058579240404526,52.418,67.418,2.193375,0.4427006379470326,1.478,2.935,147.0295625,16.89862223805109,121.061,182.687,27.1595,4.437466539628505,20.383,34.132,130,127,1,0.9769230769230768,0.0078740157480314,0.0,0.0,0.0,27,1,0,1,0,0
60.1048125,7.08236011982838,49.343,76.417,2.30971875,0.4294102658429236,1.613,2.944,146.38328125,15.727701208550585,118.896,173.804,27.52634375,4.175655734553325,20.733,34.852,116,109,3,0.9396551724137931,0.0275229357798165,1.0,0.0,1.0,28,1,0,1,0,0
60.3340625,5.952227454775824,50.062,69.169,2.16509375,0.4181203993430293,1.586,3.043,152.39228125,17.8061025715712,121.827,178.494,26.3895625,4.074618485505036,19.93,33.748,105,103,1,0.9809523809523808,0.0097087378640776,0.0,0.0,0.0,29,1,0,1,0,0
59.3158064516129,5.808485674249097,50.625,69.811,2.1924375,0.433652598992446,1.505,2.974,149.98746875,15.754657144505792,122.461,179.558,26.83465625,4.411448614460356,20.876,35.265,210,204,5,0.9714285714285714,0.0245098039215686,0.0,0.0,0.0,30,1,0,1,0,0
60.20232258064516,6.167155267420556,50.857,69.711,2.15578125,0.4608494775167043,1.579,3.068,150.17054838709677,17.265118165130346,121.899,181.796,26.66428125,4.020087402631738,19.638,33.867,163,147,4,0.901840490797546,0.0272108843537414,0.0,0.0,0.0,31,1,0,1,0,0
59.7451935483871,5.632564291210856,51.204,68.226,2.2967419354838707,0.4164896131351445,1.558,3.043,146.8670322580645,19.16146709498671,117.903,182.897,28.559516129032257,4.464418393407796,20.21,35.084,164,154,3,0.9390243902439024,0.0194805194805194,0.0,0.0,0.0,32,1,0,1,0,0
59.35261290322581,5.703773801483946,50.064,68.995,2.235,0.4223128331370692,1.508,2.892,152.484625,16.335520910066684,124.242,178.156,26.99540625,3.9815543881461832,19.987,35.546,194,190,4,0.979381443298969,0.0210526315789473,0.0,0.0,0.0,33,1,0,1,0,0
60.54728125,5.698246981334018,51.401,70.204,2.25684375,0.4427566949549372,1.497,2.89,152.44778125,18.25087943393126,120.489,181.247,27.09351612903226,4.795237101339674,20.012,35.068,104,99,2,0.9519230769230768,0.0202020202020202,0.0,0.0,0.0,34,1,0,1,0,0
61.1874375,5.782526063355625,50.031,70.006,2.228612903225806,0.4233520739226674,1.523,2.972,147.95565625,18.253665511889928,119.533,178.507,26.19515625,3.800968960582882,19.962,33.693,131,121,1,0.9236641221374046,0.0082644628099173,0.0,0.0,0.0,35,1,0,1,0,0
60.503375,6.361642224325617,50.613,68.768,2.238,0.4948531225558003,1.505,2.986,154.65140625,17.268342302082594,121.628,181.733,26.960774193548385,4.386466548447071,19.967,33.616,205,195,5,0.951219512195122,0.0256410256410256,0.0,0.0,0.0,36,1,0,1,0,0
59.48571875,5.666299328453899,50.523,70.519,2.2233125,0.4306769193617969,1.597,2.959,150.33048387096773,15.574468149016557,122.819,178.559,26.94028125,5.3630636119147,20.436,35.412,216,211,4,0.976851851851852,0.0189573459715639,0.0,0.0,0.0,1,2,0,2,0,0
59.75771875,6.05080172898667,49.766,70.889,2.23725,0.4689708705445945,1.514,2.941,147.1909375,17.82853536027965,121.884,177.255,28.0728125,4.898366168938375,20.603,35.122,164,155,2,0.945121951219512,0.0129032258064516,0.0,0.0,0.0,2,2,0,2,0,0
60.40078125,6.228685009743616,49.677,70.365,2.26725,0.4787216175365116,1.566,2.976,149.2733125,19.296502824450663,121.191,179.689,27.3496875,4.359446202158725,20.291,33.949,196,181,3,0.923469387755102,0.0165745856353591,0.0,0.0,0.0,3,2,0,2,0,0
60.472875,6.024634620161757,51.242,70.479,2.2988709677419354,0.4692323334934399,1.476,3.019,156.9062258064516,20.23814949661435,121.605,219.327,27.6013125,4.86097224735095,19.73,34.665,205,188,2,0.9170731707317074,0.0106382978723404,0.0,0.0,0.0,4,2,0,2,0,0
60.39203225806452,5.387926153192716,50.103,68.659,2.150875,0.3875466048977101,1.598,2.968,151.84121875,16.62188328822516,119.292,180.165,27.00559375,3.900213938378376,20.791,33.364,107,102,2,0.9532710280373832,0.0196078431372549,0.0,0.0,0.0,5,2,0,2,0,0
60.96975,6.158061875664788,49.751,69.308,2.18303125,0.4457930580491789,1.507,3.073,150.17126666666667,16.270463090146396,124.288,181.842,28.392666666666667,4.308532347389972,20.123,34.98,148,134,3,0.9054054054054054,0.0223880597014925,0.0,0.0,0.0,6,2,0,2,0,0
58.42503125,5.175859887944912,50.316,69.22,2.4519375,0.4301476818789178,1.6,3.005,151.11775,16.752566971334044,124.67,179.946,29.76115625,3.932926859792311,21.789,34.856,178,173,4,0.9719101123595506,0.0231213872832369,0.0,0.0,0.0,7,2,0,2,0,0
60.3458125,5.671994935148907,50.803,68.956,2.14915625,0.3398154251729662,1.622,2.923,148.8414193548387,16.511735494841627,120.893,176.521,28.85996875,4.210634328768628,21.577,34.773,184,175,3,0.9510869565217392,0.0171428571428571,0.0,0.0,0.0,8,2,0,2,0,0
59.1055625,6.816191567131803,50.053,69.122,2.30784375,0.4318132145010639,1.476,3.005,150.94403225806454,16.371929632725788,125.821,179.941,26.98635483870968,4.495095449845954,20.539,34.65,153,146,1,0.954248366013072,0.0068493150684931,0.0,0.0,0.0,9,2,0,2,0,0
59.9101875,4.883571924104656,50.161,66.934,2.266375,0.6140994849528494,1.541,4.472,146.5734375,16.952877821997674,120.705,178.785,27.212375,4.403501918378292,20.664,34.859,115,112,2,0.9739130434782608,0.0178571428571428,0.0,0.0,0.0,10,2,0,2,0,0
60.1873125,5.682875819214501,50.333,69.883,2.27128125,0.4356693207657059,1.565,3.007,148.54765625,15.079832981468728,121.951,174.346,28.0794375,4.450172631211136,20.4,35.51,102,94,2,0.9215686274509804,0.0212765957446808,0.0,0.0,0.0,11,2,0,2,0,0
58.638125,6.186283546112579,49.669,68.757,2.1641612903225806,0.4495055132605305,1.503,2.951,146.03671875,19.3174110320939,120.365,178.692,27.719875,4.670026322713685,20.34,34.763,109,108,2,0.9908256880733946,0.0185185185185185,0.0,0.0,0.0,12,2,0,2,0,0
58.7869375,6.482984955362119,49.462,69.166,2.17975,0.4540934250896807,1.496,2.969,146.01271875,18.881071173539976,121.99,180.429,27.63925,4.470886749022015,19.896,34.512,119,109,2,0.9159663865546218,0.018348623853211,0.0,0.0,0.0,13,2,0,2,0,0
59.2584,5.207170650104561,50.58,69.022,2.34478125,0.4265197294816463,1.663,2.998,148.70434375,20.36860792210592,119.61,183.137,28.85765625,4.494793903268859,20.126,34.929,182,178,3,0.978021978021978,0.0168539325842696,2.0,0.0,1.0,14,2,0,2,0,0
59.35678125,5.846957304855099,50.959,68.626,2.149387096774193,0.3919790536426962,1.569,3.02,146.52435483870968,15.992992368635262,121.405,178.863,28.75965625,4.656037465272825,20.157,34.585,172,158,4,0.9186046511627908,0.0253164556962025,0.0,0.0,0.0,15,2,0,2,0,0
59.45790625,6.180386319271922,49.92,70.842,2.2176451612903225,0.3824115190373756,1.586,2.9,149.40212903225807,18.52778062935392,119.123,180.641,28.452375,4.57679059794299,20.116,34.923,155,142,3,0.9161290322580644,0.0211267605633802,0.0,0.0,0.0,16,2,0,2,0,0
59.12628125,5.422698103785455,51.611,69.85,2.1755625,0.3761237731677373,1.591,2.904,157.61732258064515,13.64701067483791,133.483,179.33,27.56378125,4.539728091433807,20.255,34.609,103,93,1,0.9029126213592232,0.010752688172043,0.0,0.0,0.0,17,2,0,2,0,0
59.13177419354839,6.100012932826057,50.182,69.291,2.243967741935484,0.4209472242352928,1.487,2.922,149.18665625,17.74629420399646,119.283,179.953,27.4681875,4.059833426087903,20.373,34.467,163,156,2,0.9570552147239264,0.0128205128205128,0.0,0.0,0.0,18,2,0,2,0,0
60.53015625,5.553450151725646,50.68,69.421,2.185774193548387,0.409015216479568,1.524,2.958,147.71580645161288,20.56898451134516,120.103,179.561,27.68883870967742,4.27394680279461,20.256,33.773,150,140,4,0.9333333333333332,0.0285714285714285,0.0,0.0,0.0,19,2,0,2,0,0
59.4491875,5.776626526635229,50.114,69.11,2.184516129032258,0.3930134748298707,1.622,2.928,148.76678125,16.86752331808344,119.915,178.835,27.9149375,4.64361538749017,20.276,35.393,164,162,4,0.9878048780487804,0.0246913580246913,0.0,0.0,0.0,20,2,0,2,0,0
61.78125,6.177366695471671,51.148,70.594,2.27671875,0.3897656230703514,1.565,2.928,147.1235,17.976730338896992,120.916,179.274,27.845,4.460920495443365,20.234,34.664,174,168,2,0.9655172413793104,0.0119047619047619,0.0,0.0,0.0,21,2,0,2,0,0
59.71940625,5.730415904848472,50.027,69.814,2.12403125,0.4023746035382709,1.569,2.893,152.02734375,16.58878600743902,126.992,181.092,26.92878125,3.700115593088647,20.377,35.247,190,173,4,0.9105263157894736,0.0231213872832369,0.0,0.0,0.0,22,2,0,2,0,0
59.44271875,6.36034256652172,49.581,69.108,2.35596875,0.4836868811451635,1.564,3.01,143.97140625,15.57080174631947,122.185,182.101,28.04674193548387,3.6772195562022296,20.335,35.047,203,198,4,0.9753694581280788,0.0202020202020202,0.0,0.0,0.0,1,3,1,2,0,0
58.85540625,6.00505104519883,50.301,70.001,2.2124193548387097,0.3973789773162429,1.579,3.009,153.49209375,16.487904719011013,122.195,178.915,28.1025,4.114144845098628,20.811,35.196,114,104,2,0.912280701754386,0.0192307692307692,1.0,0.0,1.0,2,3,1,2,0,0
58.46128125,5.445284720980192,50.988,69.301,2.1301612903225804,0.4408693757243895,1.538,2.955,151.95290322580644,18.00115946886911,122.102,180.943,28.0125,4.205973217898257,19.843,35.11,187,177,4,0.946524064171123,0.0225988700564971,0.0,0.0,0.0,3,3,1,2,0,0
61.84996875,5.497294539776494,51.359,69.819,2.1698387096774194,0.4425096682012868,1.51,3.045,150.27164516129034,19.801058792479395,120.178,177.172,27.98809375,4.0767688847069214,19.971,34.952,113,110,2,0.9734513274336284,0.0181818181818181,0.0,0.0,0.0,4,3,1,2,0,0
59.42028125,5.960426734205417,50.915,70.289,2.406967741935484,0.4715881313088763,1.53,3.015,151.02929032258066,18.4191473096043,119.886,179.822,27.9395,3.977901286502883,20.074,35.082,168,154,4,0.9166666666666666,0.0259740259740259,0.0,0.0,0.0,5,3,1,2,0,0
59.95540625,5.950217219452525,50.382,68.922,2.1393125,0.4207222237012551,1.495,2.976,149.316125,14.232266472758749,127.827,180.606,27.93134375,4.528147186492543,20.38,34.45,109,105,2,0.963302752293578,0.019047619047619,0.0,0.0,0.0,6,3,1,2,0,0
59.244375,5.412763838462543,50.448,69.263,2.326096774193548,0.4397482124154464,1.526,3.03,144.66322580645163,18.333362955205786,120.67,173.437,27.56573333333333,4.767026297340957,20.156,34.93,172,169,4,0.9825581395348836,0.0236686390532544,0.0,0.0,0.0,7,3,1,2,0,0
59.06148387096774,5.194463494086551,50.755,68.118,2.3609375,0.4680306674195201,1.586,2.966,149.3214375,17.26182365601768,123.26,178.572,28.55983870967741,4.3711482785554505,19.975,34.894,192,186,2,0.96875,0.010752688172043,0.0,0.0,0.0,8,3,1,2,0,0
58.487875,5.703659282397345,50.182,70.585,2.321375,0.4415932115829329,1.551,2.948,148.61671875,16.513087820573094,122.078,180.524,27.61890322580645,4.462432366283652,20.381,34.235,196,193,4,0.9846938775510204,0.0207253886010362,0.0,0.0,0.0,9,3,1,2,0,0
60.06809677419354,6.851627881288934,49.676,69.83,2.28084375,0.415675595392415,1.582,2.916,146.88016129032258,15.404333650192456,118.663,171.455,27.44728125,4.3841092981016825,20.392,34.664,176,168,3,0.9545454545454546,0.0178571428571428,0.0,0.0,0.0,10,3,1,2,0,0
58.352548387096775,5.749497437972063,50.163,68.955,2.2178666666666667,0.4462273066447215,1.512,3.034,147.91096875,17.28036002366209,118.606,179.869,26.68134375,4.709764733589792,19.732,35.396,153,143,3,0.934640522875817,0.0209790209790209,0.0,0.0,0.0,11,3,1,2,0,0
59.7875,5.889683550292041,49.309,68.63,2.2135,0.5081486320537177,1.511,2.95,151.22509375,17.41839528988817,121.674,180.157,26.82519354838709,4.2349103211233405,20.368,34.898,119,113,2,0.9495798319327732,0.0176991150442477,0.0,0.0,0.0,12,3,1,2,0,0
61.33740625,5.392511802427001,52.143,69.347,2.2256875,0.4894345280607657,1.533,3.069,153.96980645161293,18.414859285224622,121.903,176.222,26.056625,4.206520405198915,20.117,34.418,199,196,4,0.984924623115578,0.0204081632653061,1.0,0.0,1.0,13,3,1,2,0,0
62.4166875,6.250644350978496,50.526,70.501,2.35328125,0.4458377568617854,1.519,3.058,147.02,16.285203476102605,123.861,178.529,28.271612903225805,4.294372066456433,20.02,34.926,101,93,1,0.9207920792079208,0.010752688172043,0.0,0.0,0.0,14,3,1,2,0,0
60.27771875,6.435253055326474,49.757,69.766,2.153709677419355,0.4119733966773735,1.525,2.917,148.6826875,16.8913850163378,119.937,176.503,28.90858064516129,4.319401939884685,21.099,35.311,159,156,3,0.981132075471698,0.0192307692307692,0.0,0.0,0.0,15,3,1,2,0,0
59.97134375,5.783878967464849,50.64,69.78,2.3269375,0.4487004847334133,1.512,2.997,148.79841935483873,19.35729421479872,119.484,180.379,27.56465625,3.9933719651715074,20.661,35.183,184,172,4,0.9347826086956522,0.0232558139534883,0.0,0.0,0.0,16,3,1,2,0,0
61.12009375,4.913700092988036,50.891,69.755,2.23246875,0.3978542434006901,1.535,2.919,147.89284375,18.40490461825479,119.849,181.546,27.832870967741933,4.743000483111476,21.022,34.798,137,126,2,0.9197080291970804,0.0158730158730158,0.0,0.0,0.0,17,3,1,2,0,0
59.12883870967742,6.51337318699906,50.082,69.764,2.221125,0.3797352006077987,1.573,2.909,146.174,18.825731969833207,121.148,178.592,27.81332258064516,4.0120012744023965,20.642,33.918,205,198,4,0.9658536585365852,0.0202020202020202,0.0,0.0,0.0,18,3,1,2,0,0
61.7730625,5.306377221963605,51.68,69.889,2.2558125,0.3967910344249225,1.581,3.027,150.43928125,13.82300812515222,126.631,173.41,28.2294375,3.939326026664312,19.988,33.967,147,142,4,0.9659863945578232,0.028169014084507,0.0,0.0,0.0,19,3,1,2,0,0
59.565451612903225,6.359172675952482,49.652,69.984,2.343483870967742,0.437953640694822,1.544,2.973,149.5339375,17.59901291025502,123.296,181.757,27.75465625,4.374735447185681,19.967,35.298,119,107,2,0.8991596638655462,0.0186915887850467,0.0,0.0,0.0,20,3,1,2,0,0
60.67264516129032,5.3891678797898965,51.003,69.651,2.328875,0.4703434400657706,1.535,3.052,148.28300000000002,17.38251454024807,121.843,180.31,26.6141875,4.516840706036651,20.446,34.922,176,162,4,0.9204545454545454,0.0246913580246913,0.0,0.0,0.0,21,3,1,2,0,0
60.4891,5.132550521107818,50.532,70.05,2.3468125,0.4141072354105333,1.568,2.979,149.73896774193548,19.069076389945884,122.058,180.901,26.30377419354839,4.549703504696229,19.893,35.33,189,176,3,0.9312169312169312,0.0170454545454545,0.0,0.0,0.0,22,3,1,2,0,0
58.92373333333333,5.491014226605282,50.34,67.886,2.3440625,0.3989912229206827,1.551,2.978,149.7991875,17.851592484195187,120.326,178.612,27.66925,4.157471152888108,20.97,34.276,210,196,2,0.9333333333333332,0.010204081632653,0.0,0.0,0.0,23,3,1,2,0,0
59.067483870967735,5.320284051758688,51.02,67.926,2.27659375,0.3971775307433935,1.614,3.02,145.93748387096772,17.17543060279415,120.564,181.163,27.43684375,4.2035346578754025,19.725,33.941,172,155,3,0.9011627906976744,0.0193548387096774,0.0,0.0,0.0,24,3,1,2,0,0
59.536625,6.374514710181676,49.838,70.192,2.1495161290322584,0.4373707710831274,1.534,3.027,149.01858064516128,17.24231664785641,121.741,178.569,26.70725,4.4604661263724585,20.086,34.158,213,200,5,0.9389671361502347,0.025,0.0,0.0,0.0,25,3,1,2,0,0
59.60435483870968,6.232635566373652,50.058,70.029,2.256806451612903,0.4397758079866634,1.532,2.929,153.2545625,14.098158021843522,131.039,179.856,26.88934375,3.650523149511719,21.212,33.726,214,202,2,0.9439252336448598,0.0099009900990099,0.0,0.0,0.0,26,3,1,2,0,0
59.06478125,6.077063550944464,49.912,69.85,2.313741935483871,0.4194075160463019,1.506,3.048,150.10596875,17.43278668983205,120.425,178.666,27.7466875,4.215586466202806,20.228,35.086,103,94,2,0.912621359223301,0.0212765957446808,0.0,0.0,0.0,27,3,1,2,0,0
59.7985625,5.759627989428909,50.641,70.625,2.29975,0.4783760162291017,1.517,3.062,151.99158064516126,16.166728394605585,120.266,175.866,29.221290322580646,3.8853104139699335,20.66,34.44,169,159,3,0.940828402366864,0.0188679245283018,0.0,0.0,0.0,28,3,1,2,0,0
58.73041935483871,6.171275323487,50.212,70.138,2.253967741935484,0.4462010371922032,1.536,2.951,150.17396875,17.33607516039123,121.379,177.878,27.22809375,4.058979335866583,20.104,34.617,154,139,3,0.9025974025974026,0.0215827338129496,0.0,0.0,0.0,29,3,1,2,0,0
58.54334375,6.147449392985232,50.322,70.926,2.2195161290322583,0.4255592297959428,1.497,2.937,150.24451612903226,17.854322264503107,122.801,177.612,27.221375,4.100321755667475,20.432,34.664,112,109,2,0.9732142857142856,0.018348623853211,0.0,0.0,0.0,30,3,1,2,0,0
59.30851612903226,5.501530622599298,50.129,69.649,2.218387096774193,0.4792598235765477,1.512,3.008,149.4855,16.454098310931737,121.373,180.183,27.232875,3.702184095995925,20.046,34.573,189,183,5,0.9682539682539684,0.0273224043715847,0.0,0.0,0.0,31,3,1,2,0,0
59.437125,5.896124132879374,50.272,70.942,2.2448125,0.3915869645512369,1.683,3.022,147.78329032258063,15.55727304980654,120.573,175.291,28.6340625,4.140444022764365,20.416,34.13,212,202,2,0.9528301886792452,0.0099009900990099,0.0,0.0,0.0,32,3,1,2,0,0
60.59340625,6.2650737598797575,51.067,69.687,2.2616774193548386,0.4578855306075797,1.541,3.062,149.35825806451612,15.919578790423946,120.443,182.829,26.2694375,4.0185458928251565,19.925,33.314,136,122,1,0.8970588235294118,0.0081967213114754,0.0,0.0,0.0,33,3,1,2,0,0
58.8490625,5.921014407081862,50.281,70.272,2.16746875,0.4134668519985767,1.514,3.001,152.5055172413793,15.691005313829338,126.381,181.188,27.340875,4.088322597507482,21.215,34.977,138,133,3,0.9637681159420288,0.0225563909774436,2.0,0.0,1.0,34,3,1,2,0,0
60.6749375,5.523034444925968,51.77,70.178,2.27375,0.3952874821549338,1.511,3.042,148.36135483870967,16.56595139344229,121.492,182.54,26.4040625,4.044828238607755,20.054,34.25,117,113,2,0.9658119658119658,0.0176991150442477,0.0,0.0,0.0,35,3,1,2,0,0
58.762875,5.480967790395675,49.7,69.327,2.148387096774193,0.4580226106077701,1.509,2.967,147.5135,17.823848748055187,120.769,178.782,27.534451612903226,4.636031649580703,20.388,34.702,171,166,2,0.9707602339181286,0.0120481927710843,0.0,0.0,0.0,36,3,1,2,0,0
61.1250625,4.704616064946042,52.385,68.95,2.23790625,0.448504350277388,1.485,2.931,148.64859375,18.617049053886024,122.354,179.908,27.56653125,4.529257497963977,19.816,35.118,119,108,1,0.907563025210084,0.0092592592592592,0.0,0.0,0.0,37,3,1,2,0,0
61.8710625,5.239239515964618,52.222,69.661,2.226625,0.4397227682338337,1.531,2.967,150.16454838709677,17.532991746682804,120.352,177.47,26.16759375,4.756778191709277,19.879,34.912,149,134,2,0.8993288590604027,0.0149253731343283,0.0,0.0,0.0,38,3,1,2,0,0
60.18284375,6.095999598411292,50.064,70.315,2.26125,0.4660944110370773,1.541,2.978,146.97925806451613,17.575971978751262,122.062,179.876,27.8983125,4.370314142672715,20.343,34.677,145,141,1,0.9724137931034482,0.0070921985815602,0.0,0.0,0.0,39,3,1,2,0,0
61.37690625,4.878090486796964,50.128,69.078,2.21440625,0.4597922994889701,1.541,3.039,145.00653125,17.423477442592805,119.132,178.601,28.319612903225806,4.137789890568954,20.207,34.345,160,155,2,0.96875,0.0129032258064516,2.0,0.0,1.0,40,3,1,2,0,0
59.49284375,5.637618000249206,50.769,70.212,2.04590625,0.4251667118471332,1.524,2.982,152.75953125,18.398746151150508,121.437,181.797,27.62571875,4.313793153358153,20.764,34.834,126,122,2,0.9682539682539684,0.0163934426229508,0.0,0.0,0.0,41,3,1,2,0,0
60.5205,5.325760687753986,50.27,68.955,2.17425,0.3945611690587813,1.549,2.895,151.4718125,18.40309358537571,121.894,181.651,27.31375,4.119791029777149,19.88,34.777,194,176,4,0.9072164948453608,0.0227272727272727,0.0,0.0,0.0,42,3,1,2,0,0
59.21646875,6.690305716455495,50.39,69.541,2.3763666666666667,0.4677291791811488,1.534,3.045,152.90584375,18.02888290799744,122.044,179.589,26.9294375,5.234629912281133,20.19,35.36,220,216,2,0.9818181818181818,0.0092592592592592,0.0,0.0,0.0,43,3,1,2,0,0
60.51009375,5.126051101398933,50.02,70.139,2.25290625,0.437183091442874,1.495,2.902,152.28753125,12.895482279651214,128.554,175.234,27.14603125,4.115833804008337,20.441,34.498,211,197,4,0.933649289099526,0.0203045685279187,0.0,0.0,0.0,44,3,1,2,0,0
59.459375,5.471712727969128,49.992,69.708,2.214625,0.4634876725228462,1.516,2.972,143.5811,15.684520208220237,124.224,179.882,27.90365625,4.242059988088373,20.233,34.823,151,148,1,0.9801324503311258,0.0067567567567567,0.0,0.0,0.0,45,3,1,2,0,0
60.1730625,6.93959203475759,50.353,70.572,2.253625,0.4861004641947203,1.487,3.002,152.496,18.10526877333885,120.608,182.491,26.41628125,4.255807517736698,20.088,34.625,142,135,3,0.9507042253521126,0.0222222222222222,0.0,0.0,0.0,1,4,1,3,0,0
59.9863125,5.489759613031429,50.345,69.653,2.289258064516129,0.4058480805869715,1.483,2.872,148.38674193548383,20.13303552699352,120.113,179.457,27.74984375,4.301157804437004,20.911,33.869,127,120,3,0.9448818897637796,0.025,0.0,0.0,0.0,2,4,1,3,0,0
62.04465625,5.211880222978017,50.504,68.787,2.276,0.4401967302131202,1.523,3.008,148.2951875,18.38761750680639,119.748,181.75,27.7225,4.28856930049653,20.4,34.861,177,174,3,0.9830508474576272,0.0172413793103448,0.0,0.0,0.0,3,4,1,3,0,0
61.63653125,4.99907563703515,49.912,70.592,2.1698387096774194,0.4023205270075252,1.493,2.887,149.80864516129034,19.468093542252475,120.641,179.324,28.52465625,4.275882580914276,20.02,34.751,116,115,2,0.9913793103448276,0.017391304347826,0.0,0.0,0.0,4,4,1,3,0,0
58.88875,5.193695800151961,52.222,68.764,2.2196,0.5086645531056856,1.517,3.043,146.7448125,13.410907198962851,118.535,175.65,27.53234375,4.1712894626542045,20.306,35.043,136,131,1,0.9632352941176472,0.0076335877862595,0.0,0.0,0.0,5,4,1,3,0,0
58.65425,6.222152142974532,49.842,69.01,2.23053125,0.3415322196461874,1.66,3.054,146.1760625,18.55529840153915,121.295,175.547,26.64790322580645,4.457541126038276,20.382,34.498,195,180,4,0.9230769230769232,0.0222222222222222,0.0,0.0,0.0,6,4,1,3,0,0
59.25746875,5.855893728017155,49.57,69.549,2.2240967741935487,0.5138998835596098,1.498,3.441,154.0466875,16.366318204673068,123.617,181.481,26.24596875,4.221161737999004,19.83,33.222,219,200,2,0.91324200913242,0.01,0.0,0.0,0.0,7,4,1,3,0,0
61.1749375,5.667565341413677,50.535,69.189,2.2601875,0.4006280905471855,1.493,2.916,147.84153125,17.506740882345085,123.718,179.491,28.247125,4.376113791865431,20.063,35.135,137,126,3,0.9197080291970804,0.0238095238095238,0.0,0.0,0.0,8,4,1,3,0,0
61.349,5.487698489319308,51.456,69.991,2.2832580645161293,0.4575696644768557,1.542,3.013,150.5982,15.02586269346152,120.89,177.96,29.3601875,4.35102992952021,20.283,35.357,162,146,4,0.9012345679012346,0.0273972602739726,2.0,0.0,1.0,9,4,1,3,0,0
59.5558125,6.403519860894551,49.947,69.479,2.27375,0.4809822610906467,1.529,3.024,147.5635,14.235461235261928,125.093,175.189,28.341,3.7032368753347,20.291,33.834,201,185,2,0.9203980099502488,0.0108108108108108,0.0,0.0,0.0,10,4,1,3,0,0
59.552,6.221559065057567,50.468,69.699,2.27815625,0.5117643805991191,1.488,2.971,150.98803125,18.851861656139366,120.366,178.73,26.8211875,4.287027554615466,20.307,35.56,103,97,2,0.941747572815534,0.0206185567010309,0.0,0.0,0.0,11,4,1,3,0,0
59.0991935483871,5.475341471356557,51.195,70.087,2.30915625,0.4728389284076998,1.646,3.048,152.83378125,15.30661185774004,119.094,180.956,27.540125,4.074115552148473,20.973,34.438,208,197,2,0.9471153846153846,0.0101522842639593,0.0,0.0,0.0,12,4,1,3,0,0
60.81128125,5.694977839795879,51.061,70.403,2.3743548387096776,0.450246713731268,1.516,2.992,148.3316875,17.733616183154858,122.823,179.819,27.52928125,4.029359816552749,20.214,34.429,178,171,4,0.9606741573033708,0.023391812865497,0.0,0.0,0.0,13,4,1,3,0,0
61.081806451612906,5.621381511214452,50.526,70.23,2.1446875,0.45201979955921,1.515,2.959,143.75875,15.540487402577735,123.399,182.034,26.61278125,3.614890403321268,20.473,32.677,168,154,3,0.9166666666666666,0.0194805194805194,0.0,0.0,0.0,14,4,1,3,0,0
58.10396875,5.691206649562477,49.828,69.365,2.1650645161290325,0.4402602211937745,1.54,2.997,145.2178125,18.20013888716504,119.751,178.012,27.9335,3.72527886810656,20.779,34.079,146,138,3,0.9452054794520548,0.0217391304347826,0.0,0.0,0.0,15,4,1,3,0,0
60.00222580645161,4.815914982013128,50.495,67.784,2.24015625,0.3739413538092701,1.567,2.948,147.83240625,14.668995736805275,121.073,170.12,26.07451612903225,4.350407742353719,20.177,34.134,113,109,2,0.9646017699115044,0.018348623853211,0.0,0.0,0.0,16,4,1,3,0,0
60.24128125,6.277521784673985,50.677,69.237,2.214709677419355,0.4221049785340441,1.571,2.939,148.83321875,19.00986284373723,120.917,177.639,27.14409375,4.063063784080686,20.122,34.741,135,124,1,0.9185185185185184,0.0080645161290322,0.0,0.0,0.0,17,4,1,3,0,0
61.1779375,6.238195416984295,49.831,70.775,2.11321875,0.3977959222593024,1.567,2.976,150.96365625,17.4751504707341,119.758,178.16,27.73225,4.377772986642939,20.555,35.563,172,165,4,0.9593023255813954,0.0242424242424242,0.0,0.0,0.0,18,4,1,3,0,0
61.3551935483871,5.630185606291353,49.753,69.814,2.2305625,0.5221267265218159,1.5,3.039,144.27846875,16.736910112921795,121.407,177.081,28.73746875,4.107845444091138,21.136,34.945,125,119,3,0.952,0.0252100840336134,0.0,0.0,0.0,19,4,1,3,0,0
60.79209375,5.743216258415438,50.645,69.513,2.25571875,0.42914943892241,1.546,3.01,153.82353125,16.167829421185154,118.052,177.261,26.75658064516129,4.510331767355136,19.962,34.722,175,171,4,0.9771428571428572,0.023391812865497,0.0,0.0,0.0,20,4,1,3,0,0
61.65535483870968,5.311926603084717,51.545,70.783,2.2758125,0.4829015419250059,1.477,3.03,148.59464516129032,16.171211518309082,118.676,178.539,27.61246875,4.195403690710131,20.716,34.955,209,199,4,0.9521531100478468,0.0201005025125628,0.0,0.0,0.0,21,4,1,3,0,0
59.35428125,5.726533823179969,51.075,69.889,2.34846875,0.4248784254481396,1.603,3.005,150.45965625,20.845134409627665,119.629,181.65,27.497,4.0569391828487325,20.384,34.79,200,186,3,0.93,0.0161290322580645,0.0,0.0,0.0,22,4,1,3,0,0
60.255300000000005,6.244823550970726,49.764,69.2,2.18521875,0.4259855165170033,1.528,2.956,149.85215625,18.600512967448445,121.57,176.958,28.27971875,4.173958345885292,21.124,34.422,184,182,3,0.9891304347826086,0.0164835164835164,0.0,0.0,0.0,23,4,1,3,0,0
61.33384375,5.207070993335611,51.308,69.916,2.19015625,0.3805013763168699,1.516,2.867,156.27315625,15.662872832334916,124.213,178.184,27.79771875,4.67554250248464,20.697,35.073,171,169,2,0.9883040935672516,0.0118343195266272,0.0,0.0,0.0,24,4,1,3,0,0
60.6025,6.673658275203604,49.534,70.561,2.34109375,0.4725812003533565,1.533,3.069,152.26009375,15.635730599432325,119.434,177.372,27.395875,4.615198201105113,19.886,34.982,158,156,4,0.9873417721518988,0.0256410256410256,0.0,0.0,0.0,25,4,1,3,0,0
60.70912903225806,4.780440926260082,53.074,69.344,2.3294516129032257,0.4575749729978448,1.663,3.037,150.60603225806452,15.193239363795705,119.116,174.31,27.474709677419355,5.573126113732749,20.222,42.351,187,185,2,0.9893048128342246,0.0108108108108108,0.0,0.0,0.0,26,4,1,3,0,0
59.132451612903225,5.344533829616385,49.907,66.852,2.28953125,0.4790374747530113,1.52,3.063,146.72240625,18.24565529345827,119.126,179.762,26.42,4.248391695689088,19.905,34.302,197,195,3,0.9898477157360406,0.0153846153846153,0.0,0.0,0.0,27,4,1,3,0,0
60.6389375,5.355080294795745,52.111,68.95,2.289,0.4127349379835173,1.556,3.006,150.64471875,16.689841428795738,121.979,174.469,27.7621875,4.780635228661159,19.914,34.77,134,126,2,0.9402985074626866,0.0158730158730158,0.0,0.0,0.0,28,4,1,3,0,0
58.32378125,5.62153654080778,50.558,69.538,2.19740625,0.3989214377644606,1.552,3.015,147.082875,17.004718029834933,123.005,179.303,26.21596875,4.495607407985473,19.783,34.721,208,200,4,0.9615384615384616,0.02,0.0,0.0,0.0,29,4,1,3,0,0
60.498375,5.8594876620136604,49.976,70.262,2.22809375,0.479589230109577,1.533,2.993,150.2944516129032,19.24347871503264,121.518,178.953,26.66125,4.531793015516471,21.179,34.824,125,119,2,0.952,0.0168067226890756,0.0,0.0,0.0,30,4,1,3,0,0
60.953,6.175280884299921,50.558,68.179,2.278625,0.4369941130481162,1.579,2.94,148.1749677419355,17.284312344789942,122.768,177.446,26.77490322580645,3.926073758475412,19.927,34.204,134,128,2,0.9552238805970148,0.015625,0.0,0.0,0.0,31,4,1,3,0,0
61.05815625,5.619500207999074,50.993,68.679,2.3379375,0.3051017743998475,1.756,2.869,144.73134375,18.92957631311787,118.358,178.95,27.621125,4.754725138760525,20.805,34.549,133,127,1,0.9548872180451128,0.0078740157480314,0.0,0.0,0.0,32,4,1,3,0,0
60.31459375,5.330580878952729,51.576,70.107,2.27025,0.4092405239606812,1.547,2.959,149.5666875,18.39329304031596,118.792,178.622,26.932129032258064,4.396723907198292,20.139,34.324,155,147,3,0.9483870967741936,0.0204081632653061,0.0,0.0,0.0,33,4,1,3,0,0
72.74209375,1.6527811236035812,70.012,75.799,3.2818125,0.1957350805915832,3.003,3.679,150.9635,24.277571693949103,116.629,188.683,36.72996875,1.276213792494513,34.602,39.049,170,145,5,0.8529411764705882,0.0344827586206896,0.0,0.0,0.0,34,4,1,3,0,0
73.2153870967742,1.671397791818159,70.1,76.154,3.3046129032258063,0.1945793201446572,2.978,3.649,152.95421875,25.167889673709723,114.677,185.399,36.50516129032258,1.1936034823668549,34.542,39.068,119,96,3,0.8067226890756303,0.03125,0.0,0.0,0.0,35,4,1,3,0,0
72.22967741935483,1.3870101029936477,69.977,75.497,3.2781935483870965,0.1715681437708913,3.04,3.586,150.08365625,21.99136885617508,114.869,179.595,36.46946875,1.00396170034824,34.687,38.3,214,198,10,0.9252336448598132,0.0505050505050505,0.0,0.0,0.0,36,4,1,3,0,0
73.30575,1.8622059586034128,69.765,76.49,3.2778387096774195,0.1790178942218149,2.966,3.565,148.26275,21.15054851725234,114.751,191.971,36.5488064516129,1.1180860258899223,34.594,38.704,125,106,2,0.848,0.0188679245283018,2.0,0.0,1.0,37,4,1,3,0,0
72.5239375,1.739329383884823,69.81,75.89,3.3739375000000003,0.1471961468421008,3.078,3.664,150.14128125,20.405273801602043,119.475,186.323,36.56234375,1.019250059836056,34.697,38.674,119,107,5,0.8991596638655462,0.0467289719626168,1.0,0.0,1.0,38,4,1,3,0,0
72.38328125,1.7906764847915668,69.823,76.083,3.272,0.1742104091800104,2.996,3.635,149.06996875,18.979716421764707,115.327,186.189,37.1559375,1.1580344286346702,34.458,39.03,217,201,5,0.9262672811059908,0.0248756218905472,0.0,0.0,0.0,39,4,1,3,0,0
61.46622580645161,5.501707024246672,52.256,70.223,2.13134375,0.427015645960615,1.528,2.927,145.0970625,13.914383850226772,123.707,179.37,27.51146875,4.2908223813937285,20.59,35.022,166,160,1,0.963855421686747,0.00625,0.0,0.0,0.0,40,4,1,3,0,0
58.90119354838709,5.577388883813852,50.204,70.098,2.19353125,0.3830192435471347,1.51,3.005,153.25480645161292,17.205593079808583,119.345,178.744,28.10809375,4.817229114933825,20.747,34.322,171,166,4,0.9707602339181286,0.0240963855421686,0.0,0.0,0.0,41,4,1,3,0,0
60.24740625,6.320780101198079,50.429,70.294,2.076516129032258,0.4187848987223029,1.534,2.901,149.6423,19.75451281335745,118.44,177.586,26.8923125,4.6670725744649175,19.934,34.917,186,175,4,0.9408602150537636,0.0228571428571428,0.0,0.0,0.0,42,4,1,3,0,0
58.58122580645161,5.233857116312833,50.223,66.26,2.27109375,0.487663643956669,1.583,3.006,147.07345161290323,16.511090613763646,122.563,175.922,27.62621875,4.077422317721879,20.102,34.392,157,148,2,0.9426751592356688,0.0135135135135135,0.0,0.0,0.0,43,4,1,3,0,0
59.1361875,5.651552224332255,50.304,70.263,2.2970625,0.473295715887456,1.522,2.934,151.414125,17.70871393984402,121.846,178.597,28.13121875,4.452689551375372,20.688,35.209,138,125,2,0.9057971014492754,0.016,1.0,0.0,1.0,1,5,1,4,0,0
60.81122580645161,5.566046710246433,50.817,69.768,2.248838709677419,0.4483489040746573,1.503,2.962,155.98340625,17.13171441783201,121.53,178.658,28.140451612903227,4.372165267070842,20.435,35.069,218,196,5,0.8990825688073395,0.0255102040816326,0.0,0.0,0.0,2,5,1,4,0,0
61.86621875,4.814345731412791,50.372,69.446,2.21596875,0.407167832905825,1.527,2.949,149.91690322580646,19.82671961496209,117.889,181.472,29.057233333333333,4.0088165738766985,19.918,34.244,151,143,3,0.9470198675496688,0.0209790209790209,0.0,0.0,0.0,3,5,1,4,0,0
60.08953125,6.095264999845929,49.534,69.311,2.03209375,0.418915524579683,1.485,2.891,150.4435625,18.397180856855183,120.226,180.471,27.524375,4.613911004567006,20.48,34.582,121,120,2,0.9917355371900828,0.0166666666666666,0.0,0.0,0.0,4,5,1,4,0,0
59.572375,5.3479290158027055,51.6,70.328,2.18425,0.4989499296102412,1.524,2.978,149.802125,13.006742015387196,126.989,176.559,27.677,4.463528316506805,21.647,34.394,169,160,2,0.9467455621301776,0.0125,0.0,0.0,0.0,5,5,1,4,0,0
58.18240625,5.98052323128668,49.681,69.595,2.22825,0.4506514281320092,1.532,2.93,147.01225,16.796139569901555,120.341,177.142,26.59878125,4.326356708589766,20.414,34.156,190,172,2,0.9052631578947368,0.0116279069767441,0.0,0.0,0.0,6,5,1,4,0,0
60.89090625,7.056046477607218,51.08,83.546,2.30146875,0.431047036156186,1.508,3.032,155.50134375,18.88556254444012,117.796,181.549,27.19309375,5.082821799211569,20.369,35.161,204,203,5,0.9950980392156864,0.0246305418719211,0.0,0.0,0.0,7,5,1,4,0,0
59.25507142857143,5.9897466336607055,50.849,70.229,2.202741935483871,0.4661517612496267,1.57,2.995,146.97778125,16.717800537797213,118.869,182.508,27.97346875,4.746971489441724,19.859,35.375,190,188,5,0.9894736842105264,0.026595744680851,0.0,0.0,0.0,8,5,1,4,0,0
58.81867741935484,5.123740140347326,50.781,67.982,2.28740625,0.4582930362294977,1.469,3.04,152.33496875,17.521763027151035,125.877,181.787,28.7879375,4.92796332292528,20.311,42.541,178,171,3,0.9606741573033708,0.0175438596491228,0.0,0.0,0.0,9,5,1,4,0,0
60.377875,6.403143168435629,50.366,70.27,2.19258064516129,0.4430955332802432,1.499,3.023,153.873375,18.27890380836564,121.26,180.276,27.87534375,3.92593275220022,21.493,34.319,196,180,2,0.9183673469387756,0.0111111111111111,0.0,0.0,0.0,10,5,1,4,0,0
60.50667741935485,6.451964214547882,50.181,70.418,2.238233333333333,0.4422201576320238,1.531,2.923,149.437375,18.424897985886453,110.61,179.334,27.54422580645161,4.721354132800444,20.522,33.608,171,160,4,0.935672514619883,0.025,0.0,0.0,0.0,11,5,1,4,0,0
62.60796774193548,5.770737436895855,50.62,70.1,2.18696875,0.5362185089257141,1.483,2.992,154.416625,16.682681633958012,118.841,181.251,26.97625,4.474942212638239,19.842,34.265,214,207,2,0.9672897196261684,0.0096618357487922,0.0,0.0,0.0,12,5,1,4,0,0
60.699375,6.383800621179185,50.436,69.252,2.24840625,0.4057132198164992,1.576,3.002,153.406125,17.714935243842923,121.517,178.768,28.32459375,4.073099761649201,21.08,34.722,198,192,3,0.9696969696969696,0.015625,0.0,0.0,0.0,13,5,1,4,0,0
61.38440625,5.835535008003729,50.473,70.536,2.3239375,0.3998043826108446,1.545,2.997,145.641125,18.15733423440787,120.216,178.383,27.593774193548388,3.544173770285325,20.969,33.305,170,157,3,0.923529411764706,0.019108280254777,0.0,0.0,0.0,14,5,1,4,0,0
60.26125,6.109065611463123,49.959,70.527,2.1754193548387097,0.4156191986417011,1.5,2.91,150.90403125,14.951965574712208,126.54,176.81,27.90164516129032,5.006445482564698,20.329,35.461,104,94,1,0.903846153846154,0.0106382978723404,0.0,0.0,0.0,15,5,1,4,0,0
60.52612903225806,5.639080969696719,51.387,75.065,2.28534375,0.4065880541360371,1.661,3.021,148.1593548387097,17.35698911015078,118.183,179.227,27.038625,4.887789168081303,20.101,34.819,136,128,3,0.9411764705882352,0.0234375,0.0,0.0,0.0,16,5,1,4,0,0
59.8986129032258,6.221366552333549,50.579,69.752,2.24021875,0.4501741408126988,1.541,2.961,152.191625,15.016825283553588,121.008,177.746,27.19709375,4.977994014689276,20.355,35.161,142,132,3,0.9295774647887324,0.0227272727272727,0.0,0.0,0.0,17,5,1,4,0,0
59.7395806451613,6.334692845877605,50.3,70.016,2.400741935483871,0.3987293123362378,1.484,3.0,151.493,16.5904179593076,121.742,174.86,28.81115625,4.503555184227126,20.645,34.929,161,147,2,0.9130434782608696,0.0136054421768707,0.0,0.0,0.0,18,5,1,4,0,0
59.51334375,6.415836810175148,50.085,69.985,2.15534375,0.4108499144672443,1.598,2.907,147.3093870967742,14.678920727077587,119.899,171.356,27.1055625,3.766260196393165,20.791,34.287,200,195,4,0.975,0.0205128205128205,0.0,0.0,0.0,19,5,1,4,0,0
59.259125,6.227851919583353,50.578,70.529,2.162806451612904,0.5037207175512266,1.574,3.058,150.08893548387096,18.665320293591684,121.451,176.843,28.32389655172414,4.308515474738267,19.882,35.028,199,185,4,0.9296482412060302,0.0216216216216216,0.0,0.0,0.0,20,5,1,4,0,0
60.03034375,6.177890069978089,49.728,70.317,2.34259375,0.395084462947992,1.597,2.996,150.052625,16.119337903136227,124.644,176.955,27.0211935483871,4.659043302505747,19.981,34.853,135,128,3,0.9481481481481482,0.0234375,0.0,0.0,0.0,21,5,1,4,0,0
58.751125,5.732244224981932,51.119,69.18,2.171870967741936,0.3764937132662805,1.616,2.844,153.19116129032258,18.17167518254124,122.895,179.146,27.50532258064516,3.780321109703926,20.233,34.378,154,144,3,0.935064935064935,0.0208333333333333,0.0,0.0,0.0,22,5,1,4,0,0
59.14296875,6.5715773354965,50.175,70.785,2.351935483870968,0.4007883843529626,1.511,2.943,153.430875,17.882005685568647,121.107,179.603,26.0809375,4.465792809269432,19.956,35.375,185,172,4,0.9297297297297298,0.0232558139534883,0.0,0.0,0.0,23,5,1,4,0,0
59.90128125,6.2286403903175485,49.749,69.228,2.2709375,0.4739202285875927,1.517,2.956,147.87746875,15.625858700501055,122.098,177.977,27.722645161290323,3.956628737939975,20.697,35.495,143,131,3,0.916083916083916,0.0229007633587786,1.0,1.0,0.0,24,5,1,4,0,0
59.51371875,5.361188128032182,50.446,70.243,2.3483225806451613,0.3820166128234716,1.796,3.05,153.44270967741937,19.549088413859685,120.418,180.67,28.2253125,4.263108236331494,20.042,35.224,107,97,2,0.9065420560747663,0.0206185567010309,0.0,0.0,0.0,25,5,1,4,0,0
58.56477419354839,5.086782871387884,50.315,67.715,2.3525625,0.5780438613506429,1.573,4.501,148.65383870967742,19.46180698547247,108.826,177.313,26.52,4.179190653240055,19.679,33.976,106,95,2,0.8962264150943396,0.0210526315789473,0.0,0.0,0.0,26,5,1,4,0,0
59.4465,5.635554757018588,52.071,70.213,2.2348125,0.4362761361058887,1.54,2.953,150.60790624999998,17.93522611413419,120.813,179.809,26.3750625,3.674301785220013,20.643,34.043,102,93,2,0.9117647058823528,0.021505376344086,0.0,0.0,0.0,27,5,1,4,0,0
72.300625,1.4891462535681756,69.656,75.59,3.26890625,0.1791327421621077,3.018,3.589,155.81640625,22.94870567136472,113.714,189.457,36.99078125,1.149027295062388,34.709,38.791,218,192,6,0.8807339449541285,0.03125,4.0,1.0,0.0,28,5,1,4,0,0
72.5196129032258,1.7640083083216913,70.023,76.445,3.279625,0.1830686016312622,2.942,3.666,153.75564516129032,19.512884308491127,118.755,185.624,36.49353125,1.1854846833577424,34.561,38.46,158,138,5,0.8734177215189873,0.036231884057971,0.0,0.0,0.0,29,5,1,4,0,0
72.63140625,1.845383933466196,69.692,76.056,3.30909375,0.1632307607346115,3.018,3.582,149.5099375,22.39578981882245,114.406,191.451,36.939625,1.180424028515506,34.92,38.753,116,103,3,0.8879310344827587,0.029126213592233,0.0,0.0,0.0,30,5,1,4,0,0
72.9733125,1.5162610728792827,69.843,76.34,3.2931612903225806,0.1844241663076712,2.981,3.603,153.59546875,22.36680001768805,117.152,191.116,36.5704375,1.024430099238502,34.862,38.229,156,141,3,0.903846153846154,0.0212765957446808,0.0,0.0,0.0,31,5,1,4,0,0
73.03569999999999,1.7075566361082275,69.982,75.696,3.342,0.2608770566946763,2.952,4.31,151.5735,23.02340961408768,113.505,183.329,36.60965625,1.353726150640304,34.39,38.839,217,190,6,0.8755760368663594,0.031578947368421,0.0,0.0,0.0,32,5,1,4,0,0
73.1774375,1.6567422743775435,69.673,76.132,3.2687666666666666,0.1791003731938069,2.968,3.589,148.64778125,20.165660733573112,115.79,183.903,36.7695625,1.0122918404103092,34.685,38.563,144,119,3,0.8263888888888888,0.0252100840336134,2.0,1.0,0.0,33,5,1,4,0,0
72.52846875,1.552014486637889,69.206,75.432,3.25465625,0.1784057733361714,2.965,3.626,149.7805483870968,20.985448569328085,116.777,185.421,36.73429032258064,1.2217505253678262,34.592,38.501,135,123,5,0.9111111111111112,0.040650406504065,5.0,0.0,1.0,34,5,1,4,0,0
73.1760625,1.578844145150947,69.791,76.546,3.319333333333333,0.208217613838608,2.973,3.622,146.04712903225808,21.72749530087309,115.237,187.768,36.98016666666667,1.038217972042122,34.654,38.803,109,88,4,0.8073394495412844,0.0454545454545454,0.0,0.0,0.0,35,5,1,4,0,0
72.87951612903225,1.5238813573890375,70.485,75.807,3.2994375,0.1789241932648681,3.01,3.6,156.42375,20.49740709172433,120.92,186.769,36.688125,1.0921026995899297,34.601,38.465,107,95,5,0.8878504672897196,0.0526315789473684,0.0,0.0,0.0,36,5,1,4,0,0
72.88086666666666,1.5981936297460702,70.301,75.546,3.354,0.1715639634316806,3.049,3.638,148.4565806451613,21.285457738049228,112.194,188.4,36.595533333333336,1.182126247220583,34.645,38.808,130,113,2,0.8692307692307693,0.0176991150442477,1.0,1.0,0.0,37,5,1,4,0,0
73.18525,3.1071512416858096,69.565,87.189,3.30809375,0.1523362916908805,3.06,3.61,153.814875,21.19784268200346,118.086,188.756,36.950875,1.1325806600913262,34.781,38.791,105,87,3,0.8285714285714286,0.0344827586206896,3.0,0.0,1.0,38,5,1,4,0,0
73.13184375,1.9280875717860453,69.101,76.242,3.31140625,0.1839215925815725,2.956,3.596,149.43353125,18.83379716392569,118.222,186.889,36.4898064516129,0.9118335527699052,34.968,38.649,201,167,3,0.8308457711442786,0.0179640718562874,0.0,0.0,0.0,39,5,1,4,0,0
73.09358064516128,1.3910566912529363,70.325,75.65,3.2790666666666666,0.1604057212268281,3.021,3.603,153.81009375,19.580563734280425,120.065,187.9,36.48121875,1.0944792172793656,34.446,39.025,198,172,4,0.8686868686868687,0.0232558139534883,0.0,0.0,0.0,40,5,1,4,0,0
73.1153125,1.870484298810544,69.291,76.396,3.3565806451612903,0.1840341950460202,2.965,3.64,154.1078064516129,23.19131086336625,119.451,187.095,36.81425,1.268293621239741,34.52,38.798,180,161,5,0.8944444444444445,0.031055900621118,0.0,0.0,0.0,41,5,1,4,0,0
73.05990322580645,3.4713751103833825,69.223,89.099,3.291875,0.1951604385478612,2.985,3.665,151.3734375,21.117423315353577,113.934,187.97,36.3825,1.0011252056657831,34.729,38.564,125,114,6,0.912,0.0526315789473684,3.0,0.0,1.0,42,5,1,4,0,0
72.51050000000001,1.7770908085788637,69.359,76.004,3.319,0.1719833075170846,3.034,3.627,143.81209375,16.944417328543075,115.743,181.452,36.5290625,0.9892447082203356,34.739,38.502,188,166,5,0.8829787234042553,0.0301204819277108,0.0,0.0,0.0,43,5,1,4,0,0
72.8323125,1.7886521585693624,70.054,76.552,3.34046875,0.1778970315397229,3.014,3.62,155.19803125,21.023017607412417,120.2,191.126,36.6268125,1.0714770762830166,34.704,38.373,141,121,3,0.8581560283687943,0.024793388429752,0.0,0.0,0.0,44,5,1,4,0,0
60.91745161290323,6.051442526862002,50.35,70.758,2.2408125,0.4776963833622978,1.497,2.971,149.44234375,18.52003141781174,119.546,181.919,27.1193125,4.226121286120407,19.634,35.254,120,116,3,0.9666666666666668,0.0258620689655172,0.0,0.0,0.0,45,5,1,4,0,0
58.15246875,5.484688775740505,50.382,68.19,2.23515625,0.3878531572290996,1.53,2.793,149.8453870967742,17.43696285419266,119.427,181.311,27.20159375,4.205877882811265,20.237,33.451,219,198,5,0.9041095890410958,0.0252525252525252,0.0,0.0,0.0,46,5,1,4,0,0
61.0896,5.516426014405866,51.514,69.849,2.257833333333333,0.3935619027095583,1.578,2.942,148.01838709677418,17.753882198320117,119.96,177.848,27.13428125,4.324615285775104,19.705,34.57,164,158,2,0.9634146341463414,0.0126582278481012,2.0,0.0,1.0,1,6,1,5,0,0
59.4405625,5.296517954994643,50.793,70.578,2.21446875,0.4136753428892227,1.567,3.018,150.94028125,15.4857755630551,130.499,179.097,27.59284375,4.237580412097443,20.532,34.752,163,149,2,0.9141104294478528,0.0134228187919463,1.0,0.0,1.0,2,6,1,5,0,0
58.96512903225807,6.185186786411199,50.086,69.903,2.343451612903226,0.4683313526916369,1.582,3.044,155.49025806451613,15.452770275838876,122.327,176.008,28.27590625,4.331748424168037,20.866,35.345,138,132,3,0.9565217391304348,0.0227272727272727,0.0,0.0,0.0,3,6,1,5,0,0
60.785,5.780878376163952,51.566,70.502,2.27946875,0.5007521429503371,1.509,3.007,149.42135483870968,15.24061866974432,122.924,176.588,25.87534375,4.539186978569102,19.919,34.195,104,100,2,0.9615384615384616,0.02,0.0,0.0,0.0,4,6,1,5,0,0
60.66565625,6.051063652750408,50.114,70.283,2.2203125,0.4414394663137346,1.479,2.935,144.86440625,17.688143451620945,122.058,171.198,26.6080625,3.8721842376314295,20.246,33.782,193,191,3,0.9896373056994818,0.0157068062827225,0.0,0.0,0.0,5,6,1,5,0,0
59.39903125,5.698834003460001,50.309,69.344,2.35590625,0.4276399872198048,1.677,3.016,147.88990322580648,15.655231935585926,119.787,180.336,27.0236875,4.254782996911411,19.904,34.796,177,170,4,0.96045197740113,0.0235294117647058,0.0,0.0,0.0,6,6,1,5,0,0
60.50009375,6.048303320390236,50.555,70.249,2.3454375,0.4068185723470004,1.593,2.983,149.85648387096774,18.480700365283727,121.478,180.355,27.1,4.418805509788061,20.503,35.0,138,130,3,0.9420289855072465,0.023076923076923,0.0,0.0,0.0,7,6,1,5,0,0
63.06121875,5.600631886782955,51.1,69.934,2.408375,0.5578634212548744,1.567,4.288,147.8155,17.216565698524576,122.949,177.52,26.981,4.166566165669667,20.874,35.483,181,177,3,0.9779005524861878,0.0169491525423728,0.0,0.0,0.0,8,6,1,5,0,0
72.67121875,1.8325975172640216,69.305,75.704,3.3001333333333336,0.1951900459116409,3.011,3.651,149.51415625,24.115394093091684,112.313,187.621,36.8265,1.0057350974321706,34.705,38.564,188,154,4,0.8191489361702128,0.0259740259740259,0.0,0.0,0.0,9,6,1,5,0,0
72.18846875,1.6183260563923387,69.471,75.654,3.32259375,0.1643662039226296,3.004,3.614,153.01696875,20.93427269626467,119.822,191.296,36.418875,1.202203561476095,34.548,38.853,147,134,4,0.91156462585034,0.0298507462686567,0.0,0.0,0.0,10,6,1,5,0,0
73.17678125,1.71981226909434,69.529,75.667,3.36015625,0.158430631889694,2.999,3.598,150.41445161290324,22.616181189344218,116.116,191.521,36.60953125,1.2968524920316538,34.387,38.733,122,110,2,0.9016393442622952,0.0181818181818181,0.0,0.0,0.0,11,6,1,5,0,0
72.58459375,1.4640100003927583,69.466,75.225,3.287516129032258,0.189267512790361,2.99,3.6,155.1055,21.36582344502245,117.655,189.462,36.683375,1.2345847871953537,34.558,38.649,126,111,3,0.8809523809523809,0.027027027027027,0.0,0.0,0.0,12,6,1,5,0,0
72.91022580645162,1.5931256428726814,70.013,75.894,3.2735625,0.1838672272539739,2.987,3.606,152.88319354838708,22.33111825296613,114.445,188.999,36.68796875,1.2140622422364489,34.931,38.814,160,136,5,0.85,0.0367647058823529,0.0,0.0,0.0,13,6,1,5,0,0
72.5086129032258,2.2277323549208674,69.368,76.325,3.31716129032258,0.1994437425732201,3.019,3.619,148.90659375,21.92826035325101,115.337,188.825,36.6205,1.086860943118953,34.912,38.679,207,179,7,0.8647342995169082,0.0391061452513966,0.0,0.0,0.0,14,6,1,5,0,0
72.66784375,1.797225803203819,69.036,76.656,3.31925,0.1909698506858288,3.019,3.642,154.19654838709678,20.47668080986876,115.53,183.692,36.69341935483871,1.232948330201324,34.487,38.829,143,118,6,0.8251748251748252,0.0508474576271186,0.0,0.0,0.0,15,6,1,5,0,0
73.14016129032258,1.7928068885925574,69.689,76.178,3.319516129032258,0.1745355495723324,2.996,3.639,156.16878125,23.686611962054165,115.225,188.574,37.00503125,1.0638946250383463,35.046,38.81,206,166,7,0.8058252427184466,0.0421686746987951,4.0,0.0,1.0,16,6,1,5,0,0
72.61321875,1.8229899533348144,69.246,75.795,3.2386129032258064,0.1760889315884362,2.979,3.586,148.26296875,19.582458003289705,115.295,186.457,36.384875,1.0420498950966637,34.745,38.561,157,133,4,0.8471337579617835,0.0300751879699248,4.0,0.0,1.0,17,6,1,5,0,0
72.913875,1.9443682073636288,69.492,76.406,3.321,0.1796171555855541,2.961,3.639,152.84746875,21.5546909735847,117.514,189.513,36.5396875,1.052941545952836,34.715,38.389,145,132,4,0.9103448275862068,0.0303030303030303,1.0,1.0,0.0,18,6,1,5,0,0
72.82151612903226,1.774275098379951,69.419,76.046,3.320875,0.1988377114228358,3.016,3.638,143.1568125,23.0503058456198,115.729,190.123,36.415125,0.9430665748058984,35.162,38.526,168,142,5,0.8452380952380952,0.0352112676056338,0.0,0.0,0.0,19,6,1,5,0,0
72.640625,1.791417797669334,69.344,76.222,3.3159375,0.1740702374923558,2.974,3.637,151.0434193548387,21.8770626726932,114.043,189.911,36.924375,1.0993142070429411,34.803,39.167,200,162,8,0.81,0.0493827160493827,5.0,0.0,1.0,20,6,1,5,0,0
72.12753125,1.3936591887817504,69.13,75.445,3.2676129032258063,0.1804953697318123,2.947,3.576,148.98934375,23.23695989999882,113.127,218.708,36.72184375,1.092151859622006,35.083,38.876,132,117,4,0.8863636363636364,0.0341880341880341,0.0,0.0,0.0,21,6,1,5,0,0
72.72209375,2.1405693900240794,69.267,76.109,3.286258064516129,0.1413482620437751,3.02,3.629,151.91386666666668,23.661906858672776,118.204,189.975,36.7406875,0.9135337780890624,35.185,39.053,210,194,4,0.923809523809524,0.0206185567010309,0.0,0.0,0.0,22,6,1,5,0,0
72.92037499999999,2.0711814105683444,69.708,76.402,3.285290322580645,0.2142539293375016,2.997,3.651,149.32090625,21.88970214707595,115.97,183.942,36.62971875,1.1523144517735295,34.43,38.749,170,140,7,0.8235294117647058,0.05,0.0,0.0,0.0,23,6,1,5,0,0
72.83390625,1.6777962765980057,70.011,76.057,3.3101875,0.1695672742125408,2.979,3.615,144.7163103448276,21.262850746419964,115.005,185.321,36.76432258064516,1.008903774304793,34.833,38.617,132,115,2,0.8712121212121212,0.017391304347826,1.0,1.0,0.0,24,6,1,5,0,0
72.86022580645161,1.919423710556157,69.111,76.458,3.3148125,0.1698001553059817,3.036,3.625,153.95471875,25.519140339998536,113.78,191.094,36.63153125,1.1886206965564143,34.397,38.623,219,179,6,0.817351598173516,0.0335195530726257,2.0,0.0,1.0,25,6,1,5,0,0
72.70606451612903,1.7422892208334,69.678,75.958,3.29465625,0.1811035364851259,3.035,3.612,153.70961290322583,22.612665500669333,113.879,186.459,36.75709375,0.9995126993133756,34.881,38.364,130,109,5,0.8384615384615385,0.0458715596330275,0.0,0.0,0.0,26,6,1,5,0,0
73.0373,1.5345749304746843,70.323,75.929,3.26940625,0.1388010549776306,3.009,3.541,156.46303125,21.363471767639588,114.328,188.785,36.87590625,1.330759481416169,34.667,39.136,103,94,4,0.912621359223301,0.0425531914893617,0.0,0.0,0.0,27,6,1,5,0,0
72.865625,1.895433795782258,69.392,76.311,3.32928125,0.1567315836534427,3.02,3.574,151.5487666666667,26.633774281181395,114.237,188.151,36.67725,1.1761632265480295,34.62,38.933,153,130,4,0.8496732026143791,0.0307692307692307,1.0,0.0,1.0,28,6,1,5,0,0
73.26584375,2.050047208101208,69.579,76.232,3.28253125,0.1638262227178543,2.956,3.6,159.58978125,19.093274743596915,121.746,186.878,36.84465625,1.0523238067026826,34.626,38.669,158,146,5,0.9240506329113924,0.0342465753424657,5.0,1.0,0.0,29,6,1,5,0,0
72.518125,1.7313179158682728,69.563,75.971,3.262903225806452,0.1665207404176648,2.969,3.573,157.4815,20.548252719062308,118.009,186.831,36.66628125,1.043901837999642,35.1,38.808,110,88,2,0.8,0.0227272727272727,0.0,0.0,0.0,30,6,1,5,0,0
73.5811875,1.6004594589800467,69.863,75.979,3.29878125,0.181949431892845,3.0,3.595,146.804,22.79382536367421,118.367,189.664,36.500125,1.095975887125848,34.932,39.071,105,93,2,0.8857142857142857,0.021505376344086,0.0,0.0,0.0,31,6,1,5,0,0
73.43959375,1.556218138357613,69.336,75.796,3.2986875,0.1811517698220953,2.979,3.65,151.6395,25.243362000668103,114.205,189.371,37.07370967741936,1.2345907066324562,34.788,38.966,197,185,7,0.9390862944162436,0.0378378378378378,0.0,0.0,0.0,32,6,1,5,0,0
73.15759375,1.479181963535925,70.357,75.897,3.25896875,0.1650564877647219,2.948,3.568,155.628,22.22123563621069,115.844,185.808,36.61028125,1.1450858323759252,34.532,38.906,184,163,7,0.8858695652173914,0.0429447852760736,0.0,0.0,0.0,33,6,1,5,0,0
72.7511875,1.8872678739982327,69.575,75.928,3.35309375,0.1732835378095866,3.002,3.633,160.34916129032257,22.70997157505454,122.4,189.892,36.697625,1.130166780441234,34.617,38.933,176,158,5,0.8977272727272727,0.0316455696202531,0.0,0.0,0.0,34,6,1,5,0,0
73.42971875,1.8331629678601613,69.659,75.926,3.2569375,0.1778241134452261,2.945,3.59,153.0991875,24.78813762791557,113.1,190.378,36.245935483870966,0.8984884690591514,34.581,37.909,182,166,7,0.912087912087912,0.0421686746987951,0.0,0.0,0.0,35,6,1,5,0,0
72.79903225806451,1.8067858291059489,69.257,76.31,3.3394375,0.1693130213348884,2.952,3.605,145.2472258064516,23.458578376519576,115.212,189.627,36.713,1.0314781438742768,35.023,39.092,186,155,7,0.8333333333333334,0.0451612903225806,0.0,0.0,0.0,36,6,1,5,0,0
73.22678125,1.9875252521727111,69.791,76.4,3.31384375,0.2028950323522628,2.941,3.649,154.67635483870967,21.180434453442142,115.629,191.46,36.4869375,1.08349916824179,34.739,38.387,172,158,5,0.9186046511627908,0.0316455696202531,1.0,0.0,1.0,37,6,1,5,0,0
72.65621875,1.7473515578537366,69.915,75.726,3.31775,0.203929304638452,2.942,3.656,154.2069655172414,23.761893714340733,117.389,189.53,36.5693125,1.1421453903693424,34.683,39.08,101,83,3,0.8217821782178217,0.036144578313253,0.0,0.0,0.0,38,6,1,5,0,0
72.84553125,1.7666396201203671,69.677,76.258,3.23325,0.1826577974457756,2.965,3.623,145.25359375,22.17899688510816,111.952,187.017,36.4550625,1.1780280115378186,34.838,38.826,201,177,4,0.8805970149253731,0.0225988700564971,0.0,0.0,0.0,39,6,1,5,0,0
72.50822580645162,2.006144373496541,69.228,76.357,3.323322580645161,0.1945861226803827,2.956,3.662,148.54090625,21.872417078637994,113.457,184.78,36.78422580645161,1.0556656891799736,34.65,38.49,137,110,3,0.8029197080291971,0.0272727272727272,0.0,0.0,0.0,40,6,1,5,0,0
72.90725,1.7194486550692198,70.374,75.73,3.294833333333333,0.2080447702702031,2.988,3.601,154.61684375,22.0644757970953,116.301,186.591,36.6263125,1.0889379388548366,34.903,38.968,177,164,7,0.9265536723163842,0.0426829268292682,0.0,0.0,0.0,41,6,1,5,0,0
73.31038709677419,1.9425854194418208,69.349,76.486,3.3156875,0.1812105240659549,2.977,3.616,154.22267741935485,25.520707774128702,115.317,190.821,36.8135625,1.1240508809945016,34.781,39.098,106,100,3,0.9433962264150944,0.03,0.0,0.0,0.0,42,6,1,5,0,0
72.19632258064516,1.4571388491857775,69.594,74.599,3.30475,0.1501938532310397,2.981,3.561,154.5371875,20.53764614215768,116.55,183.992,36.21487096774194,0.993758043722096,34.558,37.977,158,149,7,0.9430379746835444,0.046979865771812,0.0,0.0,0.0,43,6,1,5,0,0
72.24765625,1.555360130673506,69.587,75.08,3.2255,0.1833980335491016,2.945,3.575,152.56353125,19.064264876708847,118.729,186.389,36.62134375,1.1827290096561678,34.44,38.589,198,158,8,0.797979797979798,0.050632911392405,5.0,1.0,0.0,44,6,1,5,0,0
72.57290625,2.180607334153977,69.878,79.553,3.278375,0.1904461231069081,2.991,3.676,144.9067419354839,22.03929745548126,113.284,184.659,36.70971875,1.1338995584571656,34.643,38.925,191,175,10,0.9162303664921466,0.0571428571428571,4.0,0.0,1.0,45,6,1,5,0,0
72.57646875,1.936244335827532,69.369,76.257,3.2810625,0.196969776214361,2.962,3.603,146.38215625,20.900293341218728,116.568,191.495,36.7551935483871,1.1709720582876095,34.375,38.462,151,130,3,0.8609271523178808,0.023076923076923,3.0,1.0,0.0,46,6,1,5,0,0
45.5088125,5.673338804400468,35.811,55.17,0.9755625,0.3001784348382398,0.545,1.484,85.04578125,10.351808228312873,69.525,101.851,11.906875,1.7207219930655142,8.118,14.751,142,136,1,0.9577464788732394,0.0073529411764705,0.0,0.0,0.0,-1,0,0,0,0,0
45.0095625,6.50203869734518,34.903,55.298,1.0135,0.2917851617974452,0.589,1.469,83.07525806451613,7.989126055532156,69.265,98.098,11.62803125,1.970877755728192,8.351,14.972,151,150,2,0.9933774834437086,0.0133333333333333,0.0,0.0,0.0,-1,0,0,0,0,0
44.003875,5.890216474197128,34.931,54.557,1.114,0.2705796247564353,0.584,1.508,82.0993125,8.669949943813158,70.799,99.363,11.429375,2.062321847633343,8.22,14.821,182,166,2,0.912087912087912,0.0120481927710843,0.0,0.0,0.0,-1,0,0,0,0,0
43.164375,6.135231518885214,35.363,55.26,1.048935483870968,0.2676625905232022,0.592,1.517,87.98174193548388,9.4038378015494,69.474,101.11,11.634354838709678,2.1218892768534854,8.279,15.04,176,175,2,0.9943181818181818,0.0114285714285714,0.0,0.0,0.0,-1,0,0,0,0,0
43.83170967741936,5.468006475206775,34.947,53.378,0.9691935483870968,0.3120520703723272,0.514,1.754,86.48151612903226,8.127046051594098,70.663,100.237,11.514483870967744,2.099745569840432,8.064,14.786,187,186,4,0.9946524064171124,0.021505376344086,0.0,0.0,0.0,-1,0,0,0,0,0
44.36446875,5.262750072117483,34.818,53.615,0.96925,0.2529484200895638,0.588,1.53,85.33925,8.790549540603617,70.062,100.87,11.4063125,1.9912012655275984,8.173,14.704,244,239,7,0.9795081967213116,0.0292887029288702,0.0,0.0,0.0,-1,0,0,0,0,0
44.56934482758621,5.437336646320396,35.498,52.884,1.0569354838709677,0.2707441517354063,0.514,1.503,87.43284375,9.172114295636405,71.686,100.443,11.93309375,2.1726657531241176,8.379,15.118,135,124,3,0.9185185185185184,0.0241935483870967,0.0,0.0,0.0,-1,0,0,0,0,0
43.60548387096774,5.846690179756792,35.476,53.972,0.9635,0.3113076478548242,0.5,1.458,81.2968125,7.784025252078769,68.846,100.2,11.394375,1.819987499957073,8.005,14.792,168,160,2,0.9523809523809524,0.0125,0.0,0.0,0.0,-1,0,0,0,0,0
46.31246875,5.601303494518183,34.688,54.688,0.9315625,0.334433265197958,0.523,1.502,83.219875,9.026296156588904,71.065,96.654,11.18334375,1.9699860914749725,8.109,15.012,193,181,5,0.9378238341968912,0.0276243093922651,0.0,0.0,0.0,-1,0,0,0,0,0
44.4421875,6.339938569141176,35.6,55.536,0.97728125,0.2923827842748656,0.544,1.522,84.7953125,8.682463365470769,71.633,100.465,10.931375,2.050992391580861,7.993,14.48,140,131,2,0.9357142857142856,0.015267175572519,1.0,0.0,1.0,-1,0,0,0,0,0
46.58125,5.270581818896033,36.642,54.672,0.8803125,0.2388275714212404,0.535,1.424,85.538125,8.096314409416737,71.065,99.603,11.321290322580644,1.831776554669417,7.937,14.365,214,198,3,0.9252336448598132,0.0151515151515151,0.0,0.0,0.0,-1,0,0,0,0,0
45.1360625,5.52302765225566,35.474,53.984,1.034483870967742,0.28226747019659,0.552,1.478,85.07296875,8.391320025668518,70.199,99.623,11.6208125,1.825209690781468,8.642,14.924,228,224,2,0.9824561403508772,0.0089285714285714,0.0,0.0,0.0,-1,0,0,0,0,0
46.35465625,5.209805739734079,35.223,54.659,0.99009375,0.2560321753186249,0.552,1.464,86.96754838709678,8.943563178207029,72.182,99.071,11.685645161290322,2.103430413212143,8.048,15.145,224,223,5,0.9955357142857144,0.0224215246636771,0.0,0.0,0.0,-1,0,0,0,0,0
46.933375,5.111572567508285,35.14,54.267,0.9995625,0.2614523872647783,0.538,1.44,83.055875,9.622248271081064,69.384,98.857,11.90815625,2.096238660836472,8.117,15.115,169,158,2,0.9349112426035504,0.0126582278481012,0.0,0.0,0.0,-1,0,0,0,0,0
45.9544375,6.041998712974098,36.165,54.556,0.98209375,0.2300614727632595,0.565,1.498,81.91525,8.149156465351135,69.504,100.385,11.11246875,1.9316921544690029,8.564,14.704,231,207,5,0.8961038961038961,0.0241545893719806,0.0,0.0,0.0,-1,0,0,0,0,0
45.35990625,6.000315085056756,35.185,54.065,0.97396875,0.2425691101222163,0.579,1.491,84.728375,7.9623732470794435,71.379,98.709,11.4446875,1.9837314698201567,8.135,14.814,197,185,4,0.9390862944162436,0.0216216216216216,0.0,0.0,0.0,-1,0,0,0,0,0
44.84303225806452,5.594259012498861,37.461,54.559,1.002,0.2991663974000645,0.516,1.458,86.91671875,8.10525768524069,69.831,99.228,12.04840625,2.1925234373172584,8.399,15.117,241,231,5,0.95850622406639,0.0216450216450216,0.0,0.0,0.0,-1,0,0,0,0,0
44.23659375,5.522724630629898,35.754,54.538,0.97090625,0.2632252021681275,0.529,1.391,82.99840625,7.931154855742394,71.207,98.716,11.700935483870968,2.030396495523044,8.285,15.077,201,199,5,0.9900497512437813,0.0251256281407035,0.0,0.0,0.0,-1,0,0,0,0,0
44.27125806451613,5.29769649292811,35.425,54.147,0.90071875,0.3018411496749519,0.496,1.483,83.1302258064516,8.821568105915853,69.701,98.696,12.251290322580646,1.97300079732284,8.519,15.151,179,167,2,0.9329608938547486,0.0119760479041916,0.0,0.0,0.0,-1,0,0,0,0,0
45.332677419354845,6.15213728925212,37.129,55.521,0.994375,0.2879673760644066,0.595,1.48,84.4497741935484,8.9323675835308,69.991,101.601,11.78451612903226,2.00297182324944,8.027,15.102,176,163,3,0.9261363636363636,0.0184049079754601,0.0,0.0,0.0,-1,0,0,0,0,0
43.57134375,5.225229753302567,35.417,52.948,1.0188387096774194,0.329832492514427,0.605,1.516,83.67283870967742,8.393632265381395,69.285,98.383,12.0070625,2.1575624976930827,8.028,14.612,227,210,2,0.9251101321585904,0.0095238095238095,0.0,0.0,0.0,-1,0,0,0,0,0
46.9766875,6.552051958503955,34.686,55.114,0.96025,0.2823101703057552,0.513,1.523,87.6186875,8.647604644798577,72.132,99.682,11.5196875,1.7730750113764902,8.265,14.559,161,160,1,0.9937888198757764,0.00625,0.0,0.0,0.0,-1,0,0,0,0,0
44.95290625,6.030786458954425,35.405,54.246,0.975,0.3029270113303671,0.535,1.486,85.42621875,9.265805550463057,70.932,100.564,11.9748125,2.038540392401292,8.31,14.963,147,138,2,0.9387755102040816,0.0144927536231884,0.0,0.0,0.0,-1,0,0,0,0,0
44.998,4.713174034965289,34.941,53.281,0.9575483870967744,0.2820552946627874,0.511,1.486,83.53145161290323,9.317708719918611,69.437,99.215,11.349375,2.076012582316274,8.487,14.651,186,173,4,0.9301075268817204,0.0231213872832369,0.0,0.0,0.0,-1,0,0,0,0,0
44.13084375,5.670684825852447,34.898,54.756,1.0281875,0.3236089274158329,0.498,1.498,84.77383870967742,8.374136931038624,71.307,99.318,11.03209375,2.11196854142283,8.117,14.586,236,218,3,0.923728813559322,0.0137614678899082,0.0,0.0,0.0,-1,0,0,0,0,0
43.85593548387097,6.098156404113643,34.966,54.828,1.05221875,0.3039255781543428,0.525,1.503,84.74271875,9.150931587458558,69.455,100.771,11.97025,2.081851982591307,8.201,14.985,152,146,3,0.9605263157894736,0.0205479452054794,0.0,0.0,0.0,-1,0,0,0,0,0
45.4618125,5.6935245132575405,35.532,52.735,0.956516129032258,0.2623192547218931,0.516,1.369,83.05065625,10.122910382886914,70.161,100.47,11.05084375,1.5153153426602703,8.086,14.285,177,173,3,0.9774011299435028,0.0173410404624277,1.0,1.0,0.0,-1,0,0,0,0,0
44.83048387096774,5.6757833049484185,35.297,54.41,1.02809375,0.2839124534957915,0.514,1.464,82.92921875,8.421804874117043,70.182,98.576,11.9288125,2.261058993074106,8.059,14.843,138,133,3,0.9637681159420288,0.0225563909774436,0.0,0.0,0.0,-1,0,0,0,0,0
45.2631875,6.251944499771715,35.921,55.376,1.04846875,0.3069103036325213,0.494,1.502,83.24641935483871,8.371681510800537,69.619,100.198,11.64265625,2.0455039541421787,8.075,14.548,202,193,2,0.9554455445544554,0.0103626943005181,0.0,0.0,0.0,-1,0,0,0,0,0
44.244689655172415,5.822672478604946,36.639,53.953,1.09425,0.2842082380590773,0.524,1.5,82.40025,8.530613353888942,70.075,98.318,11.8659375,1.809655571176549,8.784,14.919,246,228,6,0.926829268292683,0.0263157894736842,0.0,0.0,0.0,-1,0,0,0,0,0
43.8933125,5.720086162431922,35.797,55.263,1.00725,0.2818314527194144,0.559,1.485,84.24606666666666,8.006056315036775,69.008,97.248,11.80190625,2.089397634438785,8.088,15.038,151,136,3,0.9006622516556292,0.0220588235294117,0.0,0.0,0.0,-1,0,0,0,0,0
44.71875,5.927138459879324,35.752,54.986,1.114322580645161,0.297520350799378,0.523,1.515,87.07748387096774,6.901266646401311,73.202,98.256,11.11728125,2.023290536666974,8.225,14.749,137,127,3,0.927007299270073,0.0236220472440944,0.0,0.0,0.0,-1,0,0,0,0,0
45.55896875,5.604498512769638,35.426,55.264,1.05271875,0.2928411695865844,0.528,1.499,87.07209375,8.43608261159391,72.093,98.92,11.25365625,2.1431884388629494,8.185,14.953,131,122,2,0.931297709923664,0.0163934426229508,2.0,1.0,0.0,1,1,0,1,0,0
44.93277419354838,5.18168214456578,35.468,53.231,1.0363125,0.3310230902676165,0.512,1.5,83.93684375,7.423276752822292,69.432,98.445,12.03684375,1.9741914818619928,8.082,14.931,140,137,3,0.9785714285714284,0.0218978102189781,0.0,0.0,0.0,2,1,0,1,0,0
46.307,5.84748849865782,35.805,55.103,0.9609375,0.2854119758660136,0.519,1.478,84.558375,9.98636909621342,70.399,99.31,10.523709677419356,1.870337121012295,7.989,14.822,182,173,3,0.9505494505494504,0.0173410404624277,0.0,0.0,0.0,3,1,0,1,0,0
46.42153125,5.786134800925033,35.498,54.415,1.05725,0.2367520821177646,0.676,1.506,82.95145161290323,7.831785304508414,69.674,95.233,11.342225806451612,1.853084306585059,8.597,14.864,170,169,4,0.9941176470588236,0.0236686390532544,0.0,0.0,0.0,4,1,0,1,0,0
44.2495625,5.922228427235379,35.469,53.794,0.9555625,0.316930941648482,0.523,1.456,84.7200625,7.520638763783469,71.215,97.722,11.4909375,1.9947914587018056,8.213,15.177,155,149,4,0.9612903225806452,0.0268456375838926,0.0,0.0,0.0,5,1,0,1,0,0
46.86403125,5.480746502512079,35.77,55.338,1.0049375,0.3038728445339617,0.506,1.462,86.23675,8.665742367171642,70.034,101.071,11.68953125,1.648078352826846,8.485,14.199,139,127,3,0.9136690647482014,0.0236220472440944,0.0,0.0,0.0,6,1,0,1,0,0
44.5665625,5.773621013616236,35.046,54.94,1.00940625,0.3081699216420037,0.506,1.498,81.6916129032258,6.403238491458415,72.33,94.529,11.6638,1.957886235291731,8.015,14.987,197,190,2,0.964467005076142,0.0105263157894736,0.0,0.0,0.0,7,1,0,1,0,0
44.695875,6.256296429688177,35.371,55.467,1.0271875,0.2638394474529123,0.526,1.469,86.2424193548387,8.690545820120445,71.413,99.422,11.455387096774194,2.120191810150194,7.923,15.145,212,192,4,0.9056603773584906,0.0208333333333333,0.0,0.0,0.0,8,1,0,1,0,0
46.55296875,5.670143910584093,36.367,55.289,0.9321333333333331,0.2937988677865245,0.521,1.476,85.039,8.631641861535176,70.262,100.105,11.75171875,2.162188291677983,8.069,14.924,120,111,3,0.925,0.027027027027027,0.0,0.0,0.0,9,1,0,1,0,0
45.50234375,5.856605163344592,35.103,55.376,1.02175,0.2335042998844263,0.489,1.48,86.68990624999999,9.226408501125292,71.38,99.773,11.02821875,2.0869172006138013,8.306,14.823,197,186,5,0.9441624365482234,0.0268817204301075,0.0,0.0,0.0,10,1,0,1,0,0
44.7450625,6.412948116455864,35.638,55.256,0.9701290322580643,0.3159617848132359,0.522,1.506,87.087875,7.936307241345453,71.868,100.144,11.6230625,1.6989925465955102,8.646,14.964,175,165,4,0.9428571428571428,0.0242424242424242,2.0,0.0,1.0,11,1,0,1,0,0
45.39334375,5.788357099409319,35.673,54.325,0.96675,0.2901467926590307,0.508,1.439,84.01513333333334,8.591637581185369,70.32,100.312,11.80503125,1.9646650290599896,8.702,14.771,225,210,4,0.9333333333333332,0.019047619047619,0.0,0.0,0.0,12,1,0,1,0,0
46.81003225806452,5.559988294255489,35.441,54.818,0.9520625,0.2502264700033204,0.512,1.451,85.5056875,8.780050875881331,71.55,100.154,10.9710625,1.836387880481856,8.261,14.995,188,169,2,0.898936170212766,0.0118343195266272,0.0,0.0,0.0,13,1,0,1,0,0
44.56071875,5.703714936744041,34.998,53.971,1.0379375,0.2734623802044749,0.531,1.473,85.87390625,9.213528259626028,69.906,100.143,11.990516129032258,1.7261171043890726,8.5,14.621,140,129,2,0.9214285714285714,0.0155038759689922,0.0,0.0,0.0,14,1,0,1,0,0
45.14570967741936,5.558332257032671,36.039,54.438,1.02075,0.2729319896379718,0.506,1.485,85.76190322580645,9.22828898317501,70.963,98.875,11.70378125,2.491059053629471,8.002,15.177,164,149,3,0.9085365853658536,0.0201342281879194,0.0,0.0,0.0,15,1,0,1,0,0
45.05396774193549,5.070462263501367,34.729,53.473,1.0059375,0.3054986339127896,0.504,1.498,86.07496875,7.234293351068542,70.898,99.173,11.1340625,2.0205841368357467,7.892,15.161,231,227,3,0.9826839826839828,0.013215859030837,0.0,0.0,0.0,16,1,0,1,0,0
43.538625,4.595779703232648,35.899,52.067,0.91803125,0.2375602449057447,0.51,1.404,82.83134375,8.848394677109244,70.494,97.794,11.330419354838709,2.1412041281203367,8.049,14.865,246,232,4,0.943089430894309,0.0172413793103448,0.0,0.0,0.0,17,1,0,1,0,0
46.516875,5.074577063260321,36.393,54.902,0.97153125,0.3130876394233368,0.519,1.484,82.77816666666666,8.786398654516645,69.909,97.461,11.2099375,1.9216362472995467,8.23,14.249,143,137,2,0.958041958041958,0.0145985401459854,0.0,0.0,0.0,18,1,0,1,0,0
44.87046875,5.537487097396314,34.689,54.398,0.91265625,0.2504025931761787,0.508,1.409,85.2573125,9.162080234410425,70.331,99.421,11.2676875,1.7566401478023232,8.673,14.839,224,218,5,0.9732142857142856,0.0229357798165137,0.0,0.0,0.0,19,1,0,1,0,0
46.291625,5.403857551368641,36.88,55.025,1.08590625,0.324884431995788,0.508,1.468,85.75821875,9.058719986251614,70.18,99.3,11.15959375,1.974637506290712,8.219,14.877,143,137,2,0.958041958041958,0.0145985401459854,0.0,0.0,0.0,20,1,0,1,0,0
44.93212903225806,5.658718280918014,34.869,53.668,1.0258064516129033,0.3101767688866934,0.51,1.498,83.50829032258065,8.714911761624625,70.097,98.959,11.3345625,1.929788722139492,8.562,15.147,162,157,1,0.9691358024691358,0.0063694267515923,0.0,0.0,0.0,21,1,0,1,0,0
45.8736875,5.542489352427679,35.663,53.21,0.9534375,0.3044293378999362,0.513,1.451,84.8491875,8.86089430947631,68.914,100.413,11.487125,2.141080067358227,8.161,15.032,243,239,5,0.9835390946502056,0.0209205020920502,0.0,0.0,0.0,22,1,0,1,0,0
45.56028125,6.104504086668564,35.88,55.175,0.9390625,0.2902583873923592,0.539,1.492,84.38525806451614,9.133327881875775,71.321,100.587,12.1411875,2.048377791476198,8.119,14.956,205,200,2,0.975609756097561,0.01,0.0,0.0,0.0,23,1,0,1,0,0
44.85678125,5.824440456217593,35.123,53.474,1.005516129032258,0.2890936262375613,0.607,1.476,85.91759375,8.574928431411578,70.791,101.211,11.32984375,2.006723394304756,8.271,14.878,181,175,2,0.9668508287292816,0.0114285714285714,0.0,0.0,0.0,24,1,0,1,0,0
44.38675,5.763310960360067,34.667,54.868,0.99325,0.2950604093423757,0.523,1.527,85.12651612903225,8.467432081691857,71.525,98.421,11.84784375,2.0191682591278406,8.142,14.605,205,187,3,0.9121951219512195,0.0160427807486631,0.0,0.0,0.0,25,1,0,1,0,0
44.57506451612903,6.4229734440028325,35.079,53.767,0.988625,0.2997064962108224,0.526,1.511,84.1428125,9.55637343630063,69.888,100.026,12.01646875,1.9200002853557407,8.212,14.652,168,156,4,0.9285714285714286,0.0256410256410256,0.0,0.0,0.0,26,1,0,1,0,0
44.59475,5.308305859384347,35.013,54.047,0.9,0.2303386006898147,0.517,1.331,84.93203125,7.044520865523672,74.174,98.333,11.25596875,1.9806297220243183,8.267,14.527,140,130,2,0.9285714285714286,0.0153846153846153,0.0,0.0,0.0,27,1,0,1,0,0
44.6577,5.717809064064963,35.288,54.547,0.94315625,0.2982626153268506,0.517,1.405,85.10740625,9.92040631926508,71.121,100.3,11.1488125,1.904232864546601,7.965,14.267,213,199,5,0.9342723004694836,0.0251256281407035,1.0,0.0,1.0,28,1,0,1,0,0
43.318,6.448596881642973,35.196,55.715,1.03615625,0.2832517527634178,0.51,1.512,85.84235483870967,8.675835754355838,69.552,101.285,11.62459375,2.2528522832805216,8.656,18.181,151,137,1,0.9072847682119204,0.0072992700729927,0.0,0.0,0.0,29,1,0,1,0,0
44.8403125,6.43016776702574,34.957,54.57,0.938,0.3167075581973926,0.53,1.488,86.13421875,9.336578957413908,71.575,99.517,11.061125,2.139400801701864,8.213,15.094,214,202,5,0.9439252336448598,0.0247524752475247,0.0,0.0,0.0,30,1,0,1,0,0
43.57675,5.780374521854378,34.739,53.95,0.9981875,0.2842676427980073,0.547,1.41,87.1720625,9.365139004660472,69.469,100.839,11.23932258064516,1.8809677719567084,8.072,14.823,134,131,2,0.9776119402985076,0.015267175572519,0.0,0.0,0.0,31,1,0,1,0,0
45.45606451612903,6.750290586019162,34.575,54.631,0.9821875,0.2697586062485519,0.496,1.482,85.8715625,8.975596732565764,69.158,100.586,10.95332258064516,1.8405866707311336,8.279,14.728,131,130,3,0.9923664122137404,0.023076923076923,2.0,1.0,0.0,32,1,0,1,0,0
44.6366875,6.521728256189509,35.203,55.168,0.98709375,0.3102165070559592,0.523,1.462,82.11928125,7.624700684699039,69.75,100.898,11.7461875,1.9311091988552136,8.121,14.545,208,207,2,0.9951923076923076,0.0096618357487922,0.0,0.0,0.0,33,1,0,1,0,0
45.70540625,5.54429418329578,35.782,52.978,0.9825483870967742,0.3010021969697981,0.523,1.447,83.96090322580645,9.546328262233736,69.807,98.881,11.299967741935482,2.1080384007234616,8.267,14.892,249,235,3,0.9437751004016064,0.0127659574468085,1.0,0.0,1.0,1,2,0,2,0,0
44.08928125,5.991996518121943,34.875,55.441,1.03659375,0.3032546954001835,0.527,1.511,84.12115625,8.455747108821713,70.764,100.073,11.81728125,2.1118156266415444,7.922,15.014,150,136,1,0.9066666666666666,0.0073529411764705,0.0,0.0,0.0,2,2,0,2,0,0
44.12977419354839,5.684455058664682,36.609,53.225,0.97309375,0.2887773290376671,0.521,1.481,85.037625,9.04082081539774,71.32,98.825,11.22346875,1.4787673372446437,8.517,14.923,249,244,5,0.9799196787148594,0.0204918032786885,0.0,0.0,0.0,3,2,0,2,0,0
44.68921875,5.198718165423866,35.823,54.64,1.0118125,0.2523145038854638,0.523,1.455,84.18496774193548,8.574537808666895,69.554,99.621,11.63259375,2.2626828189816,8.095,14.919,168,151,2,0.8988095238095238,0.0132450331125827,0.0,0.0,0.0,4,2,0,2,0,0
45.5145625,5.136650269968528,35.867,55.05,0.91875,0.2897106454111,0.525,1.423,86.44275,8.05411971522008,72.322,98.108,11.244806451612904,2.3854767436769646,7.888,14.546,196,191,4,0.9744897959183674,0.0209424083769633,0.0,0.0,0.0,5,2,0,2,0,0
44.43959375,5.705817454987241,35.16,54.505,1.0546875,0.3438309259580371,0.502,1.52,86.13248387096775,8.52901936477642,70.032,98.367,11.485193548387096,2.1456821047451684,8.023,14.598,189,172,3,0.91005291005291,0.0174418604651162,0.0,0.0,0.0,6,2,0,2,0,0
45.09577419354839,5.589256251712909,35.124,53.852,1.03425,0.2258616476318361,0.616,1.434,85.3770625,9.621888973342116,70.536,101.291,11.2285,2.1093068728544373,8.308,14.967,179,170,4,0.9497206703910616,0.0235294117647058,0.0,0.0,0.0,7,2,0,2,0,0
47.10674193548387,5.178041894820487,37.613,55.097,0.9883125,0.3132879163778698,0.519,1.516,83.25190322580646,8.015658843184541,69.836,100.804,11.12765625,1.858522437910756,8.57,14.779,148,138,3,0.9324324324324323,0.0217391304347826,0.0,0.0,0.0,8,2,0,2,0,0
44.67596875,5.615577645203967,35.17,54.973,0.9981290322580644,0.2593283301062553,0.493,1.498,85.78428125,8.08478276379159,71.034,97.455,11.5508125,2.0782092079713186,8.148,14.873,122,112,1,0.918032786885246,0.0089285714285714,0.0,0.0,0.0,9,2,0,2,0,0
46.32584375,5.648627090458038,34.699,54.596,0.90340625,0.2518125082566713,0.5,1.441,82.9998125,8.735492587021254,70.497,99.797,11.308096774193547,1.9136685250209649,8.193,14.886,140,133,2,0.95,0.0150375939849624,1.0,1.0,0.0,10,2,0,2,0,0
47.18034375,5.709898443305531,35.449,54.855,1.035625,0.2607701682423841,0.515,1.536,86.17912903225806,9.064908680334051,69.719,100.895,11.62165625,2.1875231922733684,8.161,14.831,198,192,3,0.9696969696969696,0.015625,0.0,0.0,0.0,11,2,0,2,0,0
44.26784375,5.975227738185842,35.114,54.523,0.99725,0.2695495645367202,0.51,1.481,85.17678125,8.036452201242968,70.384,98.903,11.61632258064516,2.224997518906434,8.025,15.055,154,148,2,0.961038961038961,0.0135135135135135,0.0,0.0,0.0,12,2,0,2,0,0
43.0348,5.535138682497736,34.894,54.046,0.9689032258064516,0.2527131911658893,0.538,1.498,83.61506451612904,8.121505693467943,69.025,100.654,12.04746875,1.9905967331005656,8.082,14.86,124,114,1,0.9193548387096774,0.0087719298245614,0.0,0.0,0.0,13,2,0,2,0,0
43.524375,5.496074650558899,35.204,53.58,1.033516129032258,0.3055484545281094,0.519,1.486,83.94709375,9.283470191549013,70.666,99.998,11.57553125,1.921443509521489,8.24,14.748,190,172,4,0.9052631578947368,0.0232558139534883,0.0,0.0,0.0,14,2,0,2,0,0
43.46459375,5.148214309017505,35.416,54.135,0.986,0.2769532393278576,0.495,1.444,85.3501875,7.382708911160961,71.643,99.6,11.66840625,2.1723797544119754,8.299,15.185,182,168,2,0.9230769230769232,0.0119047619047619,0.0,0.0,0.0,15,2,0,2,0,0
45.7891875,6.698258307262152,35.507,55.651,0.98896875,0.2667312873232099,0.532,1.48,87.4934375,9.145056436226852,69.727,101.053,11.4571875,1.7200691365981249,8.563,14.372,182,176,4,0.967032967032967,0.0227272727272727,0.0,0.0,0.0,16,2,0,2,0,0
43.4936129032258,6.290294087864886,35.461,55.149,0.9976875,0.2789014668763978,0.526,1.449,82.5820625,8.93603914183207,70.564,97.284,11.316875,2.261977806428302,8.153,15.07,226,210,2,0.9292035398230089,0.0095238095238095,0.0,0.0,0.0,17,2,0,2,0,0
44.67884375,5.814155679470664,35.733,54.991,0.9344375,0.2817059708849957,0.516,1.434,84.69490625,8.856396964029775,69.623,100.705,12.0169,2.0272089756693767,8.638,14.902,121,113,3,0.9338842975206612,0.0265486725663716,0.0,0.0,0.0,18,2,0,2,0,0
47.72190625,6.111860032383231,35.22,54.842,1.030375,0.3092720641723389,0.503,1.708,86.4295,7.958515086817187,71.054,100.891,11.8980625,1.9121452896866824,8.328,15.108,184,180,2,0.9782608695652174,0.0111111111111111,0.0,0.0,0.0,19,2,0,2,0,0
43.29340625,4.815368976311596,34.986,53.601,0.9178125,0.2501765102688951,0.541,1.464,83.61859375,9.83829507541461,68.795,100.894,11.33996875,1.9022056210616105,8.24,14.555,144,142,4,0.9861111111111112,0.028169014084507,0.0,0.0,0.0,20,2,0,2,0,0
45.2175,5.140402682858171,35.154,54.404,0.99953125,0.2903470653317752,0.523,1.478,81.59571875,8.276436669884255,70.898,99.857,11.651266666666666,1.9384453232589167,8.256,14.985,219,211,4,0.9634703196347032,0.0189573459715639,0.0,0.0,0.0,21,2,0,2,0,0
43.25725,5.488737589152958,35.62,51.626,0.98340625,0.3098925786175881,0.511,1.497,82.76603125,8.725504135483908,69.789,99.717,11.29403125,2.0670527793310747,7.953,14.745,217,197,4,0.9078341013824884,0.0203045685279187,2.0,0.0,1.0,22,2,0,2,0,0
43.86134375,6.531122343944612,35.317,54.799,1.0174516129032258,0.283386289801239,0.504,1.47,81.27546875,7.555351075228711,68.902,95.009,11.550625,1.6967219201134722,8.264,13.736,203,200,2,0.9852216748768472,0.01,0.0,0.0,0.0,23,2,0,2,0,0
44.57371875,5.280116520185315,35.842,53.742,0.989935483870968,0.2656828855965787,0.576,1.419,84.8075625,9.347395448647026,69.537,100.486,11.89890625,2.136077070002844,8.27,15.181,147,134,1,0.91156462585034,0.0074626865671641,0.0,0.0,0.0,24,2,0,2,0,0
44.01796875,5.424526936320152,35.434,55.742,1.0550967741935484,0.3009111003645107,0.494,1.482,87.88241935483872,8.356458040638167,72.876,99.859,11.69915625,2.0051524937484144,8.38,14.996,171,164,3,0.95906432748538,0.0182926829268292,0.0,0.0,0.0,25,2,0,2,0,0
45.686375,5.983468299163686,35.343,54.733,1.1419375,0.298789594487816,0.507,1.528,85.18771875,8.078387719350514,69.561,98.306,11.99959375,2.178901230338948,8.255,15.039,227,216,5,0.9515418502202644,0.0231481481481481,0.0,0.0,0.0,26,2,0,2,0,0
44.83959375,5.949772361378018,34.65,55.132,1.01209375,0.2667326025254505,0.55,1.476,83.3416875,9.459186408571131,71.725,99.864,11.387645161290322,2.0849816233944307,7.915,15.145,215,201,5,0.9348837209302324,0.0248756218905472,0.0,0.0,0.0,27,2,0,2,0,0
45.57448387096774,6.180944711347222,35.205,54.882,0.94065625,0.2382506960183449,0.532,1.345,87.58712903225806,7.737147535286869,73.219,99.625,12.0295,1.9482728993451048,8.343,15.194,147,142,1,0.9659863945578232,0.0070422535211267,0.0,0.0,0.0,28,2,0,2,0,0
42.4926875,5.460392183938746,35.276,54.064,1.0226875,0.3231404805363919,0.502,1.52,83.09159375,8.84983481114059,70.323,99.966,11.5643,2.0876827138703584,8.109,14.873,167,156,2,0.934131736526946,0.0128205128205128,0.0,0.0,0.0,29,2,0,2,0,0
44.528875,6.035636662304551,34.674,54.79,0.9230967741935484,0.2891612416212,0.555,1.49,82.501,8.08351182864669,70.672,98.9,11.0788125,2.0802634051190294,8.089,15.075,250,234,5,0.936,0.0213675213675213,0.0,0.0,0.0,1,3,0,3,0,0
45.387375,5.73117952589731,35.802,54.423,0.9756875,0.2974311996889148,0.516,1.523,86.51861290322582,8.566589172194574,72.183,100.198,11.5386875,2.118291040308581,8.479,15.123,233,221,2,0.9484978540772532,0.0090497737556561,0.0,0.0,0.0,2,3,0,3,0,0
44.24496875,6.790650234837248,35.151,55.218,0.9995625,0.2688841863054823,0.534,1.479,83.70296774193548,7.271607857431398,71.531,97.994,11.6175625,1.7508533391813776,8.959,14.579,183,170,5,0.9289617486338798,0.0294117647058823,0.0,0.0,0.0,3,3,0,3,0,0
45.33725,5.471288997148897,36.145,54.733,0.9853125,0.3083812509990546,0.518,1.514,85.95934375,9.21154545756215,70.306,101.071,11.1379375,1.8780253517389471,8.159,14.213,194,180,2,0.9278350515463918,0.0111111111111111,0.0,0.0,0.0,4,3,0,3,0,0
44.3599375,6.088510829833516,34.89,55.342,0.9164137931034484,0.2268367123916893,0.581,1.346,85.21109375,9.178461289131672,71.762,100.459,11.82216129032258,1.8185927727554287,8.102,15.151,143,134,3,0.9370629370629372,0.0223880597014925,0.0,0.0,0.0,5,3,0,3,0,0
43.94073333333333,6.344153137329289,35.212,54.935,0.9723870967741935,0.3078121372330158,0.525,1.528,86.5906875,9.93436552980807,69.063,100.691,11.60034375,1.7721255254705277,8.233,14.785,132,119,2,0.9015151515151516,0.0168067226890756,0.0,0.0,0.0,6,3,0,3,0,0
45.0421875,5.3016702507399165,35.271,54.976,0.9868125,0.2933580260562389,0.524,1.485,85.68128125,8.61111276475805,69.293,98.693,11.3278125,1.960798083689394,8.31,14.96,143,138,1,0.965034965034965,0.0072463768115942,0.0,0.0,0.0,7,3,0,3,0,0
46.45953125,6.065309422122561,35.489,55.428,1.01603125,0.2954382730545991,0.519,1.485,83.5853125,8.203704353826994,71.285,97.617,11.339677419354835,2.221063189662356,8.01,14.975,156,141,2,0.903846153846154,0.0141843971631205,0.0,0.0,0.0,8,3,0,3,0,0
45.39177419354839,6.644638122625275,35.423,54.288,0.9308064516129032,0.2529680374217052,0.528,1.461,87.12665625,8.950697394380292,70.23,98.699,11.110483870967744,1.6987443572821217,8.13,14.29,126,124,2,0.984126984126984,0.0161290322580645,2.0,0.0,1.0,9,3,0,3,0,0
45.0436875,6.009209847889133,34.635,55.373,0.9996875,0.3139593601705636,0.529,2.066,83.728625,9.295187442799325,68.925,98.501,11.634774193548386,2.136582235092258,8.03,14.537,240,238,6,0.9916666666666668,0.0252100840336134,0.0,0.0,0.0,10,3,0,3,0,0
44.543,6.176709328520508,34.584,55.041,1.06059375,0.2804289179528273,0.576,1.456,87.2568125,7.723494188502941,69.977,101.623,11.67565625,2.089923977771178,8.204,15.045,136,126,2,0.9264705882352942,0.0158730158730158,0.0,0.0,0.0,11,3,0,3,0,0
45.31675,4.56710119116301,34.757,53.059,0.91821875,0.2810095549259445,0.504,1.491,85.0323125,9.01484448343308,68.278,98.834,11.79665625,1.992499720473936,8.145,14.704,150,146,1,0.9733333333333334,0.0068493150684931,0.0,0.0,0.0,12,3,0,3,0,0
45.8218064516129,5.721197213983303,35.233,54.783,1.022625,0.2769781346907625,0.627,1.458,85.98103125,7.747252022634717,72.944,98.259,10.59058064516129,1.9163846825762576,7.991,14.685,218,216,2,0.9908256880733946,0.0092592592592592,0.0,0.0,0.0,13,3,0,3,0,0
44.72115625,6.378214059413625,35.521,54.821,1.09609375,0.3160454601206972,0.529,1.505,85.73874193548387,8.47970803729995,70.479,99.898,11.1685,2.0563055345966714,8.086,14.988,199,185,3,0.9296482412060302,0.0162162162162162,0.0,0.0,0.0,14,3,0,3,0,0
43.13815625,5.488445288465195,35.365,53.486,1.0185161290322582,0.2872180206704472,0.519,1.398,85.3599375,7.461179418734572,69.16,99.234,11.6548125,2.1353332056598444,8.429,14.959,198,180,3,0.9090909090909092,0.0166666666666666,1.0,0.0,1.0,15,3,0,3,0,0
46.163935483870965,6.336833430746958,35.497,53.939,0.96703125,0.3328175402844143,0.501,1.49,83.75583870967742,8.518924549091762,69.586,99.469,11.47975,2.011186329411798,8.009,14.954,220,213,5,0.968181818181818,0.0234741784037558,0.0,0.0,0.0,16,3,0,3,0,0
46.45578125,4.795266037453989,35.645,55.309,1.00875,0.328191328933439,0.503,1.499,84.86428125,9.01569057070693,69.501,98.472,11.50728125,2.1003010265716053,8.233,14.869,175,172,2,0.9828571428571428,0.0116279069767441,0.0,0.0,0.0,17,3,0,3,0,0
46.628375,6.383706384983365,35.916,55.178,0.9065333333333334,0.2585629694975719,0.54,1.434,87.25890625,10.188921916946711,70.489,101.584,11.94175,1.8144088346772456,8.091,15.054,141,135,2,0.9574468085106383,0.0148148148148148,0.0,0.0,0.0,18,3,0,3,0,0
44.9574375,6.634423537383416,35.047,55.545,1.1015625,0.3017375421700765,0.532,1.499,86.24209375000001,10.051366854119326,69.532,101.368,12.014566666666669,2.246024406219428,8.081,15.225,182,175,3,0.9615384615384616,0.0171428571428571,0.0,0.0,0.0,19,3,0,3,0,0
44.71009375,5.675529717266274,36.041,53.688,1.0459032258064516,0.3113061038954756,0.542,1.461,85.01053333333333,7.582257569067282,71.768,97.951,11.92846875,1.9895274359371813,8.291,14.71,191,173,5,0.9057591623036648,0.0289017341040462,0.0,0.0,0.0,20,3,0,3,0,0
44.71221875,6.0511149211789474,35.36,54.648,1.0053548387096771,0.3048392525454573,0.528,1.496,86.56246875,8.73871877367864,71.915,98.689,11.638451612903223,2.0346744021048293,8.1,14.368,156,149,2,0.9551282051282052,0.0134228187919463,0.0,0.0,0.0,21,3,0,3,0,0
44.493483870967744,6.609471037185796,34.729,54.489,0.9742,0.3165989957942555,0.497,1.448,86.46965625,9.492448572959574,70.955,100.839,10.67371875,1.994766074641416,8.032,14.807,221,211,3,0.9547511312217196,0.0142180094786729,0.0,0.0,0.0,22,3,0,3,0,0
44.8243125,7.016150292820959,34.827,55.272,1.0276129032258066,0.3212140176911497,0.502,1.497,87.76358064516128,7.779654862842323,71.597,99.459,11.76709375,2.067842936560284,7.916,14.771,176,169,2,0.9602272727272728,0.0118343195266272,0.0,0.0,0.0,23,3,0,3,0,0
46.6161875,5.030248492787761,37.355,53.951,1.02740625,0.260630236081076,0.49,1.467,85.34721875,9.728885805431217,69.782,99.186,11.86384375,2.026364026611896,8.24,15.199,209,199,2,0.9521531100478468,0.0100502512562814,0.0,0.0,0.0,24,3,0,3,0,0
44.63984375,5.862461566608319,35.919,54.077,1.0016875,0.2892226999412223,0.531,1.509,83.3738,8.04227248464272,70.578,98.895,11.872774193548386,1.8579657102985403,8.16,14.677,162,155,2,0.9567901234567902,0.0129032258064516,0.0,0.0,0.0,25,3,0,3,0,0
44.2597,5.933453400147688,34.931,52.913,1.037125,0.3241524681082116,0.512,1.493,86.98066666666666,8.472532916606966,71.509,100.935,11.668903225806451,1.900993413189337,8.572,14.724,140,132,1,0.9428571428571428,0.0075757575757575,0.0,0.0,0.0,26,3,0,3,0,0
47.80440625,5.39344431132041,38.197,55.528,1.02115625,0.2743258139835585,0.548,1.512,84.8564193548387,9.288719555727056,70.691,99.323,11.097225806451611,2.0755244912981623,8.058,14.673,178,170,4,0.9550561797752808,0.0235294117647058,0.0,0.0,0.0,27,3,0,3,0,0
43.90484375,6.043700170342,35.527,53.477,1.1525,0.2821326615436033,0.494,1.517,85.2643125,8.668877400394155,71.308,101.79,11.57153125,2.088967193250245,8.324,15.083,171,170,3,0.9941520467836256,0.0176470588235294,0.0,0.0,0.0,28,3,0,3,0,0
45.818375,6.0243503397568965,35.286,54.363,0.94896875,0.2927588994129536,0.559,1.476,87.18365625,8.821942188361835,69.485,101.185,11.591,2.159579230223541,8.261,14.939,208,205,3,0.9855769230769232,0.0146341463414634,0.0,0.0,0.0,29,3,0,3,0,0
45.480551724137925,5.863281739449133,35.699,55.237,1.00725,0.2378010825011308,0.622,1.402,83.20051612903225,8.33115857837699,68.896,98.738,11.52475,2.0126147172273186,8.514,14.741,178,162,4,0.9101123595505618,0.0246913580246913,0.0,0.0,0.0,30,3,0,3,0,0
45.1255625,6.095325294648402,35.148,55.389,1.048258064516129,0.2889303223664759,0.498,1.482,84.83635483870968,8.402162239758635,69.608,97.529,11.4946875,2.110114481491466,8.326,14.691,171,168,2,0.9824561403508772,0.0119047619047619,0.0,0.0,0.0,31,3,0,3,0,0
45.26803125,6.581347687676795,35.176,55.312,0.995125,0.2816680441526411,0.514,1.431,83.6225,8.287451997052425,71.18,99.081,10.95915625,2.190510400228236,8.108,14.913,174,171,3,0.9827586206896552,0.0175438596491228,0.0,0.0,0.0,32,3,0,3,0,0
44.40703125,4.914720131068898,35.876,53.953,1.0129375,0.2961516544261652,0.523,1.503,85.993625,10.160648984701844,69.972,100.666,11.636516129032255,2.040928005768744,8.386,14.881,221,211,2,0.9547511312217196,0.0094786729857819,0.0,0.0,0.0,33,3,0,3,0,0
45.623125,5.60824724933534,34.952,54.001,1.0345625,0.3009533172994582,0.516,1.498,84.5301875,8.209182382129447,71.661,99.169,11.491548387096774,2.1616801002724664,8.187,15.031,195,180,3,0.9230769230769232,0.0166666666666666,0.0,0.0,0.0,34,3,0,3,0,0
43.25725,5.553545969802507,35.178,53.347,0.9676875,0.2765026322572017,0.511,1.47,85.11165625,9.748302825353674,68.925,99.179,11.77278125,1.9901064120418284,8.352,15.067,205,197,2,0.9609756097560976,0.0101522842639593,0.0,0.0,0.0,35,3,0,3,0,0
44.85035483870967,5.728370603399581,35.393,54.925,0.9515,0.2919048674018699,0.501,1.473,85.1580625,9.232450843444168,68.916,99.683,11.7774375,2.2241684192655167,8.216,15.082,224,223,6,0.9955357142857144,0.0269058295964125,0.0,0.0,0.0,36,3,0,3,0,0
45.93675,5.406239364337849,36.063,55.222,1.0408125,0.3030604578776853,0.518,1.484,84.0781875,8.949627710539588,70.07,100.788,11.24309375,2.171997435978036,8.179,15.046,215,213,5,0.9906976744186048,0.0234741784037558,0.0,0.0,0.0,37,3,0,3,0,0
45.21178125,6.256639218098127,35.051,54.497,0.9845625,0.3107341917189446,0.54,1.494,85.090375,10.812983022960804,70.173,100.338,11.65025,1.59647537184362,8.789,14.516,223,201,2,0.9013452914798208,0.0099502487562189,2.0,0.0,1.0,38,3,0,3,0,0
44.39765625,5.94596654618463,35.709,54.29,1.0203548387096777,0.3274733117255101,0.523,1.511,86.08346875,7.625833619092981,70.337,99.687,11.547322580645162,1.9462588109344,8.128,15.133,122,113,2,0.9262295081967212,0.0176991150442477,0.0,0.0,0.0,39,3,0,3,0,0
44.5098064516129,6.183197524578768,34.923,55.0,0.9291875,0.3110348427219959,0.502,1.507,86.02515625,10.036686383236429,68.94,101.371,11.72040625,1.972320883717144,8.132,14.943,180,162,3,0.9,0.0185185185185185,2.0,0.0,1.0,40,3,0,3,0,0
44.18490625,5.768890592509689,35.743,53.281,1.0230967741935484,0.3100677726818994,0.536,1.481,86.62809375,8.307076813445015,70.828,98.813,11.78040625,2.0030073495971807,8.358,15.029,131,118,1,0.900763358778626,0.0084745762711864,0.0,0.0,0.0,41,3,0,3,0,0
45.7466875,6.069852564705179,34.885,55.404,1.11378125,0.2895309593312783,0.562,1.479,81.74353125,8.529593780685458,69.304,99.565,11.96640625,2.0137585122765165,8.634,14.919,243,238,5,0.9794238683127572,0.0210084033613445,0.0,0.0,0.0,42,3,0,3,0,0
56.97993548387097,1.4704462346622051,54.719,59.355,1.685375,0.1596065222210041,1.539,2.472,87.16234375,11.45634943997988,68.235,105.347,15.83978125,0.4412167000593812,15.079,16.636,144,124,6,0.8611111111111112,0.0483870967741935,0.0,0.0,0.0,43,3,0,3,0,0
57.05178125,1.5323817795662968,54.624,59.953,1.65571875,0.0843308516518277,1.516,1.778,86.88846875,10.538862734703748,68.852,103.192,15.8809375,0.4220515896840559,14.994,16.794,233,214,8,0.9184549356223176,0.0373831775700934,0.0,0.0,0.0,44,3,0,3,0,0
57.514806451612905,1.4124975143188707,54.64,59.909,1.6611875,0.0829669337554075,1.537,1.786,89.4230625,10.11165685009298,69.112,103.722,15.644172413793102,0.4530536919430755,14.791,16.389,241,218,7,0.9045643153526972,0.0321100917431192,0.0,0.0,0.0,45,3,0,3,0,0
57.67422580645162,1.1479157840677283,55.361,59.782,1.65678125,0.0906434825424275,1.484,1.822,88.7619375,11.06519279874449,67.102,105.41,15.828625,0.4719155029615827,14.854,16.604,206,168,6,0.8155339805825242,0.0357142857142857,0.0,0.0,0.0,46,3,0,3,0,0
57.591125,1.4063635273170811,55.187,60.211,1.6373125,0.084782240037678,1.519,1.789,81.31909375,10.554191279845773,66.826,103.454,15.71840625,0.4961314770706679,14.953,16.775,218,188,8,0.8623853211009175,0.0425531914893617,0.0,0.0,0.0,47,3,0,3,0,0
57.36171875,1.3493745082474562,54.593,59.712,1.63571875,0.0837928453235677,1.504,1.798,85.57328125,11.318786576462518,65.713,106.551,15.70340625,0.4568045999553012,14.765,16.468,165,144,6,0.8727272727272727,0.0416666666666666,0.0,0.0,0.0,48,3,0,3,0,0
46.76822580645162,6.005808159383035,35.681,55.204,1.03603125,0.3033940782775282,0.535,1.497,85.01503225806451,8.681447292872585,71.088,101.848,11.0919375,2.2113505133157734,8.222,14.534,135,130,2,0.9629629629629628,0.0153846153846153,0.0,0.0,0.0,49,3,0,3,0,0
44.99090625,4.966819579254203,36.241,53.857,1.06265625,0.2790304191273544,0.632,1.502,83.62053125,9.713326406023825,70.493,101.714,11.45146875,2.112796449661352,8.37,14.855,233,229,6,0.9828326180257512,0.0262008733624454,0.0,0.0,0.0,50,3,0,3,0,0
44.33540625,6.435302724209461,34.798,54.291,1.03803125,0.3213316530471282,0.515,1.495,85.40121875,9.177514776165385,70.449,98.724,11.94,2.1777290035500805,7.883,14.912,202,193,4,0.9554455445544554,0.0207253886010362,0.0,0.0,0.0,51,3,0,3,0,0
43.28190322580645,6.102231134892872,35.763,52.973,0.93509375,0.2662303585818964,0.543,1.5,86.2431875,8.975778217451174,71.016,100.647,11.032625,1.958160340563264,8.119,14.841,241,240,6,0.995850622406639,0.025,0.0,0.0,0.0,1,4,0,4,0,0
44.5408125,6.061971650073129,35.062,54.779,0.984375,0.3083852586326647,0.498,1.492,84.98590322580645,7.974746914917694,71.817,100.062,11.33146875,2.1464205159404344,7.971,15.132,169,157,1,0.9289940828402368,0.0063694267515923,1.0,0.0,1.0,2,4,0,4,0,0
43.76383870967742,5.231808152043128,35.426,54.484,1.0575333333333332,0.2790094218324255,0.569,1.441,86.85640625,9.106889543209457,70.141,100.288,12.38909375,1.9111596607797936,8.639,15.113,178,176,3,0.9887640449438202,0.0170454545454545,2.0,1.0,0.0,3,4,0,4,0,0
44.6733125,5.27720498136301,35.359,54.644,0.907125,0.3291279533516096,0.522,1.477,84.85496774193548,8.890712875369337,70.932,99.205,11.792290322580644,1.7040318305624136,8.065,14.571,154,150,3,0.974025974025974,0.02,0.0,0.0,0.0,4,4,0,4,0,0
45.00265625,4.913469739198992,35.346,55.248,0.9731875,0.2874907502018332,0.508,1.509,82.63640625,8.233978667728307,70.348,100.16,11.9475,1.6827077832680777,8.56,14.433,176,169,2,0.9602272727272728,0.0118343195266272,0.0,0.0,0.0,5,4,0,4,0,0
46.03441935483871,5.767906851849541,35.144,54.801,1.02009375,0.2700013571501136,0.523,1.416,83.88875,9.376527684561852,71.155,100.509,10.79696875,2.1665878850182985,8.146,14.825,159,152,2,0.9559748427672956,0.0131578947368421,0.0,0.0,0.0,6,4,0,4,0,0
44.607,6.11707390516825,34.765,54.26,0.95725,0.2830597793924058,0.524,1.453,83.97096875,8.638753406501818,69.8,98.167,11.29003125,2.031822532959892,8.011,14.875,139,135,3,0.9712230215827338,0.0222222222222222,0.0,0.0,0.0,7,4,0,4,0,0
46.043875,5.894132849570588,34.887,54.071,0.93825,0.2706876547824317,0.513,1.402,83.87215625,10.137767836991232,69.254,98.935,11.2243125,2.063517454806312,8.617,14.879,162,158,2,0.9753086419753086,0.0126582278481012,0.0,0.0,0.0,8,4,0,4,0,0
44.744,5.8214536729812325,36.336,54.828,1.0083125,0.3098261153844097,0.587,1.751,82.49915625,8.609980859104928,70.365,99.442,11.0649375,2.0217060176430683,8.256,14.827,190,186,2,0.9789473684210528,0.010752688172043,0.0,0.0,0.0,9,4,0,4,0,0
45.393375,6.187696969820241,35.076,54.95,1.06515625,0.2828127283460137,0.508,1.499,83.70096774193549,9.012167839404205,69.971,99.049,11.255677419354836,1.7478924525858146,8.088,14.354,212,203,5,0.9575471698113208,0.0246305418719211,0.0,0.0,0.0,10,4,0,4,0,0
44.588096774193545,5.913375693317868,35.409,54.254,1.01353125,0.3039916153740788,0.525,1.519,85.266625,8.737173558441114,71.706,99.886,11.37346875,1.8506472448304103,8.209,14.642,192,190,2,0.9895833333333334,0.0105263157894736,0.0,0.0,0.0,11,4,0,4,0,0
44.37103125,6.015203208882743,35.015,53.526,0.97840625,0.2803568991971115,0.568,1.455,87.390375,8.219249277978399,72.044,99.671,11.57928125,2.036578554504921,7.96,14.781,227,223,4,0.9823788546255506,0.0179372197309417,0.0,0.0,0.0,12,4,0,4,0,0
46.08816129032258,6.185645480178412,35.159,55.39,0.94428125,0.2587583546259128,0.546,1.516,85.47796875,10.861425960812776,70.5,101.513,11.0294375,1.94773939996122,8.204,14.796,145,136,2,0.9379310344827586,0.0147058823529411,0.0,0.0,0.0,13,4,0,4,0,0
44.79459375,6.155197944247032,34.916,54.738,0.9296875,0.2716266932462106,0.543,1.455,85.8575,9.171059843069465,71.442,100.003,11.8128125,2.3060225279024382,8.16,15.136,190,189,3,0.9947368421052633,0.0158730158730158,0.0,0.0,0.0,14,4,0,4,0,0
43.33296774193549,5.847327660187292,34.954,53.462,0.959,0.2713917535058273,0.503,1.393,84.76822580645161,8.627437351109062,71.163,97.985,11.62141935483871,2.0298516821711146,8.574,14.788,133,121,3,0.9097744360902256,0.024793388429752,0.0,0.0,0.0,15,4,0,4,0,0
46.4918125,6.25821482037036,35.861,55.279,0.990774193548387,0.2733476064985655,0.554,1.453,84.6260625,8.731544677064917,69.831,98.804,12.36084375,1.9882141299194336,8.366,14.811,169,152,3,0.8994082840236687,0.0197368421052631,0.0,0.0,0.0,16,4,0,4,0,0
44.66596875,5.88072836439213,35.588,54.4,0.98434375,0.3066167734585455,0.509,1.484,83.82516129032258,9.81743928967486,71.642,101.517,11.087875,1.834740216295027,8.129,14.738,190,175,5,0.9210526315789472,0.0285714285714285,0.0,0.0,0.0,17,4,0,4,0,0
43.39870967741936,5.089529593151992,35.549,52.276,1.022225806451613,0.3000367432696001,0.498,1.462,85.45778125,8.620726875028039,70.65,97.773,12.0621875,2.136601936411511,8.077,14.98,243,221,2,0.9094650205761317,0.0090497737556561,0.0,0.0,0.0,18,4,0,4,0,0
46.79245161290323,5.747071902796586,35.433,54.573,1.014125,0.3095811686779414,0.512,1.469,84.69013333333334,9.024717329543398,70.701,99.882,11.11103125,2.037454190807022,8.343,14.891,171,157,2,0.9181286549707602,0.0127388535031847,0.0,0.0,0.0,19,4,0,4,0,0
44.44478125,4.653854418716257,35.984,53.529,1.0094375,0.3118462128740237,0.5,1.474,83.3275625,8.544308620504022,71.168,98.907,11.8978125,2.325795645164148,8.176,15.114,176,171,2,0.9715909090909092,0.0116959064327485,0.0,0.0,0.0,20,4,0,4,0,0
44.34446875,6.098751056618464,34.867,54.158,0.9894375,0.3370995772765074,0.503,1.504,86.08853125,7.960304204692808,73.29,101.741,11.50346875,2.0823277605165185,8.125,14.732,213,195,3,0.9154929577464788,0.0153846153846153,0.0,0.0,0.0,21,4,0,4,0,0
46.043516129032255,4.7601558648918765,38.489,54.908,1.0486774193548387,0.2511159608755516,0.583,1.445,86.579375,8.95474735779494,69.932,99.091,11.739733333333334,2.240476149105953,7.883,14.956,200,195,3,0.975,0.0153846153846153,0.0,0.0,0.0,22,4,0,4,0,0
45.602375,5.997757757104169,35.309,54.34,0.9628064516129032,0.2944515148944829,0.535,1.474,85.12065625,8.632792041188713,71.583,101.013,10.8289375,1.841030267969716,8.179,14.448,164,163,2,0.9939024390243902,0.0122699386503067,0.0,0.0,0.0,23,4,0,4,0,0
45.7824375,6.74756372252357,35.476,54.877,0.928625,0.2763997514120538,0.512,1.421,86.4614375,8.254584372169083,71.171,99.656,11.371033333333337,1.814812700192945,8.098,14.455,233,227,6,0.9742489270386266,0.026431718061674,0.0,0.0,0.0,24,4,0,4,0,0
44.73082758620689,5.138180362102672,36.955,54.446,0.96521875,0.3155401650600586,0.517,1.462,88.32671875,7.933416024738182,73.299,99.993,11.3095625,2.001326687998932,8.381,14.896,219,203,3,0.9269406392694064,0.0147783251231527,0.0,0.0,0.0,25,4,0,4,0,0
44.879125,6.5270941504154125,34.923,54.332,0.97515625,0.3106610131976134,0.507,1.458,83.1911875,9.126087744049835,69.861,98.053,12.2783125,1.907022851792308,8.442,14.662,199,197,3,0.9899497487437184,0.015228426395939,0.0,0.0,0.0,26,4,0,4,0,0
57.52515625,1.4478536530343251,54.583,59.9,1.6497741935483872,0.0944128203432208,1.479,1.815,87.6004193548387,10.289853652260865,68.922,105.633,15.84216129032258,0.4500297839605872,14.868,16.502,231,198,5,0.8571428571428571,0.0252525252525252,0.0,0.0,0.0,27,4,0,4,0,0
57.12158064516129,1.3934541201439816,54.458,59.473,1.6655625,0.095251767403804,1.485,1.817,84.9518125,11.248700376366063,65.712,103.515,16.003612903225804,1.0145749743092545,15.092,20.928,167,157,4,0.940119760479042,0.0254777070063694,0.0,0.0,0.0,28,4,0,4,0,0
57.248125,1.4174519562888537,55.099,59.954,1.62825,0.0918013282636353,1.483,1.798,85.92575,11.657730277622932,65.811,105.161,15.83353125,0.5467855028150522,14.967,16.73,123,100,5,0.8130081300813008,0.05,0.0,0.0,0.0,29,4,0,4,0,0
57.1683125,1.4139469223395726,55.229,60.163,1.65690625,0.083373376803854,1.492,1.803,84.5009375,11.36057048470292,67.371,104.31,15.829,0.4325133523950442,15.066,16.544,175,165,4,0.9428571428571428,0.0242424242424242,0.0,0.0,0.0,30,4,0,4,0,0
56.93146875,1.316480645248732,54.511,59.547,1.642258064516129,0.1027323278369359,1.467,1.835,86.18409677419355,10.73183369344009,70.571,104.045,15.69321875,0.4668315807637556,15.034,16.79,152,132,4,0.868421052631579,0.0303030303030303,2.0,0.0,1.0,31,4,0,4,0,0
57.584,1.4792539532022628,54.939,59.539,1.63628125,0.0691717051863484,1.521,1.805,85.41574193548387,10.422585223023251,65.971,104.287,15.83134375,0.4195822507220338,15.071,16.561,159,137,7,0.8616352201257862,0.0510948905109489,0.0,0.0,0.0,32,4,0,4,0,0
57.00196875,1.3262633048647026,54.706,59.901,1.64803125,0.087413915026857,1.493,1.794,87.38032258064516,10.301264942996394,69.084,105.297,15.72409375,0.4747519120806086,14.839,16.759,153,126,2,0.8235294117647058,0.0158730158730158,0.0,0.0,0.0,33,4,0,4,0,0
44.69848387096774,5.827823784060779,35.24,54.642,1.02153125,0.299719221764573,0.496,1.485,85.91103125,10.163385232592969,68.948,100.994,11.497612903225804,1.7893463923533526,8.12,14.461,214,209,2,0.9766355140186916,0.0095693779904306,2.0,0.0,1.0,34,4,0,4,0,0
45.086625,6.254277946256647,36.039,54.773,0.9739375,0.2960990393922821,0.492,1.43,83.7739375,9.000314603596346,70.534,99.364,11.73965625,2.0349817564273,8.267,15.036,146,133,1,0.910958904109589,0.0075187969924812,0.0,0.0,0.0,35,4,0,4,0,0
44.45540625,6.614389133081802,35.476,54.279,0.9265,0.276248485618386,0.522,1.49,86.15334375,8.538880562762367,72.674,99.268,11.55,1.9763325435211163,8.701,14.756,128,127,2,0.9921875,0.0157480314960629,0.0,0.0,0.0,1,5,0,4,1,0
46.25334375,5.955481934451028,35.807,54.097,0.9795161290322582,0.2903390972601682,0.53,1.468,84.34675,9.237405162113014,72.058,99.235,11.23228125,1.8222960744244887,8.129,14.769,175,170,4,0.9714285714285714,0.0235294117647058,0.0,0.0,0.0,2,5,0,4,1,0
44.731125,5.531955885521398,35.513,54.065,1.0025,0.2851014533629694,0.527,1.524,86.2528125,9.550478793731555,70.311,99.947,11.2980625,2.067153238658608,8.47,15.001,217,196,4,0.9032258064516128,0.0204081632653061,0.0,0.0,0.0,3,5,0,4,1,0
45.0484375,5.871408952946638,35.077,54.342,1.036516129032258,0.2980178821220568,0.523,1.5,84.65573333333333,9.956931018428676,70.493,99.824,11.712387096774194,1.89698256322015,8.31,14.852,153,149,2,0.9738562091503268,0.0134228187919463,0.0,0.0,0.0,4,5,0,4,1,0
44.21096875,4.7663635931617465,36.532,53.886,0.9805625,0.2759689016491157,0.518,1.519,85.04926666666667,9.193614196571568,69.359,98.572,11.413,2.08985728380353,7.937,14.599,233,224,4,0.96137339055794,0.0178571428571428,0.0,0.0,0.0,5,5,0,4,1,0
43.604375,5.982553882048441,35.226,53.465,1.02053125,0.2794188651786811,0.517,1.457,86.3343870967742,9.311033246199262,71.496,100.398,11.439066666666667,2.2197081189501766,7.977,14.711,243,233,6,0.9588477366255144,0.0257510729613733,0.0,0.0,0.0,6,5,0,4,1,0
47.1725625,5.782411194456357,36.642,55.2,1.0546875,0.2879160313859446,0.577,1.486,85.79516129032258,9.407427913079369,70.321,99.529,11.45665625,2.127274579382904,8.06,14.705,142,130,2,0.9154929577464788,0.0153846153846153,0.0,0.0,0.0,7,5,0,4,1,0
45.11890625,5.537714034948256,35.618,54.749,1.0673125,0.3219995429269446,0.529,1.529,85.041625,8.96704120565256,70.109,100.351,11.469375,1.97466576592009,8.247,14.816,191,176,2,0.9214659685863874,0.0113636363636363,0.0,0.0,0.0,8,5,0,4,1,0
44.7593125,5.7746039184798255,35.824,54.263,0.9923125,0.2933735302064698,0.601,1.514,84.68796875,8.019737106480262,71.578,99.372,11.657645161290322,1.9994126729015045,8.206,14.625,230,229,6,0.9956521739130436,0.0262008733624454,0.0,0.0,0.0,9,5,0,4,1,0
44.0614375,5.234616040622457,35.557,53.265,1.07384375,0.2622622560099324,0.55,1.457,84.66525,7.828854787919017,69.807,101.485,11.987193548387095,1.996427032131065,8.416,14.836,179,171,2,0.9553072625698324,0.0116959064327485,0.0,0.0,0.0,10,5,0,4,1,0
44.7630625,6.1929447106781215,35.296,54.928,0.94290625,0.3078487646477751,0.506,1.5,83.63409677419355,9.99271699907767,70.987,100.916,11.61240625,2.029186931711972,8.034,14.927,232,228,4,0.9827586206896552,0.0175438596491228,0.0,0.0,0.0,11,5,0,4,1,0
42.76765625,5.097594572581395,34.902,53.839,0.97615625,0.3051670203056976,0.532,1.48,84.37059375,9.167737058026969,70.03,99.176,11.6149375,2.0143103988870523,7.913,15.113,132,121,2,0.9166666666666666,0.0165289256198347,0.0,0.0,0.0,12,5,0,4,1,0
44.35909375,6.001307375625236,36.446,54.552,1.0116875,0.302531196738452,0.543,1.516,83.39270967741935,8.206427473606885,70.933,97.577,11.3744375,2.0031933367388275,8.398,14.966,236,214,3,0.9067796610169492,0.014018691588785,0.0,0.0,0.0,13,5,0,4,1,0
42.3750625,5.659332845312444,35.107,54.248,1.0954375,0.2421436440521177,0.578,1.504,84.5925,8.910543294684764,70.6,99.136,10.95275,1.8996604450405377,8.207,14.244,199,193,5,0.9698492462311558,0.0259067357512953,1.0,0.0,1.0,14,5,0,4,1,0
45.9610625,5.866247104643815,36.276,54.703,1.05384375,0.2943757867601294,0.508,1.516,84.82446875,8.657062281965558,69.643,98.531,11.19553125,2.0842213055731005,7.911,14.885,173,156,2,0.9017341040462428,0.0128205128205128,0.0,0.0,0.0,15,5,0,4,1,0
45.99428125,5.456602642873836,35.502,55.338,1.048125,0.2714328468011576,0.501,1.451,84.03922580645161,8.264726648876245,69.998,99.703,11.188290322580643,1.9105389151327328,8.462,14.623,214,211,5,0.985981308411215,0.0236966824644549,0.0,0.0,0.0,16,5,0,4,1,0
43.14646875,5.748356679532071,35.457,54.01,1.0637096774193548,0.2936344886133538,0.529,1.503,86.13709375,8.29796502593091,70.643,100.809,11.35878125,2.186470697698728,8.211,14.533,186,177,5,0.9516129032258064,0.0282485875706214,0.0,0.0,0.0,17,5,0,4,1,0
46.545,5.323850540787669,35.077,55.228,1.072967741935484,0.2444140590433875,0.551,1.492,86.265875,9.335718538443212,70.477,99.46,11.455032258064517,1.9239721842041784,8.101,15.115,174,156,2,0.896551724137931,0.0128205128205128,0.0,0.0,0.0,18,5,0,4,1,0
44.82253125,5.547894195006962,35.546,55.244,0.88465625,0.2974728623431811,0.519,1.438,84.964,9.194395270331638,70.128,99.643,12.05365625,2.0278215644821995,8.056,14.601,205,193,5,0.9414634146341464,0.0259067357512953,0.0,0.0,0.0,19,5,0,4,1,0
44.55593548387097,5.805509520765505,34.81,54.58,0.96365625,0.2914130877321965,0.514,1.487,88.13222580645161,8.680539924488867,70.319,100.412,11.50284375,2.109428727272753,8.458,14.873,200,194,2,0.97,0.0103092783505154,0.0,0.0,0.0,20,5,0,4,1,0
46.37125,5.415333195003168,34.817,55.392,1.0174375,0.2888794745329817,0.526,1.493,85.13834375,8.127275350322497,66.303,100.612,11.504125,2.222342294560753,8.169,14.936,145,142,4,0.9793103448275862,0.028169014084507,0.0,0.0,0.0,21,5,0,4,1,0
44.31946875,5.710213153381969,35.56,54.279,0.9683125,0.2721122203868671,0.524,1.46,85.98165625,8.619788997527445,71.765,98.009,11.302806451612904,2.13132388308855,8.203,15.105,150,139,1,0.9266666666666666,0.0071942446043165,0.0,0.0,0.0,22,5,0,4,1,0
47.28448387096774,5.215928679669407,36.962,54.823,0.9551612903225808,0.275233367256975,0.547,1.464,84.92920689655173,9.245463433410045,70.233,97.93,11.734875,2.172031867971525,8.129,14.876,234,225,3,0.9615384615384616,0.0133333333333333,0.0,0.0,0.0,23,5,0,4,1,0
45.65625806451613,5.6625113507921085,36.332,54.683,0.9778125,0.2479175770291408,0.544,1.462,87.6946129032258,7.647730463684064,73.438,98.762,11.5755,1.98246391172458,8.278,15.177,203,191,2,0.9408866995073892,0.0104712041884816,0.0,0.0,0.0,24,5,0,4,1,0
46.70145161290322,6.11632777538238,35.079,54.615,0.976375,0.2771681392573014,0.518,1.451,83.25296875,9.18582349719243,69.871,101.617,12.0544375,1.9147041536403848,8.06,14.668,230,225,4,0.9782608695652174,0.0177777777777777,0.0,0.0,0.0,25,5,0,4,1,0
45.98703125,6.284730971655723,35.279,54.981,1.095375,0.2415539410806888,0.605,1.513,85.25471875,9.033210814988443,70.164,101.44,12.007833333333334,1.8741596752960368,8.767,14.732,120,117,2,0.975,0.017094017094017,0.0,0.0,0.0,26,5,0,4,1,0
47.5701875,5.802157760125719,34.823,55.15,0.929967741935484,0.2683540551672942,0.53,1.418,82.37916129032257,9.361795451360726,69.231,99.529,11.35509375,2.270730227288343,7.939,15.246,211,192,3,0.909952606635071,0.015625,0.0,0.0,0.0,27,5,0,4,1,0
45.034625,5.356531778450343,35.233,53.338,0.9728709677419356,0.2863466130333986,0.527,1.453,86.604375,8.115099998390098,73.258,98.808,10.909548387096772,2.1182346083269383,7.849,14.678,231,230,2,0.9956709956709956,0.008695652173913,0.0,0.0,0.0,28,5,0,4,1,0
43.94483870967742,5.362126786371085,36.15,54.765,0.9623125,0.2775922325654036,0.524,1.484,88.48815625,9.499475646341937,70.021,100.771,11.4545,1.925829038069311,7.977,14.79,129,123,2,0.9534883720930232,0.016260162601626,0.0,0.0,0.0,29,5,0,4,1,0
43.41140625,5.650361300805206,35.197,55.193,0.952,0.2942728599939727,0.512,1.511,86.89096875,9.639613961231673,70.283,101.195,12.07771875,1.7028277664572369,8.087,15.193,204,192,5,0.9411764705882352,0.0260416666666666,0.0,0.0,0.0,30,5,0,4,1,0
45.63348387096774,6.459544420834274,34.906,55.259,1.0233870967741936,0.3161112333150421,0.516,1.493,82.44778125,8.537707597190302,68.998,97.237,11.18171875,2.0275820532996693,8.094,14.884,185,166,2,0.8972972972972973,0.0120481927710843,0.0,0.0,0.0,31,5,0,4,1,0
44.35803225806451,5.035611167699316,34.771,53.387,1.03353125,0.3026704781553267,0.555,1.476,85.44209677419354,8.312156572774756,73.076,98.589,11.1546875,2.2323456120080536,8.093,14.735,208,188,2,0.903846153846154,0.0106382978723404,0.0,0.0,0.0,1,6,0,5,1,0
46.35728125,6.039575119826244,36.931,54.901,1.0038125,0.3048267024858339,0.536,1.494,84.6579375,7.532644079914927,72.199,98.493,11.774125,1.93674995055318,8.478,14.765,230,221,5,0.9608695652173912,0.0226244343891402,1.0,0.0,1.0,2,6,0,5,1,0
44.303548387096775,6.212186962408166,35.043,53.801,0.9601875,0.279235758582184,0.525,1.508,86.07434375,10.855225572638409,69.446,101.617,11.47440625,2.160589179791162,8.04,14.913,169,152,3,0.8994082840236687,0.0197368421052631,0.0,0.0,0.0,3,6,0,5,1,1
45.5259375,6.637668702369783,34.739,55.096,1.04390625,0.260016793424777,0.576,1.525,87.19284375,9.346180061875115,69.717,100.962,10.8575,2.1150127887968417,8.209,15.021,202,186,4,0.9207920792079208,0.021505376344086,0.0,0.0,0.0,4,6,0,5,1,1
45.23890625,5.324010659930768,36.514,54.859,0.99803125,0.306563626440665,0.502,1.526,84.569,8.406096528039024,71.033,100.6,11.61525,1.972122174452624,8.107,14.755,234,211,4,0.9017094017094016,0.0189573459715639,0.0,0.0,0.0,5,6,0,5,1,1
44.3695625,6.025546426499693,35.716,54.743,0.91540625,0.309569822170035,0.507,1.481,87.5941,9.469353451147478,71.333,98.767,10.60415625,1.9776155259166963,7.943,14.792,143,133,3,0.93006993006993,0.0225563909774436,0.0,0.0,0.0,6,6,0,5,1,1
45.897625,5.834596167301031,35.784,53.962,1.1010625,0.2780370058335819,0.506,1.465,86.82284375,8.613801517779567,72.665,99.171,11.04815625,2.043597430676931,8.001,14.962,198,188,5,0.9494949494949496,0.026595744680851,0.0,0.0,0.0,7,6,0,5,1,1
45.18696875,5.429898047426264,35.65,53.713,1.0966875,0.2410624918978479,0.685,1.504,82.63912499999999,8.630587871989313,70.068,98.387,11.52096875,2.062202556997908,8.348,14.748,123,112,1,0.9105691056910568,0.0089285714285714,0.0,0.0,0.0,8,6,0,5,1,1
45.78316129032258,4.871100506023761,38.178,55.125,0.9806774193548388,0.3010363640378322,0.511,1.434,83.45128125,8.123592091355516,70.053,99.51,11.567483870967742,2.0202114389500214,8.167,14.914,164,153,1,0.9329268292682928,0.0065359477124183,0.0,0.0,0.0,9,6,0,5,1,1
44.2799375,6.26213720055289,34.6,55.603,1.0541875,0.3156787298565917,0.541,1.478,86.22384375,9.857801060530278,70.97,100.766,11.11775,2.1435992192812594,8.091,15.059,156,150,3,0.9615384615384616,0.02,0.0,0.0,0.0,10,6,0,5,1,0
46.4121875,6.028305370593715,35.361,54.384,0.99425,0.3038797512599456,0.534,1.525,87.17483333333332,8.389523865834233,72.323,101.014,11.617032258064516,2.025304923278977,8.169,14.795,169,154,1,0.9112426035502958,0.0064935064935064,0.0,0.0,0.0,11,6,0,5,1,0
45.3918064516129,5.561371284250884,35.042,53.89,1.01490625,0.2531111396045924,0.519,1.437,84.14934375,9.602371590828318,69.394,98.737,12.08296875,1.8874970366885515,8.184,14.56,178,174,2,0.9775280898876404,0.0114942528735632,0.0,0.0,0.0,12,6,0,5,1,0
44.07215625,5.694085500277969,35.575,54.875,0.9801290322580646,0.2580361398377475,0.566,1.446,86.7156875,7.8474623119772415,73.759,100.446,11.23121875,2.142597605476104,8.191,15.144,148,145,2,0.9797297297297296,0.0137931034482758,0.0,0.0,0.0,13,6,0,5,1,0
42.74959375,5.912241695152114,35.297,53.577,1.04146875,0.2740806314578295,0.559,1.44,83.9695625,9.541130385243974,69.87,100.446,11.5228125,2.18300431393926,7.955,14.796,158,156,4,0.9873417721518988,0.0256410256410256,0.0,0.0,0.0,14,6,0,5,1,0
44.44290322580645,6.177101603798979,34.846,53.897,0.92915625,0.2920106172810138,0.529,1.462,84.76621875000001,9.042700666156188,70.013,98.635,11.6760625,1.7226909920331788,8.192,15.138,126,125,2,0.992063492063492,0.016,2.0,1.0,0.0,15,6,0,5,1,0
46.76083333333334,5.69304360197803,37.257,54.715,0.9036451612903226,0.248320431215677,0.498,1.309,85.4234375,8.521258554392448,69.57,100.944,11.47184375,1.8646812597880744,8.255,14.638,213,210,2,0.9859154929577464,0.0095238095238095,0.0,0.0,0.0,16,6,0,5,1,0
44.026625,6.4040669122151614,36.178,54.576,0.9756875,0.2932434238736843,0.509,1.507,87.17790322580645,8.184364859718148,70.206,99.288,11.65590625,2.1012409291988208,8.212,15.109,136,127,2,0.9338235294117648,0.0157480314960629,0.0,0.0,0.0,17,6,0,5,1,0
44.16625806451613,5.799839503341117,35.394,54.739,1.045,0.2777246257391221,0.507,1.503,84.74632258064516,8.724158814797356,69.721,99.854,11.693451612903226,2.273995746678955,8.153,14.891,125,116,3,0.928,0.0258620689655172,0.0,0.0,0.0,18,6,0,5,1,0
43.91684375,6.031871485696597,35.413,55.536,1.0735625,0.2141238618786016,0.593,1.461,84.91267741935484,8.640291883137193,71.294,99.77,11.599419354838709,2.0775150986084885,8.039,15.066,198,181,2,0.914141414141414,0.011049723756906,2.0,0.0,1.0,19,6,0,5,1,0
46.326375,5.820906097019826,35.221,55.316,0.9979375,0.3100879102718683,0.506,1.489,84.8590625,9.692823880075473,72.087,101.082,11.57853125,2.23569290672612,8.117,14.977,157,147,3,0.9363057324840764,0.0204081632653061,0.0,0.0,0.0,20,6,0,5,1,0
44.26432258064516,5.783486845534716,35.219,53.787,1.1086875,0.267743068643152,0.533,1.502,82.68625,8.978045336514855,69.764,98.162,11.67590625,2.0364563206133663,8.381,15.211,148,144,4,0.972972972972973,0.0277777777777777,0.0,0.0,0.0,21,6,0,5,1,0
46.4449375,5.791225542688725,34.568,54.792,0.9026875,0.2800483181236248,0.507,1.482,87.10522580645161,9.194506706759489,70.573,100.96,11.193,2.515795891510664,8.032,15.127,212,199,4,0.9386792452830188,0.0201005025125628,0.0,0.0,0.0,22,6,0,5,1,0
44.520375,5.848919088173471,34.546,53.931,0.934125,0.2943186500069873,0.532,1.461,84.95332258064516,10.801595812308156,69.297,122.112,11.125935483870968,2.086096545152914,8.226,14.539,205,185,5,0.902439024390244,0.027027027027027,0.0,0.0,0.0,23,6,0,5,1,0
46.05235483870968,6.42999214384376,36.113,54.807,0.9588333333333332,0.2716717191547654,0.506,1.473,85.79865625000001,9.296995382169914,70.021,97.21,11.384354838709676,1.6663184479241873,8.774,14.453,193,181,3,0.9378238341968912,0.0165745856353591,0.0,0.0,0.0,24,6,0,5,1,0
44.11828125,5.604587759202709,35.565,53.907,1.05796875,0.277179979304818,0.538,1.491,85.0170322580645,8.456132025474655,71.992,100.37,11.12378125,1.704682691774952,8.116,14.86,189,176,3,0.9312169312169312,0.0170454545454545,0.0,0.0,0.0,25,6,0,5,1,0
43.81787096774194,5.789904914256281,35.604,53.544,0.95178125,0.3022140594042787,0.492,1.522,83.5080625,8.321460270182499,70.003,97.564,11.357625,1.8220500108217343,8.328,14.157,161,146,1,0.906832298136646,0.0068493150684931,0.0,0.0,0.0,26,6,0,5,1,0
44.38834375,6.285123976036847,35.075,55.774,1.16734375,0.2468627161092552,0.539,1.519,83.95963333333333,8.954818442809334,69.831,101.225,11.921258064516127,2.250114766965482,8.152,15.064,150,138,3,0.92,0.0217391304347826,0.0,0.0,0.0,27,6,0,5,1,0
46.79216129032258,6.098322737150898,36.085,55.168,0.96071875,0.3129128740302498,0.499,1.493,87.4340625,7.360400562984374,72.963,99.881,11.50175,1.92719257621195,8.142,14.984,209,188,2,0.8995215311004785,0.0106382978723404,0.0,0.0,0.0,28,6,0,5,1,0
42.698375,6.165208149953907,35.113,54.806,1.107225806451613,0.2456015349677086,0.626,1.462,83.32821875,8.575740207812686,69.134,100.109,10.758625,2.020946005727149,8.173,14.914,232,224,2,0.9655172413793104,0.0089285714285714,0.0,0.0,0.0,29,6,0,5,1,0
46.2580625,5.118368325799576,37.27,54.338,0.99865625,0.3200077226260682,0.513,1.489,84.6150625,8.699743047512493,70.048,99.615,11.5855625,1.9489229273147013,8.129,14.539,194,193,3,0.9948453608247424,0.0155440414507772,0.0,0.0,0.0,30,6,0,5,1,0
45.10603225806452,6.148288084141095,35.381,55.276,0.9813125,0.305871724905677,0.519,1.603,82.69403225806451,8.915938819454633,70.031,97.502,11.068566666666667,2.0323758423007825,8.082,14.93,223,203,5,0.9103139013452914,0.0246305418719211,0.0,0.0,0.0,31,6,0,5,1,0
44.729733333333336,6.534525911797582,34.822,54.338,1.096375,0.3126099032546846,0.568,1.499,84.83467741935483,8.676279031117337,70.664,98.053,12.207774193548389,2.0276759226542653,8.273,14.839,165,154,3,0.9333333333333332,0.0194805194805194,0.0,0.0,0.0,32,6,0,5,1,0
44.10659375,5.279858293915723,35.008,54.668,0.97934375,0.2792708951231819,0.542,1.467,84.81425,9.75899983637932,69.811,99.159,11.76990625,1.933797473456508,8.032,14.936,237,214,2,0.9029535864978904,0.0093457943925233,0.0,0.0,0.0,33,6,0,5,1,0
57.44109375,1.3820247969246116,54.601,59.562,1.64596875,0.1004889608365018,1.479,1.817,85.36725806451612,8.98325197230098,71.782,101.205,15.7769375,0.4962004627099298,15.008,16.608,135,108,2,0.8,0.0185185185185185,2.0,1.0,0.0,34,6,0,5,1,0
57.38190625,1.4988930616565872,54.948,60.09,1.65071875,0.0984781732407679,1.477,1.826,84.2725,11.116970488343922,68.19,105.457,15.84683870967742,0.4692781049494492,14.911,16.597,228,201,11,0.881578947368421,0.0547263681592039,0.0,0.0,0.0,35,6,0,5,1,0
43.80290625,5.399641137175903,35.178,55.267,0.94178125,0.3440564220772236,0.508,1.501,85.31496875,8.968203964776368,69.084,99.684,11.1278125,2.046228748879737,7.972,15.005,174,161,1,0.9252873563218392,0.0062111801242236,0.0,0.0,0.0,36,6,0,5,1,0
44.99809375,5.9648748485336505,35.33,53.631,1.05728125,0.29508328341881,0.517,1.471,85.2635625,8.918447246370317,70.314,97.624,11.76721875,1.8714052462697992,7.982,14.848,166,164,3,0.9879518072289156,0.0182926829268292,0.0,0.0,0.0,37,6,0,5,1,0
45.1746875,5.799035973485093,35.538,54.837,0.9940625,0.2936794321551438,0.506,1.498,87.10646875,7.80237611857863,71.673,99.753,11.33909375,1.8370079873985656,8.144,14.632,172,169,2,0.9825581395348836,0.0118343195266272,0.0,0.0,0.0,38,6,0,5,1,0
45.2605,6.308317458822939,34.909,54.672,0.90446875,0.2608900379377512,0.501,1.448,82.16325,8.166885666144161,69.009,99.165,11.20690625,1.9579495423228497,8.108,14.656,244,238,2,0.9754098360655736,0.0084033613445378,0.0,0.0,0.0,1,7,0,6,1,0
43.848451612903226,6.517839579895114,35.112,54.922,0.945451612903226,0.2923190994683352,0.55,1.425,84.28625806451612,9.406714109144744,70.232,101.121,12.13634375,2.037889097767194,8.385,15.138,151,147,2,0.9735099337748344,0.0136054421768707,0.0,0.0,0.0,2,7,0,6,1,0
44.94096774193549,5.314337936086182,35.445,54.956,0.974,0.2464442618393627,0.547,1.385,84.46648387096774,8.341930067919801,70.551,98.44,11.188125,1.7486203178875148,8.271,15.051,214,210,2,0.9813084112149532,0.0095238095238095,0.0,0.0,0.0,3,7,0,6,1,0
44.2415,6.676834144529007,34.913,55.061,0.98534375,0.2557022726096541,0.523,1.428,84.7378125,9.293719195232804,70.752,99.67,11.45315625,2.0456028705080183,8.318,14.959,161,159,3,0.9875776397515528,0.0188679245283018,0.0,0.0,0.0,4,7,0,6,1,0
43.71484375,5.547694023177414,36.142,54.995,0.983451612903226,0.3206748965031591,0.503,1.495,86.5284193548387,6.762420379194586,74.881,99.433,11.45825,1.9190217938213443,8.187,14.654,167,160,4,0.9580838323353292,0.025,0.0,0.0,0.0,5,7,0,6,1,0
45.8228125,5.405576991299909,35.235,55.25,0.9924375,0.3509856110918912,0.506,1.819,85.19606451612903,9.060647927293369,71.589,99.944,11.7409,1.9443598068826369,8.493,14.882,216,214,5,0.9907407407407408,0.0233644859813084,0.0,0.0,0.0,6,7,0,6,1,0
46.9928125,4.999147504341244,35.559,54.535,0.9771935483870968,0.3233350604099756,0.497,1.484,83.6641875,9.920802287528248,69.635,99.956,11.51583870967742,2.072203997306157,7.886,14.886,177,171,2,0.9661016949152542,0.0116959064327485,0.0,0.0,0.0,7,7,0,6,1,0
45.8435625,5.2526914940296665,36.653,54.977,0.954875,0.3221378937359669,0.525,1.473,84.31571875,8.303458009669633,71.419,101.472,11.45734375,2.158655609242594,8.25,15.048,202,201,3,0.995049504950495,0.0149253731343283,0.0,0.0,0.0,8,7,0,6,1,0
45.64103125,6.248085133679086,34.949,55.044,1.0109,0.3192402997203161,0.52,1.514,84.64180645161291,8.761215423365849,70.461,100.94,11.61416129032258,2.0402397587338306,8.122,14.979,248,235,3,0.9475806451612904,0.0127659574468085,0.0,0.0,0.0,9,7,0,6,1,1
43.6168125,5.898606267517231,35.964,53.406,0.9826129032258064,0.3111836196866576,0.496,1.48,84.461125,9.385453448581153,70.932,100.797,11.48709375,1.98381231811582,8.019,15.105,232,210,2,0.9051724137931034,0.0095238095238095,0.0,0.0,0.0,10,7,0,6,1,1
44.5195625,5.380004952255187,34.868,53.799,1.02678125,0.2982701454002676,0.529,1.409,85.937875,7.705714568820277,74.171,98.414,12.08121875,1.7389110187844576,8.256,14.912,121,115,2,0.950413223140496,0.017391304347826,0.0,0.0,0.0,11,7,0,6,1,1
45.72428125,4.922423277040159,36.39,54.138,0.97303125,0.3021064205119052,0.505,1.489,87.43567741935483,8.98382727418961,71.1,100.353,11.22878125,2.289310767308474,8.128,14.837,131,126,3,0.9618320610687024,0.0238095238095238,0.0,0.0,0.0,12,7,0,6,1,1
43.06422580645161,6.014472405288639,35.259,54.607,0.9055,0.3299664694597649,0.531,1.512,85.49109375,7.778796786299297,73.126,99.141,11.56384375,2.3253225389786807,8.322,15.193,150,139,3,0.9266666666666666,0.0215827338129496,0.0,0.0,0.0,13,7,0,6,1,1
43.08865625,5.332278654779564,35.364,53.819,1.00546875,0.2881590045359701,0.533,1.516,84.7958064516129,8.468654251293824,69.652,99.842,11.912387096774191,1.9928078629146924,7.946,14.943,159,157,3,0.9874213836477987,0.019108280254777,0.0,0.0,0.0,14,7,0,6,1,1
45.81177419354839,4.770306326360168,36.785,54.451,1.1179677419354836,0.2575333614467541,0.588,1.502,85.762875,9.306292556392224,71.198,99.939,11.202125,1.905789629760648,8.382,14.765,140,136,1,0.9714285714285714,0.0073529411764705,0.0,0.0,0.0,15,7,0,6,1,1
43.04453125,5.9376983701158,34.972,53.503,1.09578125,0.3245702602375103,0.501,1.518,84.958,7.709708190787562,71.457,99.438,11.39628125,1.921877731574246,8.272,15.068,223,220,6,0.9865470852017936,0.0272727272727272,0.0,0.0,0.0,16,7,0,6,1,0
43.77084375,5.837373161483792,35.118,53.992,0.987625,0.2899216523754806,0.519,1.45,85.6023125,11.26693469902514,69.152,116.807,10.87446875,2.0183708215254907,8.097,14.573,238,217,4,0.9117647058823528,0.0184331797235023,0.0,0.0,0.0,17,7,0,6,1,0
45.63653125,6.193627453378997,35.242,55.382,0.97309375,0.2871096631417251,0.541,1.455,86.194625,8.478346083196392,71.199,100.012,11.65825,2.0851882409029647,8.01,14.945,244,225,2,0.9221311475409836,0.0088888888888888,0.0,0.0,0.0,18,7,0,6,1,0
57.16396875,1.4980624149186628,54.664,59.644,1.65603125,0.0815160717875771,1.505,1.781,85.0989677419355,12.054121091930538,66.653,106.132,15.680709677419356,0.504201361465065,14.837,16.506,239,195,6,0.8158995815899581,0.0307692307692307,5.0,0.0,1.0,19,7,0,6,1,0
57.37634375,1.3620987745286963,54.95,59.912,1.6605625,0.0967303993648858,1.477,1.812,84.71096774193548,10.837330518425254,66.745,103.884,15.743,0.512694515931921,14.852,16.668,186,158,4,0.8494623655913979,0.0253164556962025,0.0,0.0,0.0,20,7,0,6,1,0
57.22859375,1.3885879311517595,54.303,59.543,1.6363548387096774,0.0727596721575428,1.472,1.791,88.85809375,9.816909767234504,68.572,103.418,15.70315625,0.4440281238822464,14.848,16.577,147,134,5,0.91156462585034,0.0373134328358208,0.0,0.0,0.0,21,7,0,6,1,0
57.1249375,1.4760978841898251,54.814,60.152,1.636375,0.0948070196121675,1.481,1.803,85.0406129032258,10.793127299899131,66.0,102.686,15.8449375,0.4450654129161165,15.026,16.502,241,205,8,0.8506224066390041,0.0390243902439024,5.0,1.0,0.0,22,7,0,6,1,0
57.202875,1.4616433250548564,54.627,59.839,1.6694375,0.1049844650566254,1.468,1.817,84.8414375,10.050351811969312,68.36,101.342,15.753666666666668,0.4631308248427655,15.019,16.579,141,119,4,0.8439716312056738,0.0336134453781512,4.0,0.0,1.0,23,7,0,6,1,0
57.2240625,1.392032812402944,54.706,59.432,1.6373125,0.0830438817151666,1.502,1.784,82.88900000000001,11.228110292178885,68.827,104.004,15.66758064516129,0.4831285387412306,14.921,16.732,233,210,11,0.9012875536480688,0.0523809523809523,2.0,0.0,1.0,24,7,0,6,1,0
45.69503125,5.858557273047058,35.836,54.957,1.0033125,0.2965391164427472,0.501,1.486,87.4279375,8.259359277412937,71.361,99.162,11.33271875,1.7530512245128858,8.318,14.264,227,209,4,0.920704845814978,0.0191387559808612,0.0,0.0,0.0,-1,0,0,0,0,0
44.33583870967742,5.415502888909297,35.701,54.709,1.07334375,0.2958984796889941,0.523,1.673,88.1918125,8.727858076806186,71.663,100.3,11.65375,2.0964522720616032,8.195,14.863,131,126,3,0.9618320610687024,0.0238095238095238,0.0,0.0,0.0,-1,0,0,0,0,0
45.64225,6.259555621659191,35.169,54.606,1.01065625,0.330512564728708,0.498,1.517,87.6745625,8.73536057175366,70.583,101.441,11.55971875,2.055973911507242,8.442,14.782,128,125,2,0.9765625,0.016,0.0,0.0,0.0,-1,0,0,0,0,0
44.98553125,6.824170997670234,34.9,54.868,0.9366774193548388,0.283897914410183,0.52,1.456,86.36109375,8.353858839306328,70.324,101.16,11.45271875,2.000097178838665,8.309,15.032,228,218,3,0.956140350877193,0.0137614678899082,0.0,0.0,0.0,-1,0,0,0,0,0
45.39028125,5.115133979479345,36.504,54.382,1.00621875,0.2724377092906713,0.533,1.504,86.6153125,8.382519974625769,73.67,99.818,11.4228125,1.9368186658422208,8.116,14.96,170,155,3,0.9117647058823528,0.0193548387096774,1.0,0.0,1.0,-1,0,0,0,0,0
43.83490625,5.895671957430899,34.611,55.051,0.96578125,0.2828219244107842,0.517,1.464,84.0055,8.571327051242113,71.524,98.298,11.86278125,2.00037184824472,7.992,14.935,228,227,6,0.9956140350877192,0.026431718061674,2.0,0.0,1.0,-1,0,0,0,0,0
46.51,4.979335724578581,36.711,53.977,1.0651290322580644,0.2898944338818855,0.505,1.516,87.37723333333334,9.015726270526264,70.954,101.002,11.843516129032258,2.125208458339522,8.39,15.128,241,222,4,0.921161825726141,0.018018018018018,0.0,0.0,0.0,-1,0,0,0,0,0
45.772875,4.633964252510843,37.244,53.316,0.91315625,0.2866414090445277,0.522,1.511,87.03434375,9.557371286618633,69.103,100.079,11.02732258064516,2.330355944015088,7.989,14.73,145,131,3,0.903448275862069,0.0229007633587786,0.0,0.0,0.0,-1,0,0,0,0,0
45.1146875,6.034540340821327,35.458,55.393,1.03928125,0.2983840601959699,0.51,1.512,82.97590625,8.459456405014851,70.553,99.098,11.84396875,1.8933424188775168,8.511,14.929,135,131,1,0.9703703703703704,0.0076335877862595,1.0,0.0,1.0,-1,0,0,0,0,0
44.54132258064516,6.06594374843188,35.649,54.289,1.05428125,0.2692872593053625,0.546,1.496,82.30290624999999,7.706967703609234,69.991,98.085,11.72848387096774,2.1845595417378414,8.153,15.157,221,201,4,0.9095022624434388,0.0199004975124378,2.0,1.0,0.0,-1,0,0,0,0,0
46.663935483870965,5.686287435198728,35.69,55.374,1.02925,0.2437559593977867,0.521,1.493,83.79253125,9.064348746189124,69.714,99.515,11.78040625,1.976397094411543,8.262,14.705,196,194,2,0.9897959183673468,0.0103092783505154,0.0,0.0,0.0,-1,0,0,0,0,0
43.7218064516129,6.198879438626278,35.285,53.792,1.0257333333333334,0.2862590981337847,0.549,1.433,85.61806250000001,8.614383687678906,70.807,99.694,11.72775,2.005945324569264,8.161,14.376,229,218,2,0.9519650655021834,0.0091743119266055,2.0,0.0,1.0,-1,0,0,0,0,0
47.1664,6.310562260320336,35.386,55.56,1.026,0.2853057217069256,0.513,1.476,82.95667741935485,8.721322630530672,69.93,99.719,11.155625,2.3376344777601354,7.966,15.125,205,200,3,0.975609756097561,0.015,0.0,0.0,0.0,-1,0,0,0,0,0
44.46658064516129,5.688330843485305,35.213,53.75,0.998774193548387,0.2648458305854457,0.515,1.49,84.813125,9.006156671070682,70.729,100.946,11.406387096774194,1.901057349256274,8.19,15.04,204,202,2,0.9901960784313726,0.0099009900990099,0.0,0.0,0.0,1,1,1,0,0,0
46.041125,5.497948607171295,34.747,55.223,1.0638125,0.2676626954739624,0.515,1.449,87.78590322580645,8.517314382498897,69.489,100.269,11.89309375,2.095050824841573,8.311,14.94,137,136,3,0.9927007299270072,0.0220588235294117,0.0,0.0,0.0,2,1,1,0,0,0
43.68671875,5.466481508213223,35.506,53.79,0.9728125,0.2819764846635723,0.6,1.52,86.27961290322581,8.351580408032241,71.355,99.138,11.5707,1.84862193128492,7.984,15.073,233,220,3,0.944206008583691,0.0136363636363636,0.0,0.0,0.0,3,1,1,0,0,0
45.93351612903226,6.141440970277079,35.662,54.452,1.04584375,0.2997291367944538,0.577,1.509,84.576,8.318456195945915,71.584,97.892,10.967645161290324,1.8784087511931848,7.913,14.915,222,205,4,0.9234234234234234,0.0195121951219512,0.0,0.0,0.0,4,1,1,0,0,0
45.687875,6.175138440396661,35.26,54.898,1.0103870967741937,0.3094504459434881,0.531,1.473,82.87228125,8.92354955860045,70.694,98.946,11.6619375,2.1277261062139825,7.995,14.866,160,155,3,0.96875,0.0193548387096774,0.0,0.0,0.0,5,1,1,0,0,0
45.084,5.512871946342867,35.09,55.261,0.90478125,0.3037065364496755,0.513,1.489,83.600625,8.064330061369615,70.766,98.645,11.65425,2.232147179793049,7.975,14.863,227,213,5,0.9383259911894272,0.0234741784037558,0.0,0.0,0.0,6,1,1,0,0,0
44.42251612903225,6.052866774628187,34.844,55.018,0.94734375,0.3293004912053192,0.507,1.431,84.715625,9.809194619368364,70.194,99.719,11.9646,1.962701561799362,8.292,14.991,152,151,3,0.993421052631579,0.0198675496688741,0.0,0.0,0.0,7,1,1,0,0,0
46.1988125,5.601912579142487,35.184,54.509,1.07484375,0.2585805058858721,0.555,1.514,80.79187096774193,7.6404558447862945,69.931,97.396,11.8062,1.888529064533084,8.225,14.808,130,126,3,0.9692307692307692,0.0238095238095238,0.0,0.0,0.0,8,1,1,0,0,0
44.9485,5.618379005118939,35.607,54.799,0.9649032258064516,0.3121013035152432,0.503,1.474,84.80196875,10.656762155746614,69.836,101.759,10.84915625,1.995685606330445,8.089,14.739,139,133,3,0.9568345323741008,0.0225563909774436,0.0,0.0,0.0,9,1,1,0,0,0
43.3041875,5.584822331985031,35.562,54.128,0.9498333333333334,0.3037491119139376,0.505,1.47,84.59821875,7.795749341103428,70.119,98.041,11.755375,2.1328687443546923,8.661,14.903,243,229,6,0.9423868312757202,0.0262008733624454,0.0,0.0,0.0,10,1,1,0,0,0
44.303875,6.387891094017828,35.413,54.77,0.998,0.3366169418155322,0.5,1.514,83.044625,7.952590228265863,69.531,96.481,11.498903225806451,1.9403599383420025,8.117,15.079,245,234,3,0.9551020408163264,0.0128205128205128,0.0,0.0,0.0,11,1,1,0,0,0
44.4395625,6.275359560126493,35.342,54.348,1.0323125,0.3107661123946806,0.526,1.436,84.69265625,8.308283463136693,69.745,98.32,11.86934375,1.8552653859266983,9.03,15.06,167,153,3,0.9161676646706588,0.0196078431372549,0.0,0.0,0.0,12,1,1,0,0,0
45.6199375,6.047193643642451,34.663,53.982,1.02190625,0.3191272735663171,0.555,1.496,84.38734375,7.855532304131277,70.825,99.223,11.6798125,2.3878793728313723,8.119,15.182,133,123,3,0.924812030075188,0.024390243902439,0.0,0.0,0.0,13,1,1,0,0,0
44.728580645161294,5.678356198608852,35.558,52.897,1.009548387096774,0.2641939740304053,0.496,1.457,84.52284374999999,7.765010234541891,72.1,99.972,11.6601875,2.131031848167274,8.176,14.905,145,144,2,0.993103448275862,0.0138888888888888,0.0,0.0,0.0,14,1,1,0,0,0
45.02528125,5.983954896944773,34.56,54.163,0.9790625,0.2673662387908415,0.505,1.483,87.20780645161291,8.69429467877011,72.86,101.23,11.8860625,1.83858937753745,8.06,14.679,158,156,4,0.9873417721518988,0.0256410256410256,0.0,0.0,0.0,15,1,1,0,0,0
43.9509375,5.763513768848799,35.385,54.559,0.9973870967741936,0.3005136355663255,0.542,1.517,85.8575625,8.952218221912483,71.409,100.301,11.218967741935485,1.948415039356707,8.334,14.565,188,180,4,0.9574468085106383,0.0222222222222222,0.0,0.0,0.0,16,1,1,0,0,0
44.59159375,5.714382961973122,34.973,54.88,0.9960625,0.2717494027651685,0.536,1.52,82.2171935483871,8.244002071887802,71.806,98.029,11.65984375,2.198875021890776,8.185,15.02,223,219,5,0.9820627802690582,0.0228310502283105,0.0,0.0,0.0,17,1,1,0,0,0
43.5771875,6.244255152964411,35.187,55.034,0.8784193548387096,0.2991643666608205,0.504,1.467,86.42365625,9.247723952269505,71.853,99.842,11.49153125,1.9176879894285168,7.91,14.93,149,140,1,0.9395973154362416,0.0071428571428571,0.0,0.0,0.0,18,1,1,0,0,0
44.72225,6.079706662066369,34.833,54.996,1.07296875,0.2763838476648011,0.503,1.507,87.87893548387096,8.260675238483776,70.701,99.027,11.96778125,2.060908768142064,7.899,15.114,196,192,4,0.979591836734694,0.0208333333333333,0.0,0.0,0.0,19,1,1,0,0,0
46.54165625,5.2901764017748185,36.09,54.313,1.032375,0.2921558079673109,0.532,1.501,87.93287096774193,7.837375018639579,72.351,100.385,11.304125,2.1557155200132065,8.071,14.764,129,117,3,0.9069767441860463,0.0256410256410256,0.0,0.0,0.0,20,1,1,0,0,0
45.08425,4.981487315146727,37.184,54.235,0.87253125,0.2473730348012374,0.562,1.497,85.38090000000001,9.226851083695337,71.29,99.172,11.2813125,1.9075569485854869,8.105,14.716,129,124,1,0.9612403100775194,0.0080645161290322,0.0,0.0,0.0,21,1,1,0,0,0
44.86651612903226,6.178553163273572,35.047,55.049,1.02790625,0.2921301476833294,0.551,1.507,84.5255,10.915857488519965,58.313,106.993,11.48203125,1.6596662603566206,8.245,14.083,156,144,3,0.9230769230769232,0.0208333333333333,0.0,0.0,0.0,22,1,1,0,0,0
48.53303225806452,5.169824274794848,37.851,55.327,0.9636451612903226,0.3327594274534378,0.501,1.49,86.3748125,8.616373009258442,70.666,101.481,11.634225806451614,1.987885991192275,8.168,14.64,125,124,2,0.992,0.0161290322580645,0.0,0.0,0.0,23,1,1,0,0,0
45.4414375,5.799962385514848,35.55,54.595,1.08221875,0.2717200568867085,0.528,1.479,81.40178125,7.731913207856811,71.547,98.972,11.57228125,2.076569274212839,8.078,14.923,195,181,3,0.9282051282051282,0.0165745856353591,0.0,0.0,0.0,24,1,1,0,0,0
44.41022580645161,6.16839473828579,35.48,54.172,0.975125,0.2935508693620678,0.518,1.521,83.73035483870969,9.136354300443134,69.734,99.693,11.23396875,2.1541119191635003,7.914,15.073,187,178,3,0.9518716577540108,0.0168539325842696,0.0,0.0,0.0,25,1,1,0,0,0
45.69303125,6.11023939916604,34.787,53.967,1.0016774193548388,0.260921238064513,0.594,1.472,82.47496875,9.018569747433045,70.151,100.68,11.91634375,2.057792469071196,7.913,14.498,154,144,2,0.935064935064935,0.0138888888888888,1.0,0.0,1.0,26,1,1,0,0,0
45.87465625,6.0002031181177,36.548,54.423,1.04634375,0.291355299046127,0.514,1.475,85.11971875,8.755976717259218,70.198,99.035,11.439612903225806,1.864773403167605,8.009,14.796,151,150,3,0.9933774834437086,0.02,0.0,0.0,0.0,27,1,1,0,0,0
45.88490625,6.770801755352336,34.873,55.222,0.9589677419354838,0.2928309505352838,0.5,1.49,88.75384375,9.154916169554614,70.525,101.025,12.3757,1.847389027043676,9.051,15.086,123,115,2,0.934959349593496,0.017391304347826,1.0,1.0,0.0,28,1,1,0,0,0
44.346774193548384,6.11505437266466,35.304,54.57,1.00559375,0.3114069901400168,0.501,1.453,84.2005,8.54378542303344,70.496,100.133,11.26978125,2.0346901758978344,8.15,14.771,233,211,2,0.9055793991416308,0.0094786729857819,0.0,0.0,0.0,29,1,1,0,0,0
43.7340625,6.0830664801906735,34.68,54.087,1.0456129032258066,0.3286668705968963,0.513,1.56,84.65590625,9.308436459121804,70.118,100.417,11.90096875,2.1482127978387964,7.911,15.048,200,193,3,0.965,0.0155440414507772,0.0,0.0,0.0,30,1,1,0,0,0
46.869625,5.924537274703807,35.283,56.949,1.0769375,0.3206351496538525,0.538,1.477,83.303,7.777311853504824,69.131,98.511,11.60275,1.9049142051631247,8.302,14.737,249,229,5,0.9196787148594378,0.0218340611353711,0.0,0.0,0.0,31,1,1,0,0,0
46.4960625,5.969659054064495,36.166,54.981,1.04871875,0.3173918138642906,0.511,1.494,85.819,8.821561228950861,70.041,100.921,12.258,1.9891123324155784,8.216,15.207,222,201,4,0.9054054054054054,0.0199004975124378,0.0,0.0,0.0,32,1,1,0,0,0
44.64853125,5.565771215635656,35.016,54.903,1.020709677419355,0.30845844599107,0.52,1.46,84.0265625,9.123504879501644,69.103,99.721,11.2865,1.9133228653567007,8.044,14.916,230,209,4,0.908695652173913,0.0191387559808612,0.0,0.0,0.0,33,1,1,0,0,0
46.76145161290323,5.812124292308908,35.114,54.566,1.00371875,0.3260410853167375,0.53,1.509,83.1465,8.80162878621466,69.944,98.711,12.0241875,1.994264460372101,8.628,14.942,130,122,2,0.9384615384615383,0.0163934426229508,0.0,0.0,0.0,34,1,1,0,0,0
45.9441875,6.550631372857469,35.243,55.519,1.026125,0.2686920230036732,0.503,1.493,83.63946875,8.931690166189062,69.553,98.766,11.97121875,1.8902472911163184,8.545,15.034,163,147,3,0.901840490797546,0.0204081632653061,0.0,0.0,0.0,35,1,1,0,0,0
44.51976666666667,5.928593452328176,35.489,54.207,1.105625,0.2688641280551176,0.533,1.465,82.99196875,9.13052012610374,69.897,100.14,11.30859375,2.0896499607995005,7.971,14.753,202,199,4,0.9851485148514852,0.0201005025125628,0.0,0.0,0.0,36,1,1,0,0,0
45.2064375,5.664405563081135,35.937,53.999,0.94775,0.3082937434624072,0.523,1.522,84.39203125,8.917035466741225,72.08,100.425,11.63196875,2.358228538055973,8.201,15.149,168,156,3,0.9285714285714286,0.0192307692307692,2.0,1.0,0.0,37,1,1,0,0,0
44.265580645161286,5.727190531573596,35.07,54.194,0.9951875,0.290150510163927,0.518,1.455,82.69806249999999,9.336453640254042,69.823,98.66,11.396290322580644,1.8471928827917667,8.258,14.834,218,202,4,0.926605504587156,0.0198019801980198,0.0,0.0,0.0,38,1,1,0,0,0
45.90334375,6.091861332214269,35.677,54.982,0.9447096774193549,0.2843328089344582,0.498,1.46,86.190125,7.2788127388398145,72.454,99.531,11.99783870967742,2.209983214065576,8.005,14.981,169,155,1,0.9171597633136096,0.0064516129032258,0.0,0.0,0.0,39,1,1,0,0,0
45.1965625,5.792987217247554,36.796,55.296,1.01996875,0.2532808570348785,0.595,1.461,87.43671875,8.14475284971023,70.7,100.204,11.649516129032255,1.7783161487011196,8.485,15.092,234,216,3,0.9230769230769232,0.0138888888888888,0.0,0.0,0.0,40,1,1,0,0,0
44.36974193548387,6.060457331300677,35.326,55.435,1.08246875,0.2573312142563454,0.499,1.506,85.99516129032257,9.564451613820744,70.886,100.401,11.492451612903226,2.1403278384196147,8.196,14.753,189,178,3,0.9417989417989416,0.0168539325842696,0.0,0.0,0.0,41,1,1,0,0,0
44.29696875,5.812350107588623,35.828,55.283,0.92915625,0.3076836571267691,0.529,1.486,85.35203125,9.68223647679297,71.166,99.625,12.20359375,2.074612810504183,8.162,14.913,121,119,1,0.9834710743801652,0.0084033613445378,1.0,1.0,0.0,42,1,1,0,0,0
44.58325806451612,4.850427197458949,36.681,53.87,0.9918333333333332,0.3251617192692905,0.538,1.475,82.31596875,8.257656804579478,70.149,96.191,11.35728125,1.798066528504276,8.1,14.771,212,192,3,0.9056603773584906,0.015625,0.0,0.0,0.0,43,1,1,0,0,0
45.52153125,5.205880025288867,35.824,54.848,1.04859375,0.269706992670122,0.516,1.487,86.12864516129032,8.952138901023922,72.276,99.997,11.43115625,2.1609518229821782,8.328,15.076,242,233,6,0.962809917355372,0.0257510729613733,0.0,0.0,0.0,44,1,1,0,0,0
42.57340625,4.929994299933727,35.048,52.051,1.03040625,0.3233341285255159,0.532,1.48,87.84084375,9.058184120200004,69.289,99.831,11.49034375,2.0157690537420687,8.064,14.675,222,216,6,0.972972972972973,0.0277777777777777,0.0,0.0,0.0,45,1,1,0,0,0
45.28434375,5.858985795804897,35.6,53.946,1.01265625,0.2624382703915895,0.517,1.49,85.383625,9.2074219877928,70.151,98.404,11.82578125,1.9533455788991456,8.527,14.863,210,201,3,0.9571428571428572,0.0149253731343283,0.0,0.0,0.0,46,1,1,0,0,0
46.1006,6.247855635446398,34.889,54.729,0.93571875,0.285298511961453,0.496,1.486,86.86,8.059592349412569,71.631,99.284,11.90221875,1.7572099721116738,8.516,14.892,155,147,2,0.9483870967741936,0.0136054421768707,0.0,0.0,0.0,47,1,1,0,0,0
42.492125,6.038664452589475,34.791,60.342,1.0453125,0.2752442243981082,0.53,1.49,86.41851612903227,8.353938807017787,72.72,98.6,11.813225806451612,2.0707965248454103,8.143,14.35,201,194,4,0.965174129353234,0.0206185567010309,0.0,0.0,0.0,48,1,1,0,0,0
44.16132258064516,5.995356749947395,35.251,54.826,0.9649354838709676,0.2806033897970432,0.531,1.431,83.83509375,9.602155044939469,70.113,101.102,11.41871875,1.9827683357330184,8.324,15.13,242,230,5,0.950413223140496,0.0217391304347826,0.0,0.0,0.0,49,1,1,0,0,0
44.82871875,4.98994926106711,35.735,54.419,1.04015625,0.3061338637595041,0.502,1.496,84.54209375,8.585453223647752,70.0,100.366,11.583875,2.02859576014161,7.946,14.779,192,189,2,0.984375,0.0105820105820105,0.0,0.0,0.0,50,1,1,0,0,0
43.50309375,5.219160502012382,35.002,54.513,0.909,0.2786939586367906,0.516,1.456,86.8389375,8.583859286709698,70.705,99.363,11.219625,1.890919229437912,8.115,14.38,194,187,2,0.963917525773196,0.0106951871657754,0.0,0.0,0.0,51,1,1,0,0,0
45.897125,5.962049197132833,35.889,54.907,0.97925,0.2673316171880668,0.527,1.519,84.52951612903226,8.493063530006774,71.365,98.821,11.542612903225807,1.723646129138642,8.865,15.079,183,167,1,0.912568306010929,0.0059880239520958,1.0,0.0,1.0,52,1,1,0,0,0
46.27290322580645,4.920827419278445,36.275,54.062,1.10434375,0.2542594064457184,0.652,1.454,82.9561875,7.289404986724488,71.546,96.559,10.5659375,2.030958393460521,7.877,14.923,240,222,2,0.925,0.009009009009009,0.0,0.0,0.0,53,1,1,0,0,0
45.5073125,5.057088569762185,35.537,53.909,0.99378125,0.2668276880703495,0.535,1.414,86.26215625,7.276206389761859,71.41,99.571,11.1860625,2.216947566384188,8.114,14.805,250,235,2,0.94,0.0085106382978723,0.0,0.0,0.0,54,1,1,0,0,0
46.23770967741935,6.401561154351587,36.32,55.403,0.966516129032258,0.2962176982072185,0.556,1.521,82.73758064516129,8.694134328285916,68.971,98.943,11.680064516129033,2.165468554924221,8.12,14.972,226,216,5,0.9557522123893806,0.0231481481481481,0.0,0.0,0.0,55,1,1,0,0,0
44.72478125,5.453236421312932,35.461,54.411,0.9811875,0.2760979767074281,0.543,1.512,83.627,8.4773132498147,70.731,100.22,11.36296875,2.1273940667212945,8.199,15.304,135,131,2,0.9703703703703704,0.015267175572519,0.0,0.0,0.0,56,1,1,0,0,0
44.510875,5.513911296921866,35.431,54.73,1.07525,0.2575909485486506,0.547,1.427,87.30641935483871,8.0755910651551,71.143,99.531,11.35271875,2.1430629005622133,8.151,14.651,217,214,3,0.9861751152073732,0.014018691588785,0.0,0.0,0.0,57,1,1,0,0,0
44.94161290322581,5.665230731855613,35.636,54.327,0.9991875,0.3389170073974243,0.514,1.51,83.87090625,8.574075570821222,69.605,98.452,11.62896875,1.795563016822031,8.194,14.319,145,136,3,0.9379310344827586,0.0220588235294117,0.0,0.0,0.0,58,1,1,0,0,0
45.73028125,5.394109100014838,37.142,54.309,1.014875,0.3058977005892762,0.543,1.491,85.775375,7.863633260038716,71.251,97.061,11.33634375,2.120792770356969,8.035,14.97,221,216,2,0.9773755656108596,0.0092592592592592,0.0,0.0,0.0,59,1,1,0,0,0
44.76590322580645,6.795232300933937,34.766,54.493,1.0088387096774194,0.2530512592044273,0.54,1.498,85.85565625,9.861364777003285,69.351,108.011,12.29303125,1.967499452545319,8.745,14.917,169,155,4,0.9171597633136096,0.0258064516129032,0.0,0.0,0.0,1,2,1,1,0,0
45.707,5.978218604017367,34.833,55.532,1.05534375,0.266952528022759,0.568,1.504,84.19153125,8.794748788740725,70.067,98.111,11.90941935483871,2.011691374179011,8.74,14.816,199,192,4,0.964824120603015,0.0208333333333333,0.0,0.0,0.0,2,2,1,1,0,0
45.43232258064516,6.213377843476641,35.52,54.548,0.95725,0.2892694914948298,0.523,1.499,82.71990322580645,9.026732924503891,70.728,100.568,11.15840625,1.9326265907604905,8.142,14.641,171,163,2,0.953216374269006,0.0122699386503067,2.0,0.0,1.0,3,2,1,1,0,0
45.50834375,5.167551248926539,35.834,54.756,0.99059375,0.2667775271493749,0.514,1.415,87.54584375,7.49491162490399,69.281,100.136,11.39040625,2.24821144481671,8.139,14.798,135,134,1,0.9925925925925926,0.0074626865671641,0.0,0.0,0.0,4,2,1,1,0,0
45.52759375,5.732277979096714,38.424,55.624,1.09834375,0.2633335440910413,0.513,1.47,83.54175000000001,7.443278492013942,73.243,100.426,11.58775,1.9642875750305395,8.097,14.801,120,117,3,0.975,0.0256410256410256,0.0,0.0,0.0,5,2,1,1,0,0
43.86703125,4.952231536644901,34.829,53.806,1.0079655172413793,0.2937336600633083,0.511,1.42,85.289125,8.622783547840179,71.323,99.322,11.560875,1.9678542063423687,8.003,14.514,131,123,1,0.9389312977099236,0.008130081300813,0.0,0.0,0.0,6,2,1,1,0,0
45.31678125,6.657213268252109,34.834,55.339,0.88446875,0.2888373785540922,0.517,1.376,85.1831875,9.164751477324904,72.901,99.458,11.69215625,2.109891177584759,7.951,15.263,217,212,3,0.976958525345622,0.0141509433962264,0.0,0.0,0.0,7,2,1,1,0,0
44.16384375,6.250171311765085,36.017,54.539,1.0226774193548387,0.3033898907453108,0.504,1.525,86.61834375,9.53981667372842,70.991,99.969,11.8131875,2.1685500349386126,8.268,15.166,133,123,2,0.924812030075188,0.016260162601626,0.0,0.0,0.0,1,3,1,1,1,0
45.08125,5.749546815240759,35.63,54.405,1.065625,0.3068065219898101,0.556,1.495,84.4538125,7.563453236910735,70.445,97.774,11.812838709677418,1.9404448819239744,8.233,14.763,211,196,3,0.9289099526066352,0.0153061224489795,0.0,0.0,0.0,2,3,1,1,1,0
44.62184375,5.506554230272087,34.734,53.761,0.98671875,0.2869687219524669,0.524,1.453,80.952,6.794500807697829,70.304,96.911,11.2038125,2.0069787988899,8.28,14.886,206,190,5,0.9223300970873788,0.0263157894736842,0.0,0.0,0.0,3,3,1,1,1,0
43.61503125,6.1575507462415855,35.255,54.679,0.9945625,0.3132726255248387,0.531,1.476,85.91859375,7.833799485436439,70.638,98.245,11.109612903225807,1.957229822605057,8.504,14.908,243,234,2,0.9629629629629628,0.0085470085470085,0.0,0.0,0.0,4,3,1,1,1,0
43.5555,6.287538587068149,35.264,54.711,1.0250645161290324,0.2950600995824264,0.532,1.505,88.21825,8.610776458938327,70.341,101.331,11.38709375,2.246928991791513,8.14,15.05,177,164,4,0.9265536723163842,0.024390243902439,0.0,0.0,0.0,5,3,1,1,1,0
44.24677419354839,5.035360614094932,35.414,54.153,1.01253125,0.3087812655581252,0.549,1.479,81.86606451612903,7.720005250151427,70.939,96.787,11.349125,2.078508565014518,8.179,15.063,139,134,2,0.9640287769784172,0.0149253731343283,0.0,0.0,0.0,6,3,1,1,1,0
43.3995,6.08933955314929,35.072,52.409,1.08590625,0.3146792898230647,0.558,1.465,83.33153125,8.182838536542254,69.268,100.353,10.9236875,2.0004853513907648,8.028,14.906,208,188,3,0.903846153846154,0.0159574468085106,0.0,0.0,0.0,7,3,1,1,1,0
43.504612903225805,5.67148983176625,35.452,53.167,0.96834375,0.2802725182314642,0.583,1.487,86.1066875,8.649756958873505,72.469,99.983,11.33371875,1.7846045416169032,9.083,15.022,159,154,2,0.9685534591194968,0.0129870129870129,0.0,0.0,0.0,8,3,1,1,1,0
45.8885,6.601901459375953,35.325,55.081,1.02003125,0.3258079272263773,0.559,2.175,83.8030625,9.26194982933556,70.247,100.977,11.34896875,2.1280232912316053,8.04,14.888,163,157,2,0.9631901840490796,0.0127388535031847,0.0,0.0,0.0,9,3,1,1,1,0
45.10890322580645,4.991702404022357,36.759,54.929,0.95496875,0.305762239949658,0.524,1.517,87.75528125,8.633782190809931,70.436,100.447,11.27053125,2.0793303820464923,8.348,14.705,154,143,3,0.9285714285714286,0.0209790209790209,0.0,0.0,0.0,10,3,1,1,1,0
46.20834375,5.2820635056788365,35.37,54.568,0.96975,0.3021993573998846,0.556,1.485,87.31506451612903,8.30771710694534,72.911,99.212,11.76525,2.15115145460406,8.641,14.701,137,134,3,0.978102189781022,0.0223880597014925,0.0,0.0,0.0,11,3,1,1,1,0
45.50545161290323,5.868135211113832,35.587,60.166,1.0076875,0.2830483188546642,0.535,1.491,86.5856875,9.769203369765554,71.438,100.063,11.282166666666663,2.1097797578033544,7.94,14.477,183,176,3,0.9617486338797814,0.0170454545454545,0.0,0.0,0.0,12,3,1,1,1,0
44.9408125,5.535024722021313,35.82,55.002,1.01546875,0.3277338598053353,0.497,1.516,86.13267741935483,8.483810859069944,70.298,100.606,11.66784375,2.21919971203476,8.167,14.769,141,128,3,0.9078014184397164,0.0234375,0.0,0.0,0.0,13,3,1,1,1,0
43.68612903225807,5.400607192664761,35.82,54.855,1.082375,0.2567173354539592,0.63,1.408,84.5165625,8.215256672162843,71.232,99.79,12.265258064516129,2.053976386877284,8.696,15.112,179,175,3,0.9776536312849162,0.0171428571428571,1.0,0.0,1.0,14,3,1,1,1,0
45.62165625,6.023182689968308,35.643,54.989,0.88478125,0.264329917798853,0.524,1.512,82.98821875,8.790765197470378,69.774,101.536,11.865516129032258,2.30890732989969,8.003,14.831,219,210,4,0.958904109589041,0.019047619047619,0.0,0.0,0.0,15,3,1,1,1,0
44.635125,5.382953684638922,35.723,54.91,0.9408125,0.2860455002719085,0.511,1.456,84.6241875,7.142591733634723,70.069,98.166,11.484103448275862,2.33739548803528,8.031,14.964,164,156,3,0.951219512195122,0.0192307692307692,0.0,0.0,0.0,16,3,1,1,1,0
43.8654375,6.882729578269123,34.972,54.9,0.97528125,0.3201347734712427,0.502,1.494,86.2331875,8.522037282691308,70.597,99.356,11.56284375,1.8623975201834544,8.02,15.013,163,159,3,0.9754601226993864,0.0188679245283018,0.0,0.0,0.0,17,3,1,1,1,0
45.23771875,5.747584806846712,34.996,55.188,0.97196875,0.3155222485253871,0.554,1.465,86.2215625,9.117007177080398,70.606,100.166,11.61709375,2.0278294984535528,8.0,15.015,180,165,4,0.9166666666666666,0.0242424242424242,0.0,0.0,0.0,18,3,1,1,1,0
44.4491875,5.601030408873802,36.09,54.511,0.9374375,0.2673617746582094,0.513,1.33,84.04171875,8.538761941815217,69.441,97.463,11.45984375,1.953369563656028,8.038,14.871,225,223,6,0.9911111111111112,0.0269058295964125,0.0,0.0,0.0,19,3,1,1,1,0
44.18090625,6.597898855962256,34.715,54.513,0.9481875,0.2725765281708559,0.501,1.412,82.75070967741935,8.113431527179888,70.085,100.097,11.16890625,2.2298235480511788,7.896,14.534,143,139,2,0.972027972027972,0.014388489208633,0.0,0.0,0.0,20,3,1,1,1,0
45.5133125,6.103813400508392,35.573,55.231,0.91384375,0.2648780741269949,0.512,1.43,85.47171875,8.601922659177758,70.447,101.902,11.55996875,1.7964458726010877,8.379,14.931,229,210,4,0.9170305676855895,0.019047619047619,0.0,0.0,0.0,21,3,1,1,1,0
46.30203125,5.760125370971929,35.451,55.414,1.0838064516129031,0.2627644597169156,0.55,1.468,86.12209375,8.017119856742758,72.098,98.132,11.37635483870968,1.8779628421667824,8.148,15.047,207,203,6,0.9806763285024156,0.0295566502463054,0.0,0.0,0.0,22,3,1,1,1,0
44.85667741935484,5.335872358462715,35.28,55.502,1.07240625,0.3058163964648955,0.532,1.503,85.16253125,9.594690507487766,70.252,98.044,11.6965625,2.0961072974490964,8.224,14.685,225,216,4,0.96,0.0185185185185185,0.0,0.0,0.0,23,3,1,1,1,0
45.78061290322581,5.776281281686452,35.31,55.449,1.00921875,0.2472612219802395,0.521,1.485,85.79583870967741,9.35033911362497,72.081,100.948,11.57816129032258,1.7907230029008616,8.064,14.792,133,130,3,0.9774436090225564,0.023076923076923,0.0,0.0,0.0,24,3,1,1,1,0
46.35740625,5.823773518169076,35.865,55.031,1.088741935483871,0.272279876565999,0.529,1.489,84.01784375,8.690978552533936,71.378,98.971,11.1585,1.899858517652505,8.406,14.978,221,210,4,0.9502262443438914,0.019047619047619,0.0,0.0,0.0,25,3,1,1,1,0
43.92467741935484,6.048342656668281,35.608,55.479,1.0721875,0.2527563454421873,0.517,1.419,86.74967741935482,8.474753657725971,69.347,98.386,11.80832258064516,1.8648024450701968,8.704,15.025,134,124,3,0.9253731343283582,0.0241935483870967,0.0,0.0,0.0,26,3,1,1,1,0
44.70809375,5.371360363280213,35.198,52.358,1.0071875,0.2889538904504516,0.581,1.465,84.65371875,9.365465388895782,69.463,99.849,11.78228125,2.43063389096243,7.995,15.017,247,233,4,0.9433198380566802,0.0171673819742489,0.0,0.0,0.0,27,3,1,1,1,0
44.87877419354839,5.672384646746479,36.716,54.736,0.94290625,0.2693325512920483,0.5,1.425,86.82490625,9.663102631908572,69.782,100.398,11.16665625,2.152074537163633,8.15,15.178,183,172,4,0.9398907103825136,0.0232558139534883,0.0,0.0,0.0,28,3,1,1,1,0
44.2398125,5.821442867578782,35.059,54.812,1.0563125,0.3010110315736489,0.507,1.522,82.72145161290322,8.656142758522064,69.389,97.173,11.7170625,2.184551713628251,8.081,14.917,238,222,6,0.9327731092436976,0.027027027027027,0.0,0.0,0.0,29,3,1,1,1,0
44.39184375,4.425416882927712,35.927,52.494,1.00884375,0.2809425505933036,0.5,1.487,84.350125,9.576127295721948,70.332,100.594,11.2733125,1.7081103771372244,8.034,14.437,179,177,3,0.988826815642458,0.0169491525423728,0.0,0.0,0.0,30,3,1,1,1,0
46.39565625,6.000177301731819,35.108,55.519,1.00278125,0.3108159640495714,0.511,1.509,85.812,9.476586168024856,66.857,100.368,11.75578125,2.3021979082323387,8.281,14.94,147,134,1,0.91156462585034,0.0074626865671641,1.0,1.0,0.0,31,3,1,1,1,0
46.800935483870965,5.595127147411299,35.773,54.51,0.96465625,0.233095662125259,0.524,1.439,85.10690625,8.030736905726144,71.181,98.299,11.24135483870968,2.054057538116319,8.315,15.054,186,182,2,0.978494623655914,0.0109890109890109,2.0,1.0,0.0,32,3,1,1,1,0
44.53384375,5.764532116588949,35.782,55.404,0.9726774193548386,0.2668519423571523,0.546,1.424,83.65721875,9.11722404956463,69.247,98.844,11.40525,2.217194929373308,8.085,14.872,204,186,5,0.9117647058823528,0.0268817204301075,0.0,0.0,0.0,33,3,1,1,1,0
46.28540625,5.623311783129426,35.256,53.989,1.01834375,0.2913665919892316,0.567,1.444,85.35135483870967,7.190218381237977,71.049,100.484,11.824451612903225,2.325694331287034,8.044,15.098,183,176,4,0.9617486338797814,0.0227272727272727,0.0,0.0,0.0,34,3,1,1,1,0
44.165875,5.240399127559754,35.726,55.305,1.02009375,0.2969275310060602,0.557,1.492,87.57075,7.603317289607974,70.475,98.791,11.47383870967742,2.0544036782283754,8.258,14.79,181,167,4,0.9226519337016574,0.0239520958083832,0.0,0.0,0.0,35,3,1,1,1,0
43.645125,6.354188096914328,34.86,54.37,0.9818125,0.2947595452502413,0.553,1.51,86.27722580645161,7.781231268077811,71.679,101.06,11.42190625,2.326024413365556,8.066,15.094,176,158,3,0.8977272727272727,0.0189873417721519,0.0,0.0,0.0,36,3,1,1,1,0
43.65313333333334,6.401044633136243,35.351,54.62,0.9681875,0.3274576985731726,0.52,1.47,83.9945625,9.03583322090264,70.518,98.134,11.66746875,2.385920164475333,7.917,15.05,201,184,5,0.9154228855721394,0.0271739130434782,0.0,0.0,0.0,37,3,1,1,1,0
43.86316129032258,6.138278722338884,35.002,54.517,1.0763125,0.3059466997117572,0.546,1.499,88.23165625,8.783671771033458,72.235,100.642,12.00534375,1.6994320229432067,8.636,14.927,142,139,3,0.9788732394366196,0.0215827338129496,0.0,0.0,0.0,38,3,1,1,1,0
43.14306451612903,4.181279213633741,35.809,50.707,0.95603125,0.317401799329717,0.502,1.494,84.290875,7.432005381044271,70.059,97.209,12.04525,2.049752715219177,8.704,15.085,138,135,1,0.9782608695652174,0.0074074074074074,0.0,0.0,0.0,39,3,1,1,1,0
44.641200000000005,5.823536124478276,35.637,55.452,0.935125,0.2855316207561133,0.495,1.477,83.75351612903225,8.971937686924965,69.702,98.722,10.9670625,2.03688359268793,8.215,14.974,187,180,2,0.962566844919786,0.0111111111111111,0.0,0.0,0.0,40,3,1,1,1,0
45.63234375,5.757301107230239,36.494,54.418,0.97384375,0.2826964757103142,0.533,1.469,81.828625,7.816731966047712,70.273,100.625,11.39428125,1.7615402943643823,8.282,15.068,167,156,2,0.934131736526946,0.0128205128205128,0.0,0.0,0.0,41,3,1,1,1,0
45.17178125,5.299001572021116,35.461,54.021,0.99034375,0.2323768642882754,0.553,1.415,84.27064516129032,8.67843369335115,70.558,99.487,11.64134375,1.9314414742224977,8.52,15.19,196,177,4,0.903061224489796,0.0225988700564971,0.0,0.0,0.0,42,3,1,1,1,0
44.70023333333334,5.665766014396031,35.631,53.658,0.9878125,0.287644767198665,0.52,1.49,86.1736875,8.145892950665981,71.074,97.058,11.5815625,2.167418264076321,8.187,14.813,203,200,4,0.9852216748768472,0.02,0.0,0.0,0.0,1,4,1,1,2,0
44.96225,6.449093364637116,34.806,54.209,0.99990625,0.2766844434549944,0.499,1.458,85.430625,7.6332991208089025,70.04,98.984,11.399387096774191,2.2316814240600347,7.953,14.905,222,200,5,0.9009009009009008,0.025,0.0,0.0,0.0,2,4,1,1,2,0
45.01358064516129,5.546607610508088,36.356,52.865,1.0671875,0.2808933258086972,0.519,1.534,85.10640625,7.983533678198357,69.799,96.214,11.57215625,2.092482907154529,8.265,15.199,168,158,4,0.9404761904761904,0.0253164556962025,0.0,0.0,0.0,3,4,1,1,2,0
43.68140625,5.0240243402647415,35.489,53.613,1.05084375,0.301067681746041,0.517,1.508,83.74784375,8.578725682153328,70.565,98.179,10.981125,1.9819261037296927,7.963,14.766,249,233,6,0.9357429718875502,0.0257510729613733,0.0,0.0,0.0,4,4,1,1,2,0
44.65203125,6.063297412721973,35.099,53.874,0.9309032258064516,0.2724631295960011,0.514,1.43,85.07303125,8.436273403255484,70.687,98.678,11.1530625,1.9113868286851217,8.129,14.612,122,115,1,0.9426229508196722,0.008695652173913,0.0,0.0,0.0,5,4,1,1,2,0
47.674,5.761011838210367,34.893,54.593,1.03975,0.3317989091739638,0.514,1.499,83.80484375,8.4477583860449,71.061,99.971,12.0064375,2.0481511243621178,8.364,14.628,136,126,1,0.9264705882352942,0.0079365079365079,0.0,0.0,0.0,6,4,1,1,2,0
44.13428125,6.564109227504128,34.824,55.04,1.07640625,0.3074515287656293,0.543,1.488,86.48053125,9.552381273744883,69.552,99.869,11.203709677419354,2.0540543354310823,7.994,14.484,176,170,3,0.9659090909090908,0.0176470588235294,0.0,0.0,0.0,7,4,1,1,2,0
43.62970967741936,5.447474963647827,35.068,53.266,1.01528125,0.2775901172330958,0.585,1.491,86.8785625,8.699521377036561,70.269,100.719,11.206967741935484,1.9663455356552664,8.111,14.352,195,184,2,0.9435897435897436,0.0108695652173913,0.0,0.0,0.0,8,4,1,1,2,0
46.12090625,5.696662097706301,36.36,54.452,0.9904375,0.3100356834301497,0.513,1.496,82.11296875,7.932551594880646,70.52,101.475,11.51296875,1.9358161483679843,8.089,14.946,165,153,1,0.9272727272727272,0.0065359477124183,0.0,0.0,0.0,9,4,1,1,2,0
44.54925806451613,5.621999703354324,35.215,54.46,0.9764375,0.2739786826532077,0.527,1.495,84.15729032258064,8.746606275935626,70.499,97.981,11.438096774193548,2.455105691612735,7.969,15.04,208,193,2,0.9278846153846154,0.0103626943005181,0.0,0.0,0.0,10,4,1,1,2,0
44.10034375,6.095031507020501,35.2,54.701,0.9996875,0.324143779079792,0.516,1.508,85.75271875,8.197684752748396,71.286,101.102,11.422733333333332,2.190824155006722,8.077,14.934,129,120,2,0.9302325581395348,0.0166666666666666,0.0,0.0,0.0,11,4,1,1,2,0
44.995125,5.523499473656521,35.407,54.917,0.97590625,0.2749318225605242,0.552,1.49,86.39434375,7.343563926057206,70.309,99.085,11.2641875,2.084884470188278,8.144,14.943,250,242,2,0.968,0.0082644628099173,0.0,0.0,0.0,12,4,1,1,2,0
45.71187096774194,5.746401788609028,36.073,53.671,1.003375,0.291515921105631,0.541,1.465,85.02734375,8.043895371584092,71.149,97.501,11.136903225806453,2.232718572425981,8.173,14.995,139,135,1,0.9712230215827338,0.0074074074074074,0.0,0.0,0.0,13,4,1,1,2,0
44.7208125,5.199847072425583,35.314,53.4,1.001875,0.2852766342771803,0.508,1.521,87.33328125,8.924150264905048,71.312,100.804,11.4401875,2.014494468522978,8.031,14.795,215,211,2,0.9813953488372092,0.0094786729857819,0.0,0.0,0.0,14,4,1,1,2,0
45.24032258064516,5.834305193634725,36.305,55.716,0.98109375,0.3329379831212394,0.499,1.506,86.152,9.18935384017832,69.416,98.677,11.843625,1.9712095803535,8.68,14.862,153,145,2,0.9477124183006536,0.0137931034482758,1.0,0.0,1.0,15,4,1,1,2,0
46.23770967741935,5.907325267234168,36.108,54.328,1.0188125,0.2720549562010374,0.542,1.466,83.74767741935483,7.756365881807866,71.967,97.372,11.290483870967742,1.9929191298355573,8.032,14.628,133,119,3,0.8947368421052632,0.0252100840336134,0.0,0.0,0.0,16,4,1,1,2,0
43.05583333333333,5.035230516130786,35.386,51.883,1.103,0.3179534354221923,0.515,1.498,85.75841935483871,8.161934005998797,70.358,97.362,11.43290625,2.221336162260483,8.082,14.986,223,209,4,0.937219730941704,0.0191387559808612,0.0,0.0,0.0,17,4,1,1,2,0
46.3505,5.697962737862452,34.714,55.19,0.954,0.2929502875365408,0.515,1.479,86.476625,8.910424803420955,69.873,100.406,11.4861875,2.1914527430451245,8.097,15.018,194,185,3,0.9536082474226804,0.0162162162162162,0.0,0.0,0.0,18,4,1,1,2,0
44.507125,5.466641534003334,36.304,55.071,0.99496875,0.2990947076650234,0.526,1.496,85.40721875,8.423599482461606,69.825,98.178,11.3701875,1.951215856472161,8.255,14.837,154,153,1,0.9935064935064936,0.0065359477124183,1.0,0.0,1.0,19,4,1,1,2,0
45.9538125,5.545570440639698,36.22,55.041,1.00778125,0.2624248874870306,0.603,1.378,82.81603125,8.356637414053557,69.412,97.863,11.83675,2.181640267794972,8.818,18.117,225,216,5,0.96,0.0231481481481481,0.0,0.0,0.0,20,4,1,1,2,0
44.324451612903225,6.22518486921585,35.254,54.988,0.96921875,0.3126917202216286,0.542,1.49,85.12928125,6.684461163577739,72.222,97.72,11.22858064516129,2.1135993119825014,8.164,14.91,226,218,6,0.9646017699115044,0.0275229357798165,0.0,0.0,0.0,21,4,1,1,2,0
44.38670967741936,6.646020930820428,35.245,54.618,0.992,0.3050156280149155,0.526,1.455,87.6949375,8.30080369189945,71.177,98.704,11.62734375,1.9331905035938608,8.15,14.939,177,172,3,0.9717514124293786,0.0174418604651162,0.0,0.0,0.0,22,4,1,1,2,0
45.14590625,5.891548678372871,36.42,54.263,1.0056875,0.2779506149567557,0.616,1.517,85.99987096774194,8.896320541819279,71.982,100.428,11.152935483870968,1.9566246435376728,8.381,14.344,169,157,2,0.9289940828402368,0.0127388535031847,0.0,0.0,0.0,23,4,1,1,2,0
46.00532258064517,6.184695176466375,35.151,55.218,0.9808125,0.2433786956907465,0.532,1.445,84.52790625,9.771571974963658,69.362,98.961,11.539,2.1070634383742064,8.159,14.816,138,135,2,0.9782608695652174,0.0148148148148148,0.0,0.0,0.0,24,4,1,1,2,0
43.398125,5.9956099463717845,35.095,53.743,1.10878125,0.2423151419622668,0.634,1.499,84.62515625,9.18210120414633,71.32,100.933,11.6414,2.002429483023749,8.131,15.109,182,181,4,0.9945054945054944,0.0220994475138121,0.0,0.0,0.0,25,4,1,1,2,0
45.56525,5.623360830700631,35.778,53.739,1.00675,0.2886996430045727,0.522,1.479,85.63232258064515,9.126844965584022,71.937,100.877,10.98378125,2.2089647222518574,7.894,14.807,173,167,4,0.9653179190751444,0.0239520958083832,0.0,0.0,0.0,26,4,1,1,2,0
45.05690322580646,5.661419146909124,34.866,54.629,0.9743125,0.2997285263636563,0.512,1.445,83.7549375,8.510822953792806,71.357,99.585,11.35903125,2.0935207031400016,8.338,15.171,121,116,2,0.9586776859504132,0.0172413793103448,0.0,0.0,0.0,27,4,1,1,2,0
44.79609375,5.6106331559176335,36.242,54.048,1.0238125,0.287142140534906,0.533,1.521,84.92736666666666,8.143908878814694,70.239,98.788,12.04540625,2.2888886986479684,8.195,15.175,215,214,2,0.9953488372093025,0.0093457943925233,0.0,0.0,0.0,28,4,1,1,2,0
45.2408125,6.296080657133374,34.911,55.239,1.03928125,0.2885736037796719,0.505,1.501,84.901625,8.994420900686702,71.214,99.419,11.77578125,1.5579794759171353,9.214,14.801,238,229,2,0.96218487394958,0.0087336244541484,0.0,0.0,0.0,29,4,1,1,2,0
45.564,6.199638111186606,35.463,54.106,0.929625,0.2955200719125958,0.493,1.509,85.01696875,8.25731642919751,69.758,99.362,11.829625,1.9480567943962888,9.004,15.088,231,214,3,0.9264069264069263,0.014018691588785,0.0,0.0,0.0,30,4,1,1,2,0
46.28375,4.699112098697907,36.837,54.678,1.0501935483870968,0.2522492708089677,0.559,1.467,85.141625,8.383988410135734,70.701,98.044,11.2305,2.023171257082274,8.03,14.911,129,123,2,0.9534883720930232,0.016260162601626,0.0,0.0,0.0,31,4,1,1,2,0
45.520625,5.752446350565037,35.206,54.778,0.96325,0.2730539353550928,0.544,1.472,86.09765625,8.472465823837158,69.11,99.42,10.83475,1.659567452390007,8.076,14.643,243,241,2,0.9917695473251028,0.0082987551867219,0.0,0.0,0.0,32,4,1,1,2,0
46.12403125,6.665639225859327,35.642,54.825,1.0244666666666666,0.2991149857707628,0.53,1.471,87.18621875,8.803732744746819,71.426,100.717,11.7485,1.88642339515986,8.527,14.569,139,132,2,0.9496402877697842,0.0151515151515151,0.0,0.0,0.0,1,5,1,2,2,0
45.70821875,5.703611129656965,36.658,54.633,0.926875,0.2013282907222958,0.506,1.274,83.261375,8.27764941603827,71.032,99.4,10.6913125,2.210403647818725,7.967,15.194,173,165,3,0.953757225433526,0.0181818181818181,0.0,0.0,0.0,2,5,1,2,2,0
44.91909375,6.0919676007831765,35.454,55.093,1.01971875,0.240446927196808,0.525,1.387,86.87646875,10.005150283356086,72.042,100.665,11.77659375,2.297335186399528,7.925,14.56,156,152,4,0.9743589743589745,0.0263157894736842,0.0,0.0,0.0,3,5,1,2,2,0
45.85954838709677,6.2669353373543455,36.034,55.565,1.028625,0.2765821058751317,0.525,1.502,84.36229032258063,9.235585103982489,70.002,98.913,12.12332258064516,2.05724557579784,8.332,15.175,150,136,3,0.9066666666666666,0.0220588235294117,0.0,0.0,0.0,4,5,1,2,2,0
44.3145625,4.994088905492947,38.405,53.407,0.93790625,0.2738918269370286,0.556,1.383,86.54053125,7.180696964934375,69.732,97.142,11.67371875,1.7365050408957792,8.252,14.471,168,151,3,0.8988095238095238,0.0198675496688741,0.0,0.0,0.0,5,5,1,2,2,0
44.09151612903226,5.951413965722588,35.598,54.754,1.05540625,0.2962295164417116,0.521,1.481,87.31203125,7.959737013342374,71.627,100.391,11.21965625,2.127988079177364,7.989,14.904,243,224,3,0.9218106995884774,0.0133928571428571,0.0,0.0,0.0,6,5,1,2,2,0
45.60809375,5.26126005611053,36.177,53.556,1.0206875,0.3256968150329085,0.497,1.489,86.44040625,9.031718701366028,70.014,99.278,11.86516129032258,2.154134119884742,8.312,15.12,136,125,2,0.9191176470588236,0.016,0.0,0.0,0.0,7,5,1,2,2,0
44.55634375,6.09484111629359,34.701,53.861,0.9999375,0.2934848391424192,0.529,1.466,86.573875,9.01753224861651,70.207,100.107,11.441,2.0527747389892195,8.215,14.937,120,119,1,0.9916666666666668,0.0084033613445378,1.0,0.0,1.0,8,5,1,2,2,0
45.384625,5.694194251816437,35.468,54.567,0.991,0.3099720417500047,0.509,1.51,84.29674193548388,8.007836965405588,70.838,99.006,11.500419354838709,2.590835550862482,7.994,14.934,138,131,2,0.9492753623188406,0.015267175572519,0.0,0.0,0.0,9,5,1,2,2,0
44.6395625,6.071328482659692,35.132,55.179,0.9537741935483872,0.3023905542701822,0.525,1.451,81.2045,6.481911252390838,70.1,92.595,11.63496875,1.9502078381278136,8.73,14.935,122,118,1,0.9672131147540984,0.0084745762711864,0.0,0.0,0.0,10,5,1,2,2,0
46.51658064516128,5.880600104151469,35.956,54.885,0.9103125,0.2493928676192542,0.509,1.402,83.7471935483871,8.840323125389158,70.598,99.578,11.0055625,1.5857893513753598,8.243,13.956,147,134,1,0.91156462585034,0.0074626865671641,0.0,0.0,0.0,11,5,1,2,2,0
44.04334375,5.452371579942633,35.087,53.275,1.0181290322580645,0.3424871522588337,0.523,1.509,85.76548387096774,8.325444275916922,71.049,99.632,11.0213,2.105345759956192,8.191,14.897,164,155,1,0.945121951219512,0.0064516129032258,0.0,0.0,0.0,12,5,1,2,2,0
44.57967741935484,5.825173384470182,35.461,54.245,1.0689375,0.325253740897383,0.527,1.49,85.07790625,8.70024846645337,71.204,101.329,11.29521875,1.884713989329039,8.428,14.655,153,152,3,0.9934640522875816,0.0197368421052631,0.0,0.0,0.0,13,5,1,2,2,0
45.51874193548387,5.568380045505406,35.312,55.255,1.076625,0.2261034233807974,0.579,1.458,85.60790322580644,8.798868913501845,69.926,99.274,12.077625,2.009524542546513,8.124,14.59,185,175,3,0.945945945945946,0.0171428571428571,0.0,0.0,0.0,14,5,1,2,2,0
44.19993548387097,6.297966835603819,35.635,54.498,0.9884375,0.2687375428470757,0.506,1.478,89.7066875,8.166701582518074,71.34,100.855,12.29603125,2.1175187622945293,8.701,15.057,193,182,5,0.9430051813471504,0.0274725274725274,0.0,0.0,0.0,15,5,1,2,2,0
45.6815,4.809748474410776,35.256,53.5,0.98203125,0.294679758860798,0.519,1.49,86.2251875,9.337767625175418,70.493,100.918,11.56865625,2.128359471356875,8.139,14.701,180,173,4,0.9611111111111112,0.0231213872832369,0.0,0.0,0.0,16,5,1,2,2,0
45.8511875,6.329248619918633,35.16,61.547,1.022625,0.3231110615013298,0.506,1.513,85.36328125,9.977153683692771,69.589,99.608,11.69959375,2.015396332740584,8.072,14.993,211,208,3,0.985781990521327,0.0144230769230769,0.0,0.0,0.0,17,5,1,2,2,0
43.35790322580645,6.717174884105365,34.784,54.764,0.94015625,0.3022176218016073,0.505,1.495,85.26709677419356,9.113541354690607,70.52,100.938,11.7408125,2.157574211896015,8.159,15.252,122,109,2,0.8934426229508197,0.018348623853211,0.0,0.0,0.0,18,5,1,2,2,0
45.09864516129032,6.05172636828196,35.646,54.449,1.08734375,0.3280627997881484,0.547,1.512,85.50603125,8.702417819331462,70.481,100.186,11.087129032258066,2.091693584027633,8.03,14.896,189,175,4,0.925925925925926,0.0228571428571428,0.0,0.0,0.0,19,5,1,2,2,0
45.17771875,6.673327328104339,35.16,55.507,1.0786875,0.2785122268121652,0.498,1.5,84.8065,8.780273142198531,71.17,98.49,11.48803125,2.015186079367314,8.179,14.868,175,163,2,0.9314285714285714,0.0122699386503067,0.0,0.0,0.0,20,5,1,2,2,0
57.438483870967744,1.3415999868556887,55.142,59.942,1.65103125,0.1091945539156541,1.486,1.822,87.5354375,10.994602678609349,66.922,102.681,15.75346875,0.4322139542145096,15.015,16.683,237,215,5,0.9071729957805909,0.0232558139534883,5.0,0.0,1.0,21,5,1,2,2,0
57.65203125,1.3907960701229187,55.289,59.732,1.64478125,0.0792390154695314,1.485,1.811,87.23278125,10.65021448438988,66.737,103.03,15.736225806451612,0.4877980941385087,14.773,16.71,182,145,3,0.7967032967032966,0.0206896551724137,0.0,0.0,0.0,22,5,1,2,2,0
57.57303125,1.4051897928147097,55.052,59.662,1.62653125,0.0888420070560201,1.49,1.812,85.2291875,8.205457430340434,70.02,100.891,15.733096774193548,0.5301946406643955,14.918,16.755,216,184,4,0.8518518518518519,0.0217391304347826,0.0,0.0,0.0,23,5,1,2,2,0
57.2750625,1.444505003676056,55.075,60.055,1.6682258064516131,0.0753364496453163,1.542,1.787,88.78478125,11.488997855548517,67.589,104.653,15.70275,0.484694250150579,14.902,16.706,124,110,3,0.8870967741935484,0.0272727272727272,2.0,1.0,0.0,24,5,1,2,2,0
57.07535483870968,1.3994813693743144,54.964,59.703,1.65921875,0.0971997392718526,1.48,1.826,88.16703125,11.201099763068704,68.285,105.441,15.78853125,0.4372393589973936,14.947,16.463,245,215,10,0.8775510204081632,0.0465116279069767,0.0,0.0,0.0,25,5,1,2,2,0
57.382875,1.3509523224079207,54.739,59.361,1.63415625,0.0989858606308936,1.492,1.788,84.59790625000001,10.118974429607796,67.154,104.361,15.78728125,0.4256727680314399,14.996,16.569,175,165,3,0.9428571428571428,0.0181818181818181,0.0,0.0,0.0,26,5,1,2,2,0
56.950375,1.2055892616235178,54.374,59.65,1.66165625,0.0986262444216025,1.504,1.808,83.03134375,11.72097260527078,66.343,103.288,15.80871875,0.4629142075029288,14.791,16.789,210,196,8,0.9333333333333332,0.0408163265306122,0.0,0.0,0.0,27,5,1,2,2,0
57.337870967741935,1.4173324649245247,55.049,59.61,1.648774193548387,0.0960766047406683,1.489,1.813,85.73346875,10.840194314364732,68.897,103.778,15.62159375,0.4518365290588353,14.9,16.47,200,160,8,0.8,0.05,0.0,0.0,0.0,28,5,1,2,2,0
57.1824375,1.5538541870707885,54.67,60.099,1.6419375,0.1034046038470928,1.467,1.844,87.3798125,11.644335797170148,68.886,105.122,15.863533333333333,0.4956795915420204,14.989,16.663,144,128,4,0.8888888888888888,0.03125,0.0,0.0,0.0,29,5,1,2,2,0
57.45775,1.2675965828189155,54.775,59.895,1.6625806451612903,0.0841481923725631,1.471,1.789,85.44764516129032,11.67507439961558,67.689,102.092,15.872354838709676,0.493661526985653,14.949,16.71,220,208,10,0.9454545454545454,0.048076923076923,0.0,0.0,0.0,30,5,1,2,2,0
57.3446875,1.191458835737964,55.42,59.802,1.6625806451612903,0.0970140107385005,1.483,1.821,87.0853125,9.636821412242297,66.189,103.495,15.634,0.4463764504136287,14.803,16.485,183,153,4,0.8360655737704918,0.0261437908496732,0.0,0.0,0.0,31,5,1,2,2,0
57.31516129032258,1.433921501728138,54.347,59.831,1.6709032258064516,0.0795337893974251,1.479,1.767,85.66390322580645,11.875129779935984,66.697,106.115,15.611967741935484,0.5285760420772627,14.883,16.817,133,111,4,0.8345864661654135,0.036036036036036,0.0,0.0,0.0,32,5,1,2,2,0
57.0854375,1.5723859194989984,54.458,59.632,1.6485,0.0934185862559722,1.47,1.807,83.7603125,11.958561399177718,65.53,103.754,15.754806451612904,0.446323456651104,15.086,16.627,192,159,7,0.828125,0.0440251572327044,0.0,0.0,0.0,33,5,1,2,2,0
57.1526875,1.2816027374396886,54.845,59.914,1.64746875,0.0907140080141981,1.464,1.807,84.9886875,11.813971287277315,66.374,103.196,15.821612903225803,0.4756510399735892,14.962,16.652,205,179,8,0.8731707317073171,0.0446927374301676,0.0,0.0,0.0,34,5,1,2,2,0
57.4104375,1.1352075250807652,55.228,59.555,1.6523125,0.1031355004429265,1.496,1.843,84.30616129032258,10.1711564504625,66.521,102.452,15.84134375,0.4713488270207857,14.878,16.709,178,153,6,0.8595505617977528,0.0392156862745098,2.0,0.0,1.0,35,5,1,2,2,0
57.34790625,1.463101442018666,55.259,60.16,1.64415625,0.0858494967295072,1.516,1.814,85.70465625,10.569383635123256,65.826,106.23,15.6904375,0.5132731736672512,14.809,16.736,150,124,6,0.8266666666666667,0.0483870967741935,0.0,0.0,0.0,36,5,1,2,2,0
57.0274375,1.491566786918611,54.275,59.489,1.617193548387097,0.1010859104441493,1.465,1.835,84.09222580645161,11.378792149461436,65.756,104.002,15.78915625,0.3836931829852533,15.219,16.474,240,217,7,0.9041666666666668,0.032258064516129,0.0,0.0,0.0,37,5,1,2,2,0
56.899875,1.2321831595626025,54.518,59.718,1.61490625,0.0859539859553522,1.491,1.78,85.97703125,10.493353572263745,67.571,103.099,15.78741935483871,0.519887793932085,14.764,16.641,217,197,7,0.9078341013824884,0.0355329949238578,0.0,0.0,0.0,38,5,1,2,2,0
57.51709375,1.3974582308807852,55.166,59.995,1.66140625,0.0994915653338545,1.479,1.827,87.78890625,11.262154636455833,65.84,103.796,15.75796875,0.5398878906549086,14.868,16.623,133,120,6,0.9022556390977444,0.05,0.0,0.0,0.0,39,5,1,2,2,0
56.8864375,1.3948373228653097,54.555,60.086,1.6398666666666666,0.0889431175579062,1.481,1.794,88.85621875,10.090215179566766,68.577,103.73,15.951580645161291,0.4632754957325458,15.106,16.739,141,123,4,0.8723404255319149,0.032520325203252,0.0,0.0,0.0,40,5,1,2,2,0
46.546290322580646,5.246516470913808,36.546,55.249,0.96225,0.2883028201891758,0.511,1.438,85.19134375,8.062099900987835,71.152,99.746,12.0938125,2.047799281959428,8.198,15.016,184,165,3,0.8967391304347826,0.0181818181818181,0.0,0.0,0.0,41,5,1,2,2,0
45.5565,6.390472505121173,34.575,54.893,1.08359375,0.2621586394108383,0.615,1.518,86.28070967741937,8.669019829998271,70.889,99.941,11.38153125,1.8755451161896648,8.457,14.642,204,202,2,0.9901960784313726,0.0099009900990099,0.0,0.0,0.0,42,5,1,2,2,0
45.25040625,5.604156768658565,35.242,55.785,0.9158709677419354,0.2880440639827506,0.51,1.495,88.869625,7.902379873259088,76.786,101.248,11.840129032258064,2.128265549564332,8.191,14.591,190,177,3,0.9315789473684212,0.0169491525423728,1.0,0.0,1.0,43,5,1,2,2,0
44.93922580645161,6.67860808706763,34.947,54.976,0.8991875,0.3055910653038605,0.493,1.462,82.0353870967742,8.67628050367752,71.405,98.249,11.333612903225806,1.996822887779808,8.451,14.975,246,241,6,0.9796747967479674,0.0248962655601659,0.0,0.0,0.0,1,6,1,2,3,0
46.393875,4.783778987706875,39.521,54.589,1.00328125,0.326880291235778,0.505,1.505,86.41428125,8.93715677611887,69.739,99.462,11.285,1.9981650893101728,8.131,14.542,121,110,1,0.9090909090909092,0.009090909090909,0.0,0.0,0.0,2,6,1,2,3,0
45.04015625,6.024503181815212,35.684,55.247,0.9905333333333334,0.3310147130111969,0.506,1.5,85.26334375,9.178139050287443,70.286,99.944,11.39859375,2.198890025846252,8.084,14.758,124,114,2,0.9193548387096774,0.0175438596491228,0.0,0.0,0.0,3,6,1,2,3,0
44.2323125,5.3073548203899215,35.818,53.561,1.00984375,0.2895656490693738,0.55,1.528,85.1798125,8.290466181831803,70.146,98.433,11.4225625,1.783772134614117,7.915,14.523,197,180,3,0.9137055837563453,0.0166666666666666,0.0,0.0,0.0,4,6,1,2,3,0
45.02764516129032,5.688824943392014,35.474,54.026,0.93975,0.2554856223465548,0.525,1.395,85.813,9.162792717676028,71.646,101.093,11.41175,1.8729955307113035,8.168,14.976,121,112,1,0.9256198347107438,0.0089285714285714,0.0,0.0,0.0,5,6,1,2,3,0
42.96040625,6.031766808293992,35.647,55.611,1.0045625,0.2721637241476818,0.54,1.471,85.9744375,8.265098586292185,70.854,97.969,10.75183870967742,2.054174677687273,8.064,14.284,201,186,5,0.9253731343283582,0.0268817204301075,0.0,0.0,0.0,6,6,1,2,3,0
44.47371875,5.912335220287873,35.093,53.171,0.9513225806451612,0.2579430669865961,0.552,1.43,86.449375,7.198241204313999,70.328,97.87,11.5225625,2.313960937823756,8.013,15.139,239,228,2,0.9539748953974896,0.0087719298245614,0.0,0.0,0.0,7,6,1,2,3,0
46.20012903225806,6.041833324093692,35.443,54.817,1.04584375,0.2978758248942864,0.515,1.497,83.9645,8.692918745886255,69.16,98.412,11.85325806451613,2.075260641746669,8.099,15.102,152,144,2,0.9473684210526316,0.0138888888888888,0.0,0.0,0.0,8,6,1,2,3,0
44.0401875,6.224315857923145,35.062,54.714,1.0585,0.2929964218651936,0.528,1.493,84.95028125,9.999153771402518,69.441,101.052,11.31175,2.027702990912337,8.04,15.08,244,222,4,0.9098360655737704,0.018018018018018,0.0,0.0,0.0,9,6,1,2,3,0
45.01446875,6.348075410574986,35.408,54.947,1.06446875,0.280023269122407,0.556,1.465,86.38793749999999,9.209823170651944,69.986,98.461,11.872,1.5654823111957112,8.75,14.527,201,186,4,0.9253731343283582,0.021505376344086,0.0,0.0,0.0,10,6,1,2,3,0
48.0381875,6.327069216227643,34.86,55.617,1.01840625,0.2900398036504867,0.585,1.488,86.92603225806451,8.858549800367522,70.703,100.117,11.809612903225808,2.1570832262945463,8.07,15.023,223,209,4,0.937219730941704,0.0191387559808612,0.0,0.0,0.0,11,6,1,2,3,0
47.76203125,5.869430985688999,36.436,55.358,0.92590625,0.2512676711006065,0.532,1.4,83.12184375,9.250459720430902,70.267,98.274,11.84653125,2.212892428975647,8.22,15.02,228,219,4,0.9605263157894736,0.0182648401826484,0.0,0.0,0.0,12,6,1,2,3,0
42.987375,5.628676649318261,35.285,53.526,0.8416875,0.2380214733468254,0.517,1.422,84.93403225806452,8.684388708035703,70.399,100.781,11.8631875,1.87923341332954,8.63,15.028,191,180,2,0.9424083769633508,0.0111111111111111,0.0,0.0,0.0,13,6,1,2,3,0
47.3145625,5.483378149594611,36.139,55.235,0.928741935483871,0.2793834840909457,0.575,1.386,86.03677419354838,8.614407345486892,69.77,100.039,12.04159375,1.966542321081557,8.529,14.762,186,168,3,0.9032258064516128,0.0178571428571428,0.0,0.0,0.0,14,6,1,2,3,0
44.65334375,5.615424435223185,35.11,53.254,1.03196875,0.3141328550229006,0.512,1.631,84.65321875,7.897690045030827,70.583,98.634,11.4358125,1.9028987469460985,8.455,14.935,186,181,2,0.9731182795698924,0.011049723756906,2.0,0.0,1.0,15,6,1,2,3,0
43.74121875,5.558427996233693,34.979,54.383,0.9534375,0.2837468132548066,0.547,1.394,85.94626666666666,8.017968411242224,72.403,97.954,12.039354838709675,2.1382146220369163,8.29,15.193,179,167,4,0.9329608938547486,0.0239520958083832,0.0,0.0,0.0,16,6,1,2,3,0
46.32671875,6.304739733874444,35.862,54.905,0.9785625,0.3024860367345158,0.506,1.534,87.14975,8.314213826236799,72.705,99.896,11.232125,1.9767737767676223,8.041,14.864,238,232,5,0.9747899159663864,0.021551724137931,0.0,0.0,0.0,17,6,1,2,3,0
57.1004375,1.341949807664327,54.967,60.025,1.6325,0.0909498266504227,1.482,1.809,88.11990625,10.19687928022312,66.195,104.635,15.78325806451613,0.4668517943089241,15.038,16.509,150,121,5,0.8066666666666666,0.0413223140495867,0.0,0.0,0.0,18,6,1,2,3,0
47.38909375,5.948036972786659,35.435,54.72,0.8861,0.2847823548873286,0.518,1.46,86.5365,9.551362203135415,70.206,100.077,11.301,2.1969343185448214,8.051,15.008,187,171,1,0.9144385026737968,0.0058479532163742,0.0,0.0,0.0,19,6,1,2,3,0
43.78423333333333,5.554409038886529,35.51,54.349,1.0529354838709677,0.284180686123444,0.58,1.474,87.85540625,6.627175517953797,75.861,98.394,11.380322580645162,1.8624935684380544,7.894,14.017,220,210,4,0.9545454545454546,0.019047619047619,0.0,0.0,0.0,20,6,1,2,3,0
43.8245625,5.835803960632631,34.674,53.104,0.9932258064516128,0.269849675396929,0.507,1.516,85.33309677419355,9.756451295954005,71.125,100.593,11.368,1.8407719757391647,8.835,14.638,130,129,2,0.9923076923076924,0.0155038759689922,0.0,0.0,0.0,1,7,1,2,4,0
45.56671875,5.937958214492286,35.885,54.646,0.96965625,0.304569988712272,0.55,1.507,84.67959375,7.93874389942167,69.34,96.175,11.53371875,2.111918547341454,8.532,14.798,130,122,1,0.9384615384615383,0.0081967213114754,1.0,1.0,0.0,2,7,1,2,4,0
45.305290322580646,6.378877368281184,34.519,54.059,1.07534375,0.3013922114470905,0.51,1.498,85.81209375,9.889465579218138,70.036,99.913,11.28416129032258,1.692573919543333,8.546,14.655,147,133,2,0.9047619047619048,0.0150375939849624,0.0,0.0,0.0,3,7,1,2,4,0
47.41378125,5.973637465021465,34.981,54.911,0.9306129032258064,0.3006862902782405,0.536,1.48,85.00375,9.186474658167914,69.669,100.755,11.62859375,2.096008524043474,7.899,15.178,130,118,3,0.9076923076923076,0.0254237288135593,0.0,0.0,0.0,4,7,1,2,4,0
44.59821875,5.502796442949743,35.554,53.21,1.05784375,0.2610364094459844,0.514,1.448,85.23084375,8.2754540353341,69.739,98.045,11.401645161290324,2.198780488488821,8.128,14.823,247,237,2,0.9595141700404858,0.0084388185654008,0.0,0.0,0.0,5,7,1,2,4,0
44.6036875,6.131227496094968,35.243,54.872,1.06690625,0.2737687226621487,0.522,1.437,85.14903333333334,9.10282827774,68.801,97.729,10.6565625,1.6346682989465002,8.234,14.204,173,163,2,0.9421965317919077,0.0122699386503067,0.0,0.0,0.0,6,7,1,2,4,0
45.33946875,5.349324979932272,35.186,55.249,1.003322580645161,0.2684574934816527,0.552,1.463,83.15428125,8.885392035696805,69.344,100.117,11.10240625,2.1447283136366053,8.114,14.869,240,230,2,0.9583333333333334,0.008695652173913,0.0,0.0,0.0,7,7,1,2,4,0
44.70478125,5.806489571518511,36.133,55.251,0.91865625,0.2538519519485019,0.573,1.473,83.45622580645161,8.483949707966909,69.973,99.723,11.673935483870968,1.879983775381832,8.764,15.142,163,156,3,0.9570552147239264,0.0192307692307692,0.0,0.0,0.0,8,7,1,2,4,0
44.35948387096774,5.771101719608182,35.991,54.348,0.94425,0.3209964324995207,0.507,1.422,83.8186551724138,8.428655287071349,70.287,97.829,11.3993125,2.054815389831973,8.299,15.011,228,217,4,0.9517543859649122,0.0184331797235023,2.0,0.0,1.0,9,7,1,2,4,0
44.17609677419355,5.503313143642586,35.522,54.422,1.041,0.292748267948927,0.515,1.507,83.11316129032258,8.228545991837494,70.736,98.855,11.9539375,2.1546524596264223,8.169,15.019,120,118,1,0.9833333333333332,0.0084745762711864,0.0,0.0,0.0,10,7,1,2,4,0
44.371875,5.414130965621649,35.387,54.827,1.0968709677419357,0.2712437700587775,0.565,1.505,80.26625,8.723629996886654,69.161,98.34,11.1589375,1.7907598664236215,8.13,14.898,137,130,3,0.948905109489051,0.023076923076923,0.0,0.0,0.0,11,7,1,2,4,0
44.6824375,6.253708344693084,34.977,55.128,1.1001666666666667,0.2725620566268233,0.494,1.517,85.56390625,8.815236872595072,69.026,99.21,11.575645161290325,1.8032144177992644,8.148,14.244,194,183,3,0.9432989690721648,0.0163934426229508,0.0,0.0,0.0,12,7,1,2,4,0
44.835,5.061176128134646,35.283,53.239,1.0349354838709677,0.2673402246182282,0.573,1.488,86.05834375,9.679393748042134,69.239,99.285,11.853967741935485,1.864305384209196,8.933,14.594,194,178,1,0.9175257731958762,0.0056179775280898,0.0,0.0,0.0,13,7,1,2,4,0
44.5063125,5.846224888556772,35.637,55.275,0.9524193548387097,0.3202176108204698,0.512,1.482,86.69348387096774,9.042976360583085,70.028,100.567,11.56340625,2.119084660267029,8.071,14.979,162,155,2,0.9567901234567902,0.0129032258064516,0.0,0.0,0.0,14,7,1,2,4,0
43.144625,5.380445662977934,35.442,53.301,1.0128125,0.3017904033938871,0.517,1.501,84.7210625,9.83074846997108,70.549,99.783,10.921333333333331,1.8983796962842727,8.095,14.949,157,156,4,0.9936305732484076,0.0256410256410256,0.0,0.0,0.0,15,7,1,2,4,0
44.48696875,6.0558833269771375,35.47,54.601,1.06340625,0.2975893316002072,0.57,1.485,83.896,8.477150068880617,70.649,98.672,11.833290322580645,1.640631813124615,7.969,14.919,234,218,3,0.9316239316239316,0.0137614678899082,0.0,0.0,0.0,16,7,1,2,4,0
45.30540625,5.9626685726322615,35.121,54.286,0.92665625,0.2755690428532063,0.508,1.433,83.5110625,7.591416799796057,72.14,99.436,10.98075,1.7741428098316725,8.078,14.657,234,231,2,0.9871794871794872,0.0086580086580086,0.0,0.0,0.0,17,7,1,2,4,0
47.52764516129032,4.8995508130738346,36.566,55.252,0.8951875,0.2690945915352971,0.521,1.439,85.62058064516128,9.696452518917054,68.919,101.221,11.18478125,1.9836055593592616,8.235,15.252,155,142,3,0.9161290322580644,0.0211267605633802,0.0,0.0,0.0,18,7,1,2,4,0
45.44721875,6.139913253219175,35.672,53.961,0.9873125,0.2826298659537457,0.493,1.405,82.288625,8.062492821702232,70.524,99.641,11.584709677419356,2.1935926269257986,7.956,15.263,212,203,4,0.9575471698113208,0.0197044334975369,0.0,0.0,0.0,19,7,1,2,4,0
46.08375,5.18117806382219,37.127,54.723,0.9586129032258064,0.3268673204241903,0.503,1.49,85.65421875,8.826863643974258,69.098,100.457,11.5264375,1.8819802360468527,8.125,14.897,166,162,3,0.9759036144578314,0.0185185185185185,0.0,0.0,0.0,20,7,1,2,4,0
45.03593548387097,5.624438330094149,35.399,55.491,1.0194838709677418,0.2858398002340637,0.517,1.497,86.013,8.983393790767495,70.77,100.643,12.3175,2.0622361180164632,8.098,14.898,149,140,3,0.9395973154362416,0.0214285714285714,0.0,0.0,0.0,21,7,1,2,4,0
46.82440625,5.536086161804873,36.789,54.439,0.9986129032258064,0.3130400056882352,0.56,1.457,86.7653125,8.647514956994964,69.935,101.187,11.07284375,1.8836455236241647,8.17,14.793,148,134,3,0.9054054054054054,0.0223880597014925,0.0,0.0,0.0,22,7,1,2,4,0
45.7038125,6.287541493161364,35.257,54.211,1.0501875,0.3363045314937428,0.497,1.511,83.96203225806451,9.021797989624432,70.863,98.213,11.57332258064516,1.9299509905193064,8.016,14.959,181,172,1,0.9502762430939228,0.005813953488372,0.0,0.0,0.0,23,7,1,2,4,0
44.21840625,4.661218156298289,35.34,53.587,1.0686129032258065,0.3297857564560518,0.513,1.507,83.45273333333333,9.526280248591924,69.087,100.911,12.129032258064516,1.81062117303926,8.324,15.138,200,182,2,0.91,0.0109890109890109,0.0,0.0,0.0,24,7,1,2,4,0
57.273625,1.4192199299888002,55.029,59.671,1.67115625,0.0815491576962493,1.478,1.777,87.63725,11.26659843047352,68.899,103.511,15.930625,0.508937904191249,14.919,16.712,245,220,7,0.8979591836734694,0.0318181818181818,2.0,0.0,1.0,25,7,1,2,4,0
57.87340625,1.845763900942968,55.257,65.544,1.6280625,0.0962359122492825,1.469,1.791,88.07051612903226,11.144229409193404,65.941,103.51,15.886709677419354,0.4140894584143538,14.804,16.509,222,189,8,0.8513513513513513,0.0423280423280423,5.0,0.0,1.0,26,7,1,2,4,0
57.10103125,1.2992484051738418,55.209,59.707,1.6389677419354838,0.0855451085182423,1.501,1.82,84.48932258064515,10.69505487405931,67.986,101.075,15.771290322580644,0.5136108899123532,14.896,16.645,246,226,6,0.91869918699187,0.0265486725663716,5.0,0.0,1.0,27,7,1,2,4,0
57.09278125,1.1939127253556387,55.073,59.16,1.6255666666666668,0.0721816116297721,1.481,1.809,85.8654375,11.16914679196598,70.295,105.304,15.7049375,0.4613667589784966,14.974,16.528,244,223,9,0.9139344262295082,0.0403587443946188,0.0,0.0,0.0,28,7,1,2,4,0
57.29825,1.4857663820182094,54.642,59.884,1.627451612903226,0.0789868506819024,1.502,1.776,83.5634,12.68838062980838,65.397,104.642,15.8249375,0.4126985103969612,14.951,16.39,217,176,5,0.8110599078341014,0.0284090909090909,0.0,0.0,0.0,29,7,1,2,4,0
56.91709375,1.4616922000549957,54.654,60.09,1.6530625,0.0901264121181483,1.485,1.795,86.70353125,11.266315406453948,68.917,104.144,15.7944375,0.517873999963997,14.943,16.747,219,185,4,0.8447488584474886,0.0216216216216216,0.0,0.0,0.0,30,7,1,2,4,0
57.26659375,1.3352074831970802,54.747,59.067,1.64778125,0.0809793818342549,1.495,1.795,83.56853124999999,12.31868155121652,66.848,104.571,15.79903125,0.4254605462452312,15.165,16.78,144,127,3,0.8819444444444444,0.0236220472440944,2.0,0.0,1.0,31,7,1,2,4,0
57.04435483870968,1.4742412635745243,54.874,60.116,1.645225806451613,0.0947754221576527,1.495,1.815,87.17309374999999,11.508350144805444,68.206,103.084,15.720933333333331,0.4755955202171006,14.898,16.546,239,200,9,0.8368200836820083,0.045,0.0,0.0,0.0,32,7,1,2,4,0
56.64584375,1.4718164793859114,54.31,59.842,1.65640625,0.0906801750837844,1.502,1.831,84.5050625,10.047629208208525,65.904,105.695,15.71796875,0.4998214832527385,14.916,16.656,158,130,3,0.8227848101265823,0.023076923076923,0.0,0.0,0.0,33,7,1,2,4,0
57.41864516129032,1.3682644371218866,55.279,60.072,1.6546875,0.0866339862908614,1.528,1.788,85.58329032258064,11.991533844602056,66.196,102.106,15.7226875,0.5068442171751305,14.933,16.754,213,191,10,0.8967136150234741,0.0523560209424083,0.0,0.0,0.0,34,7,1,2,4,0
57.2521935483871,1.4084721135413552,54.389,59.4,1.6196875,0.0833103167138845,1.475,1.8,83.46464516129032,13.417030621684736,66.003,104.933,15.84290322580645,0.4856794796872186,15.095,16.765,156,127,3,0.8141025641025641,0.0236220472440944,0.0,0.0,0.0,35,7,1,2,4,0
45.01225,6.064442037467788,34.734,55.141,1.0584375,0.2874133740462423,0.513,1.472,84.4389375,8.799903027095828,68.856,99.122,11.7175,1.865834276774628,8.998,15.072,181,167,2,0.9226519337016574,0.0119760479041916,0.0,0.0,0.0,36,7,1,2,4,0
44.2540625,6.17087228077564,35.243,54.394,1.0506774193548387,0.2832774125713491,0.572,1.486,83.3709375,8.286103216355487,71.466,97.456,11.1328,1.7310508349275735,8.302,14.571,240,233,6,0.9708333333333332,0.0257510729613733,0.0,0.0,0.0,37,7,1,2,4,0
46.5966875,5.890671342634513,35.134,54.583,1.01009375,0.3146623750661302,0.521,1.484,84.824,9.385117738619048,70.121,100.318,12.1558125,1.9877942133624944,8.282,15.011,160,147,3,0.91875,0.0204081632653061,1.0,1.0,0.0,38,7,1,2,4,0
44.68,5.39492875375241,35.043,52.847,1.0164375,0.3028704543146693,0.54,1.497,86.08253125,8.80223339321728,70.753,100.996,11.629774193548387,2.0169596213059138,8.051,14.737,142,141,1,0.9929577464788732,0.0070921985815602,0.0,0.0,0.0,39,7,1,2,4,0
44.984375,5.918573126593831,35.034,55.327,1.018,0.3198053843683182,0.514,1.491,85.08596875,8.885198189683766,70.487,101.011,11.914625,2.2597192339158045,8.251,14.947,175,174,2,0.9942857142857144,0.0114942528735632,0.0,0.0,0.0,1,8,1,3,4,0
45.16671875,6.877111031832572,35.778,54.996,1.051625,0.2927678536469335,0.526,1.502,83.0723870967742,8.053770569025085,71.221,98.858,11.536032258064516,2.073112144962592,8.03,14.81,135,122,3,0.9037037037037036,0.0245901639344262,0.0,0.0,0.0,2,8,1,3,4,0
44.38590625,5.347900410196418,35.883,55.105,0.9408125,0.2674012856750041,0.513,1.449,83.70828125,9.094217192133785,71.052,100.325,11.60875,1.933219143828375,8.154,14.906,200,180,2,0.9,0.0111111111111111,0.0,0.0,0.0,3,8,1,3,4,0
45.235,5.974642745427031,35.21,55.324,0.9197741935483872,0.3160344611670717,0.512,1.461,87.54238709677419,8.734405446956764,71.273,100.83,10.8305625,2.0318579918866253,8.146,15.116,246,222,3,0.902439024390244,0.0135135135135135,0.0,0.0,0.0,4,8,1,3,4,0
44.91975,5.31282498209028,35.808,53.81,1.0435625,0.2684791020280841,0.51,1.486,85.76625,8.366073461384993,72.53,100.677,11.58,2.122531142672094,8.201,14.996,126,116,3,0.9206349206349206,0.0258620689655172,0.0,0.0,0.0,5,8,1,3,4,0
46.44259375,4.362741139351718,34.768,55.377,1.0333548387096774,0.2984330799790908,0.574,1.509,84.78203225806452,9.048125711931986,70.585,100.64,11.81109677419355,1.7273406024838434,8.255,14.397,192,179,1,0.9322916666666666,0.0055865921787709,1.0,0.0,1.0,6,8,1,3,4,0
45.370612903225805,6.059883319434564,35.679,54.523,0.99003125,0.2690716998071272,0.512,1.379,84.81321875,9.30036495896584,70.87,99.305,11.906774193548388,1.6212859651046023,8.639,14.481,171,162,4,0.9473684210526316,0.0246913580246913,0.0,0.0,0.0,7,8,1,3,4,0
45.0675625,5.2854924141922535,36.989,53.48,0.9129666666666666,0.3057195563362553,0.496,1.478,85.3175,8.115898813340829,73.364,99.773,11.12667741935484,2.0022747295196823,8.207,14.926,158,157,3,0.9936708860759492,0.019108280254777,0.0,0.0,0.0,8,8,1,3,4,0
44.40734375,4.282616750640069,36.491,51.607,0.8766129032258064,0.258399003793146,0.499,1.392,85.133625,8.525300765671629,70.695,100.282,11.79728125,1.9730974377845447,7.986,14.791,196,182,4,0.9285714285714286,0.0219780219780219,0.0,0.0,0.0,9,8,1,3,4,0
44.8873125,6.6312587596853145,35.627,54.737,1.0829375,0.2795976299567279,0.527,1.442,85.19003125,7.966760646118366,70.893,98.836,11.60821875,2.3181792735147178,8.31,15.176,221,216,2,0.9773755656108596,0.0092592592592592,0.0,0.0,0.0,10,8,1,3,4,0
45.0725625,6.411997398715086,34.626,55.424,0.9758125,0.2721960201529346,0.518,1.508,81.03215625,8.794100456883926,70.999,100.74,11.924875,1.882097110209265,8.25,15.046,125,123,2,0.984,0.016260162601626,0.0,0.0,0.0,11,8,1,3,4,0
44.33603225806451,6.046286686795849,35.288,54.544,1.1251724137931036,0.3341208152926463,0.601,1.524,87.9873125,9.278503165703382,69.819,100.843,11.43953125,1.8638789761413188,8.744,14.594,241,219,4,0.908713692946058,0.0182648401826484,0.0,0.0,0.0,12,8,1,3,4,0
46.687375,5.924191605393882,35.791,54.755,0.963483870967742,0.2997285295026976,0.508,1.503,85.2078125,9.107844946891271,69.758,99.917,10.91759375,2.059875643903479,7.895,14.567,240,235,6,0.9791666666666666,0.025531914893617,0.0,0.0,0.0,13,8,1,3,4,0
45.12387096774193,5.787942620896966,35.63,55.191,0.91421875,0.2998601538970479,0.506,1.497,85.524625,6.945308691669555,72.261,96.534,11.378125,1.8070108761298624,8.167,14.4,177,167,4,0.943502824858757,0.0239520958083832,0.0,0.0,0.0,14,8,1,3,4,0
45.62484375,5.818356796683069,34.95,54.624,0.9485,0.2822293736570286,0.57,1.496,84.33353125000001,8.59714611681287,68.885,100.54,11.462033333333332,1.5519431753579862,8.346,14.036,172,170,2,0.9883720930232558,0.0117647058823529,0.0,0.0,0.0,15,8,1,3,4,0
43.57528125,6.363726709093046,34.655,53.803,1.094548387096774,0.2853175819690142,0.53,1.444,83.38006666666666,8.710441221388521,69.679,99.079,11.13378125,1.7884234674684674,8.103,14.461,158,154,3,0.9746835443037974,0.0194805194805194,0.0,0.0,0.0,16,8,1,3,4,0
57.17309375,1.4483702600793271,54.91,59.663,1.66003125,0.0916333804423384,1.479,1.819,87.5154375,10.16811307054178,68.581,103.02,15.727375,0.464025704933153,14.937,16.638,134,126,7,0.9402985074626866,0.0555555555555555,0.0,0.0,0.0,17,8,1,3,4,0
57.790375,1.4274851730770577,54.717,60.065,1.62540625,0.1048217717396779,1.469,1.809,85.6539375,12.271822479310464,65.857,105.206,15.820125,0.5362061321255399,14.922,16.676,152,133,5,0.875,0.037593984962406,0.0,0.0,0.0,18,8,1,3,4,0
55.56735483870968,4.960081656239052,45.967,63.833,1.79915625,0.4118904575150235,1.135,2.504,107.5423870967742,12.661903368444577,91.624,130.51,22.70284375,3.4004980195921304,15.997,27.543,83,79,1,0.9518072289156626,0.0126582278481012,0.0,0.0,0.0,-1,0,0,0,0,0
53.3775625,5.730232523219393,46.008,63.919,1.771,0.4067268243888265,1.064,2.503,110.6549375,13.29195438659502,90.439,130.265,20.380966666666662,2.985333314531323,15.81,25.676,126,120,2,0.9523809523809524,0.0166666666666666,0.0,0.0,0.0,-1,0,0,0,0,0
55.6406875,5.204643091091372,44.975,64.115,1.73275,0.4504762354549654,1.012,2.495,110.22778125,10.005231205061376,92.147,131.562,21.805,3.553405236416689,15.265,27.38,178,174,2,0.9775280898876404,0.0114942528735632,0.0,0.0,0.0,-1,0,0,0,0,0
56.20325,5.966679792140308,44.499,65.179,1.78196875,0.4424468245341157,1.031,2.504,110.16709375,9.778501073732716,92.825,127.477,20.64409375,3.974565160710524,15.028,27.662,94,86,1,0.9148936170212766,0.0116279069767441,0.0,0.0,0.0,-1,0,0,0,0,0
56.82,6.359864296246159,45.63,65.725,1.67803125,0.4476755366207871,0.989,2.474,108.534,11.89073193981414,91.103,128.053,20.40838709677419,3.420017686868684,15.181,28.076,118,116,2,0.9830508474576272,0.0172413793103448,0.0,0.0,0.0,-1,0,0,0,0,0
54.22146875,5.816765934303684,46.122,63.692,1.7320967741935485,0.4301778976841022,1.019,2.538,109.53943333333332,11.725528061583768,91.926,129.509,21.64235483870968,3.796455061838497,15.598,28.285,140,139,1,0.9928571428571428,0.0071942446043165,0.0,0.0,0.0,-1,0,0,0,0,0
56.9964,5.778262211020743,45.267,65.7,1.8301290322580648,0.4099963204660488,1.122,2.482,111.8911875,11.856530957696124,90.999,130.409,21.4759375,4.220074582260213,15.321,27.477,165,156,3,0.9454545454545454,0.0192307692307692,1.0,1.0,0.0,-1,0,0,0,0,0
53.74384375,5.766929244431759,44.949,63.801,1.7522666666666666,0.4972540413201237,0.994,2.492,111.85303125,10.331658132806442,91.318,130.361,22.661375,3.5952571871752768,15.502,28.463,89,84,2,0.9438202247191012,0.0238095238095238,0.0,0.0,0.0,-1,0,0,0,0,0
55.13553125,6.258756286759892,44.409,64.222,1.6743225806451612,0.4431637309991852,1.039,2.461,111.72809375,10.57774270193536,92.521,129.38,22.237,3.722330669473526,15.045,28.128,104,96,2,0.9230769230769232,0.0208333333333333,0.0,0.0,0.0,-1,0,0,0,0,0
54.753625,5.755752195735122,45.339,65.169,1.83284375,0.4216004919332841,1.053,2.473,111.80378125,11.995918356202225,89.341,129.79,20.49358064516129,3.593803850835431,15.456,27.572,165,160,2,0.9696969696969696,0.0125,0.0,0.0,0.0,-1,0,0,0,0,0
55.49464516129032,5.275300216091258,46.271,64.686,1.6739375,0.3740808035446956,1.031,2.449,111.39403333333333,12.271388096969176,93.507,130.271,22.282096774193548,3.6479397140014873,15.553,27.0,163,155,3,0.950920245398773,0.0193548387096774,0.0,0.0,0.0,-1,0,0,0,0,0
56.12553125,5.695082751583072,45.033,64.586,1.612625,0.406731325284569,1.009,2.491,111.5809375,11.462303582409714,89.473,130.906,20.89290322580645,3.825082137286629,15.206,27.211,113,103,1,0.911504424778761,0.0097087378640776,0.0,0.0,0.0,-1,0,0,0,0,0
54.932,5.187192546660381,45.181,64.945,1.72221875,0.5057149990679118,1.011,2.478,110.77465625,11.237507534489204,92.218,129.171,21.0583125,3.6197752776220606,15.19,27.168,102,100,1,0.9803921568627452,0.01,0.0,0.0,0.0,-1,0,0,0,0,0
56.04861290322581,5.463579105784165,45.903,64.386,1.77590625,0.5093580627502716,1.042,2.516,108.3196875,10.89255951270881,90.319,128.745,21.84470967741936,3.4674906122780715,15.349,27.516,162,154,3,0.9506172839506172,0.0194805194805194,0.0,0.0,0.0,-1,0,0,0,0,0
55.04970967741935,6.1939664577369085,45.692,64.79,1.855875,0.4606895077822427,1.047,2.519,106.2265625,10.387470560301434,92.355,128.535,20.44125,3.4565496034760343,14.896,26.912,174,168,2,0.9655172413793104,0.0119047619047619,0.0,0.0,0.0,-1,0,0,0,0,0
55.407375,4.869719192738841,45.048,64.383,1.722225806451613,0.525747766498817,1.003,2.482,109.42770967741936,12.503939299792815,89.043,130.205,21.6184375,3.713757951859544,15.227,28.086,154,147,2,0.9545454545454546,0.0136054421768707,0.0,0.0,0.0,-1,0,0,0,0,0
55.0216875,5.198046056204134,44.849,63.373,1.715625,0.4904043591607552,0.991,2.415,110.4531875,10.68963605233834,90.901,130.283,21.670066666666667,4.057514586060284,14.967,28.105,104,101,1,0.971153846153846,0.0099009900990099,0.0,0.0,0.0,-1,0,0,0,0,0
53.2333125,5.635434124374206,44.957,63.534,1.69241935483871,0.442094166001886,1.036,2.457,107.14451612903224,10.451758865922892,92.435,130.644,22.11629032258065,4.001473546862026,15.005,28.073,134,131,2,0.9776119402985076,0.015267175572519,0.0,0.0,0.0,-1,0,0,0,0,0
55.08825806451613,6.82303708020479,46.099,64.222,1.7379666666666664,0.4312776914314451,1.103,2.497,113.55238709677418,11.527658260830544,91.607,132.178,22.8738125,3.88680449592157,15.072,28.845,149,141,1,0.9463087248322148,0.0070921985815602,0.0,0.0,0.0,-1,0,0,0,0,0
56.159125,5.682821690935564,44.788,64.249,1.7146875,0.3951275365768505,1.004,2.509,109.996875,12.503379681819712,90.348,131.382,22.06553125,3.776002289368283,15.494,27.323,131,127,3,0.9694656488549618,0.0236220472440944,0.0,0.0,0.0,-1,0,0,0,0,0
56.495125,5.519585718149506,45.675,63.774,1.7269375,0.3777979437349052,1.03,2.48,108.6764375,11.038638876873918,88.383,126.653,20.72971875,3.617550260340375,15.357,27.194,124,114,1,0.9193548387096774,0.0087719298245614,0.0,0.0,0.0,-1,0,0,0,0,0
53.96578125,6.163729745045581,45.593,65.0,1.886935483870968,0.4427358080152596,1.136,2.524,106.8506875,12.126281411336931,90.607,131.477,20.321322580645163,3.5842119764981977,15.649,26.991,128,120,2,0.9375,0.0166666666666666,1.0,0.0,1.0,-1,0,0,0,0,0
54.92761290322581,4.771073140481915,45.554,63.991,1.7950645161290322,0.4043791896626952,1.016,2.475,111.4716129032258,12.197808419759728,92.265,130.807,20.9493125,4.255153804411016,15.131,27.73,173,164,3,0.9479768786127168,0.0182926829268292,0.0,0.0,0.0,-1,0,0,0,0,0
57.3354375,4.979014580167056,46.765,64.528,1.74540625,0.3894991705134238,1.097,2.532,111.9535,12.969042424919229,89.759,132.295,21.8005625,3.3164812477889094,15.129,27.864,104,94,2,0.903846153846154,0.0212765957446808,0.0,0.0,0.0,-1,0,0,0,0,0
54.1330625,6.313316714014245,44.95,65.083,1.7195,0.3879620866079072,1.045,2.493,105.45564516129032,10.331228218523965,91.541,130.044,20.77425,3.7889902902164896,15.612,27.282,175,166,4,0.9485714285714286,0.0240963855421686,0.0,0.0,0.0,-1,0,0,0,0,0
54.5236875,5.66395144432839,45.51,64.707,1.696774193548387,0.3839646433095474,1.06,2.283,109.898125,10.676228719041676,91.899,130.62,21.7266875,3.8568099005358,14.955,27.09,140,132,2,0.9428571428571428,0.0151515151515151,0.0,0.0,0.0,-1,0,0,0,0,0
55.15503125,5.639695115783471,45.163,64.34,1.71975,0.4236371697725581,1.05,2.422,110.9218125,11.59733230848315,90.508,131.126,21.87546875,3.908622568896708,15.489,27.892,134,124,2,0.9253731343283582,0.0161290322580645,0.0,0.0,0.0,-1,0,0,0,0,0
56.148,5.663687485493293,44.51,64.055,1.907875,0.4548386988103408,1.023,2.489,108.73209375,12.372374334312184,90.267,130.485,22.01021875,3.50275009684211,15.089,27.669,105,98,2,0.9333333333333332,0.0204081632653061,0.0,0.0,0.0,1,1,1,0,0,0
54.88625806451613,5.236328529085636,46.843,64.077,1.76840625,0.4488280696310222,1.002,2.425,111.76309677419354,10.928464952757816,90.684,129.148,20.8749375,3.367528153844521,15.681,27.984,153,146,1,0.954248366013072,0.0068493150684931,0.0,0.0,0.0,2,1,1,0,0,0
54.15121875,5.141357870938032,45.169,64.039,1.7951875,0.4465219307911083,1.018,2.545,112.99503225806453,11.32374872405739,93.008,130.933,20.7979375,3.793032737903333,15.092,27.651,112,104,3,0.9285714285714286,0.0288461538461538,0.0,0.0,0.0,3,1,1,0,0,0
55.1688125,6.64545807269655,46.023,65.032,1.661875,0.4752378521635585,1.039,2.393,109.21184375,12.784919750992362,91.99,131.275,21.251375,3.402693731300579,15.536,26.871,81,77,0,0.9506172839506172,0.0,0.0,0.0,0.0,4,1,1,0,0,0
56.4648,5.68448441479691,45.872,63.24,1.7510967741935484,0.4262126507459792,1.008,2.457,110.36909375,9.083499699861228,93.134,127.238,22.07984375,3.678124689683985,14.986,27.546,114,111,1,0.9736842105263158,0.009009009009009,0.0,0.0,0.0,5,1,1,0,0,0
54.87470967741936,5.932299296751349,44.927,65.567,1.76078125,0.4394245308887229,0.981,2.389,107.6528125,11.278522379305006,91.027,128.594,20.8035625,3.775502110914008,15.177,27.936,163,162,3,0.9938650306748468,0.0185185185185185,0.0,0.0,0.0,6,1,1,0,0,0
52.16359375,6.029681331436128,44.725,63.548,1.72696875,0.4574395418804614,1.027,2.499,107.402125,11.758166042948549,88.685,128.546,20.9675625,4.024168605278571,15.168,27.881,171,169,3,0.9883040935672516,0.0177514792899408,0.0,0.0,0.0,7,1,1,0,0,0
55.09732258064516,5.837596796554196,44.607,64.511,1.66578125,0.4480431815576737,1.014,2.537,113.0325625,11.187504976931676,90.426,131.153,22.3409375,3.607303111453656,15.025,27.647,128,123,1,0.9609375,0.008130081300813,0.0,0.0,0.0,8,1,1,0,0,0
56.06196774193548,5.988230804302002,44.932,65.128,1.7166774193548386,0.4785757611285646,1.048,2.494,112.0516875,11.477261065977933,92.31,129.817,20.037096774193547,3.507885444298685,15.396,27.896,153,142,3,0.9281045751633988,0.0211267605633802,0.0,0.0,0.0,9,1,1,0,0,0
56.033,7.018300634769076,45.864,65.195,1.78978125,0.4377481036141012,1.106,2.487,107.88545161290322,11.840822938289126,90.62,132.495,22.7369375,3.66095364746277,14.835,27.572,154,144,1,0.935064935064935,0.0069444444444444,0.0,0.0,0.0,10,1,1,0,0,0
56.21754838709678,6.421257124264217,45.633,65.208,1.7825,0.4703728788538837,1.05,2.515,110.08878125,13.383203475744718,90.391,129.501,21.9865625,3.807942412290735,16.055,28.089,126,114,2,0.9047619047619048,0.0175438596491228,0.0,0.0,0.0,11,1,1,0,0,0
53.02709375,5.511878336590806,45.449,63.899,1.7088387096774196,0.4465904236004316,1.031,2.504,112.29725806451611,12.46412172589186,89.182,129.034,20.39553125,3.953136508780901,15.175,27.565,143,130,1,0.9090909090909092,0.0076923076923076,0.0,0.0,0.0,12,1,1,0,0,0
55.19428125,6.017277351493648,45.575,64.013,1.84315625,0.4216215325785331,1.038,2.467,109.81646875,12.640363525765707,90.428,130.338,21.10540625,3.428492275220989,15.843,26.535,87,81,1,0.9310344827586208,0.0123456790123456,0.0,0.0,0.0,13,1,1,0,0,0
55.18945161290323,6.147588127814623,46.073,65.312,1.6795625,0.5058020738423536,1.029,2.446,110.9054375,11.464647815975631,92.016,130.727,21.39565625,3.939599870048824,15.276,27.645,94,90,0,0.9574468085106383,0.0,0.0,0.0,0.0,14,1,1,0,0,0
55.76335483870968,6.1150847829957184,45.008,64.996,1.55796875,0.4038152311731435,1.026,2.517,110.47740625,12.6660551993708,89.897,128.379,22.3086875,4.354965911777259,15.085,28.316,134,129,2,0.9626865671641792,0.0155038759689922,0.0,0.0,0.0,15,1,1,0,0,0
55.24416129032258,5.150474418904044,45.769,62.332,1.7065,0.4456374195210938,1.009,2.363,110.376,10.933462253042704,91.362,127.351,21.2826875,3.933491237888856,14.781,28.006,133,129,2,0.9699248120300752,0.0155038759689922,0.0,0.0,0.0,16,1,1,0,0,0
55.954125,5.632871591911868,45.142,65.328,1.8399375,0.4380185544383458,1.022,2.468,107.68471875,12.72076206186075,90.806,127.385,21.61684375,3.438087757229489,15.438,27.498,116,111,1,0.956896551724138,0.009009009009009,0.0,0.0,0.0,17,1,1,0,0,0
55.126875,6.762239096392126,45.631,64.425,1.6543870967741936,0.475064113386769,1.001,2.504,110.5864375,11.795905320006106,90.702,128.057,21.55835483870968,3.438794852351494,15.734,27.519,103,101,2,0.9805825242718448,0.0198019801980198,0.0,0.0,0.0,18,1,1,0,0,0
54.7825,5.577564169466464,45.256,65.254,1.7656875,0.4063429695109388,1.073,2.456,111.17696875,12.122076925964125,89.771,128.447,21.73928125,3.521819161835168,14.919,27.665,107,104,1,0.97196261682243,0.0096153846153846,0.0,0.0,0.0,19,1,1,0,0,0
54.73134375,6.451401641200825,45.055,64.726,1.7267096774193549,0.4728663795441857,1.03,2.485,109.59878125,9.862170237291307,94.627,129.886,21.03690625,3.7403473994198415,15.047,27.464,125,113,3,0.904,0.0265486725663716,0.0,0.0,0.0,20,1,1,0,0,0
54.5015625,5.671479848627436,45.228,65.325,1.88896875,0.3837939202039082,1.255,2.531,108.2324375,12.47951126249768,90.767,129.166,21.453625,3.7013791392206863,15.395,28.346,119,115,1,0.9663865546218487,0.008695652173913,0.0,0.0,0.0,21,1,1,0,0,0
55.89134375,5.851402222954629,45.955,64.875,1.691875,0.4520958184193457,1.029,2.443,108.29671875,12.863919520677818,88.717,129.804,21.69503125,3.890931628090605,15.53,27.455,152,146,4,0.9605263157894736,0.0273972602739726,0.0,0.0,0.0,22,1,1,0,0,0
56.48084375,6.278106038162409,44.728,65.801,1.8600625,0.458427250885938,1.023,2.487,108.20284375,11.838394120905722,92.172,129.769,20.77721875,3.564782006947473,15.562,27.582,174,172,3,0.9885057471264368,0.0174418604651162,0.0,0.0,0.0,23,1,1,0,0,0
54.2415,5.802111056303338,45.86,65.626,1.5911875,0.4684763523828449,0.987,2.509,109.12996875,10.80387702060752,91.885,128.714,22.49453125,3.975115319766654,14.992,27.857,88,82,1,0.9318181818181818,0.0121951219512195,0.0,0.0,0.0,24,1,1,0,0,0
56.904625,5.557672045426586,45.376,63.613,1.6486129032258063,0.4483415868449231,1.012,2.422,110.00529032258063,11.280554552543206,90.951,129.796,21.05709375,3.9882873465523208,15.922,28.164,107,99,2,0.9252336448598132,0.0202020202020202,0.0,0.0,0.0,25,1,1,0,0,0
54.46009375,5.246468418078504,45.313,63.95,1.7020625,0.4213388749933302,1.024,2.529,108.958375,10.156291102150078,91.561,128.928,22.97740625,4.025763657144503,14.838,27.959,136,130,3,0.9558823529411764,0.023076923076923,0.0,0.0,0.0,26,1,1,0,0,0
55.185125,5.260784197338619,46.718,64.572,1.6944375,0.5155023192275978,0.994,2.417,111.8372258064516,10.990707671209284,89.196,131.8,21.2105,4.000738157696853,14.923,27.603,95,88,2,0.9263157894736842,0.0227272727272727,0.0,0.0,0.0,27,1,1,0,0,0
55.3125625,6.162371605349629,44.792,65.001,1.702625,0.4854573334296693,1.013,2.474,107.376625,10.344957692580971,90.663,126.534,21.55253125,4.318246746856167,15.052,28.019,97,94,1,0.9690721649484536,0.0106382978723404,0.0,0.0,0.0,28,1,1,0,0,0
54.171625,6.8642010636297295,45.303,65.088,1.87175,0.3908702449497745,1.024,2.459,111.88009375,12.440176973016088,93.05,129.734,21.81646875,3.883545229217632,14.965,27.938,133,122,2,0.9172932330827068,0.0163934426229508,0.0,0.0,0.0,29,1,1,0,0,0
56.42467741935484,5.2547156687245975,45.932,64.412,1.76459375,0.4961122960401788,1.039,2.527,107.012625,11.114562396882455,92.21,129.854,22.33159375,3.6397051534198,15.524,27.218,179,173,5,0.9664804469273744,0.0289017341040462,0.0,0.0,0.0,30,1,1,0,0,0
56.63903125,5.884566339076479,44.967,65.024,1.6922580645161291,0.4468454593213732,1.035,2.464,108.3455625,11.788962886168214,91.95,127.518,21.10625806451613,3.266822563978051,15.785,27.438,95,93,1,0.9789473684210528,0.010752688172043,0.0,0.0,0.0,31,1,1,0,0,0
54.39970967741936,5.4637125790287095,45.822,63.746,1.812,0.3794484962288328,1.131,2.535,107.7496875,11.60914505323004,91.656,128.848,20.98803225806452,4.1781444165552,15.119,27.765,168,158,2,0.9404761904761904,0.0126582278481012,0.0,0.0,0.0,32,1,1,0,0,0
53.95086666666667,5.338774060059839,46.068,64.752,1.8877096774193547,0.4268425309602583,1.019,2.438,112.017875,10.07631999757592,91.098,129.575,21.13128125,3.973911417055599,15.401,28.132,127,119,3,0.937007874015748,0.0252100840336134,0.0,0.0,0.0,33,1,1,0,0,0
54.90640625,5.004861835348447,45.877,65.087,1.79384375,0.5168424049674917,0.984,2.455,111.20815625,11.495562875018695,90.939,130.116,21.68475,4.097116594276611,15.244,27.757,91,89,2,0.978021978021978,0.0224719101123595,0.0,0.0,0.0,34,1,1,0,0,0
54.61425806451613,5.764894823948032,45.346,64.173,1.732375,0.4505991530997296,1.055,2.522,106.72625,11.659890886447908,88.654,131.46,20.701838709677418,3.586666930886987,15.208,27.209,119,111,2,0.9327731092436976,0.018018018018018,0.0,0.0,0.0,35,1,1,0,0,0
55.56803125,6.136136288201154,45.205,65.034,1.81634375,0.4496241878305237,1.042,2.467,105.42015625,11.9068219917214,90.359,129.834,21.88065625,4.022195096480681,14.919,28.177,170,156,4,0.9176470588235294,0.0256410256410256,0.0,0.0,0.0,36,1,1,0,0,0
53.52828125,5.295219464423669,45.637,63.628,1.7064193548387097,0.4720444734834172,1.054,2.509,109.04365625,12.316600257793636,89.608,129.906,22.37175,4.070053760443863,15.56,28.286,133,127,1,0.9548872180451128,0.0078740157480314,1.0,0.0,1.0,37,1,1,0,0,0
54.62240625,5.623383144596091,45.101,64.679,1.72721875,0.4606617774305611,1.003,2.445,112.1847741935484,9.943727864705057,93.741,130.537,20.95075,4.009803084216673,15.328,28.217,110,104,1,0.9454545454545454,0.0096153846153846,0.0,0.0,0.0,38,1,1,0,0,0
52.8625625,6.0180426457686655,46.061,65.33,1.91384375,0.4913722791671004,1.015,2.493,113.6456129032258,9.59440101197019,94.295,130.265,21.503625,3.958684709475137,14.976,27.454,143,137,3,0.958041958041958,0.0218978102189781,0.0,0.0,0.0,39,1,1,0,0,0
54.2770625,5.339202338259056,44.444,64.408,1.70653125,0.4238736866305126,0.996,2.403,107.38764516129032,12.961447320286382,89.714,130.392,21.258125,3.914678190951292,15.129,27.566,126,122,1,0.9682539682539684,0.0081967213114754,0.0,0.0,0.0,40,1,1,0,0,0
54.866125,5.975844449707236,44.862,63.791,1.8207,0.4444169485268659,1.039,2.521,106.7495625,11.488025706844889,89.761,127.982,21.357000000000003,3.383995659082568,14.987,27.855,127,118,1,0.9291338582677166,0.0084745762711864,0.0,0.0,0.0,41,1,1,0,0,0
54.621870967741934,5.707133931854855,46.746,65.144,1.849125,0.4704310823338594,1.054,2.892,105.94515625,10.65261027563084,89.459,126.23,21.87434375,4.045789588467648,14.983,27.557,144,140,3,0.9722222222222222,0.0214285714285714,0.0,0.0,0.0,42,1,1,0,0,0
54.69432258064517,5.061459172920373,47.033,64.11,1.65165625,0.3608759602264396,1.004,2.32,110.65645161290324,11.39983302169732,90.983,130.608,21.577266666666667,3.778624507385736,15.148,27.599,172,159,1,0.9244186046511628,0.0062893081761006,0.0,0.0,0.0,43,1,1,0,0,0
55.9055625,5.737332452750763,44.899,64.399,1.82915625,0.4388052039988263,1.052,2.55,113.22371875,10.214611117080546,92.584,130.472,22.81271875,3.40821991409928,15.036,28.164,147,135,1,0.9183673469387756,0.0074074074074074,0.0,0.0,0.0,44,1,1,0,0,0
56.4186875,5.803941855367253,45.825,64.843,1.94909375,0.3912144333519703,1.077,2.498,111.7015625,12.10959324038511,90.632,130.127,20.89925,3.682723080863205,15.291,27.225,102,101,1,0.9901960784313726,0.0099009900990099,0.0,0.0,0.0,45,1,1,0,0,0
56.79321875,5.719141971142936,46.775,65.516,1.6420666666666668,0.4571801827947378,0.982,2.415,115.17909375,11.651083730181568,93.707,130.751,20.9179375,3.226630979805208,14.983,26.178,123,120,2,0.975609756097561,0.0166666666666666,0.0,0.0,0.0,46,1,1,0,0,0
55.847096774193545,5.729609203397376,45.782,64.591,1.6833870967741935,0.4026430741504072,1.028,2.309,108.85396875,10.592812056156593,89.342,128.232,21.29071875,4.2070595296583,15.233,27.858,119,109,2,0.9159663865546218,0.018348623853211,0.0,0.0,0.0,47,1,1,0,0,0
54.7595,5.843511217995452,44.509,65.529,1.740709677419355,0.4179791217711228,0.999,2.452,111.21940625,11.85390489863008,94.064,129.51,22.280875,4.233655537437762,15.399,28.254,87,85,2,0.9770114942528736,0.0235294117647058,0.0,0.0,0.0,48,1,1,0,0,0
55.531,6.549103100376024,45.35,64.582,1.7088125,0.448694984946488,1.014,2.482,110.9941875,11.104317429568232,90.194,129.747,21.21719354838709,3.979377559529923,15.525,27.931,85,80,1,0.9411764705882352,0.0125,1.0,0.0,1.0,49,1,1,0,0,0
55.79428125,6.264751768809228,45.614,64.862,1.686225806451613,0.3804401582095332,1.004,2.461,116.73953125,9.513958505827366,92.017,130.8,21.58303125,4.201090829806261,14.853,27.572,96,93,1,0.96875,0.010752688172043,0.0,0.0,0.0,1,2,1,1,0,0
54.8518064516129,6.684289149038736,45.146,65.508,1.8286129032258065,0.4776035090197275,1.02,2.459,110.82141935483872,13.102021723826171,90.695,127.695,22.20690625,3.35466048817573,15.874,27.053,170,167,2,0.9823529411764704,0.0119760479041916,0.0,0.0,0.0,2,2,1,1,0,0
54.62106451612903,5.728104881113147,46.186,64.454,1.78165625,0.4435041265673388,1.064,2.475,109.9305625,12.462350790351485,90.171,130.244,22.10365625,3.83854311752792,15.27,28.284,143,129,2,0.902097902097902,0.0155038759689922,0.0,0.0,0.0,3,2,1,1,0,0
54.17535483870967,5.162964462066257,46.435,63.498,1.8165806451612905,0.4404514936739003,1.057,2.406,112.02971875,12.004876775803146,89.261,131.437,23.22196875,3.6755671274878585,14.961,28.109,91,86,2,0.945054945054945,0.0232558139534883,0.0,0.0,0.0,4,2,1,1,0,0
53.87534375,6.123803054129527,44.635,64.151,1.802125,0.4341026153401535,1.058,2.476,111.76903125,12.751523621764235,90.819,129.837,21.8493125,3.3540188454036124,16.906,28.265,179,166,3,0.9273743016759776,0.0180722891566265,0.0,0.0,0.0,5,2,1,1,0,0
54.13954838709677,5.330876343458674,45.655,64.595,1.852733333333333,0.4500920161350408,1.037,2.515,110.6825625,10.852250850035526,90.066,125.968,21.93915625,4.375558988137328,15.129,27.847,143,136,3,0.951048951048951,0.0220588235294117,0.0,0.0,0.0,6,2,1,1,0,0
57.918875,4.322440437844074,49.952,64.454,1.7204375,0.4731125445797328,1.029,2.484,110.1493125,13.243312475304217,89.445,127.951,20.91006451612904,3.4215392631142283,15.287,27.304,107,101,1,0.9439252336448598,0.0099009900990099,1.0,0.0,1.0,7,2,1,1,0,0
54.37164516129032,5.696022363886264,44.737,64.503,1.806333333333333,0.4809898796937582,1.023,2.522,108.76934375,11.015565024705182,91.182,129.515,20.86743333333333,3.529199740131907,15.103,27.57,138,131,3,0.9492753623188406,0.0229007633587786,0.0,0.0,0.0,8,2,1,1,0,0
54.47222580645162,6.045487957750956,44.853,64.736,1.865125,0.4557816221577766,1.063,2.525,109.66734375,12.052399770703872,92.126,129.797,21.04733333333333,3.68895654187144,14.996,27.028,152,144,1,0.9473684210526316,0.0069444444444444,0.0,0.0,0.0,9,2,1,1,0,0
54.60835483870967,6.741900995754769,45.04,65.228,1.6375806451612904,0.4664862823416174,1.037,2.409,110.29590625,12.887332828888232,89.698,131.935,21.91425806451613,4.1021874243525405,15.519,27.339,168,163,3,0.9702380952380952,0.0184049079754601,0.0,0.0,0.0,10,2,1,1,0,0
54.69096875,5.446870646316253,45.316,64.894,1.7805,0.4308721837270043,1.005,2.458,107.7354375,11.793165007715002,91.942,129.001,21.84075,3.9435040746900176,15.0,27.812,99,92,2,0.9292929292929292,0.0217391304347826,0.0,0.0,0.0,11,2,1,1,0,0
55.2305,5.997984311954443,45.883,64.631,1.64625,0.4274351865601116,1.013,2.473,107.97687096774192,12.633674009677298,90.379,128.303,22.724,3.142822401148574,15.412,28.103,151,149,4,0.9867549668874172,0.0268456375838926,0.0,0.0,0.0,12,2,1,1,0,0
56.79590625,5.872932654021272,47.633,64.59,1.706,0.4806725127528398,1.014,2.53,108.66436666666668,11.733595146749185,91.652,129.509,22.33303125,3.992433161291374,15.082,27.416,122,115,2,0.9426229508196722,0.017391304347826,0.0,0.0,0.0,13,2,1,1,0,0
56.13074193548387,6.285931715440665,45.674,65.031,1.7891875,0.4675052138746689,1.029,2.514,107.924875,13.72140513530217,89.023,130.241,21.093125,4.09827777951477,15.357,27.231,170,156,4,0.9176470588235294,0.0256410256410256,0.0,0.0,0.0,14,2,1,1,0,0
55.14503333333334,6.019281847892473,44.922,65.366,1.98840625,0.4804462213115852,1.012,2.518,110.2976875,10.816105489671855,90.72,127.661,23.32316129032258,3.081759368680756,18.261,28.226,156,150,1,0.9615384615384616,0.0066666666666666,0.0,0.0,0.0,15,2,1,1,0,0
52.8936875,4.816746428582063,45.415,63.506,1.74475,0.4000537867063184,1.027,2.383,110.81546875,12.01733732781954,92.059,130.291,20.9718,4.03265472927168,15.502,27.651,83,78,1,0.9397590361445785,0.0128205128205128,0.0,0.0,0.0,16,2,1,1,0,0
55.31553125,5.778292844131416,44.796,65.188,1.668,0.4600894022519059,1.035,2.436,108.84235483870968,10.946626051127616,88.659,125.05,21.844125,4.088533759974548,15.875,28.003,122,116,3,0.9508196721311476,0.0258620689655172,0.0,0.0,0.0,17,2,1,1,0,0
56.28625,5.700129347711784,45.522,63.917,1.94690625,0.4253304111738953,1.059,2.522,110.66825,12.92252630599111,89.76,130.138,21.26575,3.856861301210377,15.325,28.113,147,146,2,0.9931972789115646,0.0136986301369863,0.0,0.0,0.0,18,2,1,1,0,0
54.83370967741936,6.1528908121497325,45.089,65.494,1.8315625,0.4574727869572699,1.027,2.486,108.7996129032258,10.819752442261702,91.142,126.816,22.039375,4.427712689559963,14.918,28.052,161,153,4,0.9503105590062112,0.0261437908496732,0.0,0.0,0.0,19,2,1,1,0,0
54.7773125,6.15302551562788,45.581,64.249,1.6754516129032258,0.4146808281646401,1.021,2.399,112.44915625,11.545562988297023,91.654,129.58,21.1901875,3.867781438244961,15.632,26.957,84,77,1,0.9166666666666666,0.0129870129870129,0.0,0.0,0.0,20,2,1,1,0,0
55.5695625,5.423146616289677,45.529,64.983,1.9193225806451613,0.4737840145816638,1.046,2.545,111.6943125,11.535156697168262,93.411,130.183,21.98303125,3.7715580205291466,15.399,27.653,91,85,2,0.934065934065934,0.0235294117647058,0.0,0.0,0.0,21,2,1,1,0,0
53.99559375,5.90137349709521,45.561,63.849,1.52409375,0.3924197357319526,1.011,2.249,109.09246875,12.17602125539764,90.487,130.086,20.6055625,3.602563531149414,15.284,27.594,92,84,2,0.9130434782608696,0.0238095238095238,0.0,0.0,0.0,22,2,1,1,0,0
53.90375,4.480862935324097,47.779,63.61,1.809967741935484,0.4248256492469169,1.117,2.453,114.24670967741936,10.661822846629144,89.05,131.561,20.938375,3.3527119475472102,15.463,27.494,154,138,3,0.8961038961038961,0.0217391304347826,0.0,0.0,0.0,23,2,1,1,0,0
55.5095,5.431174025044915,45.58,63.976,1.786935483870968,0.4507944790762098,1.082,2.526,110.36923333333333,12.28843684872317,90.088,128.059,21.33715625,4.184200568107751,15.532,28.251,100,94,0,0.94,0.0,0.0,0.0,0.0,24,2,1,1,0,0
56.28259375,5.787709987046106,45.657,66.427,1.801125,0.453138926927244,1.047,2.476,110.685375,12.551303843721549,90.289,131.15,20.731290322580644,3.754635509993377,15.144,27.356,146,141,1,0.9657534246575342,0.0070921985815602,1.0,0.0,1.0,25,2,1,1,0,0
54.72846875,5.807138193550413,44.689,65.114,1.74075,0.4681526494913881,1.026,2.523,110.15259375,11.750944134640564,91.089,130.06,22.20341935483871,3.776562614990813,15.023,27.224,172,158,3,0.9186046511627908,0.0189873417721519,0.0,0.0,0.0,26,2,1,1,0,0
55.84396875,5.847505580597677,45.432,64.121,1.8658125,0.4877396474654049,0.998,2.496,109.88686666666666,12.597460657453626,88.399,129.634,20.93753125,3.738800687337732,14.904,27.086,104,101,1,0.971153846153846,0.0099009900990099,0.0,0.0,0.0,27,2,1,1,0,0
53.66178125,6.420923804172723,45.387,65.096,1.8110625,0.451282755043886,1.043,2.512,106.4494375,11.969411392910764,89.23,128.258,21.2199375,3.3792612185305413,15.231,27.895,107,96,1,0.897196261682243,0.0104166666666666,0.0,0.0,0.0,28,2,1,1,0,0
54.72380645161291,5.38412532307929,45.024,65.008,1.7213125,0.4510971884052224,1.036,2.542,114.10259375,11.107774266351369,91.159,129.507,21.48246875,4.088763840200047,14.992,27.943,135,123,2,0.9111111111111112,0.016260162601626,0.0,0.0,0.0,29,2,1,1,0,0
56.4056875,5.483545776802663,44.517,64.636,1.7617741935483873,0.4544766007674776,1.007,2.464,111.96909375,12.274013020853808,90.594,130.19,22.422125,3.918234080099301,15.393,28.361,171,170,3,0.9941520467836256,0.0176470588235294,0.0,0.0,0.0,30,2,1,1,0,0
55.0626875,5.550827357323091,46.059,63.93,1.85690625,0.4192658991060755,1.231,2.45,109.1131875,10.20744700771562,92.769,127.457,21.86106451612903,3.460232929880915,15.309,27.382,174,168,2,0.9655172413793104,0.0119047619047619,0.0,0.0,0.0,31,2,1,1,0,0
55.11954838709677,4.726827532561416,46.219,63.74,1.78628125,0.494732657318821,1.035,2.552,109.84265625,13.892610840831836,89.427,131.576,20.653096774193543,3.818770058145588,15.239,27.083,180,167,3,0.9277777777777778,0.0179640718562874,0.0,0.0,0.0,1,3,1,2,0,0
54.83325,6.366278499679689,45.249,64.948,1.789516129032258,0.5139660086664449,1.016,2.522,109.1180625,12.822938609250723,89.311,127.518,22.266875,3.334224025892487,15.784,27.217,98,95,1,0.9693877551020408,0.0105263157894736,0.0,0.0,0.0,2,3,1,2,0,0
54.033375,6.008661257959484,45.33,63.218,1.64940625,0.4524264231306282,1.014,2.495,108.53853125,11.49534216186481,91.769,130.847,20.294806451612903,3.582151926978668,14.798,26.842,105,95,2,0.9047619047619048,0.0210526315789473,0.0,0.0,0.0,3,3,1,2,0,0
56.7548125,6.506735633854428,45.803,65.605,1.786875,0.4680967469617035,1.005,2.428,107.69616129032258,11.716347235370971,90.72,129.838,22.051375,3.652274525508374,15.015,27.633,130,123,2,0.946153846153846,0.016260162601626,0.0,0.0,0.0,4,3,1,2,0,0
55.9331875,5.93519599609792,44.823,64.029,1.74821875,0.3820130663510127,1.015,2.447,109.919875,10.940043140653277,92.662,130.849,22.01640625,3.963389156243762,15.304,27.892,162,152,1,0.9382716049382716,0.006578947368421,0.0,0.0,0.0,5,3,1,2,0,0
55.52834375,5.549952499705914,45.82,64.238,1.7150625,0.401408322197027,1.104,2.385,109.24696666666668,13.17260631002273,89.703,129.202,22.002064516129032,3.7367271859697753,15.403,28.082,129,117,1,0.9069767441860463,0.0085470085470085,0.0,0.0,0.0,6,3,1,2,0,0
54.35409375,5.598706534718101,45.782,63.432,1.7023125,0.4229639988874215,1.02,2.397,111.92375,10.777058489097076,92.141,131.116,21.8546875,3.556014835753187,15.595,28.049,109,108,1,0.9908256880733946,0.0092592592592592,0.0,0.0,0.0,7,3,1,2,0,0
55.6994375,6.297906036737976,45.326,64.563,1.80921875,0.4327262961492314,1.094,2.407,108.42059375,10.241738038801984,91.494,129.456,22.50209375,3.3655919707397777,15.522,27.641,84,76,1,0.9047619047619048,0.0131578947368421,0.0,0.0,0.0,8,3,1,2,0,0
54.358625,6.342014795101816,44.515,70.169,1.83803125,0.4414885732182181,0.998,2.517,108.6118125,12.736977304954872,91.365,128.648,21.14034375,4.107610997140631,15.171,27.421,135,132,3,0.9777777777777776,0.0227272727272727,0.0,0.0,0.0,9,3,1,2,0,0
56.0180625,6.000803203967112,45.535,64.589,1.771375,0.4663388460710074,1.009,2.54,111.4670625,10.397651682572212,90.144,128.342,22.81528125,3.605103347222272,15.602,27.957,110,102,1,0.9272727272727272,0.0098039215686274,0.0,0.0,0.0,10,3,1,2,0,0
55.70364516129032,5.952565489200921,45.292,65.032,1.66475,0.4434464727490212,1.064,2.511,113.3872258064516,10.628508991417618,89.963,129.437,21.36954838709677,4.360884305112972,15.371,27.87,177,171,2,0.9661016949152542,0.0116959064327485,2.0,1.0,0.0,11,3,1,2,0,0
54.75441935483871,6.169589698805982,44.774,64.693,1.74565625,0.4432336170852975,0.98,2.445,106.45090625,11.289759268725184,89.312,129.494,20.47490625,4.1639663114079495,15.27,28.283,104,97,2,0.9326923076923076,0.0206185567010309,1.0,1.0,0.0,12,3,1,2,0,0
55.52840625,5.512845953503184,45.292,64.752,1.70078125,0.4179126112057863,1.039,2.502,112.05734375,11.307142300645928,92.556,129.395,20.53178125,3.456701025958551,15.422,27.363,113,102,2,0.9026548672566372,0.0196078431372549,2.0,0.0,1.0,13,3,1,2,0,0
53.7390625,5.859910959014705,45.64,63.994,1.724875,0.4710637070811465,1.059,2.445,110.219,13.42756467867498,91.11,132.169,21.31574193548387,3.8034567169680615,16.496,28.338,140,134,1,0.9571428571428572,0.0074626865671641,0.0,0.0,0.0,14,3,1,2,0,0
54.86490322580645,5.595729165204709,44.849,64.812,1.754193548387097,0.4560757553561205,1.005,2.449,112.92464516129031,9.58578837497952,89.966,129.737,21.5313125,3.827310404376892,15.369,27.622,88,79,1,0.8977272727272727,0.0126582278481012,0.0,0.0,0.0,15,3,1,2,0,0
55.02221875,6.552157486263467,45.065,65.108,1.77228125,0.4062952394165856,1.024,2.419,108.05546875,10.17541703032006,91.45,123.954,22.174612903225807,3.634466762148375,15.174,28.485,102,94,1,0.9215686274509804,0.0106382978723404,1.0,0.0,1.0,16,3,1,2,0,0
55.408193548387096,5.950245532297272,44.956,64.679,1.72103125,0.4958406016228824,0.994,2.841,110.75412903225806,10.232129761172027,91.391,130.014,20.26625,3.612343864244984,14.951,28.104,173,162,3,0.9364161849710982,0.0185185185185185,0.0,0.0,0.0,17,3,1,2,0,0
55.785645161290326,4.918189189450301,46.122,64.431,1.8606774193548383,0.4132639501252417,1.033,2.479,107.74177419354838,10.515813088581334,90.809,127.584,20.76784375,3.829282878280889,15.171,27.304,105,97,2,0.923809523809524,0.0206185567010309,0.0,0.0,0.0,18,3,1,2,0,0
56.06225,5.629319605938753,45.886,65.793,1.73103125,0.4384257383231435,1.05,2.356,110.96384375,11.988855263251184,90.625,127.522,21.331375,3.676514230503776,14.921,27.506,82,80,2,0.975609756097561,0.025,0.0,0.0,0.0,19,3,1,2,0,0
54.80046875,6.677473314807007,46.256,65.674,1.64671875,0.4134897302913962,1.018,2.478,112.206375,11.531471410323002,91.661,131.618,21.1391875,3.7846717114843234,15.364,28.017,116,107,1,0.9224137931034484,0.0093457943925233,0.0,0.0,0.0,20,3,1,2,0,0
54.327625,5.4350220093331245,45.156,63.82,1.71071875,0.43966741347956,1.006,2.487,110.04984375,11.941737043661602,91.865,131.254,21.2526875,3.5133445093143125,15.502,28.246,153,150,2,0.9803921568627452,0.0133333333333333,0.0,0.0,0.0,21,3,1,2,0,0
56.0774375,5.566714169160209,45.958,64.872,1.706290322580645,0.448177434620738,1.003,2.47,113.87396875,10.255835844530646,96.452,129.355,21.57313333333333,3.5318018721847664,15.61,27.309,180,177,3,0.9833333333333332,0.0169491525423728,2.0,0.0,1.0,22,3,1,2,0,0
54.4141875,6.751373100185121,45.867,64.62,1.81675,0.4628784415080305,1.007,2.532,111.08040625,12.610432286109004,90.832,131.923,22.51858064516129,3.7330406085316334,15.18,28.033,103,100,1,0.970873786407767,0.01,0.0,0.0,0.0,23,3,1,2,0,0
53.73415625,6.306920694936457,45.23,64.981,1.73028125,0.4556084364660429,1.005,2.518,107.70886666666668,10.668873726982568,91.41,125.423,21.91515625,3.7627543541449926,14.943,27.403,160,155,2,0.96875,0.0129032258064516,1.0,0.0,1.0,24,3,1,2,0,0
53.79121875,6.430729892524241,45.147,65.18,1.70728125,0.500784109969942,1.034,2.403,113.995875,13.54480618646986,90.556,131.243,21.87190625,3.971795241769183,15.132,27.659,144,132,2,0.9166666666666666,0.0151515151515151,0.0,0.0,0.0,25,3,1,2,0,0
55.366032258064514,5.270563552941127,45.454,64.993,1.703,0.405029710844361,1.158,2.474,108.68490625,13.307140528883112,88.97,131.129,20.72109375,3.7665100331257695,15.277,27.25,97,91,2,0.9381443298969072,0.0219780219780219,0.0,0.0,0.0,26,3,1,2,0,0
54.50471875,5.462934448564667,45.306,63.466,1.7291935483870966,0.4782903873418908,1.02,2.515,108.749125,12.033989797049186,90.111,131.136,21.194125,3.59078552597456,15.25,26.82,99,98,2,0.98989898989899,0.0204081632653061,0.0,0.0,0.0,27,3,1,2,0,0
55.9369375,6.032656858313863,46.62,65.238,1.7435,0.4363923212712571,1.02,2.505,107.25448387096776,11.561854242496365,89.712,127.822,22.513875,3.662114185337701,15.94,28.462,159,147,3,0.9245283018867924,0.0204081632653061,0.0,0.0,0.0,28,3,1,2,0,0
53.9949375,5.965856080242072,46.221,65.131,1.68134375,0.430888250565975,1.025,2.499,110.3543125,10.88964394819906,90.3,126.372,20.911125,3.550497073332399,15.264,27.71,158,142,3,0.8987341772151899,0.0211267605633802,0.0,0.0,0.0,29,3,1,2,0,0
53.41371875,4.67993587793386,44.779,61.814,1.6958387096774192,0.4743071506084212,1.057,2.493,106.95529032258064,11.443603547232687,90.034,130.448,20.5795,3.9118852315112886,14.797,26.824,129,118,3,0.9147286821705426,0.0254237288135593,0.0,0.0,0.0,30,3,1,2,0,0
56.32034375,5.298551716967481,44.758,64.641,1.7184375,0.4411865187818398,1.025,2.522,113.85853125,12.092723714602162,91.177,129.55,21.64471875,3.58877544246102,15.972,27.389,143,139,1,0.972027972027972,0.0071942446043165,0.0,0.0,0.0,31,3,1,2,0,0
53.64406451612903,4.904561393475015,44.962,64.443,1.789,0.3987505485889643,1.154,2.445,111.04775,9.813212755292994,93.447,128.369,21.4736875,3.511786214353399,15.337,27.011,108,97,1,0.8981481481481481,0.0103092783505154,0.0,0.0,0.0,32,3,1,2,0,0
54.37090625,5.21888588011245,45.123,63.755,1.7426875,0.4618457665679898,1.022,2.455,109.231,13.175930403580615,89.426,128.915,21.9901875,3.487788276326972,15.353,28.103,138,133,3,0.9637681159420288,0.0225563909774436,0.0,0.0,0.0,33,3,1,2,0,0
55.25656666666666,5.750659498511114,46.672,64.58,1.858125,0.3794103022050862,1.059,2.367,113.1275,10.085059105493151,93.056,131.824,21.0099375,3.2773784954471394,15.347,26.571,117,110,1,0.9401709401709402,0.009090909090909,0.0,0.0,0.0,1,4,1,3,0,0
55.00365625,5.5521002919812,45.376,64.582,1.74721875,0.4469743251899736,0.992,2.509,113.93045161290324,11.101909567993877,92.981,128.067,21.54321875,3.589544770619564,15.431,27.968,151,143,3,0.9470198675496688,0.0209790209790209,0.0,0.0,0.0,2,4,1,3,0,0
54.33253125,6.07521873220654,45.744,64.841,1.8338125,0.3802198377254926,1.15,2.482,112.88429032258064,11.76112695618791,92.242,131.037,21.2193125,3.4845981342556644,16.202,27.186,93,89,2,0.956989247311828,0.0224719101123595,0.0,0.0,0.0,3,4,1,3,0,0
54.39159375,5.416102323444802,45.411,64.554,1.79878125,0.4887896001200146,1.033,2.463,110.62471875,12.829706360842549,90.527,128.738,22.68906451612904,3.5755435291759845,15.709,27.813,157,144,3,0.9171974522292994,0.0208333333333333,0.0,0.0,0.0,4,4,1,3,0,0
55.60621875,5.085751511278919,46.085,64.374,1.726967741935484,0.4682766620899066,1.014,2.515,110.06771875,13.858899209729596,71.896,129.123,21.68440625,3.9355726628377488,15.597,27.925,142,139,2,0.9788732394366196,0.014388489208633,0.0,0.0,0.0,5,4,1,3,0,0
55.00421875,5.950561614776372,44.973,64.374,1.743125,0.4532451270132866,1.065,2.437,113.03534375,11.92957960649501,90.315,131.211,21.890966666666667,3.985015852374763,15.259,27.665,110,108,2,0.9818181818181818,0.0185185185185185,0.0,0.0,0.0,6,4,1,3,0,0
56.00840625,5.55509149112761,47.156,64.897,1.7223125,0.4479903107751182,1.042,2.491,107.8048387096774,9.177729625191532,89.355,124.395,22.02784375,3.701389983980081,15.591,27.225,148,141,3,0.9527027027027029,0.0212765957446808,0.0,0.0,0.0,7,4,1,3,0,0
54.29906451612903,5.682885047435464,45.93,65.333,1.85496875,0.3755989182346406,1.088,2.472,107.33753125,11.907224616320464,89.223,130.07,20.673,3.6914758915729777,14.923,28.047,82,76,0,0.926829268292683,0.0,0.0,0.0,0.0,8,4,1,3,0,0
54.91490625,5.423736079073498,45.242,64.67,1.6274375,0.4571296800196184,1.023,2.45,113.60019354838713,10.363139676820452,92.316,128.916,21.7488125,4.1745592422356985,15.231,28.358,118,114,3,0.9661016949152542,0.0263157894736842,2.0,0.0,1.0,9,4,1,3,0,0
55.1013125,6.141864151382076,45.014,64.008,1.69540625,0.4107565686259378,1.059,2.393,108.5238125,12.757889964677013,91.584,129.489,21.148625,3.748969327179009,15.348,28.136,86,84,2,0.9767441860465116,0.0238095238095238,0.0,0.0,0.0,10,4,1,3,0,0
54.6793125,5.5155807955370175,45.064,64.304,1.8226875,0.3946818594276791,1.086,2.428,108.59983870967744,12.26242444787265,92.97,131.717,22.192566666666668,3.8419308694648753,15.883,28.052,120,110,1,0.9166666666666666,0.009090909090909,0.0,0.0,0.0,11,4,1,3,0,0
55.2765,5.390986611480432,45.714,63.271,1.76025,0.4507300171800151,1.015,2.464,108.52625,12.774600113683247,88.873,127.497,20.54603125,3.7575522959842425,14.835,27.439,154,144,3,0.935064935064935,0.0208333333333333,0.0,0.0,0.0,12,4,1,3,0,0
55.242225806451614,6.409282366015078,45.201,64.28,1.729,0.4677963438878491,1.03,2.438,112.1212,10.96534354195542,94.832,128.426,21.17278125,3.729615268010768,15.257,27.125,164,161,2,0.9817073170731708,0.0124223602484472,0.0,0.0,0.0,13,4,1,3,0,0
55.2044375,5.7997649337098425,45.503,65.005,1.7856875,0.4221813887418534,1.076,2.469,107.84267741935484,11.526086908652324,90.659,129.883,21.970580645161288,4.13440841212858,15.34,27.906,128,119,2,0.9296875,0.0168067226890756,0.0,0.0,0.0,14,4,1,3,0,0
53.839125,5.171511064819295,45.491,62.585,1.7619375,0.4080691700933129,1.103,2.462,107.96212903225806,10.001018183971524,94.043,129.047,20.97719354838709,3.9967403336498686,14.8,27.726,94,89,1,0.946808510638298,0.0112359550561797,0.0,0.0,0.0,15,4,1,3,0,0
54.55177419354839,5.884937517140278,45.45,65.22,1.8229375,0.4098352098021208,1.091,2.439,108.18328125,11.265973835702525,91.487,129.608,20.452375,3.4501842657663864,14.881,27.189,101,93,1,0.9207920792079208,0.010752688172043,0.0,0.0,0.0,16,4,1,3,0,0
54.560125,5.323516687243015,45.409,64.028,1.73003125,0.4294374027293189,1.024,2.546,107.78740625,11.69382967667378,90.213,129.359,20.43915625,3.468856994135983,15.281,28.063,84,82,1,0.9761904761904762,0.0121951219512195,0.0,0.0,0.0,17,4,1,3,0,0
54.66383870967742,5.6211154474106175,45.52,65.012,1.77990625,0.3995435588813169,1.007,2.32,112.2960625,11.470464697782065,92.872,128.776,21.37703225806452,3.852980132173632,16.103,27.829,156,154,2,0.9871794871794872,0.0129870129870129,0.0,0.0,0.0,18,4,1,3,0,0
54.3929375,5.758338268013698,44.991,64.795,1.75484375,0.4911527000825579,0.99,2.467,111.25696774193548,10.213551310175683,92.834,129.413,20.50025806451613,3.4202278575921605,15.719,26.793,141,129,2,0.9148936170212766,0.0155038759689922,0.0,0.0,0.0,19,4,1,3,0,0
53.80278125,5.433084431009315,45.01,64.298,1.7575,0.4644954946133805,1.012,2.516,109.93975,11.093353156645852,94.673,130.848,21.04846875,3.910238999249279,14.875,27.882,140,138,2,0.9857142857142858,0.0144927536231884,0.0,0.0,0.0,20,4,1,3,0,0
55.19765625,6.592800528872998,45.18,71.63,1.771875,0.4592202893966558,1.02,2.467,108.17935483870968,12.408388467883023,90.511,130.393,21.82271875,4.017129204715606,15.275,27.421,166,149,2,0.8975903614457831,0.0134228187919463,0.0,0.0,0.0,21,4,1,3,0,0
55.73628125,5.74637556026728,45.47,65.458,1.666548387096774,0.4035692289814043,1.045,2.498,107.68434375,11.215495693557989,89.705,127.596,20.3677,3.312921360578803,15.044,26.443,113,103,2,0.911504424778761,0.0194174757281553,0.0,0.0,0.0,22,4,1,3,0,0
56.6393125,5.470690322881653,46.944,64.646,1.80253125,0.4228955475684579,1.173,2.425,110.69503225806451,11.401788969233056,91.985,131.131,20.3890625,3.5304350178586463,15.293,27.758,120,112,1,0.9333333333333332,0.0089285714285714,0.0,0.0,0.0,23,4,1,3,0,0
53.37740625,5.459861246372209,45.432,63.251,1.796875,0.4696074372934167,1.034,2.53,107.78715625,11.095089041813322,88.991,127.795,20.6493125,3.6831705524654152,14.984,27.415,111,109,1,0.981981981981982,0.0091743119266055,0.0,0.0,0.0,24,4,1,3,0,0
55.0764375,5.9779357044292745,45.252,65.884,1.674,0.4836050774834171,1.014,2.48,110.03378125,13.181511237297183,90.438,129.557,21.99615625,3.307425449474356,15.724,27.869,149,134,2,0.8993288590604027,0.0149253731343283,0.0,0.0,0.0,25,4,1,3,0,0
54.22178125,6.344117527967883,45.584,63.905,1.6899354838709677,0.4714286750919217,1.088,2.468,108.86496875,11.115997438984415,91.855,129.887,22.87840625,3.53266970105243,15.931,28.417,131,121,1,0.9236641221374046,0.0082644628099173,0.0,0.0,0.0,26,4,1,3,0,0
54.1158125,6.689663627386706,45.603,65.339,1.7321935483870967,0.4426575365038485,1.025,2.447,111.0225,10.885994301646678,90.648,125.56,21.85083333333333,3.4607549513557485,16.1,27.621,92,89,0,0.967391304347826,0.0,0.0,0.0,0.0,27,4,1,3,0,0
55.35248387096774,6.07476342404085,46.343,64.629,1.84140625,0.4516098701295035,1.069,2.467,111.91878125,11.978350044530949,90.36,131.906,20.32134375,3.910178831067374,14.863,27.955,174,164,1,0.942528735632184,0.0060975609756097,0.0,0.0,0.0,28,4,1,3,0,0
54.66721875,5.662115333281284,44.779,63.215,1.711625,0.4369042672138571,1.076,2.483,109.32640625,12.325659947938597,89.987,129.672,21.3274375,3.604590298740509,15.225,27.492,101,92,0,0.9108910891089108,0.0,0.0,0.0,0.0,29,4,1,3,0,0
55.06177419354839,5.949877263214077,46.038,64.006,1.8598125,0.4037998895572553,1.07,2.472,113.6640625,10.686820052507544,91.555,129.414,22.10590322580645,3.665035737477772,15.227,27.067,147,144,1,0.979591836734694,0.0069444444444444,0.0,0.0,0.0,30,4,1,3,0,0
55.51076666666667,6.209478770303558,44.611,64.6,1.7752903225806451,0.416455935528069,1.037,2.467,108.15816129032255,11.225301457263924,91.0,131.136,21.87021875,4.129036861329498,15.265,28.268,126,118,1,0.9365079365079364,0.0084745762711864,0.0,0.0,0.0,31,4,1,3,0,0
55.189,4.971044065060598,46.776,63.143,1.75765625,0.4710794474036509,1.062,2.457,111.32834375,11.347772248642304,89.687,130.355,21.42096875,3.350553536207403,15.387,27.714,90,84,1,0.9333333333333332,0.0119047619047619,0.0,0.0,0.0,32,4,1,3,0,0
54.8681875,5.163134384594991,46.256,63.874,1.67153125,0.5193430704249236,1.026,2.537,108.599375,12.10390449600405,91.853,128.993,21.56546875,4.217214230977564,14.924,28.01,109,99,1,0.908256880733945,0.0101010101010101,0.0,0.0,0.0,33,4,1,3,0,0
54.103096774193546,6.005979378113331,44.603,63.861,1.57634375,0.4353753745147639,1.037,2.359,109.94973333333334,10.465691742573668,88.746,130.025,20.7764375,4.334670817114252,15.242,27.577,111,108,1,0.972972972972973,0.0092592592592592,0.0,0.0,0.0,34,4,1,3,0,0
55.45716129032258,5.8142769289441,46.227,64.894,1.9045,0.4204058714792095,1.078,2.524,108.9828064516129,11.284707074678115,89.606,124.18,21.30271875,3.685447880466783,14.826,27.164,115,110,1,0.9565217391304348,0.009090909090909,0.0,0.0,0.0,35,4,1,3,0,0
54.84396875,5.293182867609965,45.466,65.395,1.6784193548387096,0.470002466248391,0.989,2.5,109.3738387096774,11.98219450433788,90.931,128.879,21.34741935483871,3.725543824053911,15.705,27.335,136,132,1,0.9705882352941176,0.0075757575757575,0.0,0.0,0.0,36,4,1,3,0,0
55.06171875,6.380716610752577,44.714,64.99,1.8008709677419354,0.4257968014546754,1.014,2.438,107.46284375,11.005462265823995,92.337,129.527,20.84034375,3.8723632828226777,14.949,27.177,161,153,3,0.9503105590062112,0.0196078431372549,2.0,0.0,1.0,37,4,1,3,0,0
54.1971935483871,4.795943921129982,45.732,64.515,1.669375,0.3994227084180367,1.002,2.479,111.802,10.574827516323849,89.947,128.585,22.0389375,4.350277350724412,15.391,28.239,153,147,2,0.9607843137254902,0.0136054421768707,0.0,0.0,0.0,1,5,1,4,0,0
54.441875,6.177897187659433,44.925,64.924,1.729225806451613,0.4627998638488289,1.019,2.491,112.80034375,13.363309389734498,92.037,131.659,21.79815625,3.5648049497324674,15.183,27.247,89,87,1,0.9775280898876404,0.0114942528735632,0.0,0.0,0.0,2,5,1,4,0,0
55.22564516129032,5.473280323830108,44.93,64.374,1.62596875,0.4267289299275323,1.049,2.498,113.87674193548388,11.115065508782042,92.98,129.497,22.35951612903225,3.95722512939701,14.757,27.571,148,147,2,0.9932432432432432,0.0136054421768707,0.0,0.0,0.0,3,5,1,4,0,0
55.16151612903226,5.749899992585193,45.825,64.42,1.676625,0.4411387573381038,1.07,2.424,108.2320625,10.490395874745191,90.994,127.858,19.97065625,3.3893181216340698,15.048,27.093,80,74,1,0.925,0.0135135135135135,0.0,0.0,0.0,4,5,1,4,0,0
53.40996875,5.789418024595224,45.863,63.364,1.70403125,0.4051099798402022,1.05,2.501,113.77567741935484,11.56918607735536,89.471,130.839,21.17341935483871,3.827316864978158,15.761,27.386,168,163,4,0.9702380952380952,0.0245398773006134,0.0,0.0,0.0,5,5,1,4,0,0
55.5851875,6.623855803506381,45.391,65.146,1.791625,0.4063320388628634,1.014,2.411,107.4134375,12.11116606073942,89.976,130.22,20.3898125,3.5016377222527213,15.54,27.242,144,139,1,0.9652777777777778,0.0071942446043165,0.0,0.0,0.0,6,5,1,4,0,0
55.25767741935484,5.79076029773349,44.806,64.631,1.729125,0.4514010269115193,1.02,2.483,110.42434375,11.660001633954888,91.338,130.718,21.363096774193547,4.067158568786803,14.963,27.32,105,100,2,0.9523809523809524,0.02,0.0,0.0,0.0,7,5,1,4,0,0
55.164875,6.042535612558048,44.86,64.632,1.8665483870967745,0.4193019467885228,1.085,2.525,114.46509677419355,11.39509219022189,93.209,130.552,20.3356875,3.797022377001695,15.188,27.005,176,171,2,0.9715909090909092,0.0116959064327485,0.0,0.0,0.0,8,5,1,4,0,0
57.29934375,6.192695632808451,44.97,71.477,1.73903125,0.3978576082108903,1.114,2.477,108.9550625,11.028543506145112,90.621,127.998,22.17928125,4.234860931824698,15.296,27.808,147,132,1,0.8979591836734694,0.0075757575757575,1.0,0.0,1.0,9,5,1,4,0,0
55.62441935483871,6.338724365749488,45.855,64.834,1.67140625,0.4594488184051308,0.99,2.46,107.666875,10.914386743370915,90.85,128.606,22.18515625,3.79531615504346,15.097,28.0,85,78,1,0.9176470588235294,0.0128205128205128,0.0,0.0,0.0,10,5,1,4,0,0
55.3468064516129,5.160625772257694,45.191,62.721,1.76053125,0.4493051972571185,1.052,2.466,108.26225806451612,12.17497488558051,90.846,128.489,21.2425,3.839359363563229,15.533,27.519,128,121,2,0.9453125,0.0165289256198347,0.0,0.0,0.0,11,5,1,4,0,0
53.64506451612903,5.581717847493928,44.729,63.154,1.75546875,0.4677171039362534,1.031,2.506,111.03575,10.296126941719397,92.539,126.259,21.49071875,3.470969272773863,16.041,27.668,100,93,1,0.93,0.010752688172043,0.0,0.0,0.0,12,5,1,4,0,0
54.11903125,5.743491292306309,45.44,65.55,1.997875,0.3989672757216739,1.075,2.504,108.100625,12.215484469417522,90.865,127.657,20.9145625,3.308190889853497,15.403,26.622,141,128,3,0.9078014184397164,0.0234375,0.0,0.0,0.0,13,5,1,4,0,0
54.1635,5.957516336798902,45.436,64.964,1.84965625,0.3647467180753985,1.123,2.52,110.2827741935484,11.47747100688904,91.172,128.801,21.16734375,4.143143326021885,15.165,27.704,134,126,1,0.9402985074626866,0.0079365079365079,0.0,0.0,0.0,14,5,1,4,0,0
53.7985,5.644877495170632,44.987,64.537,1.76084375,0.481439582473835,1.033,2.468,108.7707741935484,12.49553002399839,89.92,128.109,22.300645161290323,3.7025183280967657,14.766,28.424,101,95,2,0.9405940594059404,0.0210526315789473,0.0,0.0,0.0,15,5,1,4,0,0
56.53178125,5.577571871599945,44.676,64.817,1.7069375,0.4730988396696552,1.009,2.41,109.8124375,12.254307139934056,91.697,128.675,20.76206451612904,3.7235820919779554,14.884,28.349,94,91,2,0.9680851063829788,0.0219780219780219,0.0,0.0,0.0,16,5,1,4,0,0
54.001875,5.363730242368947,44.639,65.0,1.766,0.4033539388675905,1.132,2.516,111.8821935483871,10.39411245343361,94.566,130.464,22.335,4.106324516189393,15.104,28.08,96,95,0,0.9895833333333334,0.0,0.0,0.0,0.0,17,5,1,4,0,0
55.54509375,5.814456313081549,45.947,65.739,1.891,0.417506963434299,0.998,2.486,109.63148387096774,11.40713302242934,92.33,130.902,21.94428125,4.008854974761416,15.234,28.302,165,158,3,0.9575757575757576,0.0189873417721519,0.0,0.0,0.0,18,5,1,4,0,0
56.02775,5.727317381383432,47.44,64.595,1.755625,0.494030085932478,1.032,2.518,110.7883870967742,10.534001081189173,92.715,129.847,20.83790625,3.7847923057123,15.05,27.166,140,127,3,0.9071428571428573,0.0236220472440944,0.0,0.0,0.0,19,5,1,4,0,0
53.6975,5.036956435093742,45.905,63.389,1.7566129032258064,0.3905524870760527,1.126,2.338,109.34506451612904,11.77358705446357,90.648,129.624,21.3625625,3.7235799192876975,15.165,27.052,143,136,3,0.951048951048951,0.0220588235294117,0.0,0.0,0.0,20,5,1,4,0,0
54.3664375,6.836859975057879,45.082,65.62,1.8214375,0.4006873076956482,1.044,2.412,109.32996875,9.331086575335762,91.545,126.994,21.33566666666667,4.224130682517824,15.132,27.805,118,112,1,0.9491525423728814,0.0089285714285714,0.0,0.0,0.0,21,5,1,4,0,0
56.05353125,5.936760645902264,45.411,65.767,1.85628125,0.5500329159871751,1.079,3.139,111.34934375,10.605889233176596,88.701,130.699,21.306,3.9006897239566025,15.527,27.817,172,166,3,0.9651162790697676,0.0180722891566265,1.0,0.0,1.0,22,5,1,4,0,0
54.4511875,6.803585636419722,45.127,65.377,1.7199375,0.4554269133319822,1.11,2.489,106.01206451612904,9.866447644873624,89.478,125.761,21.4539375,3.8678181641342,15.042,27.494,137,134,2,0.978102189781022,0.0149253731343283,0.0,0.0,0.0,23,5,1,4,0,0
54.28090625,5.5118337640516994,45.665,63.421,1.8389375,0.4344493687787543,0.989,2.457,110.09653125,11.58972049256435,90.863,131.256,21.0750625,4.273070294051249,15.08,27.877,129,125,2,0.9689922480620154,0.016,0.0,0.0,0.0,24,5,1,4,0,0
54.51353125,5.470833509559079,45.828,65.026,1.895,0.4249330927726544,1.061,2.51,104.51974193548388,10.239237998886903,88.665,124.444,23.23634375,3.146623162953756,15.548,28.037,145,131,2,0.903448275862069,0.015267175572519,0.0,0.0,0.0,25,5,1,4,0,0
53.4695625,5.365416208715026,45.883,63.762,1.6154375,0.4311235836217252,1.024,2.456,107.7713125,11.764354077761151,89.238,131.825,21.745875,3.558967880013494,15.639,27.136,148,134,3,0.9054054054054054,0.0223880597014925,0.0,0.0,0.0,26,5,1,4,0,0
53.97475,5.712050544187687,44.71,63.023,1.69496875,0.4277455894740659,1.058,2.434,110.99825806451612,12.457719919706395,91.293,130.794,20.38,3.6641698559610094,14.827,26.246,101,93,1,0.9207920792079208,0.010752688172043,0.0,0.0,0.0,27,5,1,4,0,0
54.231,6.366018561281508,44.933,64.418,1.8428125,0.4643857849440102,1.03,2.458,111.33503125,11.21430951805477,89.157,129.676,22.21715625,3.4364733339280247,15.744,28.254,164,158,3,0.9634146341463414,0.0189873417721519,1.0,0.0,1.0,28,5,1,4,0,0
55.91559375,6.652906582158464,45.118,65.011,1.56609375,0.3499586481908232,1.033,2.22,111.853875,11.41847849519196,89.015,129.959,21.0508125,4.142032315862005,15.133,28.013,153,144,2,0.9411764705882352,0.0138888888888888,2.0,1.0,0.0,29,5,1,4,0,0
56.164,5.367584012694475,45.61,64.423,1.809875,0.4710550786232691,1.024,2.469,111.53816129032258,11.604822983273737,91.072,130.772,22.316193548387098,3.608472423056187,15.234,27.432,130,125,3,0.9615384615384616,0.024,0.0,0.0,0.0,30,5,1,4,0,0
55.4306875,5.652610019117347,46.231,64.516,1.750375,0.4592684049027709,1.025,2.475,108.25209375,10.6181487340927,89.522,126.839,21.717741935483872,4.145987103756611,14.974,27.288,138,136,3,0.9855072463768116,0.0220588235294117,0.0,0.0,0.0,31,5,1,4,0,0
55.21564516129032,5.096533426741405,46.54,64.727,1.6595625,0.4900957732275232,0.999,2.461,107.66334375,12.148165427961578,91.109,126.996,21.59909375,3.422705648849949,15.479,26.661,90,82,2,0.9111111111111112,0.024390243902439,0.0,0.0,0.0,32,5,1,4,0,0
55.353875,5.5940127195468206,45.304,65.352,1.69546875,0.3433261389722794,1.094,2.462,111.76025,10.980714025787622,90.605,126.845,22.01340625,3.927898542308515,16.143,27.968,156,152,3,0.9743589743589745,0.0197368421052631,0.0,0.0,0.0,33,5,1,4,0,0
54.48521875,5.454376282218178,45.011,63.693,1.7774375,0.4422110091493689,1.053,2.421,110.8476875,9.66927871492675,93.66,126.527,21.54471875,3.689890008277412,14.791,27.879,164,154,4,0.9390243902439024,0.0259740259740259,0.0,0.0,0.0,34,5,1,4,0,0
53.20471875,5.440802503867302,45.297,65.031,1.87603125,0.4114433668844667,1.12,2.539,110.47590625,10.66481314313684,89.541,128.86,21.22121875,3.805896662051892,15.021,27.726,140,130,3,0.9285714285714286,0.023076923076923,0.0,0.0,0.0,35,5,1,4,0,0
55.74990625,6.12881872720408,45.66,64.896,1.75815625,0.3742920292839322,1.067,2.382,107.14940625,11.7092128075107,89.251,130.268,22.03978125,4.265853170607903,15.117,27.971,92,85,1,0.9239130434782608,0.0117647058823529,0.0,0.0,0.0,36,5,1,4,0,0
55.30875,6.420697861779361,45.33,64.754,1.8021290322580643,0.445660389529627,1.086,2.503,110.93903125,10.712723037116175,90.705,128.557,21.62809375,3.347818407217096,16.626,28.06,107,106,2,0.9906542056074766,0.0188679245283018,0.0,0.0,0.0,37,5,1,4,0,0
54.39625,4.893657290556762,45.895,64.078,1.530967741935484,0.3284658768549094,1.028,2.272,111.54553125,12.768311364302104,89.991,128.99,21.9615,3.5828485513534463,15.255,27.763,122,121,1,0.9918032786885246,0.0082644628099173,0.0,0.0,0.0,38,5,1,4,0,0
54.81993548387097,5.6114662251232446,44.928,64.456,1.6966774193548388,0.457454069614045,1.032,2.498,109.2635,11.618055175652945,93.291,129.204,21.3665625,3.627485994615146,15.736,27.824,114,104,1,0.912280701754386,0.0096153846153846,0.0,0.0,0.0,39,5,1,4,0,0
67.16034375,1.6091727710399693,64.731,70.721,2.74309375,0.1476445949274483,2.523,2.995,108.88625,16.39216154929131,85.689,135.519,29.46403125,0.7946697217925651,27.578,31.222,178,150,4,0.8426966292134831,0.0266666666666666,0.0,0.0,0.0,40,5,1,4,0,0
67.87941935483872,1.833896067105831,64.283,71.159,2.6881875,0.1498755263113254,2.492,3.023,108.70087096774192,14.76551862220883,86.496,136.258,29.16016129032258,0.856895796728875,27.625,30.508,123,99,5,0.8048780487804879,0.0505050505050505,0.0,0.0,0.0,41,5,1,4,0,0
67.695125,1.740605247904374,64.832,70.671,2.7035,0.1433650877553415,2.503,2.975,107.85270967741934,15.409646771191843,86.942,136.495,29.39153125,1.0160673391570132,27.588,31.2,158,130,5,0.8227848101265823,0.0384615384615384,0.0,0.0,0.0,42,5,1,4,0,0
67.79753125,1.53321065161241,64.98,70.682,2.7640333333333333,0.1434026122335374,2.515,3.058,113.243625,14.373007436095778,86.114,137.302,29.78578125,0.9377611200869708,27.75,31.153,127,112,4,0.8818897637795275,0.0357142857142857,3.0,0.0,1.0,43,5,1,4,0,0
67.22425,1.572554199281352,64.777,70.235,2.77040625,0.1626121170295704,2.492,3.024,111.433625,13.588263148880577,85.622,136.934,29.41984375,0.8277165678744575,27.676,30.711,168,135,3,0.8035714285714286,0.0222222222222222,0.0,0.0,0.0,44,5,1,4,0,0
53.44248387096774,6.456686497324396,44.847,63.933,1.7956129032258066,0.4785148327495087,1.078,2.472,110.88134375,12.367568028619866,91.516,128.983,21.08719354838709,3.7412383905097055,15.598,27.637,85,76,1,0.8941176470588236,0.0131578947368421,0.0,0.0,0.0,45,5,1,4,0,0
55.33421875,5.363555126571007,46.757,64.541,1.81375,0.428756867715146,1.115,2.536,112.40825806451612,11.889699631663651,89.477,130.66,22.3078125,3.058589443365114,16.173,28.236,105,98,1,0.9333333333333332,0.010204081632653,1.0,0.0,1.0,1,6,1,5,0,0
55.3145625,5.871680915220216,45.125,63.89,1.69471875,0.4219857996674387,1.029,2.463,111.6285,10.68587716145368,94.354,129.281,21.90061290322581,3.747025377348628,15.152,27.477,117,112,2,0.9572649572649572,0.0178571428571428,1.0,0.0,1.0,2,6,1,5,0,0
54.56675,6.07711806167067,45.417,65.054,1.84140625,0.4445386778320978,1.055,2.459,109.2883125,12.564054650232636,90.227,129.55,19.986806451612903,3.63875640312598,15.088,27.316,140,136,2,0.9714285714285714,0.0147058823529411,0.0,0.0,0.0,3,6,1,5,0,0
55.87825,6.743815680716954,44.842,65.235,1.786,0.4614703010050348,1.059,2.44,107.95873333333334,11.346254432656387,89.743,129.646,22.434870967741936,3.272213702698684,15.953,27.474,127,122,2,0.9606299212598424,0.0163934426229508,2.0,1.0,0.0,4,6,1,5,0,0
54.60712903225807,7.135467906834306,44.393,65.451,1.73990625,0.4955868700501749,1.052,3.018,107.90709375,9.5965556938141,91.472,124.573,22.276967741935483,3.653705128440361,15.596,28.516,126,115,2,0.9126984126984128,0.017391304347826,2.0,1.0,0.0,5,6,1,5,0,0
54.12046875,5.609215516332864,45.149,62.06,1.89084375,0.4689961214073752,1.06,2.526,106.40674193548386,10.537574948623115,89.236,124.628,20.99859375,3.615367913811504,15.566,28.124,170,162,4,0.9529411764705882,0.0246913580246913,0.0,0.0,0.0,6,6,1,5,0,0
56.19546875,5.300337037271248,45.676,65.122,1.7141290322580645,0.4643932056591329,1.036,2.451,108.33103125,12.435549850962207,90.02,126.664,21.816258064516127,3.447503482886729,15.683,27.846,133,125,2,0.9398496240601504,0.016,0.0,0.0,0.0,7,6,1,5,0,0
54.94532258064516,5.850037853935057,46.024,65.672,1.819375,0.4532567277937775,1.005,2.479,109.77659375,10.713242835642417,90.251,129.996,22.5765625,3.5094097926491763,15.337,28.249,86,78,1,0.9069767441860463,0.0128205128205128,0.0,0.0,0.0,8,6,1,5,0,0
55.67393548387097,5.2475375744913855,45.879,65.03,1.6833870967741935,0.4834748995497322,0.981,2.521,110.5716875,10.232195489940311,90.049,131.871,21.0263125,4.081124603369247,15.38,27.952,83,78,1,0.9397590361445785,0.0128205128205128,0.0,0.0,0.0,9,6,1,5,0,0
54.57153125,5.154807552393954,46.095,64.273,1.7743548387096773,0.4488118795506715,1.058,2.392,109.22015625,12.1311520664226,90.781,129.208,22.40659375,3.90592885041136,15.237,27.463,83,78,2,0.9397590361445785,0.0256410256410256,0.0,0.0,0.0,10,6,1,5,0,0
54.73796875,5.969530237552739,45.889,63.885,1.908967741935484,0.5014507941211491,1.003,2.455,109.72925,12.024137629864995,90.178,130.602,21.90767741935484,2.929640755986949,15.718,26.314,116,108,1,0.9310344827586208,0.0092592592592592,0.0,0.0,0.0,11,6,1,5,0,0
53.57196875,5.792637599041618,45.357,64.919,1.68603125,0.444611064855493,1.031,2.468,110.3205625,10.348517662081822,91.15,127.119,21.182375,4.1044808146785785,15.118,27.276,114,107,2,0.9385964912280702,0.0186915887850467,0.0,0.0,0.0,12,6,1,5,0,0
54.9534375,5.577189452539344,46.171,64.194,1.86846875,0.4449273216746536,1.038,2.459,108.41003125,12.17507341299818,90.403,129.564,22.21715625,3.803873485136883,14.964,27.704,143,142,1,0.993006993006993,0.0070422535211267,0.0,0.0,0.0,13,6,1,5,0,0
54.3686875,5.668856279012263,45.621,64.703,1.674741935483871,0.4350091928332806,1.026,2.474,108.7172258064516,11.158904079133928,90.604,129.808,20.97571875,3.904385294927998,14.985,27.329,161,159,3,0.9875776397515528,0.0188679245283018,0.0,0.0,0.0,14,6,1,5,0,0
55.87906666666667,5.626080849004947,45.454,65.069,1.69984375,0.4920459006503094,1.0,2.493,108.364875,12.117704988050312,90.647,127.077,20.70753125,3.9121763102987694,14.881,27.903,151,145,3,0.9602649006622516,0.0206896551724137,2.0,0.0,1.0,15,6,1,5,0,0
55.654375,5.0389947138101325,45.226,63.852,1.83834375,0.4687652008287992,1.023,2.409,108.78725,11.195313310891851,91.304,130.7,22.039,3.2841540178413107,16.542,27.639,106,96,1,0.9056603773584906,0.0104166666666666,1.0,0.0,1.0,16,6,1,5,0,0
54.1115625,5.227991077425932,46.098,62.827,1.7849354838709677,0.4132356821866404,1.026,2.493,109.05365625,10.748159619237372,92.38,128.742,21.43240625,3.4744526128110245,15.962,27.653,100,98,2,0.98,0.0204081632653061,0.0,0.0,0.0,17,6,1,5,0,0
51.6501875,5.663456891661634,45.631,64.452,1.833,0.4068061280345364,1.027,2.527,106.05548387096772,11.23642919220327,90.824,125.878,20.23028125,3.757567240051476,15.329,27.536,145,133,1,0.9172413793103448,0.0075187969924812,0.0,0.0,0.0,18,6,1,5,0,0
55.13078125,6.952870434085875,44.64,64.413,1.74375,0.4688504129009799,1.085,2.531,106.85071875,12.079328875381991,89.588,129.83,21.119333333333334,4.041571590302494,15.127,27.66,166,155,1,0.933734939759036,0.0064516129032258,0.0,0.0,0.0,19,6,1,5,0,0
54.83909375,5.357672872043482,45.233,65.681,1.83684375,0.4595577193117663,1.027,2.491,109.64509375,13.565122282505031,88.673,131.41,21.55341935483871,3.543910653258568,14.881,26.976,154,147,3,0.9545454545454546,0.0204081632653061,0.0,0.0,0.0,20,6,1,5,0,0
67.48383870967741,1.9222537830504107,64.444,70.305,2.747967741935484,0.1713912646297875,2.456,3.058,112.02158064516128,14.6632184615661,86.245,135.219,29.31265625,0.8060253581768959,28.033,30.941,177,143,7,0.807909604519774,0.0489510489510489,5.0,0.0,1.0,21,6,1,5,0,0
67.90946875,2.8957093173529733,64.729,81.436,2.7455,0.1185928246755094,2.515,2.977,110.4771875,15.513655521543884,84.925,133.056,29.65146875,0.9161053955556244,27.949,31.168,135,110,5,0.8148148148148148,0.0454545454545454,0.0,0.0,0.0,22,6,1,5,0,0
67.83603125,1.63031630583039,64.488,70.766,2.80746875,0.1515953834463901,2.539,3.013,110.20074193548388,16.327111644884287,84.721,136.478,29.258,0.8438394588178871,27.902,31.111,83,75,3,0.9036144578313252,0.04,0.0,0.0,0.0,23,6,1,5,0,0
55.90784375,5.599150258741024,46.266,64.687,1.864875,0.4462877525369883,1.04,2.515,111.791875,12.12838764581248,89.521,128.172,21.55509375,3.95522682649073,15.066,27.549,82,81,1,0.9878048780487804,0.0123456790123456,0.0,0.0,0.0,24,6,1,5,0,0
55.28503125,5.701541480780132,45.053,65.676,1.86178125,0.3836598572807815,1.029,2.473,108.36103225806453,10.450638642315504,91.648,127.479,21.24513333333333,3.283697776144674,15.636,28.127,175,174,4,0.9942857142857144,0.0229885057471264,1.0,0.0,1.0,1,7,1,6,0,0
55.9280625,5.436403382559394,45.344,65.34,1.62515625,0.4547348826602864,1.023,2.444,111.95453125,11.60986796619756,91.097,129.849,22.36928125,3.68023771352126,16.345,28.391,107,103,2,0.9626168224299064,0.0194174757281553,0.0,0.0,0.0,2,7,1,6,0,0
55.95693548387096,6.048527517423745,45.969,63.316,1.73434375,0.4240199789400525,1.026,2.435,106.9610625,11.287452233850278,89.514,128.029,21.95915625,4.3156640359940655,15.095,28.217,156,144,2,0.9230769230769232,0.0138888888888888,0.0,0.0,0.0,3,7,1,6,0,0
55.69767741935484,5.741202954010578,45.83,65.402,1.80946875,0.3972581824306008,1.054,2.417,112.11753125,12.570944091587975,90.014,129.801,21.61659375,3.8246112841435775,15.359,27.199,88,87,1,0.9886363636363636,0.0114942528735632,0.0,0.0,0.0,4,7,1,6,0,0
55.1180625,4.516933294068502,47.303,64.46,1.6705,0.4018357873559795,1.026,2.457,112.01093548387097,12.802961927969337,89.263,130.998,19.99853125,3.560356234300293,15.838,27.086,175,161,2,0.92,0.0124223602484472,0.0,0.0,0.0,5,7,1,6,0,0
54.76935483870968,5.848630509491869,45.89,64.811,1.7499375,0.3970192111627069,1.066,2.52,109.64870967741936,11.71196013254129,92.695,130.722,22.1968125,3.296855084407054,15.309,27.31,86,83,2,0.9651162790697676,0.0240963855421686,0.0,0.0,0.0,6,7,1,6,0,0
56.09973333333333,5.775274825127124,47.086,64.881,1.685625,0.4223325207280587,1.066,2.432,103.8885625,11.971590947005302,74.078,130.408,21.5663125,4.098632253667858,15.181,27.454,90,88,2,0.9777777777777776,0.0227272727272727,0.0,0.0,0.0,7,7,1,6,0,0
54.56229032258064,5.746560044603776,46.245,63.714,1.753,0.4611541621739118,0.988,2.459,111.232875,11.660253543278907,91.194,127.455,21.7149375,3.734478302188424,15.418,27.231,119,110,1,0.9243697478991596,0.009090909090909,0.0,0.0,0.0,8,7,1,6,0,0
54.624625,5.3621888931486215,47.008,64.907,1.6411935483870967,0.430457076400953,1.008,2.443,108.0756129032258,10.774017906294814,91.951,128.65,21.40809375,3.769947286012699,15.103,28.219,151,145,3,0.9602649006622516,0.0206896551724137,0.0,0.0,0.0,9,7,1,6,0,0
57.2865,6.0933540528105885,44.917,64.352,1.77190625,0.4572902910430725,1.05,2.487,109.1698125,10.8740148458118,90.937,127.299,21.19335483870968,3.481418729468272,15.339,27.648,96,90,1,0.9375,0.0111111111111111,0.0,0.0,0.0,10,7,1,6,0,0
55.68361290322581,5.546545709883581,46.08,64.724,1.8104193548387093,0.4528834120899512,1.033,2.494,112.42521875,11.484890937829173,93.55,130.0,21.72809677419355,4.0817146426049815,15.514,27.431,174,166,1,0.9540229885057472,0.0060240963855421,1.0,0.0,1.0,11,7,1,6,0,0
55.08087096774194,5.64922886030731,45.558,64.744,1.75565625,0.4602414940690411,1.037,2.418,110.16806451612904,10.991942545748328,91.133,124.947,21.93115625,3.280038651516708,16.534,27.194,147,138,2,0.9387755102040816,0.0144927536231884,0.0,0.0,0.0,12,7,1,6,0,0
54.2974375,5.572885092484167,44.828,63.899,1.8334375,0.4180492282711027,1.048,2.471,107.83754838709676,11.051502443374565,90.15,128.444,22.55934375,3.742124164845545,16.517,27.264,100,97,1,0.97,0.0103092783505154,0.0,0.0,0.0,13,7,1,6,0,0
53.51359375,6.114114795525424,45.533,63.619,1.6614193548387095,0.4491604593901492,1.071,2.451,108.9506129032258,12.553661212776188,89.483,130.056,21.67187096774193,3.863095060888661,14.939,27.862,143,138,3,0.965034965034965,0.0217391304347826,0.0,0.0,0.0,14,7,1,6,0,0
55.42190625,5.643508622441591,44.88,64.734,1.7009,0.4406286535676358,1.035,2.459,111.51625,12.054967098334842,92.904,131.836,20.89275,3.389278865157963,15.946,28.058,152,138,3,0.9078947368421052,0.0217391304347826,0.0,0.0,0.0,15,7,1,6,0,0
55.74690625,5.987364875487192,44.803,64.492,1.739125,0.4368667583098182,1.054,2.44,111.18484375,11.229858667163889,90.297,129.978,20.67428125,3.852640931121563,15.455,26.976,125,120,3,0.96,0.025,0.0,0.0,0.0,16,7,1,6,0,0
53.62534375,5.928739133806938,44.59,65.036,1.65740625,0.3942218025897309,1.021,2.439,109.92096666666666,12.14937212932346,90.904,128.491,20.96193548387097,3.3734640251575625,15.699,27.744,90,89,1,0.9888888888888888,0.0112359550561797,0.0,0.0,0.0,17,7,1,6,0,0
55.35278125,6.588679067448243,45.235,65.081,1.6821875,0.4867704922206914,1.026,2.429,110.6275625,12.189613502929712,90.834,130.144,22.46246875,3.179752171154172,15.808,28.214,130,117,2,0.9,0.017094017094017,0.0,0.0,0.0,18,7,1,6,0,0
55.3475,5.281898345200546,46.717,64.855,1.842032258064516,0.4511668193969179,1.092,2.501,109.84596875,10.43429271289371,91.883,129.025,22.01935483870968,3.990145089662673,15.183,27.781,158,147,3,0.930379746835443,0.0204081632653061,0.0,0.0,0.0,19,7,1,6,0,0
55.89434375,6.18569161965807,45.784,64.687,1.73278125,0.3724418754716482,1.104,2.372,112.99370967741936,9.925145564653944,91.667,126.101,21.40721875,3.5174546307858896,16.16,27.245,169,159,3,0.940828402366864,0.0188679245283018,1.0,0.0,1.0,20,7,1,6,0,0
54.7720625,7.039993053229253,44.759,65.299,1.7388064516129031,0.423675459076468,1.044,2.502,108.976125,12.855838273944125,90.669,130.08,22.0426875,4.20376492880048,15.434,28.462,88,81,1,0.9204545454545454,0.0123456790123456,0.0,0.0,0.0,1,8,1,7,0,0
55.64732258064516,5.582052748986983,45.163,65.001,1.59871875,0.3766498531728923,0.977,2.503,107.611375,10.940768212545455,89.166,128.798,21.1080625,4.016253838988958,15.899,27.951,166,160,2,0.963855421686747,0.0125,0.0,0.0,0.0,2,8,1,7,0,0
52.16803125,4.524996970124634,45.623,60.976,1.74134375,0.3992680892037976,0.99,2.404,109.35425806451612,11.2530293964714,89.171,127.055,22.308466666666668,3.468096842037016,15.855,27.432,135,123,1,0.9111111111111112,0.008130081300813,0.0,0.0,0.0,1,9,2,7,0,0
53.9823125,6.215702412426027,45.652,65.033,1.799709677419355,0.4897545775554927,1.0,2.54,114.59183870967745,10.998393495102745,92.538,127.9,22.51370967741936,3.240102839865308,16.264,27.026,93,85,1,0.913978494623656,0.0117647058823529,0.0,0.0,0.0,2,9,2,7,0,0
54.51640625,5.407442594266006,46.032,63.898,1.57178125,0.360755724196197,0.997,2.438,112.4050625,12.937088521584853,89.588,128.233,21.71465625,3.3535566060948265,15.469,26.715,133,124,2,0.9323308270676692,0.0161290322580645,0.0,0.0,0.0,3,9,2,7,0,0
56.27421875,6.014637262729794,45.873,65.204,1.76371875,0.4410337734397629,0.996,2.48,110.23878125,11.510853326554184,91.018,129.717,21.8168125,3.700003831188077,15.509,28.118,84,81,1,0.9642857142857144,0.0123456790123456,0.0,0.0,0.0,4,9,2,7,0,0
54.51112903225807,5.953357163494309,44.79,64.824,1.7153125,0.4851798095352332,0.988,2.428,107.660375,10.725438857853248,88.554,127.24,21.34328125,3.62752846843612,15.469,27.764,90,81,1,0.9,0.0123456790123456,0.0,0.0,0.0,5,9,2,7,0,0
