machine_code,date,production_runs,target_quantity,produced_quantity,rejected_quantity,production_efficiency,rejection_rate
CNC-001,2026-01-01,1,94,84,1,0.8936170212765957,0.011904761904761904
CNC-001,2026-01-02,1,125,123,2,0.984,0.016260162601626018
CNC-001,2026-01-03,1,114,110,2,0.9649122807017544,0.01818181818181818
CNC-001,2026-01-04,1,151,144,3,0.9536423841059603,0.020833333333333332
CNC-001,2026-01-05,1,123,112,2,0.9105691056910569,0.017857142857142856
CNC-001,2026-01-06,1,119,109,1,0.9159663865546218,0.009174311926605505
CNC-001,2026-01-07,1,82,78,1,0.9512195121951219,0.01282051282051282
CNC-001,2026-01-08,1,92,83,2,0.9021739130434783,0.024096385542168676
CNC-001,2026-01-09,1,101,94,2,0.9306930693069307,0.02127659574468085
CNC-001,2026-01-10,1,110,103,2,0.9363636363636364,0.019417475728155338
CNC-001,2026-01-11,1,107,101,1,0.9439252336448598,0.009900990099009901
CNC-001,2026-01-12,1,113,107,1,0.9469026548672567,0.009345794392523364
CNC-001,2026-01-13,1,85,84,1,0.9882352941176471,0.011904761904761904
CNC-001,2026-01-14,1,138,129,3,0.9347826086956522,0.023255813953488372
CNC-001,2026-01-15,1,157,156,1,0.9936305732484076,0.00641025641025641
CNC-001,2026-01-16,1,96,88,2,0.9166666666666666,0.022727272727272728
CNC-001,2026-01-17,1,110,106,1,0.9636363636363636,0.009433962264150943
CNC-001,2026-01-18,1,95,89,2,0.9368421052631579,0.02247191011235955
CNC-001,2026-01-19,1,116,107,1,0.9224137931034483,0.009345794392523364
CNC-001,2026-01-20,1,133,126,3,0.9473684210526315,0.023809523809523808
CNC-001,2026-01-21,1,121,111,1,0.9173553719008265,0.009009009009009009
CNC-001,2026-01-22,1,112,109,1,0.9732142857142857,0.009174311926605505
CNC-001,2026-01-23,1,127,115,2,0.905511811023622,0.017391304347826087
CNC-001,2026-01-24,1,123,111,2,0.9024390243902439,0.018018018018018018
CNC-001,2026-01-25,1,140,133,2,0.95,0.015037593984962405
CNC-001,2026-01-26,1,81,78,0,0.9629629629629629,0.0
CNC-001,2026-01-27,1,118,107,1,0.9067796610169492,0.009345794392523364
CNC-001,2026-01-28,1,140,130,1,0.9285714285714286,0.007692307692307693
CNC-001,2026-01-29,1,144,137,2,0.9513888888888888,0.014598540145985401
CNC-001,2026-01-30,1,132,123,2,0.9318181818181818,0.016260162601626018
CNC-001,2026-01-31,1,106,98,1,0.9245283018867925,0.01020408163265306
CNC-001,2026-02-01,1,150,137,1,0.9133333333333333,0.0072992700729927005
CNC-001,2026-02-02,1,104,103,1,0.9903846153846154,0.009708737864077669
CNC-001,2026-02-03,1,99,89,2,0.898989898989899,0.02247191011235955
CNC-001,2026-02-04,1,83,75,1,0.9036144578313253,0.013333333333333334
CNC-001,2026-02-05,1,155,144,4,0.9290322580645162,0.027777777777777776
CNC-001,2026-02-06,1,125,115,1,0.92,0.008695652173913044
CNC-001,2026-02-07,1,141,140,2,0.9929078014184397,0.014285714285714285
CNC-001,2026-02-08,1,121,119,1,0.9834710743801653,0.008403361344537815
CNC-001,2026-02-09,1,115,103,1,0.8956521739130435,0.009708737864077669
CNC-001,2026-02-10,1,150,138,1,0.92,0.007246376811594203
CNC-001,2026-02-11,1,126,119,1,0.9444444444444444,0.008403361344537815
CNC-001,2026-02-12,1,92,90,1,0.9782608695652174,0.011111111111111112
CNC-001,2026-02-13,1,96,91,1,0.9479166666666666,0.01098901098901099
CNC-001,2026-02-14,1,159,152,3,0.9559748427672956,0.019736842105263157
CNC-001,2026-02-15,1,152,145,4,0.9539473684210527,0.027586206896551724
CNC-001,2026-02-16,1,97,94,1,0.9690721649484536,0.010638297872340425
CNC-001,2026-02-17,1,101,98,2,0.9702970297029703,0.02040816326530612
CNC-001,2026-02-18,1,105,96,1,0.9142857142857143,0.010416666666666666
CNC-001,2026-02-19,1,137,123,2,0.8978102189781022,0.016260162601626018
CNC-001,2026-02-20,1,136,129,2,0.9485294117647058,0.015503875968992248
CNC-001,2026-02-21,1,90,83,1,0.9222222222222223,0.012048192771084338
CNC-001,2026-02-22,1,159,145,2,0.9119496855345912,0.013793103448275862
CNC-001,2026-02-23,1,100,98,2,0.98,0.02040816326530612
CNC-001,2026-02-24,1,110,103,1,0.9363636363636364,0.009708737864077669
CNC-001,2026-02-25,1,159,150,1,0.9433962264150944,0.006666666666666667
CNC-001,2026-02-26,1,82,76,0,0.926829268292683,0.0
CNC-001,2026-02-27,1,119,113,3,0.9495798319327731,0.02654867256637168
CNC-001,2026-02-28,1,90,84,2,0.9333333333333333,0.023809523809523808
CNC-001,2026-03-01,1,157,151,2,0.9617834394904459,0.013245033112582781
CNC-001,2026-03-02,1,137,126,2,0.9197080291970803,0.015873015873015872
CNC-001,2026-03-03,1,95,94,2,0.9894736842105263,0.02127659574468085
CNC-001,2026-03-04,1,150,144,1,0.96,0.006944444444444444
CNC-001,2026-03-05,1,157,146,4,0.9299363057324841,0.0273972602739726
CNC-001,2026-03-06,1,106,99,1,0.9339622641509434,0.010101010101010102
CNC-001,2026-03-07,1,145,137,3,0.9448275862068966,0.021897810218978103
CNC-001,2026-03-08,1,126,120,1,0.9523809523809523,0.008333333333333333
CNC-001,2026-03-09,1,120,109,3,0.9083333333333333,0.027522935779816515
CNC-001,2026-03-10,1,128,117,2,0.9140625,0.017094017094017096
CNC-001,2026-03-11,1,113,108,1,0.9557522123893806,0.009259259259259259
CNC-001,2026-03-12,1,112,109,1,0.9732142857142857,0.009174311926605505
CNC-001,2026-03-13,1,116,108,2,0.9310344827586207,0.018518518518518517
CNC-001,2026-03-14,1,143,141,1,0.986013986013986,0.0070921985815602835
CNC-001,2026-03-15,1,80,74,1,0.925,0.013513513513513514
CNC-001,2026-03-16,1,140,136,3,0.9714285714285714,0.022058823529411766
CNC-001,2026-03-17,1,96,91,1,0.9479166666666666,0.01098901098901099
CNC-001,2026-03-18,1,137,135,3,0.9854014598540146,0.022222222222222223
CNC-001,2026-03-19,1,94,84,1,0.8936170212765957,0.011904761904761904
CNC-001,2026-03-20,1,121,111,3,0.9173553719008265,0.02702702702702703
CNC-001,2026-03-21,1,139,137,2,0.9856115107913669,0.014598540145985401
CNC-001,2026-03-22,1,107,106,3,0.9906542056074766,0.02830188679245283
CNC-001,2026-03-23,1,152,149,3,0.9802631578947368,0.020134228187919462
CNC-001,2026-03-24,1,87,82,2,0.9425287356321839,0.024390243902439025
CNC-001,2026-03-25,1,102,92,1,0.9019607843137255,0.010869565217391304
CNC-001,2026-03-26,1,101,91,2,0.900990099009901,0.02197802197802198
CNC-001,2026-03-27,1,130,129,2,0.9923076923076923,0.015503875968992248
CNC-001,2026-03-28,1,109,101,2,0.926605504587156,0.019801980198019802
CNC-001,2026-03-29,1,151,144,2,0.9536423841059603,0.013888888888888888
CNC-001,2026-03-30,1,112,111,2,0.9910714285714286,0.018018018018018018
CNC-001,2026-03-31,1,121,113,2,0.9338842975206612,0.017699115044247787
CNC-001,2026-04-01,1,156,147,2,0.9423076923076923,0.013605442176870748
CNC-001,2026-04-02,1,108,102,2,0.9444444444444444,0.0196078431372549
CNC-001,2026-04-03,1,120,108,1,0.9,0.009259259259259259
CNC-001,2026-04-04,1,107,98,2,0.9158878504672897,0.02040816326530612
CNC-001,2026-04-05,1,97,90,1,0.9278350515463918,0.011111111111111112
CNC-001,2026-04-06,1,151,143,2,0.9470198675496688,0.013986013986013986
CNC-001,2026-04-07,1,136,129,3,0.9485294117647058,0.023255813953488372
CNC-001,2026-04-08,1,152,142,2,0.9342105263157895,0.014084507042253521
CNC-001,2026-04-09,1,114,109,1,0.956140350877193,0.009174311926605505
CNC-001,2026-04-10,1,116,108,2,0.9310344827586207,0.018518518518518517
CNC-001,2026-04-11,1,101,91,2,0.900990099009901,0.02197802197802198
CNC-001,2026-04-12,1,118,107,2,0.9067796610169492,0.018691588785046728
CNC-001,2026-04-13,1,115,110,1,0.9565217391304348,0.00909090909090909
CNC-001,2026-04-14,1,96,90,2,0.9375,0.022222222222222223
CNC-001,2026-04-15,1,145,143,4,0.9862068965517241,0.027972027972027972
CNC-001,2026-04-16,1,113,103,1,0.911504424778761,0.009708737864077669
CNC-001,2026-04-17,1,145,130,3,0.896551724137931,0.023076923076923078
CNC-001,2026-04-18,1,85,84,0,0.9882352941176471,0.0
CNC-001,2026-04-19,1,81,80,0,0.9876543209876543,0.0
CNC-001,2026-04-20,1,135,130,1,0.9629629629629629,0.007692307692307693
CNC-001,2026-04-21,1,91,83,1,0.9120879120879121,0.012048192771084338
CNC-001,2026-04-22,1,108,98,2,0.9074074074074074,0.02040816326530612
CNC-001,2026-04-23,1,103,95,1,0.9223300970873787,0.010526315789473684
CNC-001,2026-04-24,1,129,119,1,0.9224806201550387,0.008403361344537815
CNC-001,2026-04-25,1,125,123,1,0.984,0.008130081300813009
CNC-001,2026-04-26,1,98,95,2,0.9693877551020408,0.021052631578947368
CNC-001,2026-04-27,1,153,143,4,0.934640522875817,0.027972027972027972
CNC-001,2026-04-28,1,136,132,3,0.9705882352941176,0.022727272727272728
CNC-001,2026-04-29,1,91,84,2,0.9230769230769231,0.023809523809523808
CNC-001,2026-04-30,1,160,153,2,0.95625,0.013071895424836602
CNC-001,2026-05-01,1,92,83,1,0.9021739130434783,0.012048192771084338
CNC-001,2026-05-02,1,107,104,1,0.9719626168224299,0.009615384615384616
CNC-001,2026-05-03,1,92,91,1,0.9891304347826086,0.01098901098901099
CNC-001,2026-05-04,1,119,110,2,0.9243697478991597,0.01818181818181818
CNC-001,2026-05-05,1,131,119,3,0.9083969465648855,0.025210084033613446
CNC-001,2026-05-06,1,113,110,2,0.9734513274336283,0.01818181818181818
CNC-001,2026-05-07,1,124,117,1,0.9435483870967742,0.008547008547008548
CNC-001,2026-05-08,1,156,146,2,0.9358974358974359,0.0136986301369863
CNC-001,2026-05-09,1,96,93,2,0.96875,0.021505376344086023
CNC-001,2026-05-10,1,118,111,3,0.940677966101695,0.02702702702702703
CNC-001,2026-05-11,1,134,126,3,0.9402985074626866,0.023809523809523808
CNC-001,2026-05-12,1,97,90,2,0.9278350515463918,0.022222222222222223
CNC-001,2026-05-13,1,136,127,2,0.9338235294117647,0.015748031496062992
CNC-001,2026-05-14,1,100,90,1,0.9,0.011111111111111112
CNC-001,2026-05-15,1,126,123,1,0.9761904761904762,0.008130081300813009
CNC-001,2026-05-16,1,94,85,2,0.9042553191489362,0.023529411764705882
CNC-001,2026-05-17,1,152,140,4,0.9210526315789473,0.02857142857142857
CNC-001,2026-05-18,1,144,132,3,0.9166666666666666,0.022727272727272728
CNC-001,2026-05-19,1,86,84,2,0.9767441860465116,0.023809523809523808
CNC-001,2026-05-20,1,104,94,2,0.9038461538461539,0.02127659574468085
CNC-001,2026-05-21,1,96,87,2,0.90625,0.022988505747126436
CNC-001,2026-05-22,1,117,113,3,0.9658119658119658,0.02654867256637168
CNC-001,2026-05-23,1,114,111,1,0.9736842105263158,0.009009009009009009
CNC-001,2026-05-24,1,120,119,1,0.9916666666666667,0.008403361344537815
CNC-001,2026-05-25,1,112,100,1,0.8928571428571429,0.01
CNC-001,2026-05-26,1,107,103,1,0.9626168224299065,0.009708737864077669
CNC-001,2026-05-27,1,127,120,2,0.9448818897637795,0.016666666666666666
CNC-001,2026-05-28,1,84,76,0,0.9047619047619048,0.0
CNC-001,2026-05-29,1,136,127,3,0.9338235294117647,0.023622047244094488
CNC-001,2026-05-30,1,124,114,3,0.9193548387096774,0.02631578947368421
CNC-001,2026-05-31,1,104,96,1,0.9230769230769231,0.010416666666666666
CNC-001,2026-06-01,1,115,113,1,0.9826086956521739,0.008849557522123894
CNC-001,2026-06-02,1,139,132,1,0.9496402877697842,0.007575757575757576
CNC-001,2026-06-03,1,85,76,1,0.8941176470588236,0.013157894736842105
CNC-001,2026-06-04,1,101,93,1,0.9207920792079208,0.010752688172043012
CNC-001,2026-06-05,1,103,98,1,0.9514563106796117,0.01020408163265306
CNC-001,2026-06-06,1,128,120,1,0.9375,0.008333333333333333
CNC-001,2026-06-07,1,141,138,2,0.9787234042553191,0.014492753623188406
CNC-001,2026-06-08,1,134,129,1,0.9626865671641791,0.007751937984496124
CNC-001,2026-06-09,1,100,91,1,0.91,0.01098901098901099
CNC-001,2026-06-10,1,143,134,1,0.9370629370629371,0.007462686567164179
CNC-001,2026-06-11,1,91,86,2,0.945054945054945,0.023255813953488372
CNC-001,2026-06-12,1,123,116,4,0.943089430894309,0.034482758620689655
CNC-001,2026-06-13,1,153,128,7,0.8366013071895425,0.0546875
CNC-001,2026-06-14,1,153,142,5,0.9281045751633987,0.035211267605633804
CNC-001,2026-06-15,1,113,93,2,0.8230088495575221,0.021505376344086023
CNC-001,2026-06-16,1,133,116,6,0.8721804511278195,0.05172413793103448
CNC-001,2026-06-17,1,124,115,6,0.9274193548387096,0.05217391304347826
CNC-001,2026-06-18,1,120,101,3,0.8416666666666667,0.0297029702970297
CNC-001,2026-06-19,1,147,134,3,0.9115646258503401,0.022388059701492536
CNC-001,2026-06-20,1,160,145,7,0.90625,0.04827586206896552
CNC-001,2026-06-21,1,117,104,5,0.8888888888888888,0.04807692307692308
CNC-001,2026-06-22,1,159,138,4,0.8679245283018868,0.028985507246376812
CNC-001,2026-06-23,1,89,78,2,0.8764044943820225,0.02564102564102564
CNC-001,2026-06-24,1,95,79,3,0.8315789473684211,0.0379746835443038
CNC-001,2026-06-25,1,160,129,4,0.80625,0.031007751937984496
CNC-001,2026-06-26,1,139,116,6,0.8345323741007195,0.05172413793103448
CNC-001,2026-06-27,1,132,118,2,0.8939393939393939,0.01694915254237288
CNC-001,2026-06-28,1,139,127,2,0.9136690647482014,0.015748031496062992
CNC-001,2026-06-29,1,93,85,3,0.9139784946236559,0.03529411764705882
CNC-001,2026-06-30,1,150,140,4,0.9333333333333333,0.02857142857142857
CNC-001,2026-07-01,1,154,128,3,0.8311688311688312,0.0234375
CNC-001,2026-07-02,1,109,99,5,0.908256880733945,0.050505050505050504
CNC-001,2026-07-03,1,86,75,2,0.872093023255814,0.02666666666666667
CNC-001,2026-07-04,1,156,140,7,0.8974358974358975,0.05
CNC-001,2026-07-05,1,106,96,2,0.9056603773584906,0.020833333333333332
CNC-001,2026-07-06,1,129,107,3,0.8294573643410853,0.028037383177570093
CNC-001,2026-07-07,1,112,110,3,0.9821428571428571,0.02727272727272727
CNC-001,2026-07-08,1,105,103,1,0.9809523809523809,0.009708737864077669
CNC-001,2026-07-09,1,96,88,2,0.9166666666666666,0.022727272727272728
CNC-001,2026-07-10,1,108,105,3,0.9722222222222222,0.02857142857142857
CNC-001,2026-07-11,1,148,139,3,0.9391891891891891,0.02158273381294964
CNC-001,2026-07-12,1,137,123,2,0.8978102189781022,0.016260162601626018
CNC-001,2026-07-13,1,99,81,2,0.8181818181818182,0.024691358024691357
CNC-001,2026-07-14,1,156,138,4,0.8846153846153846,0.028985507246376812
CNC-001,2026-07-15,1,138,125,4,0.9057971014492754,0.032
CNC-001,2026-07-16,1,157,147,8,0.9363057324840764,0.05442176870748299
CNC-001,2026-07-17,1,158,150,5,0.9493670886075949,0.03333333333333333
CNC-001,2026-07-18,1,140,128,5,0.9142857142857143,0.0390625
CNC-001,2026-07-19,1,129,106,2,0.8217054263565892,0.018867924528301886
CNC-001,2026-07-20,1,141,128,5,0.9078014184397163,0.0390625
CNC-001,2026-07-21,1,106,89,2,0.839622641509434,0.02247191011235955
CNC-001,2026-07-22,1,86,70,1,0.813953488372093,0.014285714285714285
CNC-001,2026-07-23,1,126,108,5,0.8571428571428571,0.046296296296296294
CNC-001,2026-07-24,1,100,94,3,0.94,0.031914893617021274
CNC-001,2026-07-25,1,128,108,4,0.84375,0.037037037037037035
CNC-001,2026-07-26,1,117,94,5,0.8034188034188035,0.05319148936170213
CNC-001,2026-07-27,1,96,78,1,0.8125,0.01282051282051282
CNC-001,2026-07-28,1,110,99,3,0.9,0.030303030303030304
CNC-001,2026-07-29,1,123,108,2,0.8780487804878049,0.018518518518518517
CNC-001,2026-07-30,1,89,82,2,0.9213483146067416,0.024390243902439025
CNC-001,2026-07-31,1,132,120,3,0.9090909090909091,0.025
CNC-001,2026-08-01,1,147,132,2,0.8979591836734694,0.015151515151515152
CNC-001,2026-08-02,1,92,80,3,0.8695652173913043,0.0375
CNC-001,2026-08-03,1,89,79,4,0.8876404494382022,0.05063291139240506
CNC-001,2026-08-04,1,136,123,2,0.9044117647058824,0.016260162601626018
CNC-001,2026-08-05,1,125,106,3,0.848,0.02830188679245283
CNC-001,2026-08-06,1,104,83,4,0.7980769230769231,0.04819277108433735
CNC-001,2026-08-07,1,82,71,4,0.8658536585365854,0.056338028169014086
CNC-001,2026-08-08,1,153,134,4,0.8758169934640523,0.029850746268656716
CNC-001,2026-08-09,1,116,100,5,0.8620689655172413,0.05
CNC-001,2026-08-10,1,149,130,5,0.87248322147651,0.038461538461538464
CNC-001,2026-08-11,1,136,120,3,0.8823529411764706,0.025
CNC-001,2026-08-12,1,114,94,2,0.8245614035087719,0.02127659574468085
CNC-001,2026-08-13,1,134,121,3,0.9029850746268657,0.024793388429752067
CNC-001,2026-08-14,1,91,73,3,0.8021978021978022,0.0410958904109589
CNC-001,2026-08-15,1,90,80,2,0.8888888888888888,0.025
CNC-001,2026-08-16,1,108,91,5,0.8425925925925926,0.054945054945054944
CNC-001,2026-08-17,1,101,84,4,0.8316831683168316,0.047619047619047616
CNC-001,2026-08-18,1,147,136,5,0.9251700680272109,0.03676470588235294
CNC-001,2026-08-19,1,127,105,4,0.8267716535433071,0.0380952380952381
CNC-001,2026-08-20,1,153,137,7,0.8954248366013072,0.051094890510948905
CNC-001,2026-08-21,1,145,124,4,0.8551724137931035,0.03225806451612903
CNC-001,2026-08-22,1,155,137,3,0.8838709677419355,0.021897810218978103
CNC-001,2026-08-23,1,80,65,2,0.8125,0.03076923076923077
CNC-001,2026-08-24,1,87,71,2,0.8160919540229885,0.028169014084507043
CNC-001,2026-08-25,1,98,78,3,0.7959183673469388,0.038461538461538464
CNC-001,2026-08-26,1,156,137,8,0.8782051282051282,0.058394160583941604
CNC-001,2026-08-27,1,92,84,4,0.9130434782608695,0.047619047619047616
CNC-001,2026-08-28,1,107,100,5,0.9345794392523364,0.05
CNC-001,2026-08-29,1,138,122,3,0.8840579710144928,0.02459016393442623
CNC-001,2026-08-30,1,101,81,4,0.801980198019802,0.04938271604938271
CNC-001,2026-08-31,1,97,78,3,0.8041237113402062,0.038461538461538464
CNC-001,2026-09-01,1,135,125,3,0.9259259259259259,0.024
CNC-001,2026-09-02,1,155,146,6,0.9419354838709677,0.0410958904109589
CNC-001,2026-09-03,1,119,97,2,0.8151260504201681,0.020618556701030927
CNC-001,2026-09-04,1,135,112,5,0.8296296296296296,0.044642857142857144
CNC-001,2026-09-05,1,149,126,4,0.8456375838926175,0.031746031746031744
CNC-001,2026-09-06,1,118,109,3,0.923728813559322,0.027522935779816515
CNC-001,2026-09-07,1,113,103,3,0.911504424778761,0.02912621359223301
CNC-001,2026-09-08,1,154,145,8,0.9415584415584416,0.05517241379310345
CNC-001,2026-09-09,1,111,104,5,0.9369369369369369,0.04807692307692308
CNC-001,2026-09-10,1,118,95,5,0.8050847457627118,0.05263157894736842
CNC-001,2026-09-11,1,150,136,5,0.9066666666666666,0.03676470588235294
CNC-001,2026-09-12,1,121,111,3,0.9173553719008265,0.02702702702702703
CNC-001,2026-09-13,1,147,127,7,0.8639455782312925,0.05511811023622047
CNC-001,2026-09-14,1,127,112,5,0.8818897637795275,0.044642857142857144
CNC-001,2026-09-15,1,127,104,5,0.8188976377952756,0.04807692307692308
CNC-001,2026-09-16,1,101,85,5,0.8415841584158416,0.058823529411764705
CNC-001,2026-09-17,1,145,133,5,0.9172413793103448,0.03759398496240601
CNC-001,2026-09-18,1,141,122,7,0.8652482269503546,0.05737704918032787
CNC-001,2026-09-19,1,100,85,3,0.85,0.03529411764705882
CNC-001,2026-09-20,1,85,74,4,0.8705882352941177,0.05405405405405406
CNC-001,2026-09-21,1,132,107,4,0.8106060606060606,0.037383177570093455
CNC-001,2026-09-22,1,148,118,4,0.7972972972972973,0.03389830508474576
CNC-001,2026-09-23,1,110,95,4,0.8636363636363636,0.042105263157894736
CNC-001,2026-09-24,1,154,136,5,0.8831168831168831,0.03676470588235294
CNC-001,2026-09-25,1,155,145,4,0.9354838709677419,0.027586206896551724
CNC-001,2026-09-26,1,143,120,3,0.8391608391608392,0.025
CNC-001,2026-09-27,1,86,80,3,0.9302325581395349,0.0375
CNC-001,2026-09-28,1,105,90,3,0.8571428571428571,0.03333333333333333
CNC-001,2026-09-29,1,83,71,3,0.8554216867469879,0.04225352112676056
CNC-001,2026-09-30,1,147,131,3,0.891156462585034,0.022900763358778626
CNC-002,2026-01-01,1,91,83,1,0.9120879120879121,0.012048192771084338
CNC-002,2026-01-02,1,150,139,3,0.9266666666666666,0.02158273381294964
CNC-002,2026-01-03,1,151,139,2,0.9205298013245033,0.014388489208633094
CNC-002,2026-01-04,1,143,130,1,0.9090909090909091,0.007692307692307693
CNC-002,2026-01-05,1,144,142,3,0.9861111111111112,0.02112676056338028
CNC-002,2026-01-06,1,148,144,1,0.972972972972973,0.006944444444444444
CNC-002,2026-01-07,1,122,110,1,0.9016393442622951,0.00909090909090909
CNC-002,2026-01-08,1,103,95,1,0.9223300970873787,0.010526315789473684
CNC-002,2026-01-09,1,151,145,2,0.9602649006622517,0.013793103448275862
CNC-002,2026-01-10,1,146,136,2,0.9315068493150684,0.014705882352941176
CNC-002,2026-01-11,1,149,144,3,0.9664429530201343,0.020833333333333332
CNC-002,2026-01-12,1,122,119,2,0.9754098360655737,0.01680672268907563
CNC-002,2026-01-13,1,110,108,3,0.9818181818181818,0.027777777777777776
CNC-002,2026-01-14,1,88,87,1,0.9886363636363636,0.011494252873563218
CNC-002,2026-01-15,1,148,143,4,0.9662162162162162,0.027972027972027972
CNC-002,2026-01-16,1,118,109,2,0.923728813559322,0.01834862385321101
CNC-002,2026-01-17,1,138,129,2,0.9347826086956522,0.015503875968992248
CNC-002,2026-01-18,1,158,155,4,0.9810126582278481,0.025806451612903226
CNC-002,2026-01-19,1,107,96,1,0.897196261682243,0.010416666666666666
CNC-002,2026-01-20,1,129,120,2,0.9302325581395349,0.016666666666666666
CNC-002,2026-01-21,1,82,79,0,0.9634146341463414,0.0
CNC-002,2026-01-22,1,83,82,1,0.9879518072289156,0.012195121951219513
CNC-002,2026-01-23,1,138,133,2,0.9637681159420289,0.015037593984962405
CNC-002,2026-01-24,1,115,109,2,0.9478260869565217,0.01834862385321101
CNC-002,2026-01-25,1,95,92,1,0.968421052631579,0.010869565217391304
CNC-002,2026-01-26,1,93,91,1,0.978494623655914,0.01098901098901099
CNC-002,2026-01-27,1,136,126,2,0.9264705882352942,0.015873015873015872
CNC-002,2026-01-28,1,160,153,3,0.95625,0.0196078431372549
CNC-002,2026-01-29,1,109,108,2,0.9908256880733946,0.018518518518518517
CNC-002,2026-01-30,1,150,135,1,0.9,0.007407407407407408
CNC-002,2026-01-31,1,110,106,1,0.9636363636363636,0.009433962264150943
CNC-002,2026-02-01,1,133,124,3,0.9323308270676691,0.024193548387096774
CNC-002,2026-02-02,1,128,120,2,0.9375,0.016666666666666666
CNC-002,2026-02-03,1,148,138,2,0.9324324324324325,0.014492753623188406
CNC-002,2026-02-04,1,103,94,1,0.912621359223301,0.010638297872340425
CNC-002,2026-02-05,1,93,85,1,0.9139784946236559,0.011764705882352941
CNC-002,2026-02-06,1,85,79,1,0.9294117647058824,0.012658227848101266
CNC-002,2026-02-07,1,130,129,3,0.9923076923076923,0.023255813953488372
CNC-002,2026-02-08,1,85,84,1,0.9882352941176471,0.011904761904761904
CNC-002,2026-02-09,1,149,147,3,0.9865771812080537,0.02040816326530612
CNC-002,2026-02-10,1,96,91,2,0.9479166666666666,0.02197802197802198
CNC-002,2026-02-11,1,87,86,2,0.9885057471264368,0.023255813953488372
CNC-002,2026-02-12,1,132,123,2,0.9318181818181818,0.016260162601626018
CNC-002,2026-02-13,1,134,132,3,0.9850746268656716,0.022727272727272728
CNC-002,2026-02-14,1,119,118,2,0.9915966386554622,0.01694915254237288
CNC-002,2026-02-15,1,142,136,2,0.9577464788732394,0.014705882352941176
CNC-002,2026-02-16,1,109,103,2,0.944954128440367,0.019417475728155338
CNC-002,2026-02-17,1,155,145,1,0.9354838709677419,0.006896551724137931
CNC-002,2026-02-18,1,154,145,4,0.9415584415584416,0.027586206896551724
CNC-002,2026-02-19,1,139,133,3,0.9568345323741008,0.022556390977443608
CNC-002,2026-02-20,1,86,84,1,0.9767441860465116,0.011904761904761904
CNC-002,2026-02-21,1,126,113,1,0.8968253968253969,0.008849557522123894
CNC-002,2026-02-22,1,126,121,1,0.9603174603174603,0.008264462809917356
CNC-002,2026-02-23,1,93,90,1,0.967741935483871,0.011111111111111112
CNC-002,2026-02-24,1,116,115,2,0.9913793103448276,0.017391304347826087
CNC-002,2026-02-25,1,80,76,1,0.95,0.013157894736842105
CNC-002,2026-02-26,1,123,120,1,0.975609756097561,0.008333333333333333
CNC-002,2026-02-27,1,86,84,1,0.9767441860465116,0.011904761904761904
CNC-002,2026-02-28,1,137,131,2,0.9562043795620438,0.015267175572519083
CNC-002,2026-03-01,1,84,80,1,0.9523809523809523,0.0125
CNC-002,2026-03-02,1,102,100,1,0.9803921568627451,0.01
CNC-002,2026-03-03,1,96,92,1,0.9583333333333334,0.010869565217391304
CNC-002,2026-03-04,1,118,108,1,0.9152542372881356,0.009259259259259259
CNC-002,2026-03-05,1,113,109,2,0.9646017699115044,0.01834862385321101
CNC-002,2026-03-06,1,127,120,1,0.9448818897637795,0.008333333333333333
CNC-002,2026-03-07,1,154,144,1,0.935064935064935,0.006944444444444444
CNC-002,2026-03-08,1,127,124,2,0.9763779527559056,0.016129032258064516
CNC-002,2026-03-09,1,152,141,3,0.9276315789473685,0.02127659574468085
CNC-002,2026-03-10,1,99,93,1,0.9393939393939394,0.010752688172043012
CNC-002,2026-03-11,1,142,132,2,0.9295774647887324,0.015151515151515152
CNC-002,2026-03-12,1,155,143,1,0.9225806451612903,0.006993006993006993
CNC-002,2026-03-13,1,84,83,1,0.9880952380952381,0.012048192771084338
CNC-002,2026-03-14,1,112,108,1,0.9642857142857143,0.009259259259259259
CNC-002,2026-03-15,1,110,99,1,0.9,0.010101010101010102
CNC-002,2026-03-16,1,126,114,2,0.9047619047619048,0.017543859649122806
CNC-002,2026-03-17,1,80,77,1,0.9625,0.012987012987012988
CNC-002,2026-03-18,1,102,101,1,0.9901960784313726,0.009900990099009901
CNC-002,2026-03-19,1,156,140,3,0.8974358974358975,0.02142857142857143
CNC-002,2026-03-20,1,102,98,1,0.9607843137254902,0.01020408163265306
CNC-002,2026-03-21,1,90,89,2,0.9888888888888889,0.02247191011235955
CNC-002,2026-03-22,1,130,128,2,0.9846153846153847,0.015625
CNC-002,2026-03-23,1,109,102,2,0.9357798165137615,0.0196078431372549
CNC-002,2026-03-24,1,109,98,1,0.8990825688073395,0.01020408163265306
CNC-002,2026-03-25,1,130,118,3,0.9076923076923077,0.025423728813559324
CNC-002,2026-03-26,1,109,100,2,0.9174311926605505,0.02
CNC-002,2026-03-27,1,129,125,1,0.9689922480620154,0.008
CNC-002,2026-03-28,1,111,107,1,0.963963963963964,0.009345794392523364
CNC-002,2026-03-29,1,132,123,1,0.9318181818181818,0.008130081300813009
CNC-002,2026-03-30,1,130,121,2,0.9307692307692308,0.01652892561983471
CNC-002,2026-03-31,1,150,135,3,0.9,0.022222222222222223
CNC-002,2026-04-01,1,126,122,3,0.9682539682539683,0.02459016393442623
CNC-002,2026-04-02,1,155,150,1,0.967741935483871,0.006666666666666667
CNC-002,2026-04-03,1,111,105,2,0.9459459459459459,0.01904761904761905
CNC-002,2026-04-04,1,94,87,2,0.925531914893617,0.022988505747126436
CNC-002,2026-04-05,1,153,131,3,0.8562091503267973,0.022900763358778626
CNC-002,2026-04-06,1,83,76,2,0.9156626506024096,0.02631578947368421
CNC-002,2026-04-07,1,137,115,6,0.8394160583941606,0.05217391304347826
CNC-002,2026-04-08,1,145,137,6,0.9448275862068966,0.043795620437956206
CNC-002,2026-04-09,1,127,110,4,0.8661417322834646,0.03636363636363636
CNC-002,2026-04-10,1,138,110,6,0.7971014492753623,0.05454545454545454
CNC-002,2026-04-11,1,141,114,4,0.8085106382978723,0.03508771929824561
CNC-002,2026-04-12,1,158,141,5,0.8924050632911392,0.03546099290780142
CNC-002,2026-04-13,1,118,98,4,0.8305084745762712,0.04081632653061224
CNC-002,2026-04-14,1,82,72,1,0.8780487804878049,0.013888888888888888
CNC-002,2026-04-15,1,110,88,2,0.8,0.022727272727272728
CNC-002,2026-04-16,1,134,112,2,0.835820895522388,0.017857142857142856
CNC-002,2026-04-17,1,84,80,2,0.9523809523809523,0.025
CNC-002,2026-04-18,1,81,75,1,0.9259259259259259,0.013333333333333334
CNC-002,2026-04-19,1,110,103,3,0.9363636363636364,0.02912621359223301
CNC-002,2026-04-20,1,120,113,1,0.9416666666666667,0.008849557522123894
CNC-002,2026-04-21,1,91,88,2,0.967032967032967,0.022727272727272728
CNC-002,2026-04-22,1,89,80,0,0.898876404494382,0.0
CNC-002,2026-04-23,1,150,142,1,0.9466666666666667,0.007042253521126761
CNC-002,2026-04-24,1,147,137,2,0.9319727891156463,0.014598540145985401
CNC-002,2026-04-25,1,143,136,1,0.951048951048951,0.007352941176470588
CNC-002,2026-04-26,1,121,110,1,0.9090909090909091,0.00909090909090909
CNC-002,2026-04-27,1,143,130,3,0.9090909090909091,0.023076923076923078
CNC-002,2026-04-28,1,141,138,2,0.9787234042553191,0.014492753623188406
CNC-002,2026-04-29,1,86,78,1,0.9069767441860465,0.01282051282051282
CNC-002,2026-04-30,1,130,113,6,0.8692307692307693,0.05309734513274336
CNC-002,2026-05-01,1,146,125,5,0.8561643835616438,0.04
CNC-002,2026-05-02,1,156,130,7,0.8333333333333334,0.05384615384615385
CNC-002,2026-05-03,1,142,125,4,0.8802816901408451,0.032
CNC-002,2026-05-04,1,136,124,4,0.9117647058823529,0.03225806451612903
CNC-002,2026-05-05,1,138,111,3,0.8043478260869565,0.02702702702702703
CNC-002,2026-05-06,1,106,89,3,0.839622641509434,0.033707865168539325
CNC-002,2026-05-07,1,127,112,4,0.8818897637795275,0.03571428571428571
CNC-002,2026-05-08,1,129,117,5,0.9069767441860465,0.042735042735042736
CNC-002,2026-05-09,1,108,98,3,0.9074074074074074,0.030612244897959183
CNC-002,2026-05-10,1,138,113,6,0.8188405797101449,0.05309734513274336
CNC-002,2026-05-11,1,147,121,5,0.8231292517006803,0.04132231404958678
CNC-002,2026-05-12,1,96,79,1,0.8229166666666666,0.012658227848101266
CNC-002,2026-05-13,1,146,122,5,0.8356164383561644,0.040983606557377046
CNC-002,2026-05-14,1,94,86,4,0.9148936170212766,0.046511627906976744
CNC-002,2026-05-15,1,101,85,4,0.8415841584158416,0.047058823529411764
CNC-002,2026-05-16,1,103,91,4,0.883495145631068,0.04395604395604396
CNC-002,2026-05-17,1,141,120,5,0.851063829787234,0.041666666666666664
CNC-002,2026-05-18,1,143,135,1,0.9440559440559441,0.007407407407407408
CNC-002,2026-05-19,1,137,124,3,0.9051094890510949,0.024193548387096774
CNC-002,2026-05-20,1,155,141,3,0.9096774193548387,0.02127659574468085
CNC-002,2026-05-21,1,111,102,2,0.918918918918919,0.0196078431372549
CNC-002,2026-05-22,1,121,117,2,0.9669421487603306,0.017094017094017096
CNC-002,2026-05-23,1,149,134,3,0.8993288590604027,0.022388059701492536
CNC-002,2026-05-24,1,127,123,2,0.968503937007874,0.016260162601626018
CNC-002,2026-05-25,1,160,153,3,0.95625,0.0196078431372549
CNC-002,2026-05-26,1,81,73,1,0.9012345679012346,0.0136986301369863
CNC-002,2026-05-27,1,92,84,2,0.9130434782608695,0.023809523809523808
CNC-002,2026-05-28,1,137,131,2,0.9562043795620438,0.015267175572519083
CNC-002,2026-05-29,1,149,138,3,0.9261744966442953,0.021739130434782608
CNC-002,2026-05-30,1,94,86,2,0.9148936170212766,0.023255813953488372
CNC-002,2026-05-31,1,120,119,1,0.9916666666666667,0.008403361344537815
CNC-002,2026-06-01,1,144,138,3,0.9583333333333334,0.021739130434782608
CNC-002,2026-06-02,1,100,91,2,0.91,0.02197802197802198
CNC-002,2026-06-03,1,149,142,2,0.9530201342281879,0.014084507042253521
CNC-002,2026-06-04,1,109,102,1,0.9357798165137615,0.00980392156862745
CNC-002,2026-06-05,1,157,156,4,0.9936305732484076,0.02564102564102564
CNC-002,2026-06-06,1,102,96,2,0.9411764705882353,0.020833333333333332
CNC-002,2026-06-07,1,109,108,1,0.9908256880733946,0.009259259259259259
CNC-002,2026-06-08,1,106,99,2,0.9339622641509434,0.020202020202020204
CNC-002,2026-06-09,1,80,78,2,0.975,0.02564102564102564
CNC-002,2026-06-10,1,146,141,3,0.9657534246575342,0.02127659574468085
CNC-002,2026-06-11,1,138,137,2,0.9927536231884058,0.014598540145985401
CNC-002,2026-06-12,1,108,97,2,0.8981481481481481,0.020618556701030927
CNC-002,2026-06-13,1,113,93,2,0.8230088495575221,0.021505376344086023
CNC-002,2026-06-14,1,147,135,5,0.9183673469387755,0.037037037037037035
CNC-002,2026-06-15,1,133,120,4,0.9022556390977443,0.03333333333333333
CNC-002,2026-06-16,1,151,140,3,0.9271523178807947,0.02142857142857143
CNC-002,2026-06-17,1,121,109,4,0.9008264462809917,0.03669724770642202
CNC-002,2026-06-18,1,155,136,5,0.8774193548387097,0.03676470588235294
CNC-002,2026-06-19,1,116,100,2,0.8620689655172413,0.02
CNC-002,2026-06-20,1,109,100,3,0.9174311926605505,0.03
CNC-002,2026-06-21,1,129,126,1,0.9767441860465116,0.007936507936507936
CNC-002,2026-06-22,1,96,93,2,0.96875,0.021505376344086023
CNC-002,2026-06-23,1,111,104,3,0.9369369369369369,0.028846153846153848
CNC-002,2026-06-24,1,135,125,1,0.9259259259259259,0.008
CNC-002,2026-06-25,1,151,147,3,0.9735099337748344,0.02040816326530612
CNC-002,2026-06-26,1,149,139,1,0.9328859060402684,0.007194244604316547
CNC-002,2026-06-27,1,93,88,1,0.946236559139785,0.011363636363636364
CNC-002,2026-06-28,1,158,146,1,0.9240506329113924,0.00684931506849315
CNC-002,2026-06-29,1,131,124,2,0.9465648854961832,0.016129032258064516
CNC-002,2026-06-30,1,146,133,3,0.910958904109589,0.022556390977443608
CNC-002,2026-07-01,1,141,129,3,0.9148936170212766,0.023255813953488372
CNC-002,2026-07-02,1,120,114,1,0.95,0.008771929824561403
CNC-002,2026-07-03,1,105,99,2,0.9428571428571428,0.020202020202020204
CNC-002,2026-07-04,1,109,100,1,0.9174311926605505,0.01
CNC-002,2026-07-05,1,82,76,2,0.926829268292683,0.02631578947368421
CNC-002,2026-07-06,1,138,131,3,0.9492753623188406,0.022900763358778626
CNC-002,2026-07-07,1,130,125,1,0.9615384615384616,0.008
CNC-002,2026-07-08,1,98,94,2,0.9591836734693877,0.02127659574468085
CNC-002,2026-07-09,1,83,77,1,0.927710843373494,0.012987012987012988
CNC-002,2026-07-10,1,121,119,3,0.9834710743801653,0.025210084033613446
CNC-002,2026-07-11,1,118,115,1,0.9745762711864406,0.008695652173913044
CNC-002,2026-07-12,1,100,97,1,0.97,0.010309278350515464
CNC-002,2026-07-13,1,116,111,1,0.9568965517241379,0.009009009009009009
CNC-002,2026-07-14,1,124,112,3,0.9032258064516129,0.026785714285714284
CNC-002,2026-07-15,1,134,124,2,0.9253731343283582,0.016129032258064516
CNC-002,2026-07-16,1,125,117,5,0.936,0.042735042735042736
CNC-002,2026-07-17,1,116,97,2,0.8362068965517241,0.020618556701030927
CNC-002,2026-07-18,1,87,80,2,0.9195402298850575,0.025
CNC-002,2026-07-19,1,91,86,1,0.945054945054945,0.011627906976744186
CNC-002,2026-07-20,1,96,88,0,0.9166666666666666,0.0
CNC-002,2026-07-21,1,94,84,1,0.8936170212765957,0.011904761904761904
CNC-002,2026-07-22,1,105,101,2,0.9619047619047619,0.019801980198019802
CNC-002,2026-07-23,1,140,127,2,0.9071428571428571,0.015748031496062992
CNC-002,2026-07-24,1,123,117,1,0.9512195121951219,0.008547008547008548
CNC-002,2026-07-25,1,137,130,2,0.948905109489051,0.015384615384615385
CNC-002,2026-07-26,1,83,76,1,0.9156626506024096,0.013157894736842105
CNC-002,2026-07-27,1,97,93,1,0.9587628865979382,0.010752688172043012
CNC-002,2026-07-28,1,94,90,2,0.9574468085106383,0.022222222222222223
CNC-002,2026-07-29,1,117,108,1,0.9230769230769231,0.009259259259259259
CNC-002,2026-07-30,1,102,101,2,0.9901960784313726,0.019801980198019802
CNC-002,2026-07-31,1,94,85,1,0.9042553191489362,0.011764705882352941
CNC-002,2026-08-01,1,114,106,1,0.9298245614035088,0.009433962264150943
CNC-002,2026-08-02,1,87,86,1,0.9885057471264368,0.011627906976744186
CNC-002,2026-08-03,1,115,112,1,0.9739130434782609,0.008928571428571428
CNC-002,2026-08-04,1,80,79,1,0.9875,0.012658227848101266
CNC-002,2026-08-05,1,123,111,2,0.9024390243902439,0.018018018018018018
CNC-002,2026-08-06,1,137,136,1,0.9927007299270073,0.007352941176470588
CNC-002,2026-08-07,1,119,116,1,0.9747899159663865,0.008620689655172414
CNC-002,2026-08-08,1,98,95,1,0.9693877551020408,0.010526315789473684
CNC-002,2026-08-09,1,132,121,1,0.9166666666666666,0.008264462809917356
CNC-002,2026-08-10,1,140,132,1,0.9428571428571428,0.007575757575757576
CNC-002,2026-08-11,1,92,84,1,0.9130434782608695,0.011904761904761904
CNC-002,2026-08-12,1,101,98,1,0.9702970297029703,0.01020408163265306
CNC-002,2026-08-13,1,133,125,2,0.9398496240601504,0.016
CNC-002,2026-08-14,1,97,90,3,0.9278350515463918,0.03333333333333333
CNC-002,2026-08-15,1,126,109,2,0.8650793650793651,0.01834862385321101
CNC-002,2026-08-16,1,144,126,3,0.875,0.023809523809523808
CNC-002,2026-08-17,1,149,140,5,0.9395973154362416,0.03571428571428571
CNC-002,2026-08-18,1,141,120,3,0.851063829787234,0.025
CNC-002,2026-08-19,1,100,88,2,0.88,0.022727272727272728
CNC-002,2026-08-20,1,97,93,1,0.9587628865979382,0.010752688172043012
CNC-002,2026-08-21,1,134,125,2,0.9328358208955224,0.016
CNC-002,2026-08-22,1,128,116,2,0.90625,0.017241379310344827
CNC-002,2026-08-23,1,111,100,2,0.9009009009009009,0.02
CNC-002,2026-08-24,1,125,113,1,0.904,0.008849557522123894
CNC-002,2026-08-25,1,108,106,2,0.9814814814814815,0.018867924528301886
CNC-002,2026-08-26,1,98,94,1,0.9591836734693877,0.010638297872340425
CNC-002,2026-08-27,1,115,114,1,0.991304347826087,0.008771929824561403
CNC-002,2026-08-28,1,125,124,2,0.992,0.016129032258064516
CNC-002,2026-08-29,1,88,87,2,0.9886363636363636,0.022988505747126436
CNC-002,2026-08-30,1,143,132,3,0.9230769230769231,0.022727272727272728
CNC-002,2026-08-31,1,99,92,2,0.9292929292929293,0.021739130434782608
CNC-002,2026-09-01,1,118,116,1,0.9830508474576272,0.008620689655172414
CNC-002,2026-09-02,1,126,117,2,0.9285714285714286,0.017094017094017096
CNC-002,2026-09-03,1,114,102,1,0.8947368421052632,0.00980392156862745
CNC-002,2026-09-04,1,153,143,2,0.934640522875817,0.013986013986013986
CNC-002,2026-09-05,1,146,143,3,0.9794520547945206,0.02097902097902098
CNC-002,2026-09-06,1,116,111,1,0.9568965517241379,0.009009009009009009
CNC-002,2026-09-07,1,90,83,1,0.9222222222222223,0.012048192771084338
CNC-002,2026-09-08,1,154,149,3,0.9675324675324676,0.020134228187919462
CNC-002,2026-09-09,1,157,141,3,0.8980891719745223,0.02127659574468085
CNC-002,2026-09-10,1,132,129,1,0.9772727272727273,0.007751937984496124
CNC-002,2026-09-11,1,97,87,1,0.8969072164948454,0.011494252873563218
CNC-002,2026-09-12,1,108,97,1,0.8981481481481481,0.010309278350515464
CNC-002,2026-09-13,1,114,105,2,0.9210526315789473,0.01904761904761905
CNC-002,2026-09-14,1,107,103,2,0.9626168224299065,0.019417475728155338
CNC-002,2026-09-15,1,139,126,2,0.9064748201438849,0.015873015873015872
CNC-002,2026-09-16,1,109,100,1,0.9174311926605505,0.01
CNC-002,2026-09-17,1,133,131,1,0.9849624060150376,0.007633587786259542
CNC-002,2026-09-18,1,121,120,3,0.9917355371900827,0.025
CNC-002,2026-09-19,1,119,117,2,0.9831932773109243,0.017094017094017096
CNC-002,2026-09-20,1,147,133,2,0.9047619047619048,0.015037593984962405
CNC-002,2026-09-21,1,139,127,1,0.9136690647482014,0.007874015748031496
CNC-002,2026-09-22,1,157,152,2,0.9681528662420382,0.013157894736842105
CNC-002,2026-09-23,1,94,86,1,0.9148936170212766,0.011627906976744186
CNC-002,2026-09-24,1,82,77,1,0.9390243902439024,0.012987012987012988
CNC-002,2026-09-25,1,129,128,3,0.9922480620155039,0.0234375
CNC-002,2026-09-26,1,144,130,1,0.9027777777777778,0.007692307692307693
CNC-002,2026-09-27,1,93,91,0,0.978494623655914,0.0
CNC-002,2026-09-28,1,90,83,2,0.9222222222222223,0.024096385542168676
CNC-002,2026-09-29,1,101,95,1,0.9405940594059405,0.010526315789473684
CNC-002,2026-09-30,1,131,128,3,0.9770992366412213,0.0234375
CON-001,2026-01-01,1,151,147,1,0.9735099337748344,0.006802721088435374
CON-001,2026-01-02,1,170,167,4,0.9823529411764705,0.023952095808383235
CON-001,2026-01-03,1,166,152,4,0.9156626506024096,0.02631578947368421
CON-001,2026-01-04,1,269,256,7,0.9516728624535316,0.02734375
CON-001,2026-01-05,1,288,286,8,0.9930555555555556,0.027972027972027972
CON-001,2026-01-06,1,201,195,3,0.9701492537313433,0.015384615384615385
CON-001,2026-01-07,1,254,233,2,0.9173228346456693,0.008583690987124463
CON-001,2026-01-08,1,153,152,4,0.9934640522875817,0.02631578947368421
CON-001,2026-01-09,1,299,283,8,0.9464882943143813,0.028268551236749116
CON-001,2026-01-10,1,267,248,6,0.9288389513108615,0.024193548387096774
CON-001,2026-01-11,1,184,170,4,0.9239130434782609,0.023529411764705882
CON-001,2026-01-12,1,188,179,4,0.9521276595744681,0.0223463687150838
CON-001,2026-01-13,1,213,197,5,0.9248826291079812,0.025380710659898477
CON-001,2026-01-14,1,216,198,5,0.9166666666666666,0.025252525252525252
CON-001,2026-01-15,1,230,222,2,0.9652173913043478,0.009009009009009009
CON-001,2026-01-16,1,271,265,7,0.977859778597786,0.026415094339622643
CON-001,2026-01-17,1,151,149,4,0.9867549668874173,0.026845637583892617
CON-001,2026-01-18,1,216,210,5,0.9722222222222222,0.023809523809523808
CON-001,2026-01-19,1,155,152,3,0.9806451612903225,0.019736842105263157
CON-001,2026-01-20,1,250,239,5,0.956,0.02092050209205021
CON-001,2026-01-21,1,201,197,4,0.9800995024875622,0.02030456852791878
CON-001,2026-01-22,1,212,192,4,0.9056603773584906,0.020833333333333332
CON-001,2026-01-23,1,218,203,3,0.9311926605504587,0.014778325123152709
CON-001,2026-01-24,1,271,261,5,0.9630996309963099,0.019157088122605363
CON-001,2026-01-25,1,220,213,6,0.9681818181818181,0.028169014084507043
CON-001,2026-01-26,1,179,175,3,0.9776536312849162,0.017142857142857144
CON-001,2026-01-27,1,204,188,2,0.9215686274509803,0.010638297872340425
CON-001,2026-01-28,1,168,152,3,0.9047619047619048,0.019736842105263157
CON-001,2026-01-29,1,194,183,4,0.9432989690721649,0.02185792349726776
CON-001,2026-01-30,1,150,144,3,0.96,0.020833333333333332
CON-001,2026-01-31,1,189,179,4,0.9470899470899471,0.0223463687150838
CON-001,2026-02-01,1,275,271,5,0.9854545454545455,0.01845018450184502
CON-001,2026-02-02,1,234,230,6,0.9829059829059829,0.02608695652173913
CON-001,2026-02-03,1,223,222,5,0.9955156950672646,0.02252252252252252
CON-001,2026-02-04,1,267,247,2,0.9250936329588015,0.008097165991902834
CON-001,2026-02-05,1,220,198,5,0.9,0.025252525252525252
CON-001,2026-02-06,1,201,183,3,0.9104477611940298,0.01639344262295082
CON-001,2026-02-07,1,217,207,5,0.9539170506912442,0.024154589371980676
CON-001,2026-02-08,1,288,271,6,0.9409722222222222,0.02214022140221402
CON-001,2026-02-09,1,173,167,3,0.9653179190751445,0.017964071856287425
CON-001,2026-02-10,1,300,279,3,0.93,0.010752688172043012
CON-001,2026-02-11,1,187,169,2,0.9037433155080213,0.011834319526627219
CON-001,2026-02-12,1,189,183,3,0.9682539682539683,0.01639344262295082
CON-001,2026-02-13,1,207,203,3,0.9806763285024155,0.014778325123152709
CON-001,2026-02-14,1,157,142,2,0.9044585987261147,0.014084507042253521
CON-001,2026-02-15,1,274,261,4,0.9525547445255474,0.01532567049808429
CON-001,2026-02-16,1,169,166,3,0.9822485207100592,0.018072289156626505
CON-001,2026-02-17,1,285,271,7,0.9508771929824561,0.025830258302583026
CON-001,2026-02-18,1,188,177,3,0.9414893617021277,0.01694915254237288
CON-001,2026-02-19,1,188,187,3,0.9946808510638298,0.016042780748663103
CON-001,2026-02-20,1,188,175,3,0.9308510638297872,0.017142857142857144
CON-001,2026-02-21,1,169,157,4,0.9289940828402367,0.025477707006369428
CON-001,2026-02-22,1,270,267,3,0.9888888888888889,0.011235955056179775
CON-001,2026-02-23,1,261,237,6,0.9080459770114943,0.02531645569620253
CON-001,2026-02-24,1,205,201,4,0.9804878048780488,0.01990049751243781
CON-001,2026-02-25,1,279,273,5,0.978494623655914,0.018315018315018316
CON-001,2026-02-26,1,166,161,4,0.9698795180722891,0.024844720496894408
CON-001,2026-02-27,1,248,231,3,0.9314516129032258,0.012987012987012988
CON-001,2026-02-28,1,164,148,3,0.9024390243902439,0.02027027027027027
CON-001,2026-03-01,1,221,204,2,0.9230769230769231,0.00980392156862745
CON-001,2026-03-02,1,290,276,7,0.9517241379310345,0.025362318840579712
CON-001,2026-03-03,1,297,269,7,0.9057239057239057,0.026022304832713755
CON-001,2026-03-04,1,291,269,6,0.9243986254295533,0.022304832713754646
CON-001,2026-03-05,1,212,207,4,0.9764150943396226,0.01932367149758454
CON-001,2026-03-06,1,248,244,4,0.9838709677419355,0.01639344262295082
CON-001,2026-03-07,1,177,166,4,0.9378531073446328,0.024096385542168676
CON-001,2026-03-08,1,159,145,2,0.9119496855345912,0.013793103448275862
CON-001,2026-03-09,1,156,149,2,0.9551282051282052,0.013422818791946308
CON-001,2026-03-10,1,293,273,6,0.931740614334471,0.02197802197802198
CON-001,2026-03-11,1,238,236,6,0.9915966386554622,0.025423728813559324
CON-001,2026-03-12,1,175,169,2,0.9657142857142857,0.011834319526627219
CON-001,2026-03-13,1,224,221,2,0.9866071428571429,0.00904977375565611
CON-001,2026-03-14,1,253,248,5,0.9802371541501976,0.020161290322580645
CON-001,2026-03-15,1,225,210,3,0.9333333333333333,0.014285714285714285
CON-001,2026-03-16,1,233,229,4,0.9828326180257511,0.017467248908296942
CON-001,2026-03-17,1,270,243,4,0.9,0.01646090534979424
CON-001,2026-03-18,1,268,259,5,0.9664179104477612,0.019305019305019305
CON-001,2026-03-19,1,205,199,5,0.9707317073170731,0.02512562814070352
CON-001,2026-03-20,1,256,240,3,0.9375,0.0125
CON-001,2026-03-21,1,160,157,2,0.98125,0.012738853503184714
CON-001,2026-03-22,1,277,262,6,0.9458483754512635,0.022900763358778626
CON-001,2026-03-23,1,275,260,6,0.9454545454545454,0.023076923076923078
CON-001,2026-03-24,1,286,273,2,0.9545454545454546,0.007326007326007326
CON-001,2026-03-25,1,170,164,4,0.9647058823529412,0.024390243902439025
CON-001,2026-03-26,1,289,276,2,0.9550173010380623,0.007246376811594203
CON-001,2026-03-27,1,169,157,3,0.9289940828402367,0.01910828025477707
CON-001,2026-03-28,1,177,160,4,0.903954802259887,0.025
CON-001,2026-03-29,1,218,202,4,0.926605504587156,0.019801980198019802
CON-001,2026-03-30,1,201,190,2,0.945273631840796,0.010526315789473684
CON-001,2026-03-31,1,254,245,3,0.9645669291338582,0.012244897959183673
CON-001,2026-04-01,1,161,153,3,0.9503105590062112,0.0196078431372549
CON-001,2026-04-02,1,186,173,2,0.9301075268817204,0.011560693641618497
CON-001,2026-04-03,1,197,189,3,0.9593908629441624,0.015873015873015872
CON-001,2026-04-04,1,239,223,4,0.9330543933054394,0.017937219730941704
CON-001,2026-04-05,1,185,169,4,0.9135135135135135,0.023668639053254437
CON-001,2026-04-06,1,276,263,3,0.9528985507246377,0.011406844106463879
CON-001,2026-04-07,1,239,235,5,0.9832635983263598,0.02127659574468085
CON-001,2026-04-08,1,182,176,2,0.967032967032967,0.011363636363636364
CON-001,2026-04-09,1,241,237,6,0.983402489626556,0.02531645569620253
CON-001,2026-04-10,1,183,180,2,0.9836065573770492,0.011111111111111112
CON-001,2026-04-11,1,258,250,4,0.9689922480620154,0.016
CON-001,2026-04-12,1,205,186,2,0.9073170731707317,0.010752688172043012
CON-001,2026-04-13,1,211,200,2,0.9478672985781991,0.01
CON-001,2026-04-14,1,278,271,5,0.9748201438848921,0.01845018450184502
CON-001,2026-04-15,1,194,176,4,0.9072164948453608,0.022727272727272728
CON-001,2026-04-16,1,277,273,3,0.9855595667870036,0.01098901098901099
CON-001,2026-04-17,1,219,215,4,0.9817351598173516,0.018604651162790697
CON-001,2026-04-18,1,200,194,4,0.97,0.020618556701030927
CON-001,2026-04-19,1,245,231,5,0.9428571428571428,0.021645021645021644
CON-001,2026-04-20,1,269,250,3,0.929368029739777,0.012
CON-001,2026-04-21,1,253,249,5,0.9841897233201581,0.020080321285140562
CON-001,2026-04-22,1,162,148,3,0.9135802469135802,0.02027027027027027
CON-001,2026-04-23,1,154,153,3,0.9935064935064936,0.0196078431372549
CON-001,2026-04-24,1,164,160,4,0.975609756097561,0.025
CON-001,2026-04-25,1,234,232,3,0.9914529914529915,0.01293103448275862
CON-001,2026-04-26,1,241,222,4,0.921161825726141,0.018018018018018018
CON-001,2026-04-27,1,235,221,3,0.9404255319148936,0.013574660633484163
CON-001,2026-04-28,1,155,144,4,0.9290322580645162,0.027777777777777776
CON-001,2026-04-29,1,174,157,3,0.9022988505747126,0.01910828025477707
CON-001,2026-04-30,1,197,186,2,0.9441624365482234,0.010752688172043012
CON-001,2026-05-01,1,158,150,4,0.9493670886075949,0.02666666666666667
CON-001,2026-05-02,1,153,149,3,0.9738562091503268,0.020134228187919462
CON-001,2026-05-03,1,234,226,2,0.9658119658119658,0.008849557522123894
CON-001,2026-05-04,1,254,247,6,0.9724409448818898,0.024291497975708502
CON-001,2026-05-05,1,157,131,5,0.8343949044585988,0.03816793893129771
CON-001,2026-05-06,1,194,172,3,0.8865979381443299,0.01744186046511628
CON-001,2026-05-07,1,233,216,6,0.927038626609442,0.027777777777777776
CON-001,2026-05-08,1,271,253,11,0.933579335793358,0.043478260869565216
CON-001,2026-05-09,1,163,151,6,0.9263803680981595,0.039735099337748346
CON-001,2026-05-10,1,265,222,11,0.8377358490566038,0.04954954954954955
CON-001,2026-05-11,1,278,246,6,0.8848920863309353,0.024390243902439025
CON-001,2026-05-12,1,286,255,11,0.8916083916083916,0.043137254901960784
CON-001,2026-05-13,1,179,164,6,0.9162011173184358,0.036585365853658534
CON-001,2026-05-14,1,215,192,7,0.8930232558139535,0.036458333333333336
CON-001,2026-05-15,1,252,216,8,0.8571428571428571,0.037037037037037035
CON-001,2026-05-16,1,255,220,4,0.8627450980392157,0.01818181818181818
CON-001,2026-05-17,1,279,258,13,0.9247311827956989,0.050387596899224806
CON-001,2026-05-18,1,150,138,7,0.92,0.050724637681159424
CON-001,2026-05-19,1,177,142,3,0.8022598870056498,0.02112676056338028
CON-001,2026-05-20,1,162,143,5,0.8827160493827161,0.03496503496503497
CON-001,2026-05-21,1,281,237,11,0.8434163701067615,0.046413502109704644
CON-001,2026-05-22,1,286,265,7,0.9265734265734266,0.026415094339622643
CON-001,2026-05-23,1,210,199,5,0.9476190476190476,0.02512562814070352
CON-001,2026-05-24,1,169,155,2,0.9171597633136095,0.012903225806451613
CON-001,2026-05-25,1,206,205,4,0.9951456310679612,0.01951219512195122
CON-001,2026-05-26,1,232,217,5,0.9353448275862069,0.02304147465437788
CON-001,2026-05-27,1,258,253,3,0.9806201550387597,0.011857707509881422
CON-001,2026-05-28,1,299,270,7,0.903010033444816,0.025925925925925925
CON-001,2026-05-29,1,292,266,2,0.910958904109589,0.007518796992481203
CON-001,2026-05-30,1,167,154,2,0.9221556886227545,0.012987012987012988
CON-001,2026-05-31,1,234,231,4,0.9871794871794872,0.017316017316017316
CON-001,2026-06-01,1,288,272,6,0.9444444444444444,0.022058823529411766
CON-001,2026-06-02,1,274,252,3,0.9197080291970803,0.011904761904761904
CON-001,2026-06-03,1,207,196,3,0.9468599033816425,0.015306122448979591
CON-001,2026-06-04,1,255,230,2,0.9019607843137255,0.008695652173913044
CON-001,2026-06-05,1,196,188,3,0.9591836734693877,0.015957446808510637
CON-001,2026-06-06,1,288,283,7,0.9826388888888888,0.024734982332155476
CON-001,2026-06-07,1,151,144,1,0.9536423841059603,0.006944444444444444
CON-001,2026-06-08,1,238,232,4,0.9747899159663865,0.017241379310344827
CON-001,2026-06-09,1,159,154,4,0.9685534591194969,0.025974025974025976
CON-001,2026-06-10,1,220,215,3,0.9772727272727273,0.013953488372093023
CON-001,2026-06-11,1,179,175,5,0.9776536312849162,0.02857142857142857
CON-001,2026-06-12,1,223,202,4,0.905829596412556,0.019801980198019802
CON-001,2026-06-13,1,276,265,6,0.9601449275362319,0.022641509433962263
CON-001,2026-06-14,1,282,266,6,0.9432624113475178,0.022556390977443608
CON-001,2026-06-15,1,175,170,4,0.9714285714285714,0.023529411764705882
CON-001,2026-06-16,1,265,258,3,0.9735849056603774,0.011627906976744186
CON-001,2026-06-17,1,192,185,5,0.9635416666666666,0.02702702702702703
CON-001,2026-06-18,1,170,156,2,0.9176470588235294,0.01282051282051282
CON-001,2026-06-19,1,271,256,7,0.9446494464944649,0.02734375
CON-001,2026-06-20,1,184,171,3,0.9293478260869565,0.017543859649122806
CON-001,2026-06-21,1,218,205,5,0.9403669724770642,0.024390243902439025
CON-001,2026-06-22,1,277,276,5,0.9963898916967509,0.018115942028985508
CON-001,2026-06-23,1,203,192,4,0.9458128078817734,0.020833333333333332
CON-001,2026-06-24,1,271,262,3,0.966789667896679,0.011450381679389313
CON-001,2026-06-25,1,160,151,2,0.94375,0.013245033112582781
CON-001,2026-06-26,1,211,196,2,0.9289099526066351,0.01020408163265306
CON-001,2026-06-27,1,215,194,2,0.9023255813953488,0.010309278350515464
CON-001,2026-06-28,1,209,199,2,0.9521531100478469,0.010050251256281407
CON-001,2026-06-29,1,233,229,4,0.9828326180257511,0.017467248908296942
CON-001,2026-06-30,1,220,218,4,0.990909090909091,0.01834862385321101
CON-001,2026-07-01,1,297,278,7,0.936026936026936,0.025179856115107913
CON-001,2026-07-02,1,297,282,4,0.9494949494949495,0.014184397163120567
CON-001,2026-07-03,1,260,242,6,0.9307692307692308,0.024793388429752067
CON-001,2026-07-04,1,187,184,4,0.983957219251337,0.021739130434782608
CON-001,2026-07-05,1,219,198,4,0.9041095890410958,0.020202020202020204
CON-001,2026-07-06,1,154,143,2,0.9285714285714286,0.013986013986013986
CON-001,2026-07-07,1,259,258,7,0.9961389961389961,0.027131782945736434
CON-001,2026-07-08,1,187,181,4,0.9679144385026738,0.022099447513812154
CON-001,2026-07-09,1,249,236,3,0.9477911646586346,0.012711864406779662
CON-001,2026-07-10,1,296,283,5,0.956081081081081,0.0176678445229682
CON-001,2026-07-11,1,268,263,5,0.9813432835820896,0.019011406844106463
CON-001,2026-07-12,1,280,269,3,0.9607142857142857,0.011152416356877323
CON-001,2026-07-13,1,277,264,2,0.9530685920577617,0.007575757575757576
CON-001,2026-07-14,1,256,255,3,0.99609375,0.011764705882352941
CON-001,2026-07-15,1,203,196,4,0.9655172413793104,0.02040816326530612
CON-001,2026-07-16,1,209,202,5,0.9665071770334929,0.024752475247524754
CON-001,2026-07-17,1,251,244,5,0.9721115537848606,0.020491803278688523
CON-001,2026-07-18,1,240,217,2,0.9041666666666667,0.009216589861751152
CON-001,2026-07-19,1,159,155,4,0.9748427672955975,0.025806451612903226
CON-001,2026-07-20,1,172,160,4,0.9302325581395349,0.025
CON-001,2026-07-21,1,222,212,2,0.954954954954955,0.009433962264150943
CON-001,2026-07-22,1,269,244,3,0.9070631970260223,0.012295081967213115
CON-001,2026-07-23,1,177,165,3,0.9322033898305084,0.01818181818181818
CON-001,2026-07-24,1,233,222,5,0.9527896995708155,0.02252252252252252
CON-001,2026-07-25,1,227,225,6,0.9911894273127754,0.02666666666666667
CON-001,2026-07-26,1,194,183,2,0.9432989690721649,0.01092896174863388
CON-001,2026-07-27,1,258,246,4,0.9534883720930233,0.016260162601626018
CON-001,2026-07-28,1,172,159,3,0.9244186046511628,0.018867924528301886
CON-001,2026-07-29,1,193,184,4,0.9533678756476683,0.021739130434782608
CON-001,2026-07-30,1,196,192,5,0.9795918367346939,0.026041666666666668
CON-001,2026-07-31,1,271,251,5,0.9261992619926199,0.0199203187250996
CON-001,2026-08-01,1,300,293,5,0.9766666666666667,0.017064846416382253
CON-001,2026-08-02,1,246,237,6,0.9634146341463414,0.02531645569620253
CON-001,2026-08-03,1,201,193,2,0.9601990049751243,0.010362694300518135
CON-001,2026-08-04,1,275,260,4,0.9454545454545454,0.015384615384615385
CON-001,2026-08-05,1,226,219,6,0.9690265486725663,0.0273972602739726
CON-001,2026-08-06,1,283,267,6,0.9434628975265018,0.02247191011235955
CON-001,2026-08-07,1,206,186,2,0.9029126213592233,0.010752688172043012
CON-001,2026-08-08,1,246,240,2,0.975609756097561,0.008333333333333333
CON-001,2026-08-09,1,227,212,2,0.933920704845815,0.009433962264150943
CON-001,2026-08-10,1,266,240,5,0.9022556390977443,0.020833333333333332
CON-001,2026-08-11,1,261,238,6,0.9118773946360154,0.025210084033613446
CON-001,2026-08-12,1,208,188,5,0.9038461538461539,0.026595744680851064
CON-001,2026-08-13,1,175,165,2,0.9428571428571428,0.012121212121212121
CON-001,2026-08-14,1,235,223,3,0.948936170212766,0.013452914798206279
CON-001,2026-08-15,1,185,184,2,0.9945945945945946,0.010869565217391304
CON-001,2026-08-16,1,166,152,4,0.9156626506024096,0.02631578947368421
CON-001,2026-08-17,1,209,205,4,0.9808612440191388,0.01951219512195122
CON-001,2026-08-18,1,287,266,7,0.926829268292683,0.02631578947368421
CON-001,2026-08-19,1,189,170,4,0.8994708994708994,0.023529411764705882
CON-001,2026-08-20,1,199,190,2,0.9547738693467337,0.010526315789473684
CON-001,2026-08-21,1,263,256,4,0.973384030418251,0.015625
CON-001,2026-08-22,1,224,214,2,0.9553571428571429,0.009345794392523364
CON-001,2026-08-23,1,216,207,4,0.9583333333333334,0.01932367149758454
CON-001,2026-08-24,1,192,183,5,0.953125,0.0273224043715847
CON-001,2026-08-25,1,179,175,4,0.9776536312849162,0.022857142857142857
CON-001,2026-08-26,1,260,235,2,0.9038461538461539,0.00851063829787234
CON-001,2026-08-27,1,298,290,5,0.9731543624161074,0.017241379310344827
CON-001,2026-08-28,1,184,174,2,0.9456521739130435,0.011494252873563218
CON-001,2026-08-29,1,283,273,3,0.9646643109540636,0.01098901098901099
CON-001,2026-08-30,1,253,252,5,0.9960474308300395,0.01984126984126984
CON-001,2026-08-31,1,277,262,3,0.9458483754512635,0.011450381679389313
CON-001,2026-09-01,1,275,265,6,0.9636363636363636,0.022641509433962263
CON-001,2026-09-02,1,241,226,2,0.9377593360995851,0.008849557522123894
CON-001,2026-09-03,1,275,250,5,0.9090909090909091,0.02
CON-001,2026-09-04,1,295,289,5,0.9796610169491525,0.01730103806228374
CON-001,2026-09-05,1,261,259,6,0.9923371647509579,0.023166023166023165
CON-001,2026-09-06,1,229,216,4,0.9432314410480349,0.018518518518518517
CON-001,2026-09-07,1,251,249,6,0.9920318725099602,0.024096385542168676
CON-001,2026-09-08,1,220,207,3,0.9409090909090909,0.014492753623188406
CON-001,2026-09-09,1,242,239,5,0.987603305785124,0.02092050209205021
CON-001,2026-09-10,1,235,228,6,0.9702127659574468,0.02631578947368421
CON-001,2026-09-11,1,183,180,4,0.9836065573770492,0.022222222222222223
CON-001,2026-09-12,1,193,174,3,0.9015544041450777,0.017241379310344827
CON-001,2026-09-13,1,198,186,3,0.9393939393939394,0.016129032258064516
CON-001,2026-09-14,1,270,267,7,0.9888888888888889,0.026217228464419477
CON-001,2026-09-15,1,221,215,6,0.9728506787330317,0.027906976744186046
CON-001,2026-09-16,1,293,277,5,0.9453924914675768,0.018050541516245487
CON-001,2026-09-17,1,181,170,3,0.9392265193370166,0.01764705882352941
CON-001,2026-09-18,1,168,160,3,0.9523809523809523,0.01875
CON-001,2026-09-19,1,271,251,5,0.9261992619926199,0.0199203187250996
CON-001,2026-09-20,1,226,222,4,0.9823008849557522,0.018018018018018018
CON-001,2026-09-21,1,265,255,3,0.9622641509433962,0.011764705882352941
CON-001,2026-09-22,1,184,165,2,0.8967391304347826,0.012121212121212121
CON-001,2026-09-23,1,201,186,4,0.9253731343283582,0.021505376344086023
CON-001,2026-09-24,1,238,224,4,0.9411764705882353,0.017857142857142856
CON-001,2026-09-25,1,203,188,4,0.9261083743842364,0.02127659574468085
CON-001,2026-09-26,1,240,234,5,0.975,0.021367521367521368
CON-001,2026-09-27,1,224,217,5,0.96875,0.02304147465437788
CON-001,2026-09-28,1,208,190,3,0.9134615384615384,0.015789473684210527
CON-001,2026-09-29,1,283,282,5,0.9964664310954063,0.01773049645390071
CON-001,2026-09-30,1,204,185,3,0.9068627450980392,0.016216216216216217
LAB-001,2026-01-01,1,236,214,3,0.9067796610169492,0.014018691588785047
LAB-001,2026-01-02,1,243,222,3,0.9135802469135802,0.013513513513513514
LAB-001,2026-01-03,1,267,244,3,0.9138576779026217,0.012295081967213115
LAB-001,2026-01-04,1,287,279,7,0.9721254355400697,0.025089605734767026
LAB-001,2026-01-05,1,178,176,4,0.9887640449438202,0.022727272727272728
LAB-001,2026-01-06,1,180,166,1,0.9222222222222223,0.006024096385542169
LAB-001,2026-01-07,1,163,157,4,0.9631901840490797,0.025477707006369428
LAB-001,2026-01-08,1,204,201,5,0.9852941176470589,0.024875621890547265
LAB-001,2026-01-09,1,197,178,2,0.9035532994923858,0.011235955056179775
LAB-001,2026-01-10,1,294,293,3,0.9965986394557823,0.010238907849829351
LAB-001,2026-01-11,1,237,218,4,0.919831223628692,0.01834862385321101
LAB-001,2026-01-12,1,243,240,6,0.9876543209876543,0.025
LAB-001,2026-01-13,1,270,249,6,0.9222222222222223,0.024096385542168676
LAB-001,2026-01-14,1,238,231,3,0.9705882352941176,0.012987012987012988
LAB-001,2026-01-15,1,233,219,3,0.9399141630901288,0.0136986301369863
LAB-001,2026-01-16,1,235,213,6,0.9063829787234042,0.028169014084507043
LAB-001,2026-01-17,1,282,266,5,0.9432624113475178,0.018796992481203006
LAB-001,2026-01-18,1,211,195,2,0.9241706161137441,0.010256410256410256
LAB-001,2026-01-19,1,226,220,5,0.9734513274336283,0.022727272727272728
LAB-001,2026-01-20,1,268,246,3,0.917910447761194,0.012195121951219513
LAB-001,2026-01-21,1,294,292,5,0.9931972789115646,0.017123287671232876
LAB-001,2026-01-22,1,160,149,2,0.93125,0.013422818791946308
LAB-001,2026-01-23,1,268,256,5,0.9552238805970149,0.01953125
LAB-001,2026-01-24,1,212,197,4,0.9292452830188679,0.02030456852791878
LAB-001,2026-01-25,1,225,207,2,0.92,0.00966183574879227
LAB-001,2026-01-26,1,188,172,3,0.9148936170212766,0.01744186046511628
LAB-001,2026-01-27,1,150,141,3,0.94,0.02127659574468085
LAB-001,2026-01-28,1,227,220,6,0.9691629955947136,0.02727272727272727
LAB-001,2026-01-29,1,275,274,5,0.9963636363636363,0.01824817518248175
LAB-001,2026-01-30,1,277,266,6,0.9602888086642599,0.022556390977443608
LAB-001,2026-01-31,1,273,272,4,0.9963369963369964,0.014705882352941176
LAB-001,2026-02-01,1,289,271,7,0.9377162629757786,0.025830258302583026
LAB-001,2026-02-02,1,153,148,2,0.9673202614379085,0.013513513513513514
LAB-001,2026-02-03,1,175,165,3,0.9428571428571428,0.01818181818181818
LAB-001,2026-02-04,1,190,172,4,0.9052631578947369,0.023255813953488372
LAB-001,2026-02-05,1,223,217,3,0.9730941704035875,0.013824884792626729
LAB-001,2026-02-06,1,192,177,4,0.921875,0.022598870056497175
LAB-001,2026-02-07,1,156,150,4,0.9615384615384616,0.02666666666666667
LAB-001,2026-02-08,1,275,264,7,0.96,0.026515151515151516
LAB-001,2026-02-09,1,182,178,2,0.978021978021978,0.011235955056179775
LAB-001,2026-02-10,1,179,174,3,0.9720670391061452,0.017241379310344827
LAB-001,2026-02-11,1,225,212,4,0.9422222222222222,0.018867924528301886
LAB-001,2026-02-12,1,174,169,2,0.9712643678160919,0.011834319526627219
LAB-001,2026-02-13,1,207,203,5,0.9806763285024155,0.024630541871921183
LAB-001,2026-02-14,1,244,227,3,0.930327868852459,0.013215859030837005
LAB-001,2026-02-15,1,151,138,3,0.9139072847682119,0.021739130434782608
LAB-001,2026-02-16,1,179,168,4,0.9385474860335196,0.023809523809523808
LAB-001,2026-02-17,1,187,172,2,0.9197860962566845,0.011627906976744186
LAB-001,2026-02-18,1,240,228,3,0.95,0.013157894736842105
LAB-001,2026-02-19,1,194,175,4,0.9020618556701031,0.022857142857142857
LAB-001,2026-02-20,1,250,228,5,0.912,0.021929824561403508
LAB-001,2026-02-21,1,284,256,4,0.9014084507042254,0.015625
LAB-001,2026-02-22,1,247,234,4,0.9473684210526315,0.017094017094017096
LAB-001,2026-02-23,1,256,231,4,0.90234375,0.017316017316017316
LAB-001,2026-02-24,1,227,207,3,0.9118942731277533,0.014492753623188406
LAB-001,2026-02-25,1,249,248,3,0.9959839357429718,0.012096774193548387
LAB-001,2026-02-26,1,201,198,3,0.9850746268656716,0.015151515151515152
LAB-001,2026-02-27,1,218,213,5,0.9770642201834863,0.023474178403755867
LAB-001,2026-02-28,1,190,189,2,0.9947368421052631,0.010582010582010581
LAB-001,2026-03-01,1,293,267,6,0.9112627986348123,0.02247191011235955
LAB-001,2026-03-02,1,194,189,3,0.9742268041237113,0.015873015873015872
LAB-001,2026-03-03,1,238,217,5,0.9117647058823529,0.02304147465437788
LAB-001,2026-03-04,1,298,272,6,0.912751677852349,0.022058823529411766
LAB-001,2026-03-05,1,190,179,3,0.9421052631578948,0.01675977653631285
LAB-001,2026-03-06,1,230,211,2,0.9173913043478261,0.009478672985781991
LAB-001,2026-03-07,1,252,228,4,0.9047619047619048,0.017543859649122806
LAB-001,2026-03-08,1,281,256,7,0.9110320284697508,0.02734375
LAB-001,2026-03-09,1,193,183,4,0.9481865284974094,0.02185792349726776
LAB-001,2026-03-10,1,286,267,4,0.9335664335664335,0.0149812734082397
LAB-001,2026-03-11,1,170,158,2,0.9294117647058824,0.012658227848101266
LAB-001,2026-03-12,1,271,256,3,0.9446494464944649,0.01171875
LAB-001,2026-03-13,1,266,265,5,0.9962406015037594,0.018867924528301886
LAB-001,2026-03-14,1,185,175,5,0.9459459459459459,0.02857142857142857
LAB-001,2026-03-15,1,245,230,4,0.9387755102040817,0.017391304347826087
LAB-001,2026-03-16,1,280,264,2,0.9428571428571428,0.007575757575757576
LAB-001,2026-03-17,1,257,240,6,0.933852140077821,0.025
LAB-001,2026-03-18,1,238,217,2,0.9117647058823529,0.009216589861751152
LAB-001,2026-03-19,1,297,276,6,0.9292929292929293,0.021739130434782608
LAB-001,2026-03-20,1,207,192,4,0.927536231884058,0.020833333333333332
LAB-001,2026-03-21,1,235,218,6,0.9276595744680851,0.027522935779816515
LAB-001,2026-03-22,1,202,189,3,0.9356435643564357,0.015873015873015872
LAB-001,2026-03-23,1,275,252,7,0.9163636363636364,0.027777777777777776
LAB-001,2026-03-24,1,278,272,6,0.9784172661870504,0.022058823529411766
LAB-001,2026-03-25,1,291,275,6,0.9450171821305842,0.02181818181818182
LAB-001,2026-03-26,1,186,181,4,0.9731182795698925,0.022099447513812154
LAB-001,2026-03-27,1,219,214,4,0.9771689497716894,0.018691588785046728
LAB-001,2026-03-28,1,183,166,3,0.907103825136612,0.018072289156626505
LAB-001,2026-03-29,1,226,214,2,0.9469026548672567,0.009345794392523364
LAB-001,2026-03-30,1,275,274,7,0.9963636363636363,0.025547445255474453
LAB-001,2026-03-31,1,258,252,2,0.9767441860465116,0.007936507936507936
LAB-001,2026-04-01,1,260,236,2,0.9076923076923077,0.00847457627118644
LAB-001,2026-04-02,1,174,164,3,0.9425287356321839,0.018292682926829267
LAB-001,2026-04-03,1,265,254,4,0.9584905660377359,0.015748031496062992
LAB-001,2026-04-04,1,226,224,4,0.9911504424778761,0.017857142857142856
LAB-001,2026-04-05,1,274,250,6,0.9124087591240876,0.024
LAB-001,2026-04-06,1,243,231,5,0.9506172839506173,0.021645021645021644
LAB-001,2026-04-07,1,202,198,5,0.9801980198019802,0.025252525252525252
LAB-001,2026-04-08,1,250,237,5,0.948,0.02109704641350211
LAB-001,2026-04-09,1,204,193,3,0.946078431372549,0.015544041450777202
LAB-001,2026-04-10,1,171,160,4,0.935672514619883,0.025
LAB-001,2026-04-11,1,176,160,2,0.9090909090909091,0.0125
LAB-001,2026-04-12,1,259,241,3,0.9305019305019305,0.012448132780082987
LAB-001,2026-04-13,1,153,152,4,0.9934640522875817,0.02631578947368421
LAB-001,2026-04-14,1,189,175,2,0.9259259259259259,0.011428571428571429
LAB-001,2026-04-15,1,283,269,7,0.950530035335689,0.026022304832713755
LAB-001,2026-04-16,1,296,286,3,0.9662162162162162,0.01048951048951049
LAB-001,2026-04-17,1,195,179,3,0.9179487179487179,0.01675977653631285
LAB-001,2026-04-18,1,156,144,2,0.9230769230769231,0.013888888888888888
LAB-001,2026-04-19,1,250,226,4,0.904,0.017699115044247787
LAB-001,2026-04-20,1,228,215,5,0.9429824561403509,0.023255813953488372
LAB-001,2026-04-21,1,185,168,1,0.9081081081081082,0.005952380952380952
LAB-001,2026-04-22,1,259,237,3,0.915057915057915,0.012658227848101266
LAB-001,2026-04-23,1,238,235,4,0.9873949579831933,0.01702127659574468
LAB-001,2026-04-24,1,194,178,3,0.9175257731958762,0.016853932584269662
LAB-001,2026-04-25,1,232,210,2,0.9051724137931034,0.009523809523809525
LAB-001,2026-04-26,1,225,205,5,0.9111111111111111,0.024390243902439025
LAB-001,2026-04-27,1,177,172,1,0.9717514124293786,0.005813953488372093
LAB-001,2026-04-28,1,191,185,3,0.9685863874345549,0.016216216216216217
LAB-001,2026-04-29,1,259,235,6,0.9073359073359073,0.02553191489361702
LAB-001,2026-04-30,1,294,266,6,0.9047619047619048,0.022556390977443608
LAB-001,2026-05-01,1,194,193,2,0.9948453608247423,0.010362694300518135
LAB-001,2026-05-02,1,295,282,7,0.9559322033898305,0.024822695035460994
LAB-001,2026-05-03,1,155,144,3,0.9290322580645162,0.020833333333333332
LAB-001,2026-05-04,1,190,172,4,0.9052631578947369,0.023255813953488372
LAB-001,2026-05-05,1,300,286,4,0.9533333333333334,0.013986013986013986
LAB-001,2026-05-06,1,220,207,3,0.9409090909090909,0.014492753623188406
LAB-001,2026-05-07,1,211,208,5,0.985781990521327,0.02403846153846154
LAB-001,2026-05-08,1,292,268,3,0.9178082191780822,0.011194029850746268
LAB-001,2026-05-09,1,180,177,3,0.9833333333333333,0.01694915254237288
LAB-001,2026-05-10,1,172,157,2,0.9127906976744186,0.012738853503184714
LAB-001,2026-05-11,1,283,271,4,0.9575971731448764,0.014760147601476014
LAB-001,2026-05-12,1,155,140,1,0.9032258064516129,0.007142857142857143
LAB-001,2026-05-13,1,201,188,3,0.9353233830845771,0.015957446808510637
LAB-001,2026-05-14,1,194,191,5,0.9845360824742269,0.02617801047120419
LAB-001,2026-05-15,1,257,247,6,0.9610894941634242,0.024291497975708502
LAB-001,2026-05-16,1,284,259,11,0.9119718309859155,0.04247104247104247
LAB-001,2026-05-17,1,211,196,3,0.9289099526066351,0.015306122448979591
LAB-001,2026-05-18,1,266,264,4,0.9924812030075187,0.015151515151515152
LAB-001,2026-05-19,1,254,231,5,0.9094488188976378,0.021645021645021644
LAB-001,2026-05-20,1,195,188,2,0.9641025641025641,0.010638297872340425
LAB-001,2026-05-21,1,205,188,4,0.9170731707317074,0.02127659574468085
LAB-001,2026-05-22,1,187,169,1,0.9037433155080213,0.005917159763313609
LAB-001,2026-05-23,1,247,231,6,0.9352226720647774,0.025974025974025976
LAB-001,2026-05-24,1,292,270,3,0.9246575342465754,0.011111111111111112
LAB-001,2026-05-25,1,253,230,3,0.9090909090909091,0.013043478260869565
LAB-001,2026-05-26,1,222,200,4,0.9009009009009009,0.02
LAB-001,2026-05-27,1,189,170,4,0.8994708994708994,0.023529411764705882
LAB-001,2026-05-28,1,227,218,3,0.960352422907489,0.013761467889908258
LAB-001,2026-05-29,1,228,209,5,0.9166666666666666,0.023923444976076555
LAB-001,2026-05-30,1,210,191,4,0.9095238095238095,0.020942408376963352
LAB-001,2026-05-31,1,177,162,3,0.9152542372881356,0.018518518518518517
LAB-001,2026-06-01,1,300,291,4,0.97,0.013745704467353952
LAB-001,2026-06-02,1,242,227,6,0.9380165289256198,0.02643171806167401
LAB-001,2026-06-03,1,151,143,1,0.9470198675496688,0.006993006993006993
LAB-001,2026-06-04,1,296,270,3,0.9121621621621622,0.011111111111111112
LAB-001,2026-06-05,1,266,255,2,0.9586466165413534,0.00784313725490196
LAB-001,2026-06-06,1,161,156,2,0.968944099378882,0.01282051282051282
LAB-001,2026-06-07,1,230,216,2,0.9391304347826087,0.009259259259259259
LAB-001,2026-06-08,1,208,196,4,0.9423076923076923,0.02040816326530612
LAB-001,2026-06-09,1,164,163,4,0.9939024390243902,0.024539877300613498
LAB-001,2026-06-10,1,153,148,1,0.9673202614379085,0.006756756756756757
LAB-001,2026-06-11,1,294,278,4,0.9455782312925171,0.014388489208633094
LAB-001,2026-06-12,1,271,252,3,0.9298892988929889,0.011904761904761904
LAB-001,2026-06-13,1,230,218,6,0.9478260869565217,0.027522935779816515
LAB-001,2026-06-14,1,175,163,3,0.9314285714285714,0.018404907975460124
LAB-001,2026-06-15,1,188,178,1,0.9468085106382979,0.0056179775280898875
LAB-001,2026-06-16,1,215,200,3,0.9302325581395349,0.015
LAB-001,2026-06-17,1,168,152,2,0.9047619047619048,0.013157894736842105
LAB-001,2026-06-18,1,290,262,6,0.903448275862069,0.022900763358778626
LAB-001,2026-06-19,1,288,264,5,0.9166666666666666,0.01893939393939394
LAB-001,2026-06-20,1,272,252,6,0.9264705882352942,0.023809523809523808
LAB-001,2026-06-21,1,266,255,3,0.9586466165413534,0.011764705882352941
LAB-001,2026-06-22,1,187,169,4,0.9037433155080213,0.023668639053254437
LAB-001,2026-06-23,1,160,155,3,0.96875,0.01935483870967742
LAB-001,2026-06-24,1,236,234,7,0.9915254237288136,0.029914529914529916
LAB-001,2026-06-25,1,295,271,4,0.9186440677966101,0.014760147601476014
LAB-001,2026-06-26,1,291,266,4,0.9140893470790378,0.015037593984962405
LAB-001,2026-06-27,1,275,273,7,0.9927272727272727,0.02564102564102564
LAB-001,2026-06-28,1,292,284,5,0.9726027397260274,0.017605633802816902
LAB-001,2026-06-29,1,211,201,2,0.95260663507109,0.009950248756218905
LAB-001,2026-06-30,1,189,172,2,0.91005291005291,0.011627906976744186
LAB-001,2026-07-01,1,256,254,3,0.9921875,0.011811023622047244
LAB-001,2026-07-02,1,236,214,4,0.9067796610169492,0.018691588785046728
LAB-001,2026-07-03,1,243,227,3,0.934156378600823,0.013215859030837005
LAB-001,2026-07-04,1,228,215,2,0.9429824561403509,0.009302325581395349
LAB-001,2026-07-05,1,242,238,2,0.9834710743801653,0.008403361344537815
LAB-001,2026-07-06,1,278,257,2,0.9244604316546763,0.007782101167315175
LAB-001,2026-07-07,1,185,177,4,0.9567567567567568,0.022598870056497175
LAB-001,2026-07-08,1,220,201,2,0.9136363636363637,0.009950248756218905
LAB-001,2026-07-09,1,153,151,4,0.9869281045751634,0.026490066225165563
LAB-001,2026-07-10,1,160,158,2,0.9875,0.012658227848101266
LAB-001,2026-07-11,1,289,237,8,0.8200692041522492,0.03375527426160337
LAB-001,2026-07-12,1,235,207,9,0.8808510638297873,0.043478260869565216
LAB-001,2026-07-13,1,271,235,8,0.8671586715867159,0.03404255319148936
LAB-001,2026-07-14,1,296,271,7,0.9155405405405406,0.025830258302583026
LAB-001,2026-07-15,1,285,270,10,0.9473684210526315,0.037037037037037035
LAB-001,2026-07-16,1,180,163,4,0.9055555555555556,0.024539877300613498
LAB-001,2026-07-17,1,236,221,8,0.9364406779661016,0.03619909502262444
LAB-001,2026-07-18,1,286,264,11,0.9230769230769231,0.041666666666666664
LAB-001,2026-07-19,1,278,228,7,0.8201438848920863,0.03070175438596491
LAB-001,2026-07-20,1,229,183,9,0.7991266375545851,0.04918032786885246
LAB-001,2026-07-21,1,263,212,4,0.8060836501901141,0.018867924528301886
LAB-001,2026-07-22,1,186,172,7,0.9247311827956989,0.040697674418604654
LAB-001,2026-07-23,1,255,235,3,0.9215686274509803,0.01276595744680851
LAB-001,2026-07-24,1,177,171,3,0.9661016949152542,0.017543859649122806
LAB-001,2026-07-25,1,280,263,3,0.9392857142857143,0.011406844106463879
LAB-001,2026-07-26,1,256,234,7,0.9140625,0.029914529914529916
LAB-001,2026-07-27,1,151,144,3,0.9536423841059603,0.020833333333333332
LAB-001,2026-07-28,1,298,277,3,0.9295302013422819,0.010830324909747292
LAB-001,2026-07-29,1,223,211,2,0.9461883408071748,0.009478672985781991
LAB-001,2026-07-30,1,189,185,4,0.9788359788359788,0.021621621621621623
LAB-001,2026-07-31,1,264,247,4,0.9356060606060606,0.016194331983805668
LAB-001,2026-08-01,1,152,149,1,0.9802631578947368,0.006711409395973154
LAB-001,2026-08-02,1,214,198,4,0.9252336448598131,0.020202020202020204
LAB-001,2026-08-03,1,260,239,5,0.9192307692307692,0.02092050209205021
LAB-001,2026-08-04,1,273,249,5,0.9120879120879121,0.020080321285140562
LAB-001,2026-08-05,1,262,255,3,0.9732824427480916,0.011764705882352941
LAB-001,2026-08-06,1,168,151,1,0.8988095238095238,0.006622516556291391
LAB-001,2026-08-07,1,252,234,6,0.9285714285714286,0.02564102564102564
LAB-001,2026-08-08,1,172,166,3,0.9651162790697675,0.018072289156626505
LAB-001,2026-08-09,1,174,167,4,0.9597701149425287,0.023952095808383235
LAB-001,2026-08-10,1,281,256,7,0.9110320284697508,0.02734375
LAB-001,2026-08-11,1,267,259,5,0.9700374531835206,0.019305019305019305
LAB-001,2026-08-12,1,271,266,4,0.981549815498155,0.015037593984962405
LAB-001,2026-08-13,1,205,187,2,0.9121951219512195,0.0106951871657754
LAB-001,2026-08-14,1,297,290,7,0.9764309764309764,0.02413793103448276
LAB-001,2026-08-15,1,298,294,7,0.9865771812080537,0.023809523809523808
LAB-001,2026-08-16,1,223,222,2,0.9955156950672646,0.009009009009009009
LAB-001,2026-08-17,1,233,221,5,0.9484978540772532,0.02262443438914027
LAB-001,2026-08-18,1,231,221,4,0.9567099567099567,0.01809954751131222
LAB-001,2026-08-19,1,271,268,7,0.988929889298893,0.026119402985074626
LAB-001,2026-08-20,1,264,255,7,0.9659090909090909,0.027450980392156862
LAB-001,2026-08-21,1,258,250,4,0.9689922480620154,0.016
LAB-001,2026-08-22,1,293,285,4,0.9726962457337884,0.014035087719298246
LAB-001,2026-08-23,1,154,142,3,0.922077922077922,0.02112676056338028
LAB-001,2026-08-24,1,242,197,8,0.8140495867768595,0.04060913705583756
LAB-001,2026-08-25,1,185,170,9,0.918918918918919,0.052941176470588235
LAB-001,2026-08-26,1,161,130,6,0.8074534161490683,0.046153846153846156
LAB-001,2026-08-27,1,287,229,11,0.7979094076655052,0.048034934497816595
LAB-001,2026-08-28,1,233,203,7,0.871244635193133,0.034482758620689655
LAB-001,2026-08-29,1,176,160,8,0.9090909090909091,0.05
LAB-001,2026-08-30,1,214,203,2,0.9485981308411215,0.009852216748768473
LAB-001,2026-08-31,1,154,153,1,0.9935064935064936,0.006535947712418301
LAB-001,2026-09-01,1,279,252,3,0.9032258064516129,0.011904761904761904
LAB-001,2026-09-02,1,171,169,1,0.9883040935672515,0.005917159763313609
LAB-001,2026-09-03,1,236,216,3,0.9152542372881356,0.013888888888888888
LAB-001,2026-09-04,1,227,215,3,0.947136563876652,0.013953488372093023
LAB-001,2026-09-05,1,187,172,4,0.9197860962566845,0.023255813953488372
LAB-001,2026-09-06,1,201,184,2,0.9154228855721394,0.010869565217391304
LAB-001,2026-09-07,1,278,276,5,0.9928057553956835,0.018115942028985508
LAB-001,2026-09-08,1,178,165,3,0.9269662921348315,0.01818181818181818
LAB-001,2026-09-09,1,250,248,7,0.992,0.028225806451612902
LAB-001,2026-09-10,1,279,252,4,0.9032258064516129,0.015873015873015872
LAB-001,2026-09-11,1,184,170,4,0.9239130434782609,0.023529411764705882
LAB-001,2026-09-12,1,193,191,2,0.9896373056994818,0.010471204188481676
LAB-001,2026-09-13,1,210,201,5,0.9571428571428572,0.024875621890547265
LAB-001,2026-09-14,1,247,229,4,0.9271255060728745,0.017467248908296942
LAB-001,2026-09-15,1,217,206,3,0.9493087557603687,0.014563106796116505
LAB-001,2026-09-16,1,222,203,2,0.9144144144144144,0.009852216748768473
LAB-001,2026-09-17,1,170,160,3,0.9411764705882353,0.01875
LAB-001,2026-09-18,1,252,229,6,0.9087301587301587,0.026200873362445413
LAB-001,2026-09-19,1,197,185,3,0.9390862944162437,0.016216216216216217
LAB-001,2026-09-20,1,161,153,3,0.9503105590062112,0.0196078431372549
LAB-001,2026-09-21,1,216,213,2,0.9861111111111112,0.009389671361502348
LAB-001,2026-09-22,1,156,129,5,0.8269230769230769,0.03875968992248062
LAB-001,2026-09-23,1,260,246,13,0.9461538461538461,0.052845528455284556
LAB-001,2026-09-24,1,238,206,8,0.865546218487395,0.038834951456310676
LAB-001,2026-09-25,1,275,224,8,0.8145454545454546,0.03571428571428571
LAB-001,2026-09-26,1,281,250,6,0.8896797153024911,0.024
LAB-001,2026-09-27,1,243,206,5,0.8477366255144033,0.024271844660194174
LAB-001,2026-09-28,1,282,259,8,0.9184397163120568,0.03088803088803089
LAB-001,2026-09-29,1,238,190,5,0.7983193277310925,0.02631578947368421
LAB-001,2026-09-30,1,157,146,6,0.9299363057324841,0.0410958904109589
PKG-001,2026-01-01,1,228,212,2,0.9298245614035088,0.009433962264150943
PKG-001,2026-01-02,1,217,201,4,0.9262672811059908,0.01990049751243781
PKG-001,2026-01-03,1,200,184,3,0.92,0.016304347826086956
PKG-001,2026-01-04,1,122,118,1,0.9672131147540983,0.00847457627118644
PKG-001,2026-01-05,1,120,115,2,0.9583333333333334,0.017391304347826087
PKG-001,2026-01-06,1,215,202,4,0.9395348837209302,0.019801980198019802
PKG-001,2026-01-07,1,230,215,3,0.9347826086956522,0.013953488372093023
PKG-001,2026-01-08,1,180,164,3,0.9111111111111111,0.018292682926829267
PKG-001,2026-01-09,1,160,144,2,0.9,0.013888888888888888
PKG-001,2026-01-10,1,138,124,2,0.8985507246376812,0.016129032258064516
PKG-001,2026-01-11,1,159,147,3,0.9245283018867925,0.02040816326530612
PKG-001,2026-01-12,1,157,148,1,0.9426751592356688,0.006756756756756757
PKG-001,2026-01-13,1,147,137,1,0.9319727891156463,0.0072992700729927005
PKG-001,2026-01-14,1,187,169,3,0.9037433155080213,0.01775147928994083
PKG-001,2026-01-15,1,196,186,4,0.9489795918367347,0.021505376344086023
PKG-001,2026-01-16,1,163,157,2,0.9631901840490797,0.012738853503184714
PKG-001,2026-01-17,1,147,143,2,0.9727891156462585,0.013986013986013986
PKG-001,2026-01-18,1,190,185,3,0.9736842105263158,0.016216216216216217
PKG-001,2026-01-19,1,217,205,5,0.9447004608294931,0.024390243902439025
PKG-001,2026-01-20,1,141,135,1,0.9574468085106383,0.007407407407407408
PKG-001,2026-01-21,1,181,165,3,0.9116022099447514,0.01818181818181818
PKG-001,2026-01-22,1,150,146,3,0.9733333333333334,0.02054794520547945
PKG-001,2026-01-23,1,142,131,2,0.9225352112676056,0.015267175572519083
PKG-001,2026-01-24,1,124,112,1,0.9032258064516129,0.008928571428571428
PKG-001,2026-01-25,1,192,191,5,0.9947916666666666,0.02617801047120419
PKG-001,2026-01-26,1,138,132,3,0.9565217391304348,0.022727272727272728
PKG-001,2026-01-27,1,181,166,1,0.9171270718232044,0.006024096385542169
PKG-001,2026-01-28,1,193,182,3,0.9430051813471503,0.016483516483516484
PKG-001,2026-01-29,1,191,175,3,0.9162303664921466,0.017142857142857144
PKG-001,2026-01-30,1,225,203,4,0.9022222222222223,0.019704433497536946
PKG-001,2026-01-31,1,250,242,4,0.968,0.01652892561983471
PKG-001,2026-02-01,1,243,227,4,0.934156378600823,0.01762114537444934
PKG-001,2026-02-02,1,232,211,5,0.9094827586206896,0.023696682464454975
PKG-001,2026-02-03,1,231,230,5,0.9956709956709957,0.021739130434782608
PKG-001,2026-02-04,1,239,236,5,0.9874476987447699,0.0211864406779661
PKG-001,2026-02-05,1,132,130,3,0.9848484848484849,0.023076923076923078
PKG-001,2026-02-06,1,213,203,5,0.9530516431924883,0.024630541871921183
PKG-001,2026-02-07,1,215,195,2,0.9069767441860465,0.010256410256410256
PKG-001,2026-02-08,1,159,157,3,0.9874213836477987,0.01910828025477707
PKG-001,2026-02-09,1,125,113,1,0.904,0.008849557522123894
PKG-001,2026-02-10,1,133,121,2,0.9097744360902256,0.01652892561983471
PKG-001,2026-02-11,1,203,190,4,0.9359605911330049,0.021052631578947368
PKG-001,2026-02-12,1,143,140,1,0.9790209790209791,0.007142857142857143
PKG-001,2026-02-13,1,214,195,3,0.9112149532710281,0.015384615384615385
PKG-001,2026-02-14,1,216,203,3,0.9398148148148148,0.014778325123152709
PKG-001,2026-02-15,1,176,165,3,0.9375,0.01818181818181818
PKG-001,2026-02-16,1,223,216,3,0.968609865470852,0.013888888888888888
PKG-001,2026-02-17,1,209,195,5,0.9330143540669856,0.02564102564102564
PKG-001,2026-02-18,1,197,192,4,0.9746192893401016,0.020833333333333332
PKG-001,2026-02-19,1,207,206,2,0.9951690821256038,0.009708737864077669
PKG-001,2026-02-20,1,156,154,2,0.9871794871794872,0.012987012987012988
PKG-001,2026-02-21,1,249,243,6,0.9759036144578314,0.024691358024691357
PKG-001,2026-02-22,1,232,219,3,0.9439655172413793,0.0136986301369863
PKG-001,2026-02-23,1,235,232,6,0.9872340425531915,0.02586206896551724
PKG-001,2026-02-24,1,228,207,3,0.9078947368421053,0.014492753623188406
PKG-001,2026-02-25,1,125,117,2,0.936,0.017094017094017096
PKG-001,2026-02-26,1,129,119,1,0.9224806201550387,0.008403361344537815
PKG-001,2026-02-27,1,247,231,5,0.9352226720647774,0.021645021645021644
PKG-001,2026-02-28,1,213,202,5,0.9483568075117371,0.024752475247524754
PKG-001,2026-03-01,1,167,158,2,0.9461077844311377,0.012658227848101266
PKG-001,2026-03-02,1,160,155,4,0.96875,0.025806451612903226
PKG-001,2026-03-03,1,138,130,3,0.9420289855072463,0.023076923076923078
PKG-001,2026-03-04,1,143,135,1,0.9440559440559441,0.007407407407407408
PKG-001,2026-03-05,1,196,185,4,0.9438775510204082,0.021621621621621623
PKG-001,2026-03-06,1,160,157,4,0.98125,0.025477707006369428
PKG-001,2026-03-07,1,213,207,3,0.971830985915493,0.014492753623188406
PKG-001,2026-03-08,1,241,229,2,0.950207468879668,0.008733624454148471
PKG-001,2026-03-09,1,178,173,3,0.9719101123595506,0.017341040462427744
PKG-001,2026-03-10,1,216,201,2,0.9305555555555556,0.009950248756218905
PKG-001,2026-03-11,1,194,175,5,0.9020618556701031,0.02857142857142857
PKG-001,2026-03-12,1,160,150,4,0.9375,0.02666666666666667
PKG-001,2026-03-13,1,147,145,2,0.9863945578231292,0.013793103448275862
PKG-001,2026-03-14,1,142,133,1,0.9366197183098591,0.007518796992481203
PKG-001,2026-03-15,1,154,145,2,0.9415584415584416,0.013793103448275862
PKG-001,2026-03-16,1,172,167,3,0.9709302325581395,0.017964071856287425
PKG-001,2026-03-17,1,154,150,4,0.974025974025974,0.02666666666666667
PKG-001,2026-03-18,1,217,213,3,0.9815668202764977,0.014084507042253521
PKG-001,2026-03-19,1,155,147,2,0.9483870967741935,0.013605442176870748
PKG-001,2026-03-20,1,167,162,3,0.9700598802395209,0.018518518518518517
PKG-001,2026-03-21,1,175,165,4,0.9428571428571428,0.024242424242424242
PKG-001,2026-03-22,1,240,234,3,0.975,0.01282051282051282
PKG-001,2026-03-23,1,210,192,4,0.9142857142857143,0.020833333333333332
PKG-001,2026-03-24,1,190,181,2,0.9526315789473684,0.011049723756906077
PKG-001,2026-03-25,1,128,116,2,0.90625,0.017241379310344827
PKG-001,2026-03-26,1,200,180,2,0.9,0.011111111111111112
PKG-001,2026-03-27,1,221,220,3,0.995475113122172,0.013636363636363636
PKG-001,2026-03-28,1,233,218,3,0.9356223175965666,0.013761467889908258
PKG-001,2026-03-29,1,136,124,1,0.9117647058823529,0.008064516129032258
PKG-001,2026-03-30,1,221,220,3,0.995475113122172,0.013636363636363636
PKG-001,2026-03-31,1,197,182,4,0.9238578680203046,0.02197802197802198
PKG-001,2026-04-01,1,222,221,3,0.9954954954954955,0.013574660633484163
PKG-001,2026-04-02,1,172,163,2,0.9476744186046512,0.012269938650306749
PKG-001,2026-04-03,1,127,123,3,0.968503937007874,0.024390243902439025
PKG-001,2026-04-04,1,164,160,3,0.975609756097561,0.01875
PKG-001,2026-04-05,1,133,131,3,0.9849624060150376,0.022900763358778626
PKG-001,2026-04-06,1,149,138,2,0.9261744966442953,0.014492753623188406
PKG-001,2026-04-07,1,229,209,2,0.9126637554585153,0.009569377990430622
PKG-001,2026-04-08,1,157,152,4,0.9681528662420382,0.02631578947368421
PKG-001,2026-04-09,1,221,203,3,0.918552036199095,0.014778325123152709
PKG-001,2026-04-10,1,190,172,2,0.9052631578947369,0.011627906976744186
PKG-001,2026-04-11,1,178,167,4,0.9382022471910112,0.023952095808383235
PKG-001,2026-04-12,1,151,144,2,0.9536423841059603,0.013888888888888888
PKG-001,2026-04-13,1,247,238,2,0.9635627530364372,0.008403361344537815
PKG-001,2026-04-14,1,222,201,4,0.9054054054054054,0.01990049751243781
PKG-001,2026-04-15,1,122,111,3,0.9098360655737705,0.02702702702702703
PKG-001,2026-04-16,1,160,148,1,0.925,0.006756756756756757
PKG-001,2026-04-17,1,150,142,3,0.9466666666666667,0.02112676056338028
PKG-001,2026-04-18,1,182,166,4,0.9120879120879121,0.024096385542168676
PKG-001,2026-04-19,1,144,126,5,0.875,0.03968253968253968
PKG-001,2026-04-20,1,211,199,5,0.943127962085308,0.02512562814070352
PKG-001,2026-04-21,1,183,149,3,0.8142076502732241,0.020134228187919462
PKG-001,2026-04-22,1,221,193,6,0.8733031674208145,0.031088082901554404
PKG-001,2026-04-23,1,211,183,9,0.8672985781990521,0.04918032786885246
PKG-001,2026-04-24,1,219,186,9,0.8493150684931506,0.04838709677419355
PKG-001,2026-04-25,1,153,130,3,0.8496732026143791,0.023076923076923078
PKG-001,2026-04-26,1,164,140,6,0.8536585365853658,0.04285714285714286
PKG-001,2026-04-27,1,183,165,5,0.9016393442622951,0.030303030303030304
PKG-001,2026-04-28,1,138,117,6,0.8478260869565217,0.05128205128205128
PKG-001,2026-04-29,1,245,201,6,0.8204081632653061,0.029850746268656716
PKG-001,2026-04-30,1,239,200,10,0.8368200836820083,0.05
PKG-001,2026-05-01,1,157,128,6,0.8152866242038217,0.046875
PKG-001,2026-05-02,1,227,185,4,0.8149779735682819,0.021621621621621623
PKG-001,2026-05-03,1,241,226,12,0.9377593360995851,0.05309734513274336
PKG-001,2026-05-04,1,215,198,8,0.9209302325581395,0.04040404040404041
PKG-001,2026-05-05,1,234,193,10,0.8247863247863247,0.05181347150259067
PKG-001,2026-05-06,1,184,163,9,0.8858695652173914,0.05521472392638037
PKG-001,2026-05-07,1,196,162,6,0.826530612244898,0.037037037037037035
PKG-001,2026-05-08,1,249,210,5,0.8433734939759037,0.023809523809523808
PKG-001,2026-05-09,1,138,120,3,0.8695652173913043,0.025
PKG-001,2026-05-10,1,163,144,3,0.8834355828220859,0.020833333333333332
PKG-001,2026-05-11,1,131,110,3,0.8396946564885496,0.02727272727272727
PKG-001,2026-05-12,1,132,118,5,0.8939393939393939,0.0423728813559322
PKG-001,2026-05-13,1,171,156,8,0.9122807017543859,0.05128205128205128
PKG-001,2026-05-14,1,195,163,3,0.8358974358974359,0.018404907975460124
PKG-001,2026-05-15,1,218,196,7,0.8990825688073395,0.03571428571428571
PKG-001,2026-05-16,1,200,160,8,0.8,0.05
PKG-001,2026-05-17,1,162,131,5,0.808641975308642,0.03816793893129771
PKG-001,2026-05-18,1,197,183,7,0.9289340101522843,0.03825136612021858
PKG-001,2026-05-19,1,155,143,7,0.9225806451612903,0.04895104895104895
PKG-001,2026-05-20,1,243,228,11,0.9382716049382716,0.04824561403508772
PKG-001,2026-05-21,1,200,181,10,0.905,0.055248618784530384
PKG-001,2026-05-22,1,123,108,2,0.8780487804878049,0.018518518518518517
PKG-001,2026-05-23,1,193,174,3,0.9015544041450777,0.017241379310344827
PKG-001,2026-05-24,1,150,128,4,0.8533333333333334,0.03125
PKG-001,2026-05-25,1,249,228,4,0.9156626506024096,0.017543859649122806
PKG-001,2026-05-26,1,149,139,2,0.9328859060402684,0.014388489208633094
PKG-001,2026-05-27,1,231,222,6,0.961038961038961,0.02702702702702703
PKG-001,2026-05-28,1,211,209,2,0.990521327014218,0.009569377990430622
PKG-001,2026-05-29,1,220,209,6,0.95,0.028708133971291867
PKG-001,2026-05-30,1,244,242,4,0.9918032786885246,0.01652892561983471
PKG-001,2026-05-31,1,211,206,4,0.976303317535545,0.019417475728155338
PKG-001,2026-06-01,1,213,200,5,0.9389671361502347,0.025
PKG-001,2026-06-02,1,179,161,2,0.8994413407821229,0.012422360248447204
PKG-001,2026-06-03,1,208,197,3,0.9471153846153846,0.015228426395939087
PKG-001,2026-06-04,1,161,147,2,0.9130434782608695,0.013605442176870748
PKG-001,2026-06-05,1,162,157,2,0.9691358024691358,0.012738853503184714
PKG-001,2026-06-06,1,230,219,3,0.9521739130434783,0.0136986301369863
PKG-001,2026-06-07,1,121,113,1,0.9338842975206612,0.008849557522123894
PKG-001,2026-06-08,1,155,152,3,0.9806451612903225,0.019736842105263157
PKG-001,2026-06-09,1,222,213,4,0.9594594594594594,0.018779342723004695
PKG-001,2026-06-10,1,221,207,2,0.9366515837104072,0.00966183574879227
PKG-001,2026-06-11,1,184,166,9,0.9021739130434783,0.05421686746987952
PKG-001,2026-06-12,1,207,167,9,0.8067632850241546,0.05389221556886228
PKG-001,2026-06-13,1,130,120,4,0.9230769230769231,0.03333333333333333
PKG-001,2026-06-14,1,123,110,3,0.8943089430894309,0.02727272727272727
PKG-001,2026-06-15,1,230,213,5,0.9260869565217391,0.023474178403755867
PKG-001,2026-06-16,1,212,202,5,0.9528301886792453,0.024752475247524754
PKG-001,2026-06-17,1,227,218,4,0.960352422907489,0.01834862385321101
PKG-001,2026-06-18,1,144,130,3,0.9027777777777778,0.023076923076923078
PKG-001,2026-06-19,1,189,180,2,0.9523809523809523,0.011111111111111112
PKG-001,2026-06-20,1,122,118,2,0.9672131147540983,0.01694915254237288
PKG-001,2026-06-21,1,166,151,1,0.9096385542168675,0.006622516556291391
PKG-001,2026-06-22,1,128,119,3,0.9296875,0.025210084033613446
PKG-001,2026-06-23,1,199,197,2,0.9899497487437185,0.01015228426395939
PKG-001,2026-06-24,1,142,131,2,0.9225352112676056,0.015267175572519083
PKG-001,2026-06-25,1,195,186,3,0.9538461538461539,0.016129032258064516
PKG-001,2026-06-26,1,219,201,4,0.9178082191780822,0.01990049751243781
PKG-001,2026-06-27,1,138,124,3,0.8985507246376812,0.024193548387096774
PKG-001,2026-06-28,1,183,175,5,0.9562841530054644,0.02857142857142857
PKG-001,2026-06-29,1,230,226,3,0.9826086956521739,0.01327433628318584
PKG-001,2026-06-30,1,159,144,2,0.9056603773584906,0.013888888888888888
PKG-001,2026-07-01,1,205,191,5,0.9317073170731708,0.02617801047120419
PKG-001,2026-07-02,1,194,189,2,0.9742268041237113,0.010582010582010581
PKG-001,2026-07-03,1,142,129,2,0.9084507042253521,0.015503875968992248
PKG-001,2026-07-04,1,123,114,2,0.926829268292683,0.017543859649122806
PKG-001,2026-07-05,1,122,110,2,0.9016393442622951,0.01818181818181818
PKG-001,2026-07-06,1,197,181,5,0.9187817258883249,0.027624309392265192
PKG-001,2026-07-07,1,204,192,2,0.9411764705882353,0.010416666666666666
PKG-001,2026-07-08,1,225,224,3,0.9955555555555555,0.013392857142857142
PKG-001,2026-07-09,1,169,155,2,0.9171597633136095,0.012903225806451613
PKG-001,2026-07-10,1,129,122,2,0.9457364341085271,0.01639344262295082
PKG-001,2026-07-11,1,248,226,5,0.9112903225806451,0.022123893805309734
PKG-001,2026-07-12,1,217,196,2,0.9032258064516129,0.01020408163265306
PKG-001,2026-07-13,1,246,205,8,0.8333333333333334,0.03902439024390244
PKG-001,2026-07-14,1,192,171,8,0.890625,0.04678362573099415
PKG-001,2026-07-15,1,147,130,7,0.8843537414965986,0.05384615384615385
PKG-001,2026-07-16,1,120,98,3,0.8166666666666667,0.030612244897959183
PKG-001,2026-07-17,1,127,117,3,0.9212598425196851,0.02564102564102564
PKG-001,2026-07-18,1,127,108,3,0.8503937007874016,0.027777777777777776
PKG-001,2026-07-19,1,233,204,10,0.8755364806866953,0.049019607843137254
PKG-001,2026-07-20,1,146,128,5,0.8767123287671232,0.0390625
PKG-001,2026-07-21,1,199,177,5,0.8894472361809045,0.02824858757062147
PKG-001,2026-07-22,1,239,226,6,0.9456066945606695,0.02654867256637168
PKG-001,2026-07-23,1,197,187,3,0.949238578680203,0.016042780748663103
PKG-001,2026-07-24,1,165,153,2,0.9272727272727272,0.013071895424836602
PKG-001,2026-07-25,1,208,207,4,0.9951923076923077,0.01932367149758454
PKG-001,2026-07-26,1,218,214,3,0.981651376146789,0.014018691588785047
PKG-001,2026-07-27,1,210,193,3,0.919047619047619,0.015544041450777202
PKG-001,2026-07-28,1,139,134,2,0.9640287769784173,0.014925373134328358
PKG-001,2026-07-29,1,194,190,4,0.979381443298969,0.021052631578947368
PKG-001,2026-07-30,1,207,206,6,0.9951690821256038,0.02912621359223301
PKG-001,2026-07-31,1,231,208,5,0.9004329004329005,0.02403846153846154
PKG-001,2026-08-01,1,166,154,1,0.927710843373494,0.006493506493506494
PKG-001,2026-08-02,1,167,165,3,0.9880239520958084,0.01818181818181818
PKG-001,2026-08-03,1,245,223,4,0.9102040816326531,0.017937219730941704
PKG-001,2026-08-04,1,137,130,1,0.948905109489051,0.007692307692307693
PKG-001,2026-08-05,1,211,200,5,0.9478672985781991,0.025
PKG-001,2026-08-06,1,158,153,2,0.9683544303797469,0.013071895424836602
PKG-001,2026-08-07,1,206,202,5,0.9805825242718447,0.024752475247524754
PKG-001,2026-08-08,1,244,221,2,0.9057377049180327,0.00904977375565611
PKG-001,2026-08-09,1,180,165,4,0.9166666666666666,0.024242424242424242
PKG-001,2026-08-10,1,165,151,1,0.9151515151515152,0.006622516556291391
PKG-001,2026-08-11,1,236,216,3,0.9152542372881356,0.013888888888888888
PKG-001,2026-08-12,1,245,241,3,0.9836734693877551,0.012448132780082987
PKG-001,2026-08-13,1,123,119,2,0.967479674796748,0.01680672268907563
PKG-001,2026-08-14,1,189,183,4,0.9682539682539683,0.02185792349726776
PKG-001,2026-08-15,1,149,143,3,0.959731543624161,0.02097902097902098
PKG-001,2026-08-16,1,142,128,3,0.9014084507042254,0.0234375
PKG-001,2026-08-17,1,205,192,3,0.9365853658536586,0.015625
PKG-001,2026-08-18,1,159,145,1,0.9119496855345912,0.006896551724137931
PKG-001,2026-08-19,1,249,232,5,0.9317269076305221,0.021551724137931036
PKG-001,2026-08-20,1,191,175,2,0.9162303664921466,0.011428571428571429
PKG-001,2026-08-21,1,233,216,5,0.927038626609442,0.023148148148148147
PKG-001,2026-08-22,1,197,193,3,0.9796954314720813,0.015544041450777202
PKG-001,2026-08-23,1,150,140,3,0.9333333333333333,0.02142857142857143
PKG-001,2026-08-24,1,197,182,4,0.9238578680203046,0.02197802197802198
PKG-001,2026-08-25,1,242,226,5,0.9338842975206612,0.022123893805309734
PKG-001,2026-08-26,1,135,127,3,0.9407407407407408,0.023622047244094488
PKG-001,2026-08-27,1,169,168,2,0.9940828402366864,0.011904761904761904
PKG-001,2026-08-28,1,193,184,1,0.9533678756476683,0.005434782608695652
PKG-001,2026-08-29,1,156,146,3,0.9358974358974359,0.02054794520547945
PKG-001,2026-08-30,1,157,153,1,0.9745222929936306,0.006535947712418301
PKG-001,2026-08-31,1,207,203,4,0.9806763285024155,0.019704433497536946
PKG-001,2026-09-01,1,240,227,6,0.9458333333333333,0.02643171806167401
PKG-001,2026-09-02,1,182,168,3,0.9230769230769231,0.017857142857142856
PKG-001,2026-09-03,1,206,195,5,0.9466019417475728,0.02564102564102564
PKG-001,2026-09-04,1,173,161,1,0.930635838150289,0.006211180124223602
PKG-001,2026-09-05,1,135,128,2,0.9481481481481482,0.015625
PKG-001,2026-09-06,1,231,217,6,0.9393939393939394,0.027649769585253458
PKG-001,2026-09-07,1,155,143,3,0.9225806451612903,0.02097902097902098
PKG-001,2026-09-08,1,134,127,2,0.9477611940298507,0.015748031496062992
PKG-001,2026-09-09,1,180,177,3,0.9833333333333333,0.01694915254237288
PKG-001,2026-09-10,1,145,142,3,0.9793103448275862,0.02112676056338028
PKG-001,2026-09-11,1,201,189,5,0.9402985074626866,0.026455026455026454
PKG-001,2026-09-12,1,186,170,4,0.9139784946236559,0.023529411764705882
PKG-001,2026-09-13,1,157,141,4,0.8980891719745223,0.028368794326241134
PKG-001,2026-09-14,1,131,104,4,0.7938931297709924,0.038461538461538464
PKG-001,2026-09-15,1,192,179,5,0.9322916666666666,0.027932960893854747
PKG-001,2026-09-16,1,157,128,3,0.8152866242038217,0.0234375
PKG-001,2026-09-17,1,147,136,3,0.9251700680272109,0.022058823529411766
PKG-001,2026-09-18,1,143,122,3,0.8531468531468531,0.02459016393442623
PKG-001,2026-09-19,1,143,130,6,0.9090909090909091,0.046153846153846156
PKG-001,2026-09-20,1,195,186,3,0.9538461538461539,0.016129032258064516
PKG-001,2026-09-21,1,167,153,1,0.9161676646706587,0.006535947712418301
PKG-001,2026-09-22,1,124,120,1,0.967741935483871,0.008333333333333333
PKG-001,2026-09-23,1,220,199,2,0.9045454545454545,0.010050251256281407
PKG-001,2026-09-24,1,161,149,2,0.9254658385093167,0.013422818791946308
PKG-001,2026-09-25,1,243,221,3,0.9094650205761317,0.013574660633484163
PKG-001,2026-09-26,1,188,186,5,0.9893617021276596,0.026881720430107527
PKG-001,2026-09-27,1,247,240,2,0.97165991902834,0.008333333333333333
PKG-001,2026-09-28,1,224,221,6,0.9866071428571429,0.027149321266968326
PKG-001,2026-09-29,1,197,191,3,0.9695431472081218,0.015706806282722512
PKG-001,2026-09-30,1,207,201,2,0.9710144927536232,0.009950248756218905
PRS-001,2026-01-01,1,128,116,1,0.90625,0.008620689655172414
PRS-001,2026-01-02,1,203,183,3,0.9014778325123153,0.01639344262295082
PRS-001,2026-01-03,1,109,104,1,0.9541284403669725,0.009615384615384616
PRS-001,2026-01-04,1,154,152,2,0.987012987012987,0.013157894736842105
PRS-001,2026-01-05,1,158,142,3,0.8987341772151899,0.02112676056338028
PRS-001,2026-01-06,1,172,171,2,0.9941860465116279,0.011695906432748537
PRS-001,2026-01-07,1,128,115,2,0.8984375,0.017391304347826087
PRS-001,2026-01-08,1,202,199,2,0.9851485148514851,0.010050251256281407
PRS-001,2026-01-09,1,133,132,3,0.9924812030075187,0.022727272727272728
PRS-001,2026-01-10,1,172,159,3,0.9244186046511628,0.018867924528301886
PRS-001,2026-01-11,1,144,142,3,0.9861111111111112,0.02112676056338028
PRS-001,2026-01-12,1,216,212,2,0.9814814814814815,0.009433962264150943
PRS-001,2026-01-13,1,131,126,2,0.9618320610687023,0.015873015873015872
PRS-001,2026-01-14,1,211,194,2,0.919431279620853,0.010309278350515464
PRS-001,2026-01-15,1,215,205,3,0.9534883720930233,0.014634146341463415
PRS-001,2026-01-16,1,148,143,4,0.9662162162162162,0.027972027972027972
PRS-001,2026-01-17,1,125,114,1,0.912,0.008771929824561403
PRS-001,2026-01-18,1,185,176,3,0.9513513513513514,0.017045454545454544
PRS-001,2026-01-19,1,214,204,2,0.9532710280373832,0.00980392156862745
PRS-001,2026-01-20,1,202,193,2,0.9554455445544554,0.010362694300518135
PRS-001,2026-01-21,1,197,194,3,0.9847715736040609,0.015463917525773196
PRS-001,2026-01-22,1,177,176,4,0.9943502824858758,0.022727272727272728
PRS-001,2026-01-23,1,101,99,2,0.9801980198019802,0.020202020202020204
PRS-001,2026-01-24,1,123,116,1,0.943089430894309,0.008620689655172414
PRS-001,2026-01-25,1,195,186,3,0.9538461538461539,0.016129032258064516
PRS-001,2026-01-26,1,105,104,2,0.9904761904761905,0.019230769230769232
PRS-001,2026-01-27,1,171,166,3,0.9707602339181286,0.018072289156626505
PRS-001,2026-01-28,1,190,176,4,0.9263157894736842,0.022727272727272728
PRS-001,2026-01-29,1,176,159,2,0.9034090909090909,0.012578616352201259
PRS-001,2026-01-30,1,209,191,3,0.9138755980861244,0.015706806282722512
PRS-001,2026-01-31,1,136,128,3,0.9411764705882353,0.0234375
PRS-001,2026-02-01,1,176,167,4,0.9488636363636364,0.023952095808383235
PRS-001,2026-02-02,1,149,137,3,0.9194630872483222,0.021897810218978103
PRS-001,2026-02-03,1,133,124,2,0.9323308270676691,0.016129032258064516
PRS-001,2026-02-04,1,137,128,2,0.9343065693430657,0.015625
PRS-001,2026-02-05,1,188,173,4,0.9202127659574468,0.023121387283236993
PRS-001,2026-02-06,1,132,127,3,0.9621212121212122,0.023622047244094488
PRS-001,2026-02-07,1,211,197,2,0.933649289099526,0.01015228426395939
PRS-001,2026-02-08,1,108,104,2,0.9629629629629629,0.019230769230769232
PRS-001,2026-02-09,1,156,147,2,0.9423076923076923,0.013605442176870748
PRS-001,2026-02-10,1,211,194,4,0.919431279620853,0.020618556701030927
PRS-001,2026-02-11,1,164,151,3,0.9207317073170732,0.019867549668874173
PRS-001,2026-02-12,1,183,176,4,0.9617486338797814,0.022727272727272728
PRS-001,2026-02-13,1,171,163,3,0.9532163742690059,0.018404907975460124
PRS-001,2026-02-14,1,103,98,2,0.9514563106796117,0.02040816326530612
PRS-001,2026-02-15,1,119,108,2,0.907563025210084,0.018518518518518517
PRS-001,2026-02-16,1,115,103,2,0.8956521739130435,0.019417475728155338
PRS-001,2026-02-17,1,206,199,3,0.9660194174757282,0.01507537688442211
PRS-001,2026-02-18,1,197,190,2,0.9644670050761421,0.010526315789473684
PRS-001,2026-02-19,1,136,123,3,0.9044117647058824,0.024390243902439025
PRS-001,2026-02-20,1,146,136,2,0.9315068493150684,0.014705882352941176
PRS-001,2026-02-21,1,201,187,2,0.9303482587064676,0.0106951871657754
PRS-001,2026-02-22,1,120,110,2,0.9166666666666666,0.01818181818181818
PRS-001,2026-02-23,1,117,115,1,0.9829059829059829,0.008695652173913044
PRS-001,2026-02-24,1,128,115,3,0.8984375,0.02608695652173913
PRS-001,2026-02-25,1,215,204,4,0.9488372093023256,0.0196078431372549
PRS-001,2026-02-26,1,130,126,2,0.9692307692307692,0.015873015873015872
PRS-001,2026-02-27,1,169,160,1,0.9467455621301775,0.00625
PRS-001,2026-02-28,1,123,117,1,0.9512195121951219,0.008547008547008548
PRS-001,2026-03-01,1,116,105,2,0.9051724137931034,0.01904761904761905
PRS-001,2026-03-02,1,188,186,3,0.9893617021276596,0.016129032258064516
PRS-001,2026-03-03,1,130,127,1,0.9769230769230769,0.007874015748031496
PRS-001,2026-03-04,1,116,109,3,0.9396551724137931,0.027522935779816515
PRS-001,2026-03-05,1,105,103,1,0.9809523809523809,0.009708737864077669
PRS-001,2026-03-06,1,210,204,5,0.9714285714285714,0.024509803921568627
PRS-001,2026-03-07,1,163,147,4,0.901840490797546,0.027210884353741496
PRS-001,2026-03-08,1,164,154,3,0.9390243902439024,0.01948051948051948
PRS-001,2026-03-09,1,194,190,4,0.979381443298969,0.021052631578947368
PRS-001,2026-03-10,1,104,99,2,0.9519230769230769,0.020202020202020204
PRS-001,2026-03-11,1,131,121,1,0.9236641221374046,0.008264462809917356
PRS-001,2026-03-12,1,205,195,5,0.9512195121951219,0.02564102564102564
PRS-001,2026-03-13,1,216,211,4,0.9768518518518519,0.018957345971563982
PRS-001,2026-03-14,1,164,155,2,0.9451219512195121,0.012903225806451613
PRS-001,2026-03-15,1,196,181,3,0.923469387755102,0.016574585635359115
PRS-001,2026-03-16,1,205,188,2,0.9170731707317074,0.010638297872340425
PRS-001,2026-03-17,1,107,102,2,0.9532710280373832,0.0196078431372549
PRS-001,2026-03-18,1,148,134,3,0.9054054054054054,0.022388059701492536
PRS-001,2026-03-19,1,178,173,4,0.9719101123595506,0.023121387283236993
PRS-001,2026-03-20,1,184,175,3,0.9510869565217391,0.017142857142857144
PRS-001,2026-03-21,1,153,146,1,0.954248366013072,0.00684931506849315
PRS-001,2026-03-22,1,115,112,2,0.9739130434782609,0.017857142857142856
PRS-001,2026-03-23,1,102,94,2,0.9215686274509803,0.02127659574468085
PRS-001,2026-03-24,1,109,108,2,0.9908256880733946,0.018518518518518517
PRS-001,2026-03-25,1,119,109,2,0.9159663865546218,0.01834862385321101
PRS-001,2026-03-26,1,182,178,3,0.978021978021978,0.016853932584269662
PRS-001,2026-03-27,1,172,158,4,0.9186046511627907,0.02531645569620253
PRS-001,2026-03-28,1,155,142,3,0.9161290322580645,0.02112676056338028
PRS-001,2026-03-29,1,103,93,1,0.9029126213592233,0.010752688172043012
PRS-001,2026-03-30,1,163,156,2,0.9570552147239264,0.01282051282051282
PRS-001,2026-03-31,1,150,140,4,0.9333333333333333,0.02857142857142857
PRS-001,2026-04-01,1,164,162,4,0.9878048780487805,0.024691358024691357
PRS-001,2026-04-02,1,174,168,2,0.9655172413793104,0.011904761904761904
PRS-001,2026-04-03,1,190,173,4,0.9105263157894737,0.023121387283236993
PRS-001,2026-04-04,1,203,198,4,0.9753694581280788,0.020202020202020204
PRS-001,2026-04-05,1,114,104,2,0.9122807017543859,0.019230769230769232
PRS-001,2026-04-06,1,187,177,4,0.946524064171123,0.022598870056497175
PRS-001,2026-04-07,1,113,110,2,0.9734513274336283,0.01818181818181818
PRS-001,2026-04-08,1,168,154,4,0.9166666666666666,0.025974025974025976
PRS-001,2026-04-09,1,109,105,2,0.963302752293578,0.01904761904761905
PRS-001,2026-04-10,1,172,169,4,0.9825581395348837,0.023668639053254437
PRS-001,2026-04-11,1,192,186,2,0.96875,0.010752688172043012
PRS-001,2026-04-12,1,196,193,4,0.9846938775510204,0.02072538860103627
PRS-001,2026-04-13,1,176,168,3,0.9545454545454546,0.017857142857142856
PRS-001,2026-04-14,1,153,143,3,0.934640522875817,0.02097902097902098
PRS-001,2026-04-15,1,119,113,2,0.9495798319327731,0.017699115044247787
PRS-001,2026-04-16,1,199,196,4,0.9849246231155779,0.02040816326530612
PRS-001,2026-04-17,1,101,93,1,0.9207920792079208,0.010752688172043012
PRS-001,2026-04-18,1,159,156,3,0.9811320754716981,0.019230769230769232
PRS-001,2026-04-19,1,184,172,4,0.9347826086956522,0.023255813953488372
PRS-001,2026-04-20,1,137,126,2,0.9197080291970803,0.015873015873015872
PRS-001,2026-04-21,1,205,198,4,0.9658536585365853,0.020202020202020204
PRS-001,2026-04-22,1,147,142,4,0.9659863945578231,0.028169014084507043
PRS-001,2026-04-23,1,119,107,2,0.8991596638655462,0.018691588785046728
PRS-001,2026-04-24,1,176,162,4,0.9204545454545454,0.024691358024691357
PRS-001,2026-04-25,1,189,176,3,0.9312169312169312,0.017045454545454544
PRS-001,2026-04-26,1,210,196,2,0.9333333333333333,0.01020408163265306
PRS-001,2026-04-27,1,172,155,3,0.9011627906976745,0.01935483870967742
PRS-001,2026-04-28,1,213,200,5,0.9389671361502347,0.025
PRS-001,2026-04-29,1,214,202,2,0.9439252336448598,0.009900990099009901
PRS-001,2026-04-30,1,103,94,2,0.912621359223301,0.02127659574468085
PRS-001,2026-05-01,1,169,159,3,0.9408284023668639,0.018867924528301886
PRS-001,2026-05-02,1,154,139,3,0.9025974025974026,0.02158273381294964
PRS-001,2026-05-03,1,112,109,2,0.9732142857142857,0.01834862385321101
PRS-001,2026-05-04,1,189,183,5,0.9682539682539683,0.0273224043715847
PRS-001,2026-05-05,1,212,202,2,0.9528301886792453,0.009900990099009901
PRS-001,2026-05-06,1,136,122,1,0.8970588235294118,0.00819672131147541
PRS-001,2026-05-07,1,138,133,3,0.9637681159420289,0.022556390977443608
PRS-001,2026-05-08,1,117,113,2,0.9658119658119658,0.017699115044247787
PRS-001,2026-05-09,1,171,166,2,0.9707602339181286,0.012048192771084338
PRS-001,2026-05-10,1,119,108,1,0.907563025210084,0.009259259259259259
PRS-001,2026-05-11,1,149,134,2,0.8993288590604027,0.014925373134328358
PRS-001,2026-05-12,1,145,141,1,0.9724137931034482,0.0070921985815602835
PRS-001,2026-05-13,1,160,155,2,0.96875,0.012903225806451613
PRS-001,2026-05-14,1,126,122,2,0.9682539682539683,0.01639344262295082
PRS-001,2026-05-15,1,194,176,4,0.9072164948453608,0.022727272727272728
PRS-001,2026-05-16,1,220,216,2,0.9818181818181818,0.009259259259259259
PRS-001,2026-05-17,1,211,197,4,0.933649289099526,0.02030456852791878
PRS-001,2026-05-18,1,151,148,1,0.9801324503311258,0.006756756756756757
PRS-001,2026-05-19,1,142,135,3,0.9507042253521126,0.022222222222222223
PRS-001,2026-05-20,1,127,120,3,0.9448818897637795,0.025
PRS-001,2026-05-21,1,177,174,3,0.9830508474576272,0.017241379310344827
PRS-001,2026-05-22,1,116,115,2,0.9913793103448276,0.017391304347826087
PRS-001,2026-05-23,1,136,131,1,0.9632352941176471,0.007633587786259542
PRS-001,2026-05-24,1,195,180,4,0.9230769230769231,0.022222222222222223
PRS-001,2026-05-25,1,219,200,2,0.91324200913242,0.01
PRS-001,2026-05-26,1,137,126,3,0.9197080291970803,0.023809523809523808
PRS-001,2026-05-27,1,162,146,4,0.9012345679012346,0.0273972602739726
PRS-001,2026-05-28,1,201,185,2,0.9203980099502488,0.010810810810810811
PRS-001,2026-05-29,1,103,97,2,0.941747572815534,0.020618556701030927
PRS-001,2026-05-30,1,208,197,2,0.9471153846153846,0.01015228426395939
PRS-001,2026-05-31,1,178,171,4,0.9606741573033708,0.023391812865497075
PRS-001,2026-06-01,1,168,154,3,0.9166666666666666,0.01948051948051948
PRS-001,2026-06-02,1,146,138,3,0.9452054794520548,0.021739130434782608
PRS-001,2026-06-03,1,113,109,2,0.9646017699115044,0.01834862385321101
PRS-001,2026-06-04,1,135,124,1,0.9185185185185185,0.008064516129032258
PRS-001,2026-06-05,1,172,165,4,0.9593023255813954,0.024242424242424242
PRS-001,2026-06-06,1,125,119,3,0.952,0.025210084033613446
PRS-001,2026-06-07,1,175,171,4,0.9771428571428571,0.023391812865497075
PRS-001,2026-06-08,1,209,199,4,0.9521531100478469,0.020100502512562814
PRS-001,2026-06-09,1,200,186,3,0.93,0.016129032258064516
PRS-001,2026-06-10,1,184,182,3,0.9891304347826086,0.016483516483516484
PRS-001,2026-06-11,1,171,169,2,0.9883040935672515,0.011834319526627219
PRS-001,2026-06-12,1,158,156,4,0.9873417721518988,0.02564102564102564
PRS-001,2026-06-13,1,187,185,2,0.9893048128342246,0.010810810810810811
PRS-001,2026-06-14,1,197,195,3,0.9898477157360406,0.015384615384615385
PRS-001,2026-06-15,1,134,126,2,0.9402985074626866,0.015873015873015872
PRS-001,2026-06-16,1,208,200,4,0.9615384615384616,0.02
PRS-001,2026-06-17,1,125,119,2,0.952,0.01680672268907563
PRS-001,2026-06-18,1,134,128,2,0.9552238805970149,0.015625
PRS-001,2026-06-19,1,133,127,1,0.9548872180451128,0.007874015748031496
PRS-001,2026-06-20,1,155,147,3,0.9483870967741935,0.02040816326530612
PRS-001,2026-06-21,1,170,145,5,0.8529411764705882,0.034482758620689655
PRS-001,2026-06-22,1,119,96,3,0.8067226890756303,0.03125
PRS-001,2026-06-23,1,214,198,10,0.9252336448598131,0.050505050505050504
PRS-001,2026-06-24,1,125,106,2,0.848,0.018867924528301886
PRS-001,2026-06-25,1,119,107,5,0.8991596638655462,0.04672897196261682
PRS-001,2026-06-26,1,217,201,5,0.9262672811059908,0.024875621890547265
PRS-001,2026-06-27,1,166,160,1,0.963855421686747,0.00625
PRS-001,2026-06-28,1,171,166,4,0.9707602339181286,0.024096385542168676
PRS-001,2026-06-29,1,186,175,4,0.9408602150537635,0.022857142857142857
PRS-001,2026-06-30,1,157,148,2,0.9426751592356688,0.013513513513513514
PRS-001,2026-07-01,1,138,125,2,0.9057971014492754,0.016
PRS-001,2026-07-02,1,218,196,5,0.8990825688073395,0.025510204081632654
PRS-001,2026-07-03,1,151,143,3,0.9470198675496688,0.02097902097902098
PRS-001,2026-07-04,1,121,120,2,0.9917355371900827,0.016666666666666666
PRS-001,2026-07-05,1,169,160,2,0.9467455621301775,0.0125
PRS-001,2026-07-06,1,190,172,2,0.9052631578947369,0.011627906976744186
PRS-001,2026-07-07,1,204,203,5,0.9950980392156863,0.024630541871921183
PRS-001,2026-07-08,1,190,188,5,0.9894736842105263,0.026595744680851064
PRS-001,2026-07-09,1,178,171,3,0.9606741573033708,0.017543859649122806
PRS-001,2026-07-10,1,196,180,2,0.9183673469387755,0.011111111111111112
PRS-001,2026-07-11,1,171,160,4,0.935672514619883,0.025
PRS-001,2026-07-12,1,214,207,2,0.9672897196261683,0.00966183574879227
PRS-001,2026-07-13,1,198,192,3,0.9696969696969697,0.015625
PRS-001,2026-07-14,1,170,157,3,0.9235294117647059,0.01910828025477707
PRS-001,2026-07-15,1,104,94,1,0.9038461538461539,0.010638297872340425
PRS-001,2026-07-16,1,136,128,3,0.9411764705882353,0.0234375
PRS-001,2026-07-17,1,142,132,3,0.9295774647887324,0.022727272727272728
PRS-001,2026-07-18,1,161,147,2,0.9130434782608695,0.013605442176870748
PRS-001,2026-07-19,1,200,195,4,0.975,0.020512820512820513
PRS-001,2026-07-20,1,199,185,4,0.9296482412060302,0.021621621621621623
PRS-001,2026-07-21,1,135,128,3,0.9481481481481482,0.0234375
PRS-001,2026-07-22,1,154,144,3,0.935064935064935,0.020833333333333332
PRS-001,2026-07-23,1,185,172,4,0.9297297297297298,0.023255813953488372
PRS-001,2026-07-24,1,143,131,3,0.916083916083916,0.022900763358778626
PRS-001,2026-07-25,1,107,97,2,0.9065420560747663,0.020618556701030927
PRS-001,2026-07-26,1,106,95,2,0.8962264150943396,0.021052631578947368
PRS-001,2026-07-27,1,102,93,2,0.9117647058823529,0.021505376344086023
PRS-001,2026-07-28,1,218,192,6,0.8807339449541285,0.03125
PRS-001,2026-07-29,1,158,138,5,0.8734177215189873,0.036231884057971016
PRS-001,2026-07-30,1,116,103,3,0.8879310344827587,0.02912621359223301
PRS-001,2026-07-31,1,156,141,3,0.9038461538461539,0.02127659574468085
PRS-001,2026-08-01,1,217,190,6,0.8755760368663594,0.031578947368421054
PRS-001,2026-08-02,1,144,119,3,0.8263888888888888,0.025210084033613446
PRS-001,2026-08-03,1,135,123,5,0.9111111111111111,0.04065040650406504
PRS-001,2026-08-04,1,109,88,4,0.8073394495412844,0.045454545454545456
PRS-001,2026-08-05,1,107,95,5,0.8878504672897196,0.05263157894736842
PRS-001,2026-08-06,1,130,113,2,0.8692307692307693,0.017699115044247787
PRS-001,2026-08-07,1,105,87,3,0.8285714285714286,0.034482758620689655
PRS-001,2026-08-08,1,201,167,3,0.8308457711442786,0.017964071856287425
PRS-001,2026-08-09,1,198,172,4,0.8686868686868687,0.023255813953488372
PRS-001,2026-08-10,1,180,161,5,0.8944444444444445,0.031055900621118012
PRS-001,2026-08-11,1,125,114,6,0.912,0.05263157894736842
PRS-001,2026-08-12,1,188,166,5,0.8829787234042553,0.030120481927710843
PRS-001,2026-08-13,1,141,121,3,0.8581560283687943,0.024793388429752067
PRS-001,2026-08-14,1,120,116,3,0.9666666666666667,0.02586206896551724
PRS-001,2026-08-15,1,219,198,5,0.9041095890410958,0.025252525252525252
PRS-001,2026-08-16,1,164,158,2,0.9634146341463414,0.012658227848101266
PRS-001,2026-08-17,1,163,149,2,0.9141104294478528,0.013422818791946308
PRS-001,2026-08-18,1,138,132,3,0.9565217391304348,0.022727272727272728
PRS-001,2026-08-19,1,104,100,2,0.9615384615384616,0.02
PRS-001,2026-08-20,1,193,191,3,0.9896373056994818,0.015706806282722512
PRS-001,2026-08-21,1,177,170,4,0.96045197740113,0.023529411764705882
PRS-001,2026-08-22,1,138,130,3,0.9420289855072463,0.023076923076923078
PRS-001,2026-08-23,1,181,177,3,0.9779005524861878,0.01694915254237288
PRS-001,2026-08-24,1,188,154,4,0.8191489361702128,0.025974025974025976
PRS-001,2026-08-25,1,147,134,4,0.9115646258503401,0.029850746268656716
PRS-001,2026-08-26,1,122,110,2,0.9016393442622951,0.01818181818181818
PRS-001,2026-08-27,1,126,111,3,0.8809523809523809,0.02702702702702703
PRS-001,2026-08-28,1,160,136,5,0.85,0.03676470588235294
PRS-001,2026-08-29,1,207,179,7,0.8647342995169082,0.03910614525139665
PRS-001,2026-08-30,1,143,118,6,0.8251748251748252,0.05084745762711865
PRS-001,2026-08-31,1,206,166,7,0.8058252427184466,0.04216867469879518
PRS-001,2026-09-01,1,157,133,4,0.8471337579617835,0.03007518796992481
PRS-001,2026-09-02,1,145,132,4,0.9103448275862069,0.030303030303030304
PRS-001,2026-09-03,1,168,142,5,0.8452380952380952,0.035211267605633804
PRS-001,2026-09-04,1,200,162,8,0.81,0.04938271604938271
PRS-001,2026-09-05,1,132,117,4,0.8863636363636364,0.03418803418803419
PRS-001,2026-09-06,1,210,194,4,0.9238095238095239,0.020618556701030927
PRS-001,2026-09-07,1,170,140,7,0.8235294117647058,0.05
PRS-001,2026-09-08,1,132,115,2,0.8712121212121212,0.017391304347826087
PRS-001,2026-09-09,1,219,179,6,0.817351598173516,0.0335195530726257
PRS-001,2026-09-10,1,130,109,5,0.8384615384615385,0.045871559633027525
PRS-001,2026-09-11,1,103,94,4,0.912621359223301,0.0425531914893617
PRS-001,2026-09-12,1,153,130,4,0.8496732026143791,0.03076923076923077
PRS-001,2026-09-13,1,158,146,5,0.9240506329113924,0.03424657534246575
PRS-001,2026-09-14,1,110,88,2,0.8,0.022727272727272728
PRS-001,2026-09-15,1,105,93,2,0.8857142857142857,0.021505376344086023
PRS-001,2026-09-16,1,197,185,7,0.9390862944162437,0.03783783783783784
PRS-001,2026-09-17,1,184,163,7,0.8858695652173914,0.04294478527607362
PRS-001,2026-09-18,1,176,158,5,0.8977272727272727,0.03164556962025317
PRS-001,2026-09-19,1,182,166,7,0.9120879120879121,0.04216867469879518
PRS-001,2026-09-20,1,186,155,7,0.8333333333333334,0.04516129032258064
PRS-001,2026-09-21,1,172,158,5,0.9186046511627907,0.03164556962025317
PRS-001,2026-09-22,1,101,83,3,0.8217821782178217,0.03614457831325301
PRS-001,2026-09-23,1,201,177,4,0.8805970149253731,0.022598870056497175
PRS-001,2026-09-24,1,137,110,3,0.8029197080291971,0.02727272727272727
PRS-001,2026-09-25,1,177,164,7,0.9265536723163842,0.042682926829268296
PRS-001,2026-09-26,1,106,100,3,0.9433962264150944,0.03
PRS-001,2026-09-27,1,158,149,7,0.9430379746835443,0.04697986577181208
PRS-001,2026-09-28,1,198,158,8,0.797979797979798,0.05063291139240506
PRS-001,2026-09-29,1,191,175,10,0.9162303664921466,0.05714285714285714
PRS-001,2026-09-30,1,151,130,3,0.8609271523178808,0.023076923076923078
ROB-001,2026-01-01,1,142,136,1,0.9577464788732394,0.007352941176470588
ROB-001,2026-01-02,1,151,150,2,0.9933774834437086,0.013333333333333334
ROB-001,2026-01-03,1,182,166,2,0.9120879120879121,0.012048192771084338
ROB-001,2026-01-04,1,176,175,2,0.9943181818181818,0.011428571428571429
ROB-001,2026-01-05,1,187,186,4,0.9946524064171123,0.021505376344086023
ROB-001,2026-01-06,1,244,239,7,0.9795081967213115,0.029288702928870293
ROB-001,2026-01-07,1,135,124,3,0.9185185185185185,0.024193548387096774
ROB-001,2026-01-08,1,168,160,2,0.9523809523809523,0.0125
ROB-001,2026-01-09,1,193,181,5,0.9378238341968912,0.027624309392265192
ROB-001,2026-01-10,1,140,131,2,0.9357142857142857,0.015267175572519083
ROB-001,2026-01-11,1,214,198,3,0.9252336448598131,0.015151515151515152
ROB-001,2026-01-12,1,228,224,2,0.9824561403508771,0.008928571428571428
ROB-001,2026-01-13,1,224,223,5,0.9955357142857143,0.02242152466367713
ROB-001,2026-01-14,1,169,158,2,0.9349112426035503,0.012658227848101266
ROB-001,2026-01-15,1,231,207,5,0.8961038961038961,0.024154589371980676
ROB-001,2026-01-16,1,197,185,4,0.9390862944162437,0.021621621621621623
ROB-001,2026-01-17,1,241,231,5,0.9585062240663901,0.021645021645021644
ROB-001,2026-01-18,1,201,199,5,0.9900497512437811,0.02512562814070352
ROB-001,2026-01-19,1,179,167,2,0.9329608938547486,0.011976047904191617
ROB-001,2026-01-20,1,176,163,3,0.9261363636363636,0.018404907975460124
ROB-001,2026-01-21,1,227,210,2,0.9251101321585903,0.009523809523809525
ROB-001,2026-01-22,1,161,160,1,0.9937888198757764,0.00625
ROB-001,2026-01-23,1,147,138,2,0.9387755102040817,0.014492753623188406
ROB-001,2026-01-24,1,186,173,4,0.9301075268817204,0.023121387283236993
ROB-001,2026-01-25,1,236,218,3,0.923728813559322,0.013761467889908258
ROB-001,2026-01-26,1,152,146,3,0.9605263157894737,0.02054794520547945
ROB-001,2026-01-27,1,177,173,3,0.9774011299435028,0.017341040462427744
ROB-001,2026-01-28,1,138,133,3,0.9637681159420289,0.022556390977443608
ROB-001,2026-01-29,1,202,193,2,0.9554455445544554,0.010362694300518135
ROB-001,2026-01-30,1,246,228,6,0.926829268292683,0.02631578947368421
ROB-001,2026-01-31,1,151,136,3,0.9006622516556292,0.022058823529411766
ROB-001,2026-02-01,1,137,127,3,0.927007299270073,0.023622047244094488
ROB-001,2026-02-02,1,131,122,2,0.9312977099236641,0.01639344262295082
ROB-001,2026-02-03,1,140,137,3,0.9785714285714285,0.021897810218978103
ROB-001,2026-02-04,1,182,173,3,0.9505494505494505,0.017341040462427744
ROB-001,2026-02-05,1,170,169,4,0.9941176470588236,0.023668639053254437
ROB-001,2026-02-06,1,155,149,4,0.9612903225806452,0.026845637583892617
ROB-001,2026-02-07,1,139,127,3,0.9136690647482014,0.023622047244094488
ROB-001,2026-02-08,1,197,190,2,0.9644670050761421,0.010526315789473684
ROB-001,2026-02-09,1,212,192,4,0.9056603773584906,0.020833333333333332
ROB-001,2026-02-10,1,120,111,3,0.925,0.02702702702702703
ROB-001,2026-02-11,1,197,186,5,0.9441624365482234,0.026881720430107527
ROB-001,2026-02-12,1,175,165,4,0.9428571428571428,0.024242424242424242
ROB-001,2026-02-13,1,225,210,4,0.9333333333333333,0.01904761904761905
ROB-001,2026-02-14,1,188,169,2,0.898936170212766,0.011834319526627219
ROB-001,2026-02-15,1,140,129,2,0.9214285714285714,0.015503875968992248
ROB-001,2026-02-16,1,164,149,3,0.9085365853658537,0.020134228187919462
ROB-001,2026-02-17,1,231,227,3,0.9826839826839827,0.013215859030837005
ROB-001,2026-02-18,1,246,232,4,0.943089430894309,0.017241379310344827
ROB-001,2026-02-19,1,143,137,2,0.958041958041958,0.014598540145985401
ROB-001,2026-02-20,1,224,218,5,0.9732142857142857,0.022935779816513763
ROB-001,2026-02-21,1,143,137,2,0.958041958041958,0.014598540145985401
ROB-001,2026-02-22,1,162,157,1,0.9691358024691358,0.006369426751592357
ROB-001,2026-02-23,1,243,239,5,0.9835390946502057,0.02092050209205021
ROB-001,2026-02-24,1,205,200,2,0.975609756097561,0.01
ROB-001,2026-02-25,1,181,175,2,0.9668508287292817,0.011428571428571429
ROB-001,2026-02-26,1,205,187,3,0.9121951219512195,0.016042780748663103
ROB-001,2026-02-27,1,168,156,4,0.9285714285714286,0.02564102564102564
ROB-001,2026-02-28,1,140,130,2,0.9285714285714286,0.015384615384615385
ROB-001,2026-03-01,1,213,199,5,0.9342723004694836,0.02512562814070352
ROB-001,2026-03-02,1,151,137,1,0.9072847682119205,0.0072992700729927005
ROB-001,2026-03-03,1,214,202,5,0.9439252336448598,0.024752475247524754
ROB-001,2026-03-04,1,134,131,2,0.9776119402985075,0.015267175572519083
ROB-001,2026-03-05,1,131,130,3,0.9923664122137404,0.023076923076923078
ROB-001,2026-03-06,1,208,207,2,0.9951923076923077,0.00966183574879227
ROB-001,2026-03-07,1,249,235,3,0.9437751004016064,0.01276595744680851
ROB-001,2026-03-08,1,150,136,1,0.9066666666666666,0.007352941176470588
ROB-001,2026-03-09,1,249,244,5,0.9799196787148594,0.020491803278688523
ROB-001,2026-03-10,1,168,151,2,0.8988095238095238,0.013245033112582781
ROB-001,2026-03-11,1,196,191,4,0.9744897959183674,0.020942408376963352
ROB-001,2026-03-12,1,189,172,3,0.91005291005291,0.01744186046511628
ROB-001,2026-03-13,1,179,170,4,0.9497206703910615,0.023529411764705882
ROB-001,2026-03-14,1,148,138,3,0.9324324324324325,0.021739130434782608
ROB-001,2026-03-15,1,122,112,1,0.9180327868852459,0.008928571428571428
ROB-001,2026-03-16,1,140,133,2,0.95,0.015037593984962405
ROB-001,2026-03-17,1,198,192,3,0.9696969696969697,0.015625
ROB-001,2026-03-18,1,154,148,2,0.961038961038961,0.013513513513513514
ROB-001,2026-03-19,1,124,114,1,0.9193548387096774,0.008771929824561403
ROB-001,2026-03-20,1,190,172,4,0.9052631578947369,0.023255813953488372
ROB-001,2026-03-21,1,182,168,2,0.9230769230769231,0.011904761904761904
ROB-001,2026-03-22,1,182,176,4,0.967032967032967,0.022727272727272728
ROB-001,2026-03-23,1,226,210,2,0.9292035398230089,0.009523809523809525
ROB-001,2026-03-24,1,121,113,3,0.9338842975206612,0.02654867256637168
ROB-001,2026-03-25,1,184,180,2,0.9782608695652174,0.011111111111111112
ROB-001,2026-03-26,1,144,142,4,0.9861111111111112,0.028169014084507043
ROB-001,2026-03-27,1,219,211,4,0.9634703196347032,0.018957345971563982
ROB-001,2026-03-28,1,217,197,4,0.9078341013824884,0.02030456852791878
ROB-001,2026-03-29,1,203,200,2,0.9852216748768473,0.01
ROB-001,2026-03-30,1,147,134,1,0.9115646258503401,0.007462686567164179
ROB-001,2026-03-31,1,171,164,3,0.9590643274853801,0.018292682926829267
ROB-001,2026-04-01,1,227,216,5,0.9515418502202643,0.023148148148148147
ROB-001,2026-04-02,1,215,201,5,0.9348837209302325,0.024875621890547265
ROB-001,2026-04-03,1,147,142,1,0.9659863945578231,0.007042253521126761
ROB-001,2026-04-04,1,167,156,2,0.9341317365269461,0.01282051282051282
ROB-001,2026-04-05,1,250,234,5,0.936,0.021367521367521368
ROB-001,2026-04-06,1,233,221,2,0.9484978540772532,0.00904977375565611
ROB-001,2026-04-07,1,183,170,5,0.9289617486338798,0.029411764705882353
ROB-001,2026-04-08,1,194,180,2,0.9278350515463918,0.011111111111111112
ROB-001,2026-04-09,1,143,134,3,0.9370629370629371,0.022388059701492536
ROB-001,2026-04-10,1,132,119,2,0.9015151515151515,0.01680672268907563
ROB-001,2026-04-11,1,143,138,1,0.965034965034965,0.007246376811594203
ROB-001,2026-04-12,1,156,141,2,0.9038461538461539,0.014184397163120567
ROB-001,2026-04-13,1,126,124,2,0.9841269841269841,0.016129032258064516
ROB-001,2026-04-14,1,240,238,6,0.9916666666666667,0.025210084033613446
ROB-001,2026-04-15,1,136,126,2,0.9264705882352942,0.015873015873015872
ROB-001,2026-04-16,1,150,146,1,0.9733333333333334,0.00684931506849315
ROB-001,2026-04-17,1,218,216,2,0.9908256880733946,0.009259259259259259
ROB-001,2026-04-18,1,199,185,3,0.9296482412060302,0.016216216216216217
ROB-001,2026-04-19,1,198,180,3,0.9090909090909091,0.016666666666666666
ROB-001,2026-04-20,1,220,213,5,0.9681818181818181,0.023474178403755867
ROB-001,2026-04-21,1,175,172,2,0.9828571428571429,0.011627906976744186
ROB-001,2026-04-22,1,141,135,2,0.9574468085106383,0.014814814814814815
ROB-001,2026-04-23,1,182,175,3,0.9615384615384616,0.017142857142857144
ROB-001,2026-04-24,1,191,173,5,0.9057591623036649,0.028901734104046242
ROB-001,2026-04-25,1,156,149,2,0.9551282051282052,0.013422818791946308
ROB-001,2026-04-26,1,221,211,3,0.9547511312217195,0.014218009478672985
ROB-001,2026-04-27,1,176,169,2,0.9602272727272727,0.011834319526627219
ROB-001,2026-04-28,1,209,199,2,0.9521531100478469,0.010050251256281407
ROB-001,2026-04-29,1,162,155,2,0.9567901234567902,0.012903225806451613
ROB-001,2026-04-30,1,140,132,1,0.9428571428571428,0.007575757575757576
ROB-001,2026-05-01,1,178,170,4,0.9550561797752809,0.023529411764705882
ROB-001,2026-05-02,1,171,170,3,0.9941520467836257,0.01764705882352941
ROB-001,2026-05-03,1,208,205,3,0.9855769230769231,0.014634146341463415
ROB-001,2026-05-04,1,178,162,4,0.9101123595505618,0.024691358024691357
ROB-001,2026-05-05,1,171,168,2,0.9824561403508771,0.011904761904761904
ROB-001,2026-05-06,1,174,171,3,0.9827586206896551,0.017543859649122806
ROB-001,2026-05-07,1,221,211,2,0.9547511312217195,0.009478672985781991
ROB-001,2026-05-08,1,195,180,3,0.9230769230769231,0.016666666666666666
ROB-001,2026-05-09,1,205,197,2,0.9609756097560975,0.01015228426395939
ROB-001,2026-05-10,1,224,223,6,0.9955357142857143,0.026905829596412557
ROB-001,2026-05-11,1,215,213,5,0.9906976744186047,0.023474178403755867
ROB-001,2026-05-12,1,223,201,2,0.9013452914798207,0.009950248756218905
ROB-001,2026-05-13,1,122,113,2,0.9262295081967213,0.017699115044247787
ROB-001,2026-05-14,1,180,162,3,0.9,0.018518518518518517
ROB-001,2026-05-15,1,131,118,1,0.9007633587786259,0.00847457627118644
ROB-001,2026-05-16,1,243,238,5,0.9794238683127572,0.02100840336134454
ROB-001,2026-05-17,1,144,124,6,0.8611111111111112,0.04838709677419355
ROB-001,2026-05-18,1,233,214,8,0.9184549356223176,0.037383177570093455
ROB-001,2026-05-19,1,241,218,7,0.9045643153526971,0.03211009174311927
ROB-001,2026-05-20,1,206,168,6,0.8155339805825242,0.03571428571428571
ROB-001,2026-05-21,1,218,188,8,0.8623853211009175,0.0425531914893617
ROB-001,2026-05-22,1,165,144,6,0.8727272727272727,0.041666666666666664
ROB-001,2026-05-23,1,135,130,2,0.9629629629629629,0.015384615384615385
ROB-001,2026-05-24,1,233,229,6,0.9828326180257511,0.026200873362445413
ROB-001,2026-05-25,1,202,193,4,0.9554455445544554,0.02072538860103627
ROB-001,2026-05-26,1,241,240,6,0.995850622406639,0.025
ROB-001,2026-05-27,1,169,157,1,0.9289940828402367,0.006369426751592357
ROB-001,2026-05-28,1,178,176,3,0.9887640449438202,0.017045454545454544
ROB-001,2026-05-29,1,154,150,3,0.974025974025974,0.02
ROB-001,2026-05-30,1,176,169,2,0.9602272727272727,0.011834319526627219
ROB-001,2026-05-31,1,159,152,2,0.9559748427672956,0.013157894736842105
ROB-001,2026-06-01,1,139,135,3,0.9712230215827338,0.022222222222222223
ROB-001,2026-06-02,1,162,158,2,0.9753086419753086,0.012658227848101266
ROB-001,2026-06-03,1,190,186,2,0.9789473684210527,0.010752688172043012
ROB-001,2026-06-04,1,212,203,5,0.9575471698113207,0.024630541871921183
ROB-001,2026-06-05,1,192,190,2,0.9895833333333334,0.010526315789473684
ROB-001,2026-06-06,1,227,223,4,0.9823788546255506,0.017937219730941704
ROB-001,2026-06-07,1,145,136,2,0.9379310344827586,0.014705882352941176
ROB-001,2026-06-08,1,190,189,3,0.9947368421052631,0.015873015873015872
ROB-001,2026-06-09,1,133,121,3,0.9097744360902256,0.024793388429752067
ROB-001,2026-06-10,1,169,152,3,0.8994082840236687,0.019736842105263157
ROB-001,2026-06-11,1,190,175,5,0.9210526315789473,0.02857142857142857
ROB-001,2026-06-12,1,243,221,2,0.9094650205761317,0.00904977375565611
ROB-001,2026-06-13,1,171,157,2,0.9181286549707602,0.012738853503184714
ROB-001,2026-06-14,1,176,171,2,0.9715909090909091,0.011695906432748537
ROB-001,2026-06-15,1,213,195,3,0.9154929577464789,0.015384615384615385
ROB-001,2026-06-16,1,200,195,3,0.975,0.015384615384615385
ROB-001,2026-06-17,1,164,163,2,0.9939024390243902,0.012269938650306749
ROB-001,2026-06-18,1,233,227,6,0.9742489270386266,0.02643171806167401
ROB-001,2026-06-19,1,219,203,3,0.9269406392694064,0.014778325123152709
ROB-001,2026-06-20,1,199,197,3,0.9899497487437185,0.015228426395939087
ROB-001,2026-06-21,1,231,198,5,0.8571428571428571,0.025252525252525252
ROB-001,2026-06-22,1,167,157,4,0.9401197604790419,0.025477707006369428
ROB-001,2026-06-23,1,123,100,5,0.8130081300813008,0.05
ROB-001,2026-06-24,1,175,165,4,0.9428571428571428,0.024242424242424242
ROB-001,2026-06-25,1,152,132,4,0.868421052631579,0.030303030303030304
ROB-001,2026-06-26,1,159,137,7,0.8616352201257862,0.051094890510948905
ROB-001,2026-06-27,1,153,126,2,0.8235294117647058,0.015873015873015872
ROB-001,2026-06-28,1,214,209,2,0.9766355140186916,0.009569377990430622
ROB-001,2026-06-29,1,146,133,1,0.910958904109589,0.007518796992481203
ROB-001,2026-06-30,1,128,127,2,0.9921875,0.015748031496062992
ROB-001,2026-07-01,1,175,170,4,0.9714285714285714,0.023529411764705882
ROB-001,2026-07-02,1,217,196,4,0.9032258064516129,0.02040816326530612
ROB-001,2026-07-03,1,153,149,2,0.9738562091503268,0.013422818791946308
ROB-001,2026-07-04,1,233,224,4,0.9613733905579399,0.017857142857142856
ROB-001,2026-07-05,1,243,233,6,0.9588477366255144,0.02575107296137339
ROB-001,2026-07-06,1,142,130,2,0.9154929577464789,0.015384615384615385
ROB-001,2026-07-07,1,191,176,2,0.9214659685863874,0.011363636363636364
ROB-001,2026-07-08,1,230,229,6,0.9956521739130435,0.026200873362445413
ROB-001,2026-07-09,1,179,171,2,0.9553072625698324,0.011695906432748537
ROB-001,2026-07-10,1,232,228,4,0.9827586206896551,0.017543859649122806
ROB-001,2026-07-11,1,132,121,2,0.9166666666666666,0.01652892561983471
ROB-001,2026-07-12,1,236,214,3,0.9067796610169492,0.014018691588785047
ROB-001,2026-07-13,1,199,193,5,0.9698492462311558,0.025906735751295335
ROB-001,2026-07-14,1,173,156,2,0.9017341040462428,0.01282051282051282
ROB-001,2026-07-15,1,214,211,5,0.985981308411215,0.023696682464454975
ROB-001,2026-07-16,1,186,177,5,0.9516129032258065,0.02824858757062147
ROB-001,2026-07-17,1,174,156,2,0.896551724137931,0.01282051282051282
ROB-001,2026-07-18,1,205,193,5,0.9414634146341463,0.025906735751295335
ROB-001,2026-07-19,1,200,194,2,0.97,0.010309278350515464
ROB-001,2026-07-20,1,145,142,4,0.9793103448275862,0.028169014084507043
ROB-001,2026-07-21,1,150,139,1,0.9266666666666666,0.007194244604316547
ROB-001,2026-07-22,1,234,225,3,0.9615384615384616,0.013333333333333334
ROB-001,2026-07-23,1,203,191,2,0.9408866995073891,0.010471204188481676
ROB-001,2026-07-24,1,230,225,4,0.9782608695652174,0.017777777777777778
ROB-001,2026-07-25,1,120,117,2,0.975,0.017094017094017096
ROB-001,2026-07-26,1,211,192,3,0.909952606635071,0.015625
ROB-001,2026-07-27,1,231,230,2,0.9956709956709957,0.008695652173913044
ROB-001,2026-07-28,1,129,123,2,0.9534883720930233,0.016260162601626018
ROB-001,2026-07-29,1,204,192,5,0.9411764705882353,0.026041666666666668
ROB-001,2026-07-30,1,185,166,2,0.8972972972972973,0.012048192771084338
ROB-001,2026-07-31,1,208,188,2,0.9038461538461539,0.010638297872340425
ROB-001,2026-08-01,1,230,221,5,0.9608695652173913,0.02262443438914027
ROB-001,2026-08-02,1,169,152,3,0.8994082840236687,0.019736842105263157
ROB-001,2026-08-03,1,202,186,4,0.9207920792079208,0.021505376344086023
ROB-001,2026-08-04,1,234,211,4,0.9017094017094017,0.018957345971563982
ROB-001,2026-08-05,1,143,133,3,0.9300699300699301,0.022556390977443608
ROB-001,2026-08-06,1,198,188,5,0.9494949494949495,0.026595744680851064
ROB-001,2026-08-07,1,123,112,1,0.9105691056910569,0.008928571428571428
ROB-001,2026-08-08,1,164,153,1,0.9329268292682927,0.006535947712418301
ROB-001,2026-08-09,1,156,150,3,0.9615384615384616,0.02
ROB-001,2026-08-10,1,169,154,1,0.9112426035502958,0.006493506493506494
ROB-001,2026-08-11,1,178,174,2,0.9775280898876404,0.011494252873563218
ROB-001,2026-08-12,1,148,145,2,0.9797297297297297,0.013793103448275862
ROB-001,2026-08-13,1,158,156,4,0.9873417721518988,0.02564102564102564
ROB-001,2026-08-14,1,126,125,2,0.9920634920634921,0.016
ROB-001,2026-08-15,1,213,210,2,0.9859154929577465,0.009523809523809525
ROB-001,2026-08-16,1,136,127,2,0.9338235294117647,0.015748031496062992
ROB-001,2026-08-17,1,125,116,3,0.928,0.02586206896551724
ROB-001,2026-08-18,1,198,181,2,0.9141414141414141,0.011049723756906077
ROB-001,2026-08-19,1,157,147,3,0.9363057324840764,0.02040816326530612
ROB-001,2026-08-20,1,148,144,4,0.972972972972973,0.027777777777777776
ROB-001,2026-08-21,1,212,199,4,0.9386792452830188,0.020100502512562814
ROB-001,2026-08-22,1,205,185,5,0.9024390243902439,0.02702702702702703
ROB-001,2026-08-23,1,193,181,3,0.9378238341968912,0.016574585635359115
ROB-001,2026-08-24,1,189,176,3,0.9312169312169312,0.017045454545454544
ROB-001,2026-08-25,1,161,146,1,0.906832298136646,0.00684931506849315
ROB-001,2026-08-26,1,150,138,3,0.92,0.021739130434782608
ROB-001,2026-08-27,1,209,188,2,0.8995215311004785,0.010638297872340425
ROB-001,2026-08-28,1,232,224,2,0.9655172413793104,0.008928571428571428
ROB-001,2026-08-29,1,194,193,3,0.9948453608247423,0.015544041450777202
ROB-001,2026-08-30,1,223,203,5,0.9103139013452914,0.024630541871921183
ROB-001,2026-08-31,1,165,154,3,0.9333333333333333,0.01948051948051948
ROB-001,2026-09-01,1,237,214,2,0.9029535864978903,0.009345794392523364
ROB-001,2026-09-02,1,135,108,2,0.8,0.018518518518518517
ROB-001,2026-09-03,1,228,201,11,0.881578947368421,0.05472636815920398
ROB-001,2026-09-04,1,174,161,1,0.9252873563218391,0.006211180124223602
ROB-001,2026-09-05,1,166,164,3,0.9879518072289156,0.018292682926829267
ROB-001,2026-09-06,1,172,169,2,0.9825581395348837,0.011834319526627219
ROB-001,2026-09-07,1,244,238,2,0.9754098360655737,0.008403361344537815
ROB-001,2026-09-08,1,151,147,2,0.9735099337748344,0.013605442176870748
ROB-001,2026-09-09,1,214,210,2,0.9813084112149533,0.009523809523809525
ROB-001,2026-09-10,1,161,159,3,0.9875776397515528,0.018867924528301886
ROB-001,2026-09-11,1,167,160,4,0.9580838323353293,0.025
ROB-001,2026-09-12,1,216,214,5,0.9907407407407407,0.02336448598130841
ROB-001,2026-09-13,1,177,171,2,0.9661016949152542,0.011695906432748537
ROB-001,2026-09-14,1,202,201,3,0.995049504950495,0.014925373134328358
ROB-001,2026-09-15,1,248,235,3,0.9475806451612904,0.01276595744680851
ROB-001,2026-09-16,1,232,210,2,0.9051724137931034,0.009523809523809525
ROB-001,2026-09-17,1,121,115,2,0.9504132231404959,0.017391304347826087
ROB-001,2026-09-18,1,131,126,3,0.9618320610687023,0.023809523809523808
ROB-001,2026-09-19,1,150,139,3,0.9266666666666666,0.02158273381294964
ROB-001,2026-09-20,1,159,157,3,0.9874213836477987,0.01910828025477707
ROB-001,2026-09-21,1,140,136,1,0.9714285714285714,0.007352941176470588
ROB-001,2026-09-22,1,223,220,6,0.9865470852017937,0.02727272727272727
ROB-001,2026-09-23,1,238,217,4,0.9117647058823529,0.018433179723502304
ROB-001,2026-09-24,1,244,225,2,0.9221311475409836,0.008888888888888889
ROB-001,2026-09-25,1,239,195,6,0.8158995815899581,0.03076923076923077
ROB-001,2026-09-26,1,186,158,4,0.8494623655913979,0.02531645569620253
ROB-001,2026-09-27,1,147,134,5,0.9115646258503401,0.03731343283582089
ROB-001,2026-09-28,1,241,205,8,0.8506224066390041,0.03902439024390244
ROB-001,2026-09-29,1,141,119,4,0.8439716312056738,0.03361344537815126
ROB-001,2026-09-30,1,233,210,11,0.9012875536480687,0.05238095238095238
ROB-002,2026-01-01,1,227,209,4,0.920704845814978,0.019138755980861243
ROB-002,2026-01-02,1,131,126,3,0.9618320610687023,0.023809523809523808
ROB-002,2026-01-03,1,128,125,2,0.9765625,0.016
ROB-002,2026-01-04,1,228,218,3,0.956140350877193,0.013761467889908258
ROB-002,2026-01-05,1,170,155,3,0.9117647058823529,0.01935483870967742
ROB-002,2026-01-06,1,228,227,6,0.9956140350877193,0.02643171806167401
ROB-002,2026-01-07,1,241,222,4,0.921161825726141,0.018018018018018018
ROB-002,2026-01-08,1,145,131,3,0.903448275862069,0.022900763358778626
ROB-002,2026-01-09,1,135,131,1,0.9703703703703703,0.007633587786259542
ROB-002,2026-01-10,1,221,201,4,0.9095022624434389,0.01990049751243781
ROB-002,2026-01-11,1,196,194,2,0.9897959183673469,0.010309278350515464
ROB-002,2026-01-12,1,229,218,2,0.9519650655021834,0.009174311926605505
ROB-002,2026-01-13,1,205,200,3,0.975609756097561,0.015
ROB-002,2026-01-14,1,204,202,2,0.9901960784313726,0.009900990099009901
ROB-002,2026-01-15,1,137,136,3,0.9927007299270073,0.022058823529411766
ROB-002,2026-01-16,1,233,220,3,0.944206008583691,0.013636363636363636
ROB-002,2026-01-17,1,222,205,4,0.9234234234234234,0.01951219512195122
ROB-002,2026-01-18,1,160,155,3,0.96875,0.01935483870967742
ROB-002,2026-01-19,1,227,213,5,0.9383259911894273,0.023474178403755867
ROB-002,2026-01-20,1,152,151,3,0.993421052631579,0.019867549668874173
ROB-002,2026-01-21,1,130,126,3,0.9692307692307692,0.023809523809523808
ROB-002,2026-01-22,1,139,133,3,0.9568345323741008,0.022556390977443608
ROB-002,2026-01-23,1,243,229,6,0.9423868312757202,0.026200873362445413
ROB-002,2026-01-24,1,245,234,3,0.9551020408163265,0.01282051282051282
ROB-002,2026-01-25,1,167,153,3,0.9161676646706587,0.0196078431372549
ROB-002,2026-01-26,1,133,123,3,0.924812030075188,0.024390243902439025
ROB-002,2026-01-27,1,145,144,2,0.993103448275862,0.013888888888888888
ROB-002,2026-01-28,1,158,156,4,0.9873417721518988,0.02564102564102564
ROB-002,2026-01-29,1,188,180,4,0.9574468085106383,0.022222222222222223
ROB-002,2026-01-30,1,223,219,5,0.9820627802690582,0.0228310502283105
ROB-002,2026-01-31,1,149,140,1,0.9395973154362416,0.007142857142857143
ROB-002,2026-02-01,1,196,192,4,0.9795918367346939,0.020833333333333332
ROB-002,2026-02-02,1,129,117,3,0.9069767441860465,0.02564102564102564
ROB-002,2026-02-03,1,129,124,1,0.9612403100775194,0.008064516129032258
ROB-002,2026-02-04,1,156,144,3,0.9230769230769231,0.020833333333333332
ROB-002,2026-02-05,1,125,124,2,0.992,0.016129032258064516
ROB-002,2026-02-06,1,195,181,3,0.9282051282051282,0.016574585635359115
ROB-002,2026-02-07,1,187,178,3,0.9518716577540107,0.016853932584269662
ROB-002,2026-02-08,1,154,144,2,0.935064935064935,0.013888888888888888
ROB-002,2026-02-09,1,151,150,3,0.9933774834437086,0.02
ROB-002,2026-02-10,1,123,115,2,0.9349593495934959,0.017391304347826087
ROB-002,2026-02-11,1,233,211,2,0.9055793991416309,0.009478672985781991
ROB-002,2026-02-12,1,200,193,3,0.965,0.015544041450777202
ROB-002,2026-02-13,1,249,229,5,0.9196787148594378,0.021834061135371178
ROB-002,2026-02-14,1,222,201,4,0.9054054054054054,0.01990049751243781
ROB-002,2026-02-15,1,230,209,4,0.908695652173913,0.019138755980861243
ROB-002,2026-02-16,1,130,122,2,0.9384615384615385,0.01639344262295082
ROB-002,2026-02-17,1,163,147,3,0.901840490797546,0.02040816326530612
ROB-002,2026-02-18,1,202,199,4,0.9851485148514851,0.020100502512562814
ROB-002,2026-02-19,1,168,156,3,0.9285714285714286,0.019230769230769232
ROB-002,2026-02-20,1,218,202,4,0.926605504587156,0.019801980198019802
ROB-002,2026-02-21,1,169,155,1,0.9171597633136095,0.0064516129032258064
ROB-002,2026-02-22,1,234,216,3,0.9230769230769231,0.013888888888888888
ROB-002,2026-02-23,1,189,178,3,0.9417989417989417,0.016853932584269662
ROB-002,2026-02-24,1,121,119,1,0.9834710743801653,0.008403361344537815
ROB-002,2026-02-25,1,212,192,3,0.9056603773584906,0.015625
ROB-002,2026-02-26,1,242,233,6,0.9628099173553719,0.02575107296137339
ROB-002,2026-02-27,1,222,216,6,0.972972972972973,0.027777777777777776
ROB-002,2026-02-28,1,210,201,3,0.9571428571428572,0.014925373134328358
ROB-002,2026-03-01,1,155,147,2,0.9483870967741935,0.013605442176870748
ROB-002,2026-03-02,1,201,194,4,0.9651741293532339,0.020618556701030927
ROB-002,2026-03-03,1,242,230,5,0.9504132231404959,0.021739130434782608
ROB-002,2026-03-04,1,192,189,2,0.984375,0.010582010582010581
ROB-002,2026-03-05,1,194,187,2,0.9639175257731959,0.0106951871657754
ROB-002,2026-03-06,1,183,167,1,0.912568306010929,0.005988023952095809
ROB-002,2026-03-07,1,240,222,2,0.925,0.009009009009009009
ROB-002,2026-03-08,1,250,235,2,0.94,0.00851063829787234
ROB-002,2026-03-09,1,226,216,5,0.9557522123893806,0.023148148148148147
ROB-002,2026-03-10,1,135,131,2,0.9703703703703703,0.015267175572519083
ROB-002,2026-03-11,1,217,214,3,0.9861751152073732,0.014018691588785047
ROB-002,2026-03-12,1,145,136,3,0.9379310344827586,0.022058823529411766
ROB-002,2026-03-13,1,221,216,2,0.9773755656108597,0.009259259259259259
ROB-002,2026-03-14,1,169,155,4,0.9171597633136095,0.025806451612903226
ROB-002,2026-03-15,1,199,192,4,0.964824120603015,0.020833333333333332
ROB-002,2026-03-16,1,171,163,2,0.9532163742690059,0.012269938650306749
ROB-002,2026-03-17,1,135,134,1,0.9925925925925926,0.007462686567164179
ROB-002,2026-03-18,1,120,117,3,0.975,0.02564102564102564
ROB-002,2026-03-19,1,131,123,1,0.9389312977099237,0.008130081300813009
ROB-002,2026-03-20,1,217,212,3,0.9769585253456221,0.014150943396226415
ROB-002,2026-03-21,1,133,123,2,0.924812030075188,0.016260162601626018
ROB-002,2026-03-22,1,211,196,3,0.9289099526066351,0.015306122448979591
ROB-002,2026-03-23,1,206,190,5,0.9223300970873787,0.02631578947368421
ROB-002,2026-03-24,1,243,234,2,0.9629629629629629,0.008547008547008548
ROB-002,2026-03-25,1,177,164,4,0.9265536723163842,0.024390243902439025
ROB-002,2026-03-26,1,139,134,2,0.9640287769784173,0.014925373134328358
ROB-002,2026-03-27,1,208,188,3,0.9038461538461539,0.015957446808510637
ROB-002,2026-03-28,1,159,154,2,0.9685534591194969,0.012987012987012988
ROB-002,2026-03-29,1,163,157,2,0.9631901840490797,0.012738853503184714
ROB-002,2026-03-30,1,154,143,3,0.9285714285714286,0.02097902097902098
ROB-002,2026-03-31,1,137,134,3,0.9781021897810219,0.022388059701492536
ROB-002,2026-04-01,1,183,176,3,0.9617486338797814,0.017045454545454544
ROB-002,2026-04-02,1,141,128,3,0.9078014184397163,0.0234375
ROB-002,2026-04-03,1,179,175,3,0.9776536312849162,0.017142857142857144
ROB-002,2026-04-04,1,219,210,4,0.958904109589041,0.01904761904761905
ROB-002,2026-04-05,1,164,156,3,0.9512195121951219,0.019230769230769232
ROB-002,2026-04-06,1,163,159,3,0.9754601226993865,0.018867924528301886
ROB-002,2026-04-07,1,180,165,4,0.9166666666666666,0.024242424242424242
ROB-002,2026-04-08,1,225,223,6,0.9911111111111112,0.026905829596412557
ROB-002,2026-04-09,1,143,139,2,0.972027972027972,0.014388489208633094
ROB-002,2026-04-10,1,229,210,4,0.9170305676855895,0.01904761904761905
ROB-002,2026-04-11,1,207,203,6,0.9806763285024155,0.029556650246305417
ROB-002,2026-04-12,1,225,216,4,0.96,0.018518518518518517
ROB-002,2026-04-13,1,133,130,3,0.9774436090225563,0.023076923076923078
ROB-002,2026-04-14,1,221,210,4,0.9502262443438914,0.01904761904761905
ROB-002,2026-04-15,1,134,124,3,0.9253731343283582,0.024193548387096774
ROB-002,2026-04-16,1,247,233,4,0.9433198380566802,0.017167381974248927
ROB-002,2026-04-17,1,183,172,4,0.9398907103825137,0.023255813953488372
ROB-002,2026-04-18,1,238,222,6,0.9327731092436975,0.02702702702702703
ROB-002,2026-04-19,1,179,177,3,0.9888268156424581,0.01694915254237288
ROB-002,2026-04-20,1,147,134,1,0.9115646258503401,0.007462686567164179
ROB-002,2026-04-21,1,186,182,2,0.978494623655914,0.01098901098901099
ROB-002,2026-04-22,1,204,186,5,0.9117647058823529,0.026881720430107527
ROB-002,2026-04-23,1,183,176,4,0.9617486338797814,0.022727272727272728
ROB-002,2026-04-24,1,181,167,4,0.9226519337016574,0.023952095808383235
ROB-002,2026-04-25,1,176,158,3,0.8977272727272727,0.0189873417721519
ROB-002,2026-04-26,1,201,184,5,0.9154228855721394,0.02717391304347826
ROB-002,2026-04-27,1,142,139,3,0.9788732394366197,0.02158273381294964
ROB-002,2026-04-28,1,138,135,1,0.9782608695652174,0.007407407407407408
ROB-002,2026-04-29,1,187,180,2,0.9625668449197861,0.011111111111111112
ROB-002,2026-04-30,1,167,156,2,0.9341317365269461,0.01282051282051282
ROB-002,2026-05-01,1,196,177,4,0.9030612244897959,0.022598870056497175
ROB-002,2026-05-02,1,203,200,4,0.9852216748768473,0.02
ROB-002,2026-05-03,1,222,200,5,0.9009009009009009,0.025
ROB-002,2026-05-04,1,168,158,4,0.9404761904761905,0.02531645569620253
ROB-002,2026-05-05,1,249,233,6,0.9357429718875502,0.02575107296137339
ROB-002,2026-05-06,1,122,115,1,0.9426229508196722,0.008695652173913044
ROB-002,2026-05-07,1,136,126,1,0.9264705882352942,0.007936507936507936
ROB-002,2026-05-08,1,176,170,3,0.9659090909090909,0.01764705882352941
ROB-002,2026-05-09,1,195,184,2,0.9435897435897436,0.010869565217391304
ROB-002,2026-05-10,1,165,153,1,0.9272727272727272,0.006535947712418301
ROB-002,2026-05-11,1,208,193,2,0.9278846153846154,0.010362694300518135
ROB-002,2026-05-12,1,129,120,2,0.9302325581395349,0.016666666666666666
ROB-002,2026-05-13,1,250,242,2,0.968,0.008264462809917356
ROB-002,2026-05-14,1,139,135,1,0.9712230215827338,0.007407407407407408
ROB-002,2026-05-15,1,215,211,2,0.9813953488372092,0.009478672985781991
ROB-002,2026-05-16,1,153,145,2,0.9477124183006536,0.013793103448275862
ROB-002,2026-05-17,1,133,119,3,0.8947368421052632,0.025210084033613446
ROB-002,2026-05-18,1,223,209,4,0.9372197309417041,0.019138755980861243
ROB-002,2026-05-19,1,194,185,3,0.9536082474226805,0.016216216216216217
ROB-002,2026-05-20,1,154,153,1,0.9935064935064936,0.006535947712418301
ROB-002,2026-05-21,1,225,216,5,0.96,0.023148148148148147
ROB-002,2026-05-22,1,226,218,6,0.9646017699115044,0.027522935779816515
ROB-002,2026-05-23,1,177,172,3,0.9717514124293786,0.01744186046511628
ROB-002,2026-05-24,1,169,157,2,0.9289940828402367,0.012738853503184714
ROB-002,2026-05-25,1,138,135,2,0.9782608695652174,0.014814814814814815
ROB-002,2026-05-26,1,182,181,4,0.9945054945054945,0.022099447513812154
ROB-002,2026-05-27,1,173,167,4,0.9653179190751445,0.023952095808383235
ROB-002,2026-05-28,1,121,116,2,0.9586776859504132,0.017241379310344827
ROB-002,2026-05-29,1,215,214,2,0.9953488372093023,0.009345794392523364
ROB-002,2026-05-30,1,238,229,2,0.9621848739495799,0.008733624454148471
ROB-002,2026-05-31,1,231,214,3,0.9264069264069265,0.014018691588785047
ROB-002,2026-06-01,1,129,123,2,0.9534883720930233,0.016260162601626018
ROB-002,2026-06-02,1,243,241,2,0.9917695473251029,0.008298755186721992
ROB-002,2026-06-03,1,139,132,2,0.9496402877697842,0.015151515151515152
ROB-002,2026-06-04,1,173,165,3,0.953757225433526,0.01818181818181818
ROB-002,2026-06-05,1,156,152,4,0.9743589743589743,0.02631578947368421
ROB-002,2026-06-06,1,150,136,3,0.9066666666666666,0.022058823529411766
ROB-002,2026-06-07,1,168,151,3,0.8988095238095238,0.019867549668874173
ROB-002,2026-06-08,1,243,224,3,0.9218106995884774,0.013392857142857142
ROB-002,2026-06-09,1,136,125,2,0.9191176470588235,0.016
ROB-002,2026-06-10,1,120,119,1,0.9916666666666667,0.008403361344537815
ROB-002,2026-06-11,1,138,131,2,0.9492753623188406,0.015267175572519083
ROB-002,2026-06-12,1,122,118,1,0.9672131147540983,0.00847457627118644
ROB-002,2026-06-13,1,147,134,1,0.9115646258503401,0.007462686567164179
ROB-002,2026-06-14,1,164,155,1,0.9451219512195121,0.0064516129032258064
ROB-002,2026-06-15,1,153,152,3,0.9934640522875817,0.019736842105263157
ROB-002,2026-06-16,1,185,175,3,0.9459459459459459,0.017142857142857144
ROB-002,2026-06-17,1,193,182,5,0.9430051813471503,0.027472527472527472
ROB-002,2026-06-18,1,180,173,4,0.9611111111111111,0.023121387283236993
ROB-002,2026-06-19,1,211,208,3,0.985781990521327,0.014423076923076924
ROB-002,2026-06-20,1,122,109,2,0.8934426229508197,0.01834862385321101
ROB-002,2026-06-21,1,189,175,4,0.9259259259259259,0.022857142857142857
ROB-002,2026-06-22,1,175,163,2,0.9314285714285714,0.012269938650306749
ROB-002,2026-06-23,1,237,215,5,0.9071729957805907,0.023255813953488372
ROB-002,2026-06-24,1,182,145,3,0.7967032967032966,0.020689655172413793
ROB-002,2026-06-25,1,216,184,4,0.8518518518518519,0.021739130434782608
ROB-002,2026-06-26,1,124,110,3,0.8870967741935484,0.02727272727272727
ROB-002,2026-06-27,1,245,215,10,0.8775510204081632,0.046511627906976744
ROB-002,2026-06-28,1,175,165,3,0.9428571428571428,0.01818181818181818
ROB-002,2026-06-29,1,210,196,8,0.9333333333333333,0.04081632653061224
ROB-002,2026-06-30,1,200,160,8,0.8,0.05
ROB-002,2026-07-01,1,144,128,4,0.8888888888888888,0.03125
ROB-002,2026-07-02,1,220,208,10,0.9454545454545454,0.04807692307692308
ROB-002,2026-07-03,1,183,153,4,0.8360655737704918,0.026143790849673203
ROB-002,2026-07-04,1,133,111,4,0.8345864661654135,0.036036036036036036
ROB-002,2026-07-05,1,192,159,7,0.828125,0.0440251572327044
ROB-002,2026-07-06,1,205,179,8,0.8731707317073171,0.0446927374301676
ROB-002,2026-07-07,1,178,153,6,0.8595505617977528,0.0392156862745098
ROB-002,2026-07-08,1,150,124,6,0.8266666666666667,0.04838709677419355
ROB-002,2026-07-09,1,240,217,7,0.9041666666666667,0.03225806451612903
ROB-002,2026-07-10,1,217,197,7,0.9078341013824884,0.03553299492385787
ROB-002,2026-07-11,1,133,120,6,0.9022556390977443,0.05
ROB-002,2026-07-12,1,141,123,4,0.8723404255319149,0.032520325203252036
ROB-002,2026-07-13,1,184,165,3,0.8967391304347826,0.01818181818181818
ROB-002,2026-07-14,1,204,202,2,0.9901960784313726,0.009900990099009901
ROB-002,2026-07-15,1,190,177,3,0.9315789473684211,0.01694915254237288
ROB-002,2026-07-16,1,246,241,6,0.9796747967479674,0.024896265560165973
ROB-002,2026-07-17,1,121,110,1,0.9090909090909091,0.00909090909090909
ROB-002,2026-07-18,1,124,114,2,0.9193548387096774,0.017543859649122806
ROB-002,2026-07-19,1,197,180,3,0.9137055837563451,0.016666666666666666
ROB-002,2026-07-20,1,121,112,1,0.9256198347107438,0.008928571428571428
ROB-002,2026-07-21,1,201,186,5,0.9253731343283582,0.026881720430107527
ROB-002,2026-07-22,1,239,228,2,0.9539748953974896,0.008771929824561403
ROB-002,2026-07-23,1,152,144,2,0.9473684210526315,0.013888888888888888
ROB-002,2026-07-24,1,244,222,4,0.9098360655737705,0.018018018018018018
ROB-002,2026-07-25,1,201,186,4,0.9253731343283582,0.021505376344086023
ROB-002,2026-07-26,1,223,209,4,0.9372197309417041,0.019138755980861243
ROB-002,2026-07-27,1,228,219,4,0.9605263157894737,0.0182648401826484
ROB-002,2026-07-28,1,191,180,2,0.9424083769633508,0.011111111111111112
ROB-002,2026-07-29,1,186,168,3,0.9032258064516129,0.017857142857142856
ROB-002,2026-07-30,1,186,181,2,0.9731182795698925,0.011049723756906077
ROB-002,2026-07-31,1,179,167,4,0.9329608938547486,0.023952095808383235
ROB-002,2026-08-01,1,238,232,5,0.9747899159663865,0.021551724137931036
ROB-002,2026-08-02,1,150,121,5,0.8066666666666666,0.04132231404958678
ROB-002,2026-08-03,1,187,171,1,0.9144385026737968,0.005847953216374269
ROB-002,2026-08-04,1,220,210,4,0.9545454545454546,0.01904761904761905
ROB-002,2026-08-05,1,130,129,2,0.9923076923076923,0.015503875968992248
ROB-002,2026-08-06,1,130,122,1,0.9384615384615385,0.00819672131147541
ROB-002,2026-08-07,1,147,133,2,0.9047619047619048,0.015037593984962405
ROB-002,2026-08-08,1,130,118,3,0.9076923076923077,0.025423728813559324
ROB-002,2026-08-09,1,247,237,2,0.9595141700404858,0.008438818565400843
ROB-002,2026-08-10,1,173,163,2,0.9421965317919075,0.012269938650306749
ROB-002,2026-08-11,1,240,230,2,0.9583333333333334,0.008695652173913044
ROB-002,2026-08-12,1,163,156,3,0.9570552147239264,0.019230769230769232
ROB-002,2026-08-13,1,228,217,4,0.9517543859649122,0.018433179723502304
ROB-002,2026-08-14,1,120,118,1,0.9833333333333333,0.00847457627118644
ROB-002,2026-08-15,1,137,130,3,0.948905109489051,0.023076923076923078
ROB-002,2026-08-16,1,194,183,3,0.9432989690721649,0.01639344262295082
ROB-002,2026-08-17,1,194,178,1,0.9175257731958762,0.0056179775280898875
ROB-002,2026-08-18,1,162,155,2,0.9567901234567902,0.012903225806451613
ROB-002,2026-08-19,1,157,156,4,0.9936305732484076,0.02564102564102564
ROB-002,2026-08-20,1,234,218,3,0.9316239316239316,0.013761467889908258
ROB-002,2026-08-21,1,234,231,2,0.9871794871794872,0.008658008658008658
ROB-002,2026-08-22,1,155,142,3,0.9161290322580645,0.02112676056338028
ROB-002,2026-08-23,1,212,203,4,0.9575471698113207,0.019704433497536946
ROB-002,2026-08-24,1,166,162,3,0.9759036144578314,0.018518518518518517
ROB-002,2026-08-25,1,149,140,3,0.9395973154362416,0.02142857142857143
ROB-002,2026-08-26,1,148,134,3,0.9054054054054054,0.022388059701492536
ROB-002,2026-08-27,1,181,172,1,0.9502762430939227,0.005813953488372093
ROB-002,2026-08-28,1,200,182,2,0.91,0.01098901098901099
ROB-002,2026-08-29,1,245,220,7,0.8979591836734694,0.031818181818181815
ROB-002,2026-08-30,1,222,189,8,0.8513513513513513,0.042328042328042326
ROB-002,2026-08-31,1,246,226,6,0.9186991869918699,0.02654867256637168
ROB-002,2026-09-01,1,244,223,9,0.9139344262295082,0.04035874439461883
ROB-002,2026-09-02,1,217,176,5,0.8110599078341014,0.028409090909090908
ROB-002,2026-09-03,1,219,185,4,0.8447488584474886,0.021621621621621623
ROB-002,2026-09-04,1,144,127,3,0.8819444444444444,0.023622047244094488
ROB-002,2026-09-05,1,239,200,9,0.8368200836820083,0.045
ROB-002,2026-09-06,1,158,130,3,0.8227848101265823,0.023076923076923078
ROB-002,2026-09-07,1,213,191,10,0.8967136150234741,0.05235602094240838
ROB-002,2026-09-08,1,156,127,3,0.8141025641025641,0.023622047244094488
ROB-002,2026-09-09,1,181,167,2,0.9226519337016574,0.011976047904191617
ROB-002,2026-09-10,1,240,233,6,0.9708333333333333,0.02575107296137339
ROB-002,2026-09-11,1,160,147,3,0.91875,0.02040816326530612
ROB-002,2026-09-12,1,142,141,1,0.9929577464788732,0.0070921985815602835
ROB-002,2026-09-13,1,175,174,2,0.9942857142857143,0.011494252873563218
ROB-002,2026-09-14,1,135,122,3,0.9037037037037037,0.02459016393442623
ROB-002,2026-09-15,1,200,180,2,0.9,0.011111111111111112
ROB-002,2026-09-16,1,246,222,3,0.9024390243902439,0.013513513513513514
ROB-002,2026-09-17,1,126,116,3,0.9206349206349206,0.02586206896551724
ROB-002,2026-09-18,1,192,179,1,0.9322916666666666,0.00558659217877095
ROB-002,2026-09-19,1,171,162,4,0.9473684210526315,0.024691358024691357
ROB-002,2026-09-20,1,158,157,3,0.9936708860759493,0.01910828025477707
ROB-002,2026-09-21,1,196,182,4,0.9285714285714286,0.02197802197802198
ROB-002,2026-09-22,1,221,216,2,0.9773755656108597,0.009259259259259259
ROB-002,2026-09-23,1,125,123,2,0.984,0.016260162601626018
ROB-002,2026-09-24,1,241,219,4,0.9087136929460581,0.0182648401826484
ROB-002,2026-09-25,1,240,235,6,0.9791666666666666,0.02553191489361702
ROB-002,2026-09-26,1,177,167,4,0.943502824858757,0.023952095808383235
ROB-002,2026-09-27,1,172,170,2,0.9883720930232558,0.011764705882352941
ROB-002,2026-09-28,1,158,154,3,0.9746835443037974,0.01948051948051948
ROB-002,2026-09-29,1,134,126,7,0.9402985074626866,0.05555555555555555
ROB-002,2026-09-30,1,152,133,5,0.875,0.03759398496240601
WLD-001,2026-01-01,1,83,79,1,0.9518072289156626,0.012658227848101266
WLD-001,2026-01-02,1,126,120,2,0.9523809523809523,0.016666666666666666
WLD-001,2026-01-03,1,178,174,2,0.9775280898876404,0.011494252873563218
WLD-001,2026-01-04,1,94,86,1,0.9148936170212766,0.011627906976744186
WLD-001,2026-01-05,1,118,116,2,0.9830508474576272,0.017241379310344827
WLD-001,2026-01-06,1,140,139,1,0.9928571428571429,0.007194244604316547
WLD-001,2026-01-07,1,165,156,3,0.9454545454545454,0.019230769230769232
WLD-001,2026-01-08,1,89,84,2,0.9438202247191011,0.023809523809523808
WLD-001,2026-01-09,1,104,96,2,0.9230769230769231,0.020833333333333332
WLD-001,2026-01-10,1,165,160,2,0.9696969696969697,0.0125
WLD-001,2026-01-11,1,163,155,3,0.950920245398773,0.01935483870967742
WLD-001,2026-01-12,1,113,103,1,0.911504424778761,0.009708737864077669
WLD-001,2026-01-13,1,102,100,1,0.9803921568627451,0.01
WLD-001,2026-01-14,1,162,154,3,0.9506172839506173,0.01948051948051948
WLD-001,2026-01-15,1,174,168,2,0.9655172413793104,0.011904761904761904
WLD-001,2026-01-16,1,154,147,2,0.9545454545454546,0.013605442176870748
WLD-001,2026-01-17,1,104,101,1,0.9711538461538461,0.009900990099009901
WLD-001,2026-01-18,1,134,131,2,0.9776119402985075,0.015267175572519083
WLD-001,2026-01-19,1,149,141,1,0.9463087248322147,0.0070921985815602835
WLD-001,2026-01-20,1,131,127,3,0.9694656488549618,0.023622047244094488
WLD-001,2026-01-21,1,124,114,1,0.9193548387096774,0.008771929824561403
WLD-001,2026-01-22,1,128,120,2,0.9375,0.016666666666666666
WLD-001,2026-01-23,1,173,164,3,0.9479768786127167,0.018292682926829267
WLD-001,2026-01-24,1,104,94,2,0.9038461538461539,0.02127659574468085
WLD-001,2026-01-25,1,175,166,4,0.9485714285714286,0.024096385542168676
WLD-001,2026-01-26,1,140,132,2,0.9428571428571428,0.015151515151515152
WLD-001,2026-01-27,1,134,124,2,0.9253731343283582,0.016129032258064516
WLD-001,2026-01-28,1,105,98,2,0.9333333333333333,0.02040816326530612
WLD-001,2026-01-29,1,153,146,1,0.954248366013072,0.00684931506849315
WLD-001,2026-01-30,1,112,104,3,0.9285714285714286,0.028846153846153848
WLD-001,2026-01-31,1,81,77,0,0.9506172839506173,0.0
WLD-001,2026-02-01,1,114,111,1,0.9736842105263158,0.009009009009009009
WLD-001,2026-02-02,1,163,162,3,0.9938650306748467,0.018518518518518517
WLD-001,2026-02-03,1,171,169,3,0.9883040935672515,0.01775147928994083
WLD-001,2026-02-04,1,128,123,1,0.9609375,0.008130081300813009
WLD-001,2026-02-05,1,153,142,3,0.9281045751633987,0.02112676056338028
WLD-001,2026-02-06,1,154,144,1,0.935064935064935,0.006944444444444444
WLD-001,2026-02-07,1,126,114,2,0.9047619047619048,0.017543859649122806
WLD-001,2026-02-08,1,143,130,1,0.9090909090909091,0.007692307692307693
WLD-001,2026-02-09,1,87,81,1,0.9310344827586207,0.012345679012345678
WLD-001,2026-02-10,1,94,90,0,0.9574468085106383,0.0
WLD-001,2026-02-11,1,134,129,2,0.9626865671641791,0.015503875968992248
WLD-001,2026-02-12,1,133,129,2,0.9699248120300752,0.015503875968992248
WLD-001,2026-02-13,1,116,111,1,0.9568965517241379,0.009009009009009009
WLD-001,2026-02-14,1,103,101,2,0.9805825242718447,0.019801980198019802
WLD-001,2026-02-15,1,107,104,1,0.9719626168224299,0.009615384615384616
WLD-001,2026-02-16,1,125,113,3,0.904,0.02654867256637168
WLD-001,2026-02-17,1,119,115,1,0.9663865546218487,0.008695652173913044
WLD-001,2026-02-18,1,152,146,4,0.9605263157894737,0.0273972602739726
WLD-001,2026-02-19,1,174,172,3,0.9885057471264368,0.01744186046511628
WLD-001,2026-02-20,1,88,82,1,0.9318181818181818,0.012195121951219513
WLD-001,2026-02-21,1,107,99,2,0.9252336448598131,0.020202020202020204
WLD-001,2026-02-22,1,136,130,3,0.9558823529411765,0.023076923076923078
WLD-001,2026-02-23,1,95,88,2,0.9263157894736842,0.022727272727272728
WLD-001,2026-02-24,1,97,94,1,0.9690721649484536,0.010638297872340425
WLD-001,2026-02-25,1,133,122,2,0.9172932330827067,0.01639344262295082
WLD-001,2026-02-26,1,179,173,5,0.9664804469273743,0.028901734104046242
WLD-001,2026-02-27,1,95,93,1,0.9789473684210527,0.010752688172043012
WLD-001,2026-02-28,1,168,158,2,0.9404761904761905,0.012658227848101266
WLD-001,2026-03-01,1,127,119,3,0.937007874015748,0.025210084033613446
WLD-001,2026-03-02,1,91,89,2,0.978021978021978,0.02247191011235955
WLD-001,2026-03-03,1,119,111,2,0.9327731092436975,0.018018018018018018
WLD-001,2026-03-04,1,170,156,4,0.9176470588235294,0.02564102564102564
WLD-001,2026-03-05,1,133,127,1,0.9548872180451128,0.007874015748031496
WLD-001,2026-03-06,1,110,104,1,0.9454545454545454,0.009615384615384616
WLD-001,2026-03-07,1,143,137,3,0.958041958041958,0.021897810218978103
WLD-001,2026-03-08,1,126,122,1,0.9682539682539683,0.00819672131147541
WLD-001,2026-03-09,1,127,118,1,0.9291338582677166,0.00847457627118644
WLD-001,2026-03-10,1,144,140,3,0.9722222222222222,0.02142857142857143
WLD-001,2026-03-11,1,172,159,1,0.9244186046511628,0.006289308176100629
WLD-001,2026-03-12,1,147,135,1,0.9183673469387755,0.007407407407407408
WLD-001,2026-03-13,1,102,101,1,0.9901960784313726,0.009900990099009901
WLD-001,2026-03-14,1,123,120,2,0.975609756097561,0.016666666666666666
WLD-001,2026-03-15,1,119,109,2,0.9159663865546218,0.01834862385321101
WLD-001,2026-03-16,1,87,85,2,0.9770114942528736,0.023529411764705882
WLD-001,2026-03-17,1,85,80,1,0.9411764705882353,0.0125
WLD-001,2026-03-18,1,96,93,1,0.96875,0.010752688172043012
WLD-001,2026-03-19,1,170,167,2,0.9823529411764705,0.011976047904191617
WLD-001,2026-03-20,1,143,129,2,0.9020979020979021,0.015503875968992248
WLD-001,2026-03-21,1,91,86,2,0.945054945054945,0.023255813953488372
WLD-001,2026-03-22,1,179,166,3,0.9273743016759777,0.018072289156626505
WLD-001,2026-03-23,1,143,136,3,0.951048951048951,0.022058823529411766
WLD-001,2026-03-24,1,107,101,1,0.9439252336448598,0.009900990099009901
WLD-001,2026-03-25,1,138,131,3,0.9492753623188406,0.022900763358778626
WLD-001,2026-03-26,1,152,144,1,0.9473684210526315,0.006944444444444444
WLD-001,2026-03-27,1,168,163,3,0.9702380952380952,0.018404907975460124
WLD-001,2026-03-28,1,99,92,2,0.9292929292929293,0.021739130434782608
WLD-001,2026-03-29,1,151,149,4,0.9867549668874173,0.026845637583892617
WLD-001,2026-03-30,1,122,115,2,0.9426229508196722,0.017391304347826087
WLD-001,2026-03-31,1,170,156,4,0.9176470588235294,0.02564102564102564
WLD-001,2026-04-01,1,156,150,1,0.9615384615384616,0.006666666666666667
WLD-001,2026-04-02,1,83,78,1,0.9397590361445783,0.01282051282051282
WLD-001,2026-04-03,1,122,116,3,0.9508196721311475,0.02586206896551724
WLD-001,2026-04-04,1,147,146,2,0.9931972789115646,0.0136986301369863
WLD-001,2026-04-05,1,161,153,4,0.9503105590062112,0.026143790849673203
WLD-001,2026-04-06,1,84,77,1,0.9166666666666666,0.012987012987012988
WLD-001,2026-04-07,1,91,85,2,0.9340659340659341,0.023529411764705882
WLD-001,2026-04-08,1,92,84,2,0.9130434782608695,0.023809523809523808
WLD-001,2026-04-09,1,154,138,3,0.8961038961038961,0.021739130434782608
WLD-001,2026-04-10,1,100,94,0,0.94,0.0
WLD-001,2026-04-11,1,146,141,1,0.9657534246575342,0.0070921985815602835
WLD-001,2026-04-12,1,172,158,3,0.9186046511627907,0.0189873417721519
WLD-001,2026-04-13,1,104,101,1,0.9711538461538461,0.009900990099009901
WLD-001,2026-04-14,1,107,96,1,0.897196261682243,0.010416666666666666
WLD-001,2026-04-15,1,135,123,2,0.9111111111111111,0.016260162601626018
WLD-001,2026-04-16,1,171,170,3,0.9941520467836257,0.01764705882352941
WLD-001,2026-04-17,1,174,168,2,0.9655172413793104,0.011904761904761904
WLD-001,2026-04-18,1,180,167,3,0.9277777777777778,0.017964071856287425
WLD-001,2026-04-19,1,98,95,1,0.9693877551020408,0.010526315789473684
WLD-001,2026-04-20,1,105,95,2,0.9047619047619048,0.021052631578947368
WLD-001,2026-04-21,1,130,123,2,0.9461538461538461,0.016260162601626018
WLD-001,2026-04-22,1,162,152,1,0.9382716049382716,0.006578947368421052
WLD-001,2026-04-23,1,129,117,1,0.9069767441860465,0.008547008547008548
WLD-001,2026-04-24,1,109,108,1,0.9908256880733946,0.009259259259259259
WLD-001,2026-04-25,1,84,76,1,0.9047619047619048,0.013157894736842105
WLD-001,2026-04-26,1,135,132,3,0.9777777777777777,0.022727272727272728
WLD-001,2026-04-27,1,110,102,1,0.9272727272727272,0.00980392156862745
WLD-001,2026-04-28,1,177,171,2,0.9661016949152542,0.011695906432748537
WLD-001,2026-04-29,1,104,97,2,0.9326923076923077,0.020618556701030927
WLD-001,2026-04-30,1,113,102,2,0.9026548672566371,0.0196078431372549
WLD-001,2026-05-01,1,140,134,1,0.9571428571428572,0.007462686567164179
WLD-001,2026-05-02,1,88,79,1,0.8977272727272727,0.012658227848101266
WLD-001,2026-05-03,1,102,94,1,0.9215686274509803,0.010638297872340425
WLD-001,2026-05-04,1,173,162,3,0.9364161849710982,0.018518518518518517
WLD-001,2026-05-05,1,105,97,2,0.9238095238095239,0.020618556701030927
WLD-001,2026-05-06,1,82,80,2,0.975609756097561,0.025
WLD-001,2026-05-07,1,116,107,1,0.9224137931034483,0.009345794392523364
WLD-001,2026-05-08,1,153,150,2,0.9803921568627451,0.013333333333333334
WLD-001,2026-05-09,1,180,177,3,0.9833333333333333,0.01694915254237288
WLD-001,2026-05-10,1,103,100,1,0.970873786407767,0.01
WLD-001,2026-05-11,1,160,155,2,0.96875,0.012903225806451613
WLD-001,2026-05-12,1,144,132,2,0.9166666666666666,0.015151515151515152
WLD-001,2026-05-13,1,97,91,2,0.9381443298969072,0.02197802197802198
WLD-001,2026-05-14,1,99,98,2,0.98989898989899,0.02040816326530612
WLD-001,2026-05-15,1,159,147,3,0.9245283018867925,0.02040816326530612
WLD-001,2026-05-16,1,158,142,3,0.8987341772151899,0.02112676056338028
WLD-001,2026-05-17,1,129,118,3,0.9147286821705426,0.025423728813559324
WLD-001,2026-05-18,1,143,139,1,0.972027972027972,0.007194244604316547
WLD-001,2026-05-19,1,108,97,1,0.8981481481481481,0.010309278350515464
WLD-001,2026-05-20,1,138,133,3,0.9637681159420289,0.022556390977443608
WLD-001,2026-05-21,1,117,110,1,0.9401709401709402,0.00909090909090909
WLD-001,2026-05-22,1,151,143,3,0.9470198675496688,0.02097902097902098
WLD-001,2026-05-23,1,93,89,2,0.956989247311828,0.02247191011235955
WLD-001,2026-05-24,1,157,144,3,0.9171974522292994,0.020833333333333332
WLD-001,2026-05-25,1,142,139,2,0.9788732394366197,0.014388489208633094
WLD-001,2026-05-26,1,110,108,2,0.9818181818181818,0.018518518518518517
WLD-001,2026-05-27,1,148,141,3,0.9527027027027027,0.02127659574468085
WLD-001,2026-05-28,1,82,76,0,0.926829268292683,0.0
WLD-001,2026-05-29,1,118,114,3,0.9661016949152542,0.02631578947368421
WLD-001,2026-05-30,1,86,84,2,0.9767441860465116,0.023809523809523808
WLD-001,2026-05-31,1,120,110,1,0.9166666666666666,0.00909090909090909
WLD-001,2026-06-01,1,154,144,3,0.935064935064935,0.020833333333333332
WLD-001,2026-06-02,1,164,161,2,0.9817073170731707,0.012422360248447204
WLD-001,2026-06-03,1,128,119,2,0.9296875,0.01680672268907563
WLD-001,2026-06-04,1,94,89,1,0.9468085106382979,0.011235955056179775
WLD-001,2026-06-05,1,101,93,1,0.9207920792079208,0.010752688172043012
WLD-001,2026-06-06,1,84,82,1,0.9761904761904762,0.012195121951219513
WLD-001,2026-06-07,1,156,154,2,0.9871794871794872,0.012987012987012988
WLD-001,2026-06-08,1,141,129,2,0.9148936170212766,0.015503875968992248
WLD-001,2026-06-09,1,140,138,2,0.9857142857142858,0.014492753623188406
WLD-001,2026-06-10,1,166,149,2,0.8975903614457831,0.013422818791946308
WLD-001,2026-06-11,1,113,103,2,0.911504424778761,0.019417475728155338
WLD-001,2026-06-12,1,120,112,1,0.9333333333333333,0.008928571428571428
WLD-001,2026-06-13,1,111,109,1,0.9819819819819819,0.009174311926605505
WLD-001,2026-06-14,1,149,134,2,0.8993288590604027,0.014925373134328358
WLD-001,2026-06-15,1,131,121,1,0.9236641221374046,0.008264462809917356
WLD-001,2026-06-16,1,92,89,0,0.967391304347826,0.0
WLD-001,2026-06-17,1,174,164,1,0.9425287356321839,0.006097560975609756
WLD-001,2026-06-18,1,101,92,0,0.9108910891089109,0.0
WLD-001,2026-06-19,1,147,144,1,0.9795918367346939,0.006944444444444444
WLD-001,2026-06-20,1,126,118,1,0.9365079365079365,0.00847457627118644
WLD-001,2026-06-21,1,90,84,1,0.9333333333333333,0.011904761904761904
WLD-001,2026-06-22,1,109,99,1,0.908256880733945,0.010101010101010102
WLD-001,2026-06-23,1,111,108,1,0.972972972972973,0.009259259259259259
WLD-001,2026-06-24,1,115,110,1,0.9565217391304348,0.00909090909090909
WLD-001,2026-06-25,1,136,132,1,0.9705882352941176,0.007575757575757576
WLD-001,2026-06-26,1,161,153,3,0.9503105590062112,0.0196078431372549
WLD-001,2026-06-27,1,153,147,2,0.9607843137254902,0.013605442176870748
WLD-001,2026-06-28,1,89,87,1,0.9775280898876404,0.011494252873563218
WLD-001,2026-06-29,1,148,147,2,0.9932432432432432,0.013605442176870748
WLD-001,2026-06-30,1,80,74,1,0.925,0.013513513513513514
WLD-001,2026-07-01,1,168,163,4,0.9702380952380952,0.024539877300613498
WLD-001,2026-07-02,1,144,139,1,0.9652777777777778,0.007194244604316547
WLD-001,2026-07-03,1,105,100,2,0.9523809523809523,0.02
WLD-001,2026-07-04,1,176,171,2,0.9715909090909091,0.011695906432748537
WLD-001,2026-07-05,1,147,132,1,0.8979591836734694,0.007575757575757576
WLD-001,2026-07-06,1,85,78,1,0.9176470588235294,0.01282051282051282
WLD-001,2026-07-07,1,128,121,2,0.9453125,0.01652892561983471
WLD-001,2026-07-08,1,100,93,1,0.93,0.010752688172043012
WLD-001,2026-07-09,1,141,128,3,0.9078014184397163,0.0234375
WLD-001,2026-07-10,1,134,126,1,0.9402985074626866,0.007936507936507936
WLD-001,2026-07-11,1,101,95,2,0.9405940594059405,0.021052631578947368
WLD-001,2026-07-12,1,94,91,2,0.9680851063829787,0.02197802197802198
WLD-001,2026-07-13,1,96,95,0,0.9895833333333334,0.0
WLD-001,2026-07-14,1,165,158,3,0.9575757575757575,0.0189873417721519
WLD-001,2026-07-15,1,140,127,3,0.9071428571428571,0.023622047244094488
WLD-001,2026-07-16,1,143,136,3,0.951048951048951,0.022058823529411766
WLD-001,2026-07-17,1,118,112,1,0.9491525423728814,0.008928571428571428
WLD-001,2026-07-18,1,172,166,3,0.9651162790697675,0.018072289156626505
WLD-001,2026-07-19,1,137,134,2,0.9781021897810219,0.014925373134328358
WLD-001,2026-07-20,1,129,125,2,0.9689922480620154,0.016
WLD-001,2026-07-21,1,145,131,2,0.903448275862069,0.015267175572519083
WLD-001,2026-07-22,1,148,134,3,0.9054054054054054,0.022388059701492536
WLD-001,2026-07-23,1,101,93,1,0.9207920792079208,0.010752688172043012
WLD-001,2026-07-24,1,164,158,3,0.9634146341463414,0.0189873417721519
WLD-001,2026-07-25,1,153,144,2,0.9411764705882353,0.013888888888888888
WLD-001,2026-07-26,1,130,125,3,0.9615384615384616,0.024
WLD-001,2026-07-27,1,138,136,3,0.9855072463768116,0.022058823529411766
WLD-001,2026-07-28,1,90,82,2,0.9111111111111111,0.024390243902439025
WLD-001,2026-07-29,1,156,152,3,0.9743589743589743,0.019736842105263157
WLD-001,2026-07-30,1,164,154,4,0.9390243902439024,0.025974025974025976
WLD-001,2026-07-31,1,140,130,3,0.9285714285714286,0.023076923076923078
WLD-001,2026-08-01,1,92,85,1,0.9239130434782609,0.011764705882352941
WLD-001,2026-08-02,1,107,106,2,0.9906542056074766,0.018867924528301886
WLD-001,2026-08-03,1,122,121,1,0.9918032786885246,0.008264462809917356
WLD-001,2026-08-04,1,114,104,1,0.9122807017543859,0.009615384615384616
WLD-001,2026-08-05,1,178,150,4,0.8426966292134831,0.02666666666666667
WLD-001,2026-08-06,1,123,99,5,0.8048780487804879,0.050505050505050504
WLD-001,2026-08-07,1,158,130,5,0.8227848101265823,0.038461538461538464
WLD-001,2026-08-08,1,127,112,4,0.8818897637795275,0.03571428571428571
WLD-001,2026-08-09,1,168,135,3,0.8035714285714286,0.022222222222222223
WLD-001,2026-08-10,1,85,76,1,0.8941176470588236,0.013157894736842105
WLD-001,2026-08-11,1,105,98,1,0.9333333333333333,0.01020408163265306
WLD-001,2026-08-12,1,117,112,2,0.9572649572649573,0.017857142857142856
WLD-001,2026-08-13,1,140,136,2,0.9714285714285714,0.014705882352941176
WLD-001,2026-08-14,1,127,122,2,0.9606299212598425,0.01639344262295082
WLD-001,2026-08-15,1,126,115,2,0.9126984126984127,0.017391304347826087
WLD-001,2026-08-16,1,170,162,4,0.9529411764705882,0.024691358024691357
WLD-001,2026-08-17,1,133,125,2,0.9398496240601504,0.016
WLD-001,2026-08-18,1,86,78,1,0.9069767441860465,0.01282051282051282
WLD-001,2026-08-19,1,83,78,1,0.9397590361445783,0.01282051282051282
WLD-001,2026-08-20,1,83,78,2,0.9397590361445783,0.02564102564102564
WLD-001,2026-08-21,1,116,108,1,0.9310344827586207,0.009259259259259259
WLD-001,2026-08-22,1,114,107,2,0.9385964912280702,0.018691588785046728
WLD-001,2026-08-23,1,143,142,1,0.993006993006993,0.007042253521126761
WLD-001,2026-08-24,1,161,159,3,0.9875776397515528,0.018867924528301886
WLD-001,2026-08-25,1,151,145,3,0.9602649006622517,0.020689655172413793
WLD-001,2026-08-26,1,106,96,1,0.9056603773584906,0.010416666666666666
WLD-001,2026-08-27,1,100,98,2,0.98,0.02040816326530612
WLD-001,2026-08-28,1,145,133,1,0.9172413793103448,0.007518796992481203
WLD-001,2026-08-29,1,166,155,1,0.9337349397590361,0.0064516129032258064
WLD-001,2026-08-30,1,154,147,3,0.9545454545454546,0.02040816326530612
WLD-001,2026-08-31,1,177,143,7,0.807909604519774,0.04895104895104895
WLD-001,2026-09-01,1,135,110,5,0.8148148148148148,0.045454545454545456
WLD-001,2026-09-02,1,83,75,3,0.9036144578313253,0.04
WLD-001,2026-09-03,1,82,81,1,0.9878048780487805,0.012345679012345678
WLD-001,2026-09-04,1,175,174,4,0.9942857142857143,0.022988505747126436
WLD-001,2026-09-05,1,107,103,2,0.9626168224299065,0.019417475728155338
WLD-001,2026-09-06,1,156,144,2,0.9230769230769231,0.013888888888888888
WLD-001,2026-09-07,1,88,87,1,0.9886363636363636,0.011494252873563218
WLD-001,2026-09-08,1,175,161,2,0.92,0.012422360248447204
WLD-001,2026-09-09,1,86,83,2,0.9651162790697675,0.024096385542168676
WLD-001,2026-09-10,1,90,88,2,0.9777777777777777,0.022727272727272728
WLD-001,2026-09-11,1,119,110,1,0.9243697478991597,0.00909090909090909
WLD-001,2026-09-12,1,151,145,3,0.9602649006622517,0.020689655172413793
WLD-001,2026-09-13,1,96,90,1,0.9375,0.011111111111111112
WLD-001,2026-09-14,1,174,166,1,0.9540229885057471,0.006024096385542169
WLD-001,2026-09-15,1,147,138,2,0.9387755102040817,0.014492753623188406
WLD-001,2026-09-16,1,100,97,1,0.97,0.010309278350515464
WLD-001,2026-09-17,1,143,138,3,0.965034965034965,0.021739130434782608
WLD-001,2026-09-18,1,152,138,3,0.9078947368421053,0.021739130434782608
WLD-001,2026-09-19,1,125,120,3,0.96,0.025
WLD-001,2026-09-20,1,90,89,1,0.9888888888888889,0.011235955056179775
WLD-001,2026-09-21,1,130,117,2,0.9,0.017094017094017096
WLD-001,2026-09-22,1,158,147,3,0.930379746835443,0.02040816326530612
WLD-001,2026-09-23,1,169,159,3,0.9408284023668639,0.018867924528301886
WLD-001,2026-09-24,1,88,81,1,0.9204545454545454,0.012345679012345678
WLD-001,2026-09-25,1,166,160,2,0.963855421686747,0.0125
WLD-001,2026-09-26,1,135,123,1,0.9111111111111111,0.008130081300813009
WLD-001,2026-09-27,1,93,85,1,0.9139784946236559,0.011764705882352941
WLD-001,2026-09-28,1,133,124,2,0.9323308270676691,0.016129032258064516
WLD-001,2026-09-29,1,84,81,1,0.9642857142857143,0.012345679012345678
WLD-001,2026-09-30,1,90,81,1,0.9,0.012345679012345678
