machine_code,date,temperature_mean_lag_1,temperature_mean_change_1d,temperature_mean_rolling_mean_3d,temperature_mean_rolling_mean_7d,temperature_mean_rolling_std_7d,vibration_mean_lag_1,vibration_mean_change_1d,vibration_mean_rolling_mean_3d,vibration_mean_rolling_mean_7d,vibration_mean_rolling_std_7d,pressure_mean_lag_1,pressure_mean_change_1d,pressure_mean_rolling_mean_3d,pressure_mean_rolling_mean_7d,pressure_mean_rolling_std_7d,power_consumption_mean_lag_1,power_consumption_mean_change_1d,power_consumption_mean_rolling_mean_3d,power_consumption_mean_rolling_mean_7d,power_consumption_mean_rolling_std_7d
CNC-001,2026-01-01,,,,,,,,,,,,,,,,,,,,
CNC-001,2026-01-02,66.68203125,1.0609375000000085,,,,1.7476875,-0.06953125000000004,,,,94.75945161290323,-0.2119828629032412,,,,24.384516129032257,-0.01254838709677486,,,
CNC-001,2026-01-03,67.74296875,-0.7762500000000045,,,,1.67815625,0.19324999999999992,,,,94.54746875,0.2521875000000051,,,,24.37196774193548,-1.3184516129032247,,,
CNC-001,2026-01-04,66.96671875,-0.182781250000005,67.13057291666667,,,1.87140625,-0.04715625000000001,1.76575,,,94.79965625,-1.6606562500000024,94.70219220430107,,,23.053516129032257,1.4135463709677438,23.936666666666667,,
CNC-001,2026-01-05,66.7839375,-0.8836562499999872,67.16454166666666,,,1.82425,-0.10279838709677414,1.7912708333333331,,,93.139,1.050093750000002,94.16204166666667,,,24.4670625,-0.36434374999999974,23.964182123655913,,
CNC-001,2026-01-06,65.90028125,1.1951874999999887,66.5503125,,,1.7214516129032258,0.06304838709677418,1.805702620967742,,,94.18909375,3.4890000000000043,94.04258333333333,,,24.10271875,-0.49433165322580663,23.874432459677422,,
CNC-001,2026-01-07,67.09546875,-0.06928124999998886,66.59322916666666,,,1.7845,-0.012750000000000039,1.7767338709677418,,,97.67809375,-3.4568437500000044,95.00206250000001,,,23.608387096774194,-0.803418346774194,24.059389448924733,,
CNC-001,2026-01-08,67.0261875,0.0015624999999914735,66.67397916666665,66.88537053571429,0.5519811791580533,1.77175,-0.04497580645161281,1.7592338709677418,1.7713145161290325,0.06418407750434003,94.22125,-1.640749999999997,95.3628125,94.76200201612903,1.4027242564154156,22.80496875,2.390062499999999,23.505358198924736,23.827591013824883,0.6811912650996567
CNC-001,2026-01-09,67.02775,-0.47408333333332564,67.04980208333335,66.93475892857143,0.5461913410397355,1.7267741935483871,0.016382056451612836,1.761008064516129,1.7683269009216591,0.06593013772488504,92.5805,4.4647580645161185,94.82661458333332,94.45072321428572,1.6271905815288144,25.19503125,-0.4832187499999989,23.8694623655914,23.943378888248848,0.8416262660671696
CNC-001,2026-01-10,66.55366666666667,0.2546999999999997,66.8692013888889,66.76485863095238,0.42424743269179177,1.74315625,0.050198588709677416,1.747226814516129,1.7776126152073732,0.054741730447235515,97.04525806451612,-0.5826955645161149,94.6156693548387,94.80755025921658,1.9025188453782855,24.7118125,-1.440844758064518,24.23727083333333,23.991928139400923,0.8794232231087132
CNC-001,2026-01-11,66.80836666666667,-0.09278602150537552,66.79659444444444,66.7422369047619,0.4158281994831502,1.7933548387096774,-0.013636088709677363,1.754428427419355,1.76646241359447,0.03777173770442631,96.4625625,-2.9863366935484095,95.36277352150539,95.04510829493087,2.002558122400425,23.270967741935483,1.050907258064516,24.392603830645157,24.022992655529954,0.8438723241137206
CNC-001,2026-01-12,66.7155806451613,1.6072318548387017,66.69253799283155,66.73247163978495,0.4154881953085594,1.77971875,0.051718750000000036,1.772076612903226,1.7601008064516128,0.02919263608489737,93.4762258064516,1.3796179435484106,95.66134879032256,95.09328341013826,1.952491218082146,24.321875,0.5693750000000009,24.101551747311827,24.00225158410138,0.8328509551725304
CNC-001,2026-01-13,68.3228125,-0.3023124999999993,67.28225327060932,67.07854753264209,0.5822436752405442,1.8314375,-0.12830846774193572,1.8015036962365591,1.7758130760368664,0.034108395313934045,94.85584375,-4.72584375000001,94.93154401881719,95.18853341013823,1.9169699377460698,24.89125,-1.4683749999999982,24.161364247311827,24.11489890552995,0.8993741231232327
CNC-001,2026-01-14,68.0205,-1.8000312500000035,67.68629771505375,67.21069485407067,0.682982906738923,1.7031290322580643,0.010548387096774414,1.7714284274193546,1.7641886520737327,0.04328570343297425,90.13,4.43635483870969,92.82068985215052,94.11023430299538,2.355857567771237,23.422875,0.6068669354838754,24.212,24.088397177419356,0.9192994943912515
CNC-001,2026-01-15,66.22046875,0.4977500000000106,67.52126041666666,67.09559217549922,0.7802305527387237,1.7136774193548387,-0.022208669354838673,1.7494146505376342,1.755892569124424,0.04700061778376236,94.56635483870969,4.13577016129031,93.18406619623657,94.15953499423962,2.3621705000828084,24.029741935483877,-0.2772419354838753,24.114622311827958,24.26336477534562,0.731736023572007
CNC-001,2026-01-16,66.71821875,0.9789687499999928,66.98639583333333,67.05137342549924,0.7933766811438985,1.69146875,-0.028437500000000115,1.7027584005376344,1.7508489343317972,0.05224753477959749,98.702125,-4.794224999999997,94.46615994623654,95.03405285138248,2.7769107205351142,23.7525,-0.411854838709683,23.73503897849463,24.05728888248848,0.6202600439242896
CNC-001,2026-01-17,67.6971875,-0.7857812499999994,66.878625,67.21473354454686,0.7915425289338949,1.66303125,0.006687499999999957,1.6893924731182797,1.7394025057603686,0.06206777551348782,93.9079,2.4369437499999975,95.72545994623654,94.58585884216589,2.648412343430011,23.34064516129032,0.7379548387096833,23.707629032258065,23.86140783410138,0.5951087427192823
CNC-001,2026-01-18,66.91140625,0.32587499999999636,67.10893750000001,67.22945348502304,0.7836447029013496,1.66971875,-0.0020000000000000018,1.6747395833333334,1.7217402073732717,0.06174642586032829,96.34484375,-1.2872500000000002,96.31828958333331,94.56904187788018,2.634848485828624,24.0786,-0.698438709677422,23.723915053763438,23.97678387096774,0.5370130382146995
CNC-001,2026-01-19,67.23728125,-0.3709264112903128,67.28195833333332,67.30398214285715,0.7507450138361659,1.66771875,0.10748124999999997,1.6668229166666666,1.7057402073732717,0.05865227061640924,95.05759375,-1.816062500000001,95.10344583333334,94.79495158410138,2.592995335445889,23.38016129032258,0.24096370967741976,23.59980215053763,23.842253341013826,0.5538470594015793
CNC-001,2026-01-20,66.86635483870968,0.9242389112903169,67.00501411290323,67.09591676267281,0.6099415816944938,1.7752,-0.04644999999999988,1.7042125,1.6977062788018433,0.039186686622682695,93.24153125,1.8140625000000057,94.88132291666666,94.56433551267283,2.6576577823837253,23.621125,0.1458104838709673,23.693295430107526,23.660806912442393,0.3051020317841088
CNC-001,2026-01-21,67.79059375,0.20503125000000466,67.29807661290322,67.0630730126728,0.5556292782447966,1.72875,0.07209375000000007,1.7238895833333332,1.7013664170506912,0.04093512863373626,95.05559375,-0.5271562500000044,94.45157291666665,95.26799176267282,1.8023571473319153,23.766935483870967,-0.1064979838709661,23.589407258064515,23.70995841013825,0.28759464802261214
CNC-001,2026-01-22,67.995625,-1.1992500000000064,67.55085786290323,67.31666676267282,0.5102035711976777,1.80084375,0.022937499999999833,1.7682645833333333,1.71381875,0.05584631196324281,94.5284375,0.7940937500000018,94.2751875,95.262575,1.8048725007773985,23.6604375,0.8984334677419312,23.682832661290323,23.657200633640553,0.250656214105788
CNC-001,2026-01-23,66.796375,-0.29421874999999886,67.52753125,67.32783194124424,0.49556986899302946,1.82378125,0.014687500000000187,1.7844583333333333,1.7327205357142856,0.06807367301106396,95.32253125,-1.1762187500000039,94.96885416666667,94.77977589285715,1.0072085325941995,24.55887096774193,-0.8910897177419308,23.99541465053763,23.77239648617512,0.42583409467007777
CNC-001,2026-01-24,66.50215625,1.4229405241935495,67.09805208333334,67.15711319124424,0.5499756884686602,1.83846875,-0.3738750000000002,1.82103125,1.7577830357142858,0.07039570971870787,94.1463125,2.109235887096787,94.66576041666667,94.81383482142857,0.9763710353497767,23.66778125,0.20650907258064777,23.96236323924731,23.81913021313364,0.3867072341261685
CNC-001,2026-01-25,67.92509677419355,0.6524657258064508,67.07454267473118,67.3019261232719,0.6051819193661903,1.46459375,0.26075000000000004,1.7089479166666666,1.7284794642857142,0.13033743350166366,96.25554838709678,0.6312903225806394,95.24146404569892,94.80107834101382,0.9533461214356428,23.87429032258065,-0.14675907258065024,24.033647513440858,23.789943116359446,0.37126131197223194
CNC-001,2026-01-26,68.5775625,-0.4625000000000057,67.66827184139784,67.4933948732719,0.770705106117369,1.72534375,0.015089583333333323,1.6761354166666667,1.736711607142857,0.12765230804952968,96.88683870967742,-0.6344949596774256,95.76289986559141,95.06239904953918,1.2422955589719982,23.72753125,0.9635625000000019,23.75653427419355,23.83956739631336,0.32806144815410293
CNC-001,2026-01-27,68.1150625,-0.17335282258062534,68.20590725806453,67.67178168202764,0.7454815694104435,1.7404333333333333,-0.039214583333333275,1.6434569444444442,1.7317449404761904,0.12657704565395392,96.25234375,-0.5107499999999874,96.46491028225807,95.49251512096774,1.0054186141020522,24.69109375,-0.2086421370967777,24.09763844086022,23.992420074884794,0.43961694380454835
CNC-001,2026-01-28,67.94170967741937,-0.5264838709677662,68.21144489247312,67.69336967165898,0.7516580725425211,1.70121875,0.03415624999999989,1.7223319444444443,1.7278119047619047,0.12711221300221484,95.74159375,-1.889193750000004,96.29359206989248,95.59051512096775,0.9890324747389573,24.482451612903223,-0.8915453629032228,24.30035887096774,24.09463666474654,0.4611088686430395
CNC-001,2026-01-29,67.4152258064516,0.5175866935483953,67.823999327957,67.61045550115207,0.7447395021813547,1.735375,0.024689516129032585,1.7256756944444442,1.718459226190476,0.12319113197344929,93.8524,1.4014387096774215,95.2821125,95.49393833525346,1.132611818507228,23.59090625,0.9650625000000019,24.254817204301077,24.084703629032255,0.47262618987458493
CNC-001,2026-01-30,67.9328125,-0.6000624999999928,67.763249327957,67.77280371543779,0.6563167337795105,1.7600645161290325,0.05668548387096761,1.732219422043011,1.7093568356374809,0.116271683881962,95.25383870967742,1.216967741935477,94.94927748655914,95.48412511520738,1.1346402171941594,24.55596875,-1.0093750000000021,24.20977553763441,24.084289026497693,0.4721419345223602
CNC-001,2026-01-31,67.33275,0.8894999999999982,67.5602627688172,67.89145996543779,0.42131877908000676,1.81675,-0.09406250000000016,1.7707298387096777,1.706254157066052,0.11248010628380674,96.4708064516129,-0.6191814516129028,95.19234838709679,95.81619567972349,1.011298833375752,23.54659375,0.0797610887096809,23.89782291666667,24.066976526497694,0.49177356949078177
CNC-001,2026-02-01,68.22225,-1.8146250000000066,67.82927083333334,67.93391042626727,0.43983584102912526,1.7226875,0.11084375000000013,1.766500672043011,1.7431246927803379,0.037114447877128504,95.851625,-3.096012096774203,95.85875672043011,95.75849233870967,0.9934173920221782,23.62635483870968,0.13425806451612488,23.909639112903225,24.031557171658985,0.5162824236124857
CNC-001,2026-02-02,66.407625,0.8290937499999984,67.320875,67.6239193548387,0.6328943253261116,1.83353125,-0.03640624999999997,1.7909895833333334,1.758580049923195,0.04907477399948989,92.7556129032258,3.047074596774209,95.02601478494621,95.1683172235023,1.3679206478897445,23.760612903225805,0.0032620967741934237,23.644520497311827,24.036283122119816,0.5131776721060293
CNC-001,2026-02-03,67.23671875,0.29821875000000375,67.28886458333334,67.49844167626728,0.6057807010779127,1.797125,-0.05456250000000007,1.784447916666667,1.7666788594470046,0.0502448596079175,95.8026875,-2.4076875000000086,94.80330846774194,95.10408061635947,1.318184935129308,23.763875,1.6361562500000026,23.716947580645158,23.903823300691244,0.4287030704055276
CNC-001,2026-02-04,67.5349375,-0.3171310483870968,67.05976041666666,67.44033136520737,0.5748955431691977,1.7425625,0.05296875000000001,1.7910729166666668,1.7725851094470049,0.04320428574968351,93.395,-0.2722187499999933,93.98443346774194,94.76885293778801,1.423233379872503,25.40003125,-0.8721875000000026,24.308173051075272,24.034906105990785,0.6935736594402236
CNC-001,2026-02-05,67.2178064516129,0.6738185483871035,67.32982090053763,67.41212860023042,0.5811409166111935,1.79553125,-0.0420796370967742,1.77840625,1.7811788594470046,0.04046526739197473,93.12278125,4.759218750000002,94.10682291666667,94.66462168778801,1.524640747920688,24.52784375,0.3405110887096825,24.563916666666668,24.1687543202765,0.6839481905214042
CNC-001,2026-02-06,67.891625,-0.061906250000006935,67.54812298387098,67.40624467165898,0.5751682825288165,1.7534516129032258,0.034548387096774213,1.7638484543010753,1.7802341589861752,0.041112375843634426,97.882,-4.357218750000001,94.79992708333334,95.04007330069123,1.9563901950150993,24.86835483870968,-0.3560110887096819,24.932076612903227,24.213380904377882,0.7225274978217086
CNC-001,2026-02-07,67.82971875,-0.3144374999999968,67.64638340053763,67.47724020737327,0.5949170229239197,1.788,-0.007062499999999972,1.7789942876344085,1.7761270161290323,0.0381885366081056,93.52478125,0.03746875000000216,94.8431875,94.61921255760369,1.9137233283638335,24.51234375,0.14862291666666394,24.636180779569894,24.351345190092168,0.6638035070136271
CNC-001,2026-02-08,67.51528125,0.508944556451624,67.74554166666667,67.37624467165898,0.49976068058667644,1.7809375,-0.20640625000000012,1.7741297043010753,1.784448444700461,0.030091033067160735,93.56225,2.928531249999992,94.98967708333333,94.29215898617511,1.8629547773656643,24.660966666666663,-0.26635376344085415,24.680555085125448,24.499146879800303,0.5861097235637628
CNC-001,2026-02-09,68.02422580645162,-1.4331320564516261,67.78974193548386,67.60718764400922,0.3180349337571918,1.57453125,0.09668750000000004,1.7144895833333333,1.747448444700461,0.0790631904250564,96.49078125,-2.1504374999999953,94.5259375,94.82575446428572,1.8842991654368584,24.39461290322581,-0.6608004032258101,24.522641106630825,24.589718308371737,0.49484345678291497
CNC-001,2026-02-10,66.59109375,1.3292500000000018,67.37686693548387,67.51495550115207,0.4903280427975085,1.67121875,0.03184374999999995,1.6755624999999998,1.7294618375576039,0.08019196596630825,94.34034375,1.3326562499999994,94.79779166666667,94.61684821428571,1.8384428522278604,23.7338125,-0.2272187499999987,24.263130689964157,24.585423665514593,0.5032641379776619
CNC-001,2026-02-11,67.92034375,-0.16687500000000455,67.5118877688172,67.57001353686636,0.5140120261678207,1.7030625,0.02829233870967718,1.6496041666666665,1.7238189804147466,0.08050560357635264,95.673,1.2452666666666374,95.50137500000001,94.94227678571428,1.787011004230538,23.50659375,-0.3304687500000014,23.878339717741937,24.314932594086024,0.5012948711913358
CNC-001,2026-02-12,67.75346875,0.557402217741938,67.42163541666667,67.64653672235023,0.4922508806794142,1.731354838709677,0.10064516129032297,1.7018786962365589,1.7146509216589862,0.07440058208204951,96.91826666666664,-2.774766666666636,95.64387013888889,95.48448898809524,1.7173848080590646,23.176125,1.8746250000000018,23.47217708333333,24.121829915514592,0.6452790548839533
CNC-001,2026-02-13,68.31087096774193,-1.0747147177419407,67.9948944892473,67.70642900345622,0.5492461053699427,1.832,-0.03562500000000002,1.755472446236559,1.7258721198156681,0.08621348039879524,94.1435,0.3054333333333119,95.57825555555554,94.95041755952381,1.3994064129710087,25.05075,-0.9520937499999995,23.91115625,24.147886367127494,0.6830264567528265
CNC-001,2026-02-14,67.23615625,0.6601437500000031,67.76683198924731,67.62163436059907,0.5723712208033898,1.796375,-0.05987500000000012,1.786576612903226,1.727068548387097,0.08727098386027528,94.44893333333331,1.561285416666692,95.17023333333331,95.08243928571427,1.2810847773643055,24.09865625,0.8111562499999998,24.108510416666665,24.08878815284178,0.6638645785255849
CNC-001,2026-02-15,67.8963,0.6124500000000097,67.81444240591397,67.67606561059908,0.5786541553353668,1.7365,0.07269999999999999,1.7882916666666666,1.7207203341013826,0.08426380925697415,96.01021875,-3.0269375000000025,94.86755069444445,95.43214910714286,1.1210701580998252,24.9098125,-1.315718750000002,24.68640625,24.12433755760369,0.704999229008676
CNC-001,2026-02-16,68.50875,-0.06852419354839867,67.88040208333332,67.74528335253457,0.6516202739718351,1.8092,-0.07679375,1.7806916666666668,1.7542444412442395,0.05943158525007839,92.98328125,3.291843749999998,94.48081111111111,94.93107767857143,1.3328874376352242,23.59409375,1.4440352822580635,24.20085416666667,24.00997767857143,0.718645245924806
CNC-001,2026-02-17,68.44022580645161,-1.2691935483870935,68.28175860215053,68.00944507488478,0.4490685462671865,1.73240625,-0.02643749999999989,1.75936875,1.7629855126728111,0.04871939523814672,96.275125,-0.5631249999999994,95.08954166666668,95.207475,1.3893800656682809,25.038129032258063,-1.085629032258062,24.514011760752684,24.196308611751157,0.7996352731669655
CNC-001,2026-02-18,67.17103225806451,-0.14116129032258584,68.04000268817204,67.90240057603687,0.5514772113236845,1.70596875,0.032937500000000064,1.7491916666666665,1.7634006912442395,0.04813248036998696,95.712,-0.8982500000000044,94.99013541666666,95.21304642857142,1.3916343189181137,23.9525,-0.32271874999999994,24.19490759408602,24.260009504608295,0.7518677679557848
CNC-001,2026-02-19,67.02987096774193,0.8062852822580737,67.54704301075269,67.79902946428571,0.6440873140845543,1.73890625,-0.018390120967742174,1.7257604166666667,1.764479464285714,0.04737317934527682,94.81375,-2.4520624999999967,95.60029166666668,94.91240119047619,1.1718095073204222,23.62978125,0.562863911290318,24.206803427419356,24.32481754032258,0.6563551256839453
CNC-001,2026-02-20,67.83615625,-1.156468750000002,67.34568649193548,67.73121307603687,0.6050198405753843,1.720516129032258,0.173671370967742,1.7217970430107528,1.7485531970046082,0.03886630696927089,92.3616875,5.358874999999998,94.29581250000001,94.65785654761905,1.5110815989601232,24.19264516129032,0.8025735887096808,23.92497547043011,24.20223113479263,0.5730200578353796
CNC-001,2026-02-21,66.6796875,0.5507963709677455,67.18190490591398,67.65171754032258,0.7085997976765577,1.8941875,-0.2189375,1.784536626344086,1.7625264112903225,0.06660731847862725,97.7205625,-3.0741562500000015,94.96533333333333,95.12523214285716,1.893305962437498,24.99521875,-0.4820312499999986,24.272548387096776,24.330311491935483,0.6420515913851942
CNC-001,2026-02-22,67.23048387096775,1.4676098790322527,67.24877587365592,67.55660095046083,0.7149556052128039,1.67525,0.0058467741935483986,1.763317876344086,1.7537764112903225,0.07418790291386704,94.64640625,2.042874999999995,94.90955208333332,94.93040178571428,1.8568793565552224,24.5131875,-1.0501250000000013,24.56701713709677,24.27365077764977,0.5984049125488814
CNC-001,2026-02-23,68.69809375,-0.8362499999999926,67.53608837365591,67.58365005760369,0.7591953551877686,1.6810967741935483,0.057003225806451674,1.7501780913978493,1.7354759504608295,0.07403746464865014,96.68928125,1.9229687500000097,96.35208333333333,95.45983035714286,1.7334129135118093,23.4630625,0.5895504032258074,24.323822916666668,24.25493202764977,0.6246777165066663
CNC-001,2026-02-24,67.86184375,-0.28797708333333105,67.93014045698925,67.50102404953917,0.6775133258893633,1.7381,0.026056250000000114,1.6981489247311827,1.7362893433179722,0.07402939545554992,98.61225,-2.8527661290322612,96.6493125,95.79370535714285,2.102421564648807,24.052612903225807,-1.0889354838709657,24.009620967741938,24.114144009216584,0.5212357294832748
CNC-001,2026-02-25,67.57386666666667,-0.17249166666667293,68.04460138888889,67.55857182219663,0.6617369923177631,1.76415625,-0.052156250000000126,1.7277843413978495,1.7446018433179724,0.07332081430740543,95.75948387096774,-0.672741935483856,97.02033837365592,95.80048876728111,2.1021905977321405,22.96367741935484,1.0931350806451583,23.493117607526884,23.972883640552997,0.6816503576525916
CNC-001,2026-02-26,67.401375,0.13490625000000023,67.61236180555555,67.61164382680491,0.6262114746242153,1.712,-0.05009375000000005,1.7380854166666666,1.7407580933179723,0.07436696216539365,95.08674193548389,-1.8687419354838823,96.48615860215052,95.83948761520737,2.083281331186796,24.0568125,-0.4884254032258042,23.69103427419355,24.033888104838706,0.6647251626214691
CNC-001,2026-02-27,67.53628125,-1.2287500000000051,67.50384097222222,67.56880454109064,0.6185025093881101,1.66190625,0.029156249999999995,1.7126875000000001,1.732385253456221,0.08010390680786497,93.218,0.9602258064516178,94.68807526881722,95.96181797235023,1.857988037754231,23.568387096774195,0.0827379032258051,23.52962567204301,23.944708381336408,0.6815391251768659
CNC-001,2026-02-28,66.30753125,1.5241461693548501,67.08172916666666,67.5156393625192,0.7159803969953152,1.6910625,0.14634375,1.6883229166666667,1.7033673963133642,0.03681749142673324,94.17822580645162,-3.873419354838717,94.16098924731183,95.45576987327188,1.7798943433660248,23.651125,0.295907258064517,23.758774865591402,23.75269498847926,0.5019144417050699
CNC-001,2026-03-01,67.83167741935485,-0.13442741935485003,67.22516330645162,67.60152415514594,0.7121213132915204,1.83740625,-0.11424999999999996,1.730125,1.7265325748847926,0.059934149814896934,90.3048064516129,4.101381048387097,92.56701075268818,94.83554133064516,2.6518142790125547,23.947032258064517,0.3555806451612895,23.7221814516129,23.671815668202765,0.392669603246944
CNC-001,2026-03-02,67.69725,-0.17574999999999363,67.27881955645161,67.4585464765745,0.5332761689298519,1.72315625,-0.04293044354838704,1.7505416666666667,1.7325410714285714,0.056637571826577124,94.4061875,-1.240343750000008,92.96307325268818,94.50938508064516,2.5230953724090197,24.302612903225807,-0.9747379032258081,23.966923387096774,23.791751440092167,0.44324027432679836
CNC-001,2026-03-03,67.5215,-0.7899375000000077,67.68347580645161,67.40992594086022,0.505151395457868,1.680225806451613,0.025961693548387066,1.746929435483871,1.7242733294930876,0.059825278408920136,93.16584375,-0.40971874999999613,92.6256125672043,93.73132704493086,1.7762340387147353,23.327875,0.8822540322580643,23.859173387096774,23.68821745391705,0.4565941468056265
CNC-001,2026-03-04,66.7315625,1.2880504032258102,67.31677083333334,67.28959677419356,0.5572273970084664,1.7061875,0.11365625000000001,1.7031898521505375,1.7159920794930876,0.057345124450679574,92.756125,-0.04064112903228079,93.44271875,93.30227577764977,1.5534396324223017,24.210129032258063,-0.09716028225806284,23.946872311827956,23.86628197004608,0.3597114399015131
CNC-001,2026-03-05,68.0196129032258,-1.7044566532258045,67.4242251344086,67.37791647465437,0.6230089381805899,1.81984375,-0.10729536290322605,1.7354190188172043,1.7313983294930875,0.06932837897107674,92.71548387096772,4.4735161290322765,92.87915087365589,92.96352462557604,1.3438617873846124,24.11296875,-1.5053124999999987,23.88365759408602,23.874304291474655,0.3652524015544846
CNC-001,2026-03-06,66.31515625,0.3754062499999975,67.02211055107527,67.20347004608296,0.7325980958507808,1.712548387096774,-0.09551713709677401,1.7461932123655914,1.7386329205069124,0.06324336704436945,97.189,-0.7946562499999885,94.22020295698924,93.53081033986174,2.096543976556094,22.60765625,1.5620312499999969,23.643584677419355,23.73705702764977,0.6026898251469721
CNC-001,2026-03-07,66.6905625,0.8853749999999962,67.0084438844086,67.25818879608296,0.6657838304780953,1.61703125,0.24496875000000018,1.7164744623655912,1.7280570276497695,0.07717881363586744,96.39434375,2.086688508064512,95.43294254032257,93.84739861751152,2.361216484342456,24.1696875,-0.3644939516129,23.630104166666666,23.81113738479263,0.6219297480481262
CNC-001,2026-03-08,67.5759375,0.9123750000000115,66.86055208333333,67.2216545218894,0.6353923222491742,1.862,-0.11783870967741938,1.7305265456989247,1.7315704205069125,0.08330313674893836,98.48103225806452,-2.209876008064512,97.35479200268817,95.01543087557604,2.33889452824072,23.8051935483871,-1.0355372983870978,23.5275124327957,23.790874711981566,0.619068325562255
CNC-001,2026-03-09,68.4883125,0.872843749999987,67.58493750000001,67.33466345046084,0.7864662175615319,1.7441612903225807,0.02152620967741936,1.7410641801075268,1.7345711405529953,0.08332784353094404,96.27115625,-2.0080917338709696,97.04884408602152,95.28185498271888,2.3640135989677638,22.76965625,1.1066018145161287,23.581512432795694,23.571880904377878,0.6763599518278482
CNC-001,2026-03-10,69.36115625,-1.3184374999999875,68.47513541666666,67.59747148617511,1.1029855992624338,1.7656875,0.0025937499999999503,1.7906162634408602,1.7467799539170505,0.08024192967254411,94.26306451612903,0.4696451612903303,96.33841767473119,95.43860080645162,2.23307737892672,23.87625806451613,-0.010290322580644329,23.483702620967744,23.650221342165903,0.6751447636756952
CNC-001,2026-03-11,68.04271875,-0.7735625000000113,68.63072916666665,67.7847795218894,1.0410187354209617,1.76828125,0.023621975806451534,1.759376680107527,1.7556504896313367,0.07841806473072285,94.73270967741936,1.1456653225806406,95.08897681451613,95.72097004608295,1.9435485845511073,23.865967741935485,0.7514072580645141,23.50396068548387,23.601055443548386,0.6391467750046899
CNC-001,2026-03-12,67.26915625,-0.009874999999993861,68.22434374999999,67.67757142857143,1.0513947609087788,1.7919032258064516,-0.03612197580645149,1.7752906586021506,1.7516589861751153,0.07525325990857724,95.878375,-0.13182661290322528,94.95804973118281,96.17281163594471,1.4275264164205392,24.617375,-0.510749999999998,24.11986693548387,23.67311347926267,0.7286466088944354
CNC-001,2026-03-13,67.25928125,1.3684999999999974,67.52371875,67.81244642857142,0.896664035458767,1.75578125,-0.05153125000000003,1.7719885752688171,1.7578351094470046,0.07325601382514105,95.74654838709678,-2.3796421370967806,95.45254435483872,95.96674711981566,1.3588483782168543,24.106625,0.08106249999999804,24.196655913978493,23.887251872119815,0.5652877815879923
CNC-001,2026-03-14,68.62778125,-0.8956088362068897,67.71873958333333,68.08919196428572,0.7846516250322063,1.70425,-0.12893750000000015,1.7506448252688172,1.770294930875576,0.04857565995150946,93.36690625,2.9150312499999984,94.99727654569892,95.5342560483871,1.6505457416693254,24.1876875,-0.2743541666666687,24.303895833333332,23.889823300691244,0.5668255247377633
CNC-001,2026-03-15,67.73217241379311,0.24339008620688674,67.8730783045977,68.11151123768472,0.7696985124669935,1.5753125,0.08265524193548401,1.6784479166666666,1.729339573732719,0.07305763493581408,96.2819375,-2.892421370967739,95.13179737903226,95.22009965437789,1.1203039257231042,23.91333333333333,0.1430537634408644,24.069215277777776,23.905271841397848,0.5656068979063512
CNC-001,2026-03-16,67.9755625,0.7700000000000102,68.11183872126436,68.03826123768474,0.7520592542101768,1.657967741935484,0.1314193548387097,1.6458434139784945,1.7170262096774194,0.07728457229119984,93.38951612903226,2.3921088709677463,94.34611995967742,94.80843677995392,1.1965601487010442,24.056387096774195,0.025237903225804104,24.052469310035843,24.089090533794167,0.2633612363962786
CNC-001,2026-03-17,68.7455625,-1.4433125000000047,68.15109913793104,67.95031927339902,0.5901477314404798,1.7893870967741936,0.15532258064516125,1.6742224462365591,1.720411866359447,0.08023441571710974,95.781625,-1.7346562500000005,95.15102620967741,95.02537399193548,1.2186583650779892,24.081625,0.1880625000000009,24.01711514336917,24.11842866743471,0.24660624371466378
CNC-001,2026-03-18,67.30225,-0.5011209677419401,68.00779166666668,67.84453802339901,0.6354492478334741,1.9447096774193549,-0.19010967741935492,1.7973548387096774,1.7456159274193548,0.1170446396975352,94.04696875,0.2277812499999925,94.40603662634409,94.92741100230414,1.272478974923911,24.2696875,-1.1447197580645145,24.135899865591398,24.17610291858679,0.223884761070575
CNC-001,2026-03-19,66.80112903225806,-0.10591028225806554,67.61631384408604,67.77767699229302,0.7244676016108617,1.7546,0.0009937500000001265,1.8295655913978495,1.7402868951612904,0.11542392557153583,94.27475,0.13671875,94.70111458333334,94.69832171658985,1.2158314715282919,23.124967741935485,1.8249385080645162,23.825426747311827,23.96290188172043,0.3857304007443747
CNC-001,2026-03-20,66.69521875,1.0854062500000055,66.93286592741936,67.69709663515016,0.8171749279970958,1.75559375,-0.044875,1.8183011424731184,1.7402601094470047,0.11541975229347641,94.41146875,0.5888437500000094,94.24439583333333,94.50759605414747,1.1253405800343823,24.94990625,-1.7739062500000031,24.11485383064516,24.08337063172043,0.5392371003772437
CNC-001,2026-03-21,67.780625,-1.1359999999999957,67.09232426075268,67.57607431372159,0.7123818612128826,1.71071875,0.0655937499999999,1.740304166666667,1.7411842165898617,0.11510886255659339,95.0003125,-1.2214687500000139,94.56217708333332,94.74093980414747,1.0131468841775275,23.176,0.7938749999999999,23.750291330645158,23.938843846006144,0.6338879257300752
CNC-001,2026-03-22,66.644625,0.35690624999999443,67.04015625,67.42071039746544,0.7873153835424885,1.7763125,-0.09953125000000007,1.7475416666666668,1.7698985023041476,0.0889281544625967,93.77884375,2.5861875000000083,94.39687500000001,94.3833549827189,0.7973587900774324,23.969875,0.6085312500000022,24.031927083333333,23.946921226958526,0.6338689207291832
CNC-001,2026-03-23,67.00153125,0.41428125000000193,67.14226041666667,67.28156307603686,0.7584534199643133,1.67678125,0.11465625000000013,1.7212708333333335,1.772586146313364,0.08518711119692729,96.36503125,-2.442289314516117,95.04806250000001,94.80842857142856,0.9564864967822528,24.57840625,0.68825,23.908093749999995,24.021495391705066,0.678060993733353
CNC-001,2026-03-24,67.4158125,0.4250907258064558,67.02065625,67.09159879032258,0.42301164819947074,1.7914375,-0.018187500000000023,1.7481770833333332,1.7728790610599077,0.08525800499127743,93.92274193548388,1.4290080645161112,94.68887231182798,94.54287384792626,0.8974865701360029,25.26665625,-1.6205917338709632,24.604979166666666,24.1907855702765,0.8271231376128201
CNC-001,2026-03-25,67.84090322580646,-0.630996975806454,67.41941565860215,67.16854925115207,0.5081447821928378,1.77325,-0.05815624999999991,1.74715625,1.7483848214285713,0.04059590895226652,95.35175,0.448185483870958,95.21317439516129,94.72927116935485,0.9126923445353847,23.646064516129037,0.07356048387096337,24.49704233870968,24.101696572580646,0.8504639591022367
CNC-001,2026-03-26,67.20990625,1.2698125000000005,67.48887399193548,67.22694599654378,0.4816825100648222,1.71509375,0.015968749999999865,1.7599270833333334,1.7427410714285714,0.04229828707271371,95.79993548387095,0.1820967741935675,95.02480913978495,94.94715480990784,0.9665629406892492,23.719625,0.08944396551724054,24.21078192204301,24.186647609447004,0.761708212036081
CNC-001,2026-03-27,68.47971875,-0.8505312500000031,67.84350940860215,67.48187456797235,0.6088094822938392,1.7310625,0.03190524193548394,1.7398020833333334,1.739236607142857,0.04207156468518256,95.98203225806452,-2.4779697580645177,95.71123924731182,95.17152102534563,1.0030863951988043,23.80906896551724,-0.09526251390433771,23.724919493882094,24.023670854520898,0.6898391507141961
CNC-001,2026-03-28,67.6291875,0.3305221774193541,67.7729375,67.46024063940092,0.5990363102006938,1.762967741935484,-0.05303225806451639,1.7363746639784947,1.7467007488479263,0.04078399202532182,93.5040625,1.0784892241379396,95.09534341397848,94.95777102534562,1.1880218877399016,23.713806451612903,1.364943548387096,23.74750013904338,24.100500347608456,0.6043479953190901
CNC-001,2026-03-29,67.95970967741935,-0.36758467741935874,68.02287197580647,67.64810987903226,0.4983712632063728,1.7099354838709675,-0.06781048387096744,1.734655241935484,1.7372183179723504,0.040466894841116756,94.58255172413794,1.4972295258620534,94.68954882740081,95.07258645022247,1.0898790426320832,25.07875,-1.371656250000001,24.20054180571005,24.258911061894167,0.7018630821891154
CNC-001,2026-03-30,67.592125,-0.03418749999998738,67.72700739247311,67.73248041474655,0.4134176999963443,1.642125,0.16271875000000002,1.7050094086021506,1.7322674251152073,0.05007317649501836,96.07978125,-0.19721874999999045,94.72213182471266,95.03183645022247,1.0375790598101182,23.70709375,-0.16506249999999767,24.1665500672043,24.134437847608456,0.7129330052444162
CNC-001,2026-03-31,67.55793750000001,-1.4265000000000043,67.70325739247312,67.75278398617512,0.3984942876609887,1.80484375,-0.06456250000000008,1.7189680779569894,1.734182603686636,0.052890591215885435,95.8825625,-1.999691532258069,95.51496515804598,95.31181081658191,0.9490667767651897,23.54203125,-0.4731249999999996,24.109291666666664,23.888062847608456,0.5313133729419814
CNC-001,2026-04-01,66.1314375,-0.26706250000000864,67.09383333333334,67.5085745967742,0.7252951158584269,1.74028125,-0.04293750000000007,1.7290833333333333,1.7294727822580644,0.050233028546833834,93.88287096774194,0.9485977822580622,95.28173823924732,95.10197095483076,1.0905970123995876,23.06890625,0.3770937500000002,23.439343749999995,23.80561166673288,0.6135457548781629
CNC-001,2026-04-02,65.864375,1.7592812500000008,66.51791666666666,67.3163558467742,0.9584598086022348,1.69734375,0.23212500000000014,1.7474895833333333,1.7269370679723504,0.051511571771968474,94.83146875,-0.9897500000000008,94.86563407258065,94.96361856427777,1.0478898106788572,23.446,0.7638749999999987,23.3523125,23.766522381018593,0.6284718766135673
CNC-001,2026-04-03,67.62365625,0.9730937500000039,66.53982291666667,67.19406120391706,0.8314845823139398,1.92946875,-0.22903125000000002,1.78903125,1.7552808179723502,0.09246543322201481,93.84171875,0.27334576612904016,94.18535282258064,94.65785949169712,1.012876333375572,24.209875,-0.06737500000000196,23.574927083333336,23.8237803859447,0.6508537184823014
CNC-001,2026-04-04,68.59675,-0.757000000000005,67.36159375,67.33228441820276,0.9825698473981647,1.7004375,-0.0077187499999999964,1.7757500000000002,1.7463479262672812,0.0945949812730649,94.11506451612904,0.1060917338709686,94.26275067204301,94.74514549400126,0.9188360176820619,24.1425,-1.142624999999999,23.932791666666663,23.885022321428572,0.6589002555637585
CNC-001,2026-04-05,67.83975,-0.5659687499999961,68.02005208333333,67.31514732142857,0.9707783930349532,1.69271875,0.008539314516128993,1.7742083333333334,1.743888392857143,0.09591414593790124,94.22115625,2.0996874999999875,94.059313172043,94.69351756912442,0.9394171650355007,22.999875,1.2337187500000013,23.78408333333333,23.58804017857143,0.473639901631388
CNC-001,2026-04-06,67.27378125,0.6004687500000045,67.90342708333333,67.26966964285715,0.9630663799380607,1.701258064516129,0.07077419354838699,1.6981381048387096,1.7523359735023043,0.08771085621076426,96.32084375,0.0012812500000052296,94.885688172043,94.72795506912442,1.0010985279502251,24.23359375,0.21174999999999855,23.791989583333333,23.66325446428571,0.5336937133147434
CNC-001,2026-04-07,67.87425,-1.2540000000000049,67.66259375,67.31485714285715,0.985994150818482,1.772032258064516,-0.012451612903225717,1.7220030241935484,1.747648617511521,0.08528016931745758,96.322125,-1.7904687500000023,95.621375,94.79074971198158,1.0949769293504514,24.44534375,0.6062499999999993,23.8929375,23.792299107142856,0.604066059023698
CNC-001,2026-04-08,66.62025,-1.1352187499999928,67.25609375,67.3846875,0.9019395649604969,1.7595806451612903,0.003731854838709747,1.7442903225806452,1.7504056739631335,0.08531425177027267,94.53165625,2.6935624999999987,95.724875,94.88343332373272,1.0309058071624222,25.05159375,-1.212031249999999,24.57684375,24.075540178571426,0.6696170624496192
CNC-001,2026-04-09,65.48503125,2.0353437499999956,66.65984375000001,67.33049553571428,1.0130610594137042,1.7633125,-0.06866733870967745,1.7649751344086022,1.7598297811059906,0.08205734899682984,97.22521875,0.5544687499999981,96.02633333333334,95.225397609447,1.356421908077347,23.8395625,1.1533084677419367,24.4455,24.131763392857142,0.6228375044260271
CNC-001,2026-04-10,67.520375,0.2710624999999993,66.54188541666667,67.31574107142856,1.0088230277279309,1.6946451612903226,0.06232358870967736,1.7391794354838712,1.7262835541474655,0.03650264976077057,97.7796875,-1.8890423387096718,96.51218749999998,95.78796457373271,1.4963144104785207,24.992870967741936,-1.2016522177419375,24.628009072580642,24.243619959677414,0.7041994193273269
CNC-001,2026-04-11,67.7914375,0.10993750000000091,66.93228125,67.20069642857143,0.875499832074015,1.75696875,-0.0026562500000000266,1.7383088037634409,1.7343594470046084,0.03608250510699839,95.89064516129032,-2.0911612903225603,96.96518380376345,96.0416189516129,1.3035404217259199,23.79121875,-0.2934999999999981,24.207884072580644,24.193436923963134,0.7248211482661978
CNC-001,2026-04-12,67.901375,-2.336406249999996,67.73772916666667,67.2095,0.8832721559617658,1.7543125,-0.0500624999999999,1.7353088037634408,1.7431585541474652,0.0314480781606935,93.79948387096776,1.9107036290322412,95.82327217741935,95.98138004032259,1.4073017902652163,23.49771875,0.5517812499999977,24.09393615591398,24.264557459677416,0.6022486998587875
CNC-001,2026-04-13,65.56496875,1.7466118951612941,67.08592708333333,66.96538392857143,1.0773594701708409,1.70425,0.10799999999999987,1.7385104166666665,1.743585973502304,0.030797281977940894,95.7101875,3.5912812499999944,95.13343884408603,95.89414343317972,1.4016673510299673,24.0495,0.25465625000000003,23.779479166666665,24.23825835253456,0.6078199345858843
CNC-001,2026-04-14,67.3115806451613,1.1136381048386994,66.9259747983871,66.88500259216589,1.0175794059014027,1.81225,-0.036937499999999845,1.7569375,1.7493313652073732,0.039508071352450894,99.30146875,-6.924343749999991,96.27038004032259,96.31976396889401,1.912531302045126,24.30415625,-0.6656078629032258,23.950458333333334,24.21808870967742,0.6021186077615137
CNC-001,2026-04-15,68.42521875,-2.6315735887096707,67.10058938172044,67.14285527073733,1.1582719121430858,1.7753125,-0.09587500000000015,1.7639375,1.7515787730414747,0.0406200729190047,92.377125,2.8540685483870902,95.79626041666667,96.01197379032259,2.3675087171368046,23.638548387096773,0.6011078629032269,23.99740154569892,24.016225086405534,0.505169077855209
CNC-001,2026-04-16,65.79364516129033,1.3676451612903122,67.17681485215054,67.18694297235024,1.0884196718502317,1.6794375,0.1904062500000001,1.7556666666666665,1.739596630184332,0.048238336481882485,95.2311935483871,-0.7110322580645203,95.63659576612902,95.72711304723502,2.3166146315856384,24.23965625,0.09853125000000063,24.060786962365594,24.073381336405532,0.50448302587199
CNC-001,2026-04-17,67.16129032258064,-0.19061290322581215,67.126718077957,67.13564516129033,1.078502447521882,1.86984375,-0.07732762096774204,1.7748645833333334,1.764625,0.0639275178546966,94.52016129032258,-0.9600987903225757,94.04282661290324,95.26146644585255,2.157394395460148,24.3381875,-0.48754233870967667,24.07213071236559,23.979855126728108,0.3392270132776936
CNC-001,2026-04-18,66.97067741935483,0.5203870967742006,66.64187096774192,67.01839372119817,1.0392241207432251,1.792516129032258,-0.07067237903225809,1.780599126344086,1.7697031970046082,0.06462603391214679,93.5600625,1.4585000000000008,94.43713911290321,94.92852606566821,2.2229510385625804,23.850645161290323,0.059854838709679115,24.14282963709677,23.9883446140553,0.3344290736966518
CNC-001,2026-04-19,67.49106451612903,-0.6609032258064502,67.20767741935482,66.95977793778802,0.9916007017292504,1.72184375,0.10231250000000003,1.7947345430107529,1.7650648041474655,0.06703506029248488,95.0185625,0.40531249999999375,94.36626209677421,95.10268015552995,2.1667998935474304,23.910500000000003,0.3869062499999991,24.03311088709678,24.0473133640553,0.2620628687685095
CNC-001,2026-04-20,66.83016129032258,0.3216824596774188,67.09730107526882,67.14051972926266,0.7897537958845068,1.82415625,-0.041281249999999936,1.779505376344086,1.7821942684331797,0.06416336518728623,95.423875,-2.0840625000000017,94.6675,95.06177836981567,2.1560968180978364,24.29740625,0.47762499999999974,24.019517137096773,24.082728542626732,0.2786346799526114
CNC-001,2026-04-21,67.15184375,-0.41339213709677836,67.15768985215054,67.11770017281106,0.7862874389692504,1.782875,0.009031250000000046,1.7762916666666666,1.777997839861751,0.06281649318863353,93.3398125,3.08340625000001,94.59408333333333,94.21011319124423,1.1405684135782428,24.77503125,-0.7361562500000005,24.327645833333335,24.149996399769584,0.37956153784013685
CNC-001,2026-04-22,66.73845161290322,0.6723921370967787,66.9068188844086,66.87673343894008,0.5380919210128077,1.79190625,-0.02140625000000007,1.7996458333333332,1.7803683755760369,0.06301106734071615,96.42321875,-1.6528437500000024,95.06230208333334,94.78812658410139,1.0804838395377685,24.038875,-0.318875000000002,24.370437500000005,24.207185915898624,0.31418576685874383
CNC-001,2026-04-23,67.41084375,-0.22662499999999852,67.10037970430108,67.10776180875575,0.2816121287445358,1.7705,-0.11421875000000004,1.7817604166666667,1.7933773041474654,0.045731253496972914,94.770375,1.2972812499999975,94.84446874999999,94.72229536290322,1.0628846363489102,23.72,-0.5552333333333337,24.17796875,24.132949308755762,0.36285774387777786
CNC-001,2026-04-24,67.18421875,0.548374999999993,67.11117137096774,67.1110372983871,0.2824705313780618,1.65628125,-0.0793124999999999,1.7395625,1.7628683755760368,0.056244604099528646,96.06765625,-0.36315625000000296,95.75375000000001,94.94336607142857,1.1694282382982308,23.164766666666665,0.1258583333333334,23.64121388888889,23.96531776113671,0.4980875118473504
CNC-001,2026-04-25,67.73259374999999,-0.7064062500000006,67.44255208333333,67.21988248847926,0.35647304845256905,1.57696875,0.28390625,1.6679166666666667,1.732075892857143,0.08758155770692808,95.7045,-1.8444999999999965,95.51417708333334,95.24971428571428,1.0176955925766005,23.290625,-0.356562499999999,23.39179722222222,23.885314880952382,0.5606252919226182
CNC-001,2026-04-26,67.02618749999999,1.264937500000002,67.31433333333332,67.1534714861751,0.3404759691693349,1.860875,-0.2098437500000001,1.6980416666666667,1.7519375000000001,0.09978836328909636,93.86,2.824468749999994,95.21071875,95.08420535714285,1.1474862471739744,22.9340625,1.2325625000000002,23.129818055555557,23.745823809523813,0.6650622523052502
CNC-001,2026-04-27,68.291125,-0.12640624999998806,67.68330208333333,67.3621805875576,0.5132174531436814,1.65103125,0.07021875,1.6962916666666665,1.7272053571428572,0.10035858698757572,96.68446875,-2.4517812499999962,95.41632291666666,95.26429017857143,1.2986404291025337,24.166625,-0.7426562499999996,23.46377083333333,23.72714077380952,0.6486182569056558
CNC-001,2026-04-28,68.16471875,-0.46668541666667807,67.82734375,67.50687701612902,0.5821825955146848,1.72125,-0.11375000000000002,1.7443854166666668,1.718401785714286,0.09731813204333858,94.2326875,0.9862802419354892,94.92571874999999,95.39184375,1.107963758479525,23.42396875,-0.805130040322581,23.50821875,23.534131845238097,0.45776732800262304
CNC-001,2026-04-29,67.69803333333333,0.4687731182795716,68.05129236111111,67.64396011904762,0.474014793135067,1.6075,0.11743750000000008,1.6599270833333335,1.6920580357142856,0.09904818743308542,95.21896774193549,-0.3716552419354855,95.37870799731184,95.21980789170506,1.0103200407452466,22.61883870967742,1.5269425403225796,23.403144153225806,23.33126951804915,0.508630442904903
CNC-001,2026-04-30,68.1668064516129,-0.8115161290322561,68.00985284498209,67.7519547907066,0.4975816929371668,1.7249375,0.051281249999999945,1.6845625,1.685549107142857,0.09442335070958897,94.8473125,-1.8452500000000072,94.76632258064517,95.23079896313365,1.005020462107278,24.14578125,0.15868750000000276,23.39619623655914,23.392095410906297,0.5829020806694418
CNC-001,2026-05-01,67.35529032258064,-0.3236340725806457,67.74004336917562,67.77639358678955,0.46839494588005576,1.77621875,0.05318749999999994,1.7028854166666667,1.7026830357142857,0.09899830896824105,93.0020625,2.159343750000005,94.35611424731182,94.79285699884792,1.223708893110692,24.30446875,-0.9395937500000002,23.689696236559143,23.554909994239633,0.6625500793653263
CNC-001,2026-05-02,67.03165625,0.9451562499999966,67.51791767473118,67.67625965821811,0.54755374188344,1.82940625,-0.15474999999999994,1.7768541666666666,1.7387455357142856,0.09124614615964924,95.16140625,0.2779163306451551,94.33692708333332,94.71527217741937,1.1724177645526404,23.364875,-0.04840625000000287,23.938375000000004,23.565517137096773,0.6581938425849275
CNC-001,2026-05-03,67.9768125,0.7705937500000033,67.45458635752688,67.8120632296467,0.47214590457240824,1.67465625,-0.03612499999999996,1.76009375,1.712142857142857,0.07549069267174222,95.43932258064515,3.134114919354843,94.53426377688173,94.94088968894009,1.1316519007069379,23.31646875,1.09690625,23.661937500000004,23.620146601382487,0.6112438545468526
CNC-001,2026-05-04,68.74740625,-1.01521270161291,67.918625,67.87724626536098,0.5705487300430108,1.63853125,0.047687500000000105,1.7141979166666665,1.710357142857143,0.0773032845683767,98.5734375,-2.461921370967758,96.3913887768817,95.21074236751151,1.6994807308305484,24.413375,0.5417187500000011,23.698239583333333,23.65539660138249,0.6536549820108354
CNC-001,2026-05-05,67.73219354838709,-0.4536935483870934,68.1521374327957,67.81545695084485,0.5574988110122507,1.68621875,-0.02128125000000014,1.66646875,1.7053526785714284,0.07761387533149666,96.11151612903224,-1.7208286290322405,96.70809206989247,95.47914645737326,1.6673294657518216,24.95509375,-1.1506421370967743,24.2283125,23.874128744239634,0.8025310573992759
CNC-001,2026-05-06,67.2785,0.19675000000000864,67.91936659946236,67.75552361751151,0.5936076110923177,1.6649375,0.17553125000000014,1.6632291666666665,1.7135580357142857,0.06798336391880862,94.3906875,0.1932791666666418,96.35854704301073,95.36082070852534,1.7175063484706465,23.804451612903225,-1.1899516129032257,24.390973454301076,24.043502016129032,0.5905685514384799
CNC-001,2026-05-07,67.47525,-0.43403125000000387,67.49531451612903,67.65672983870967,0.5708616632800424,1.84046875,-0.01812500000000017,1.7305416666666666,1.7300625,0.08346704182078364,94.58396666666664,3.9063458333333614,95.02872343189962,95.323199875192,1.7334393833573698,22.6145,1.7366562499999993,23.791348454301072,23.82474755184332,0.7946947416664578
CNC-001,2026-05-08,67.04121875,0.8861875000000055,67.26498958333333,67.61186247119815,0.6095346292303186,1.82234375,0.06718958333333336,1.7759166666666666,1.7366517857142856,0.08933269400188203,98.4903125,-1.7964374999999961,95.82165555555555,96.10723558947771,1.749705319447755,24.35115625,-1.0046249999999972,23.590035954301072,23.83141719470046,0.7995728750586303
CNC-001,2026-05-09,67.92740625,-0.9390625000000057,67.48129166666666,67.73982675691244,0.5593894579033973,1.8895333333333333,-0.07365833333333338,1.8507819444444447,1.745241369047619,0.10176352626750804,96.693875,-0.8615312499999987,96.58938472222222,96.32615969662058,1.7069890907269836,23.34653125,-0.3160000000000025,23.43739583333333,23.828796658986175,0.8013847790603119
CNC-001,2026-05-10,66.98834375,-0.03315625000000466,67.31898958333333,67.59861693548386,0.6118935589976356,1.815875,-0.05624999999999991,1.8425840277777776,1.7654154761904761,0.09940890324635354,95.83234375,-2.5204062500000077,97.00551041666667,96.38230557795698,1.6791951511608905,23.03053125,-0.21418749999999775,23.576072916666664,23.787948444700458,0.8382892425691204
CNC-001,2026-05-11,66.9551875,0.8856562500000109,67.29031250000001,67.34258568548387,0.38338468664453784,1.759625,0.06366532258064472,1.8216777777777777,1.7827145833333333,0.08279682891555863,93.3119375,1.7159062500000033,95.27938541666667,95.63066272081413,1.7121872111219654,22.81634375,0.7652812499999975,23.06446875,23.55980112327189,0.8568228161846445
CNC-001,2026-05-12,67.84084375,0.6908437499999991,67.26145833333334,67.35810714285715,0.40346071891978647,1.8232903225806447,-0.007384072580644663,1.7995967741935484,1.8022962365591397,0.07162721321096621,95.02784375,1.1921239919354747,94.72404166666666,95.47585238095238,1.7104539990725336,23.581625,-0.1084374999999973,23.142833333333332,23.363591301843314,0.6040169339825195
CNC-001,2026-05-13,68.5316875,-0.5392187500000034,67.77590624999999,67.53713392857144,0.59487852229443,1.81590625,-0.08084173387096816,1.799607190860215,1.823863200844854,0.0383940497808448,96.21996774193548,0.24012600806452156,94.85324966397849,95.73717812980031,1.6558987549656865,23.4731875,0.6819687499999993,23.29038541666667,23.316267857142858,0.576049143314496
CNC-001,2026-05-14,67.99246875,-0.9532020833333235,68.12166666666667,67.61102232142858,0.6175983665943696,1.735064516129032,0.10146673387096805,1.7914203629032255,1.8088054531490012,0.04977772282232286,96.46009375,0.02918750000000614,95.90263508064515,96.0051962845622,1.5885988751325002,24.15515625,-0.21303125000000023,23.73665625,23.536361607142858,0.5572495688510906
CNC-001,2026-05-15,67.03926666666668,0.12738958333332562,67.85447430555556,67.61074345238096,0.6178989033927832,1.83653125,0.014565524193548507,1.795834005376344,1.8108322388632871,0.05070110032226733,96.48928125,-2.842087701612911,96.3897809139785,95.71933467741937,1.1991938929197685,23.942125,-0.7879375000000017,23.85682291666667,23.477928571428574,0.47258423856195225
CNC-001,2026-05-16,67.16665625,-0.42434375000000557,67.39946388888889,67.50206488095237,0.6198192238591574,1.8510967741935485,-0.07812903225806478,1.8075641801075266,1.805341301843318,0.042110820565917625,93.6471935483871,1.2958689516129027,95.53218951612904,95.28409447004607,1.3320659210656938,23.1541875,1.218812500000002,23.750489583333334,23.45045089285714,0.48687319374700816
CNC-001,2026-05-17,66.7423125,0.3235907258064543,66.98274513888889,67.46691755952381,0.6595101922566919,1.7729677419354837,-0.13171774193548358,1.8201985887096772,1.7992116935483868,0.0434242849714965,94.9430625,0.7774062499999985,95.0265124327957,95.15705429147465,1.3133385442712295,24.373,0.4743437499999992,23.823104166666667,23.642232142857146,0.5537112747043622
CNC-001,2026-05-18,67.06590322580645,0.8898467741935434,66.99162399193548,67.48273409178186,0.6463894421219826,1.64125,-0.002562500000000023,1.7551048387096773,1.7823009792626727,0.07382072390903444,95.72046875,-3.5232106854838747,94.77024159946235,95.5011301843318,1.0354878985922942,24.84734375,-2.20371875,24.12484375,23.932375,0.580301539397919
CNC-001,2026-05-19,67.95575,0.47206250000000693,67.25465524193548,67.4991492703533,0.6583478286369878,1.6386875,0.1253770161290324,1.684301747311828,1.7559291474654377,0.0882924933055116,92.19725806451612,2.5483356854838775,94.28692977150537,95.09676080069126,1.6319916194116093,22.643625,2.82165625,23.95465625,23.798374999999997,0.7563793426323356
CNC-001,2026-05-20,68.4278125,0.1038326612903262,67.81648857526882,67.48430998463901,0.6318319856362818,1.7640645161290325,0.18587298387096762,1.6813340053763444,1.7485231854838708,0.08451664503651243,94.74559375,-0.9867500000000007,94.22110685483871,94.88613594470046,1.55625429208952,25.46528125,-1.6991249999999987,24.318749999999998,24.08295982142857,0.960778170008187
CNC-001,2026-05-21,68.53164516129033,-1.8348951612903335,68.3050692204301,67.56133518625192,0.7294319043031742,1.9499375,-0.21134375000000016,1.7842298387096776,1.7792193260368665,0.1130259547822402,93.75884375,0.7250312500000007,93.56723185483871,94.5002430875576,1.4307699540745136,23.76615625,0.8751018145161282,23.95835416666667,24.027388392857144,0.9671352063907452
CNC-001,2026-05-22,66.69675,0.8324687500000039,67.88540255376344,67.51240423387097,0.7800232642396056,1.73859375,-0.0480624999999999,1.8175319220430108,1.7652282546082951,0.11078863432121347,94.483875,1.4316249999999968,94.3294375,94.21375648041474,1.1366683068678296,24.64125806451613,-1.8433205645161301,24.624231854838712,24.127264544930878,0.9926263523260441
CNC-001,2026-05-23,67.52921875,0.6853125000000091,67.58587130376344,67.56419887672811,0.7651339774761743,1.69053125,0.1675332661290323,1.7930208333333333,1.7422903225806452,0.10658949895925492,95.9155,-0.10037499999999966,94.71940624999998,94.5378002592166,1.264383637421027,22.7979375,0.9034062499999997,23.735117271505377,24.076371687788022,1.0578234988762496
CNC-001,2026-05-24,68.21453125000001,-1.9247979166666767,67.48016666666668,67.77451584101382,0.7012349133422977,1.8580645161290323,-0.23878326612903233,1.7623965053763442,1.754447004608295,0.11517811795820661,95.815125,-0.47893145161289397,95.40483333333333,94.66238061635944,1.3509672490096314,23.70134375,0.03633366935483906,23.71351310483871,23.980420794930872,1.0568944215864986
CNC-001,2026-05-25,66.28973333333333,2.567641666666674,67.34449444444444,67.66363442780339,0.8724263927169867,1.61928125,0.23803124999999992,1.7226256720430106,1.7513086117511523,0.11901209037798527,95.3361935483871,2.204431451612905,95.68893951612903,94.60748415898617,1.3079279458346647,23.73767741935484,-0.864802419354838,23.41231955645161,23.821897033410135,0.9860371329956268
CNC-001,2026-05-26,68.857375,-0.2013104838709694,67.78721319444445,67.79243799923195,0.9823712290808155,1.8573125,-0.30818749999999984,1.7782194220430105,1.782540754608295,0.11306963062385703,97.540625,-5.600187500000004,96.23064784946236,95.37082229262673,1.2233412369300958,22.872875,-0.0898104838709699,23.43729872311828,23.854647033410142,0.9432590015083226
CNC-001,2026-05-27,68.65606451612904,-0.9626311827957039,67.9343909498208,67.82504543010752,1.0103651718543785,1.549125,0.2904879032258063,1.6752395833333333,1.7518351094470046,0.1439039811900699,91.9404375,2.1721754032257934,94.93908534946236,94.97008568548385,1.7903390269574098,22.78306451612903,0.501247983870968,23.13120564516129,23.471473214285716,0.69099162387766
CNC-001,2026-05-28,67.69343333333333,0.710910416666664,68.40229094982078,67.70530088325653,0.9611359556434269,1.8396129032258064,-0.06686290322580635,1.7486834677419354,1.7360744527649767,0.12313389098770547,94.1126129032258,-2.8604566532257962,94.5312251344086,95.02062413594469,1.7550952770858648,23.2843125,2.299125,22.980084005376344,23.402638392857146,0.6806663351159328
CNC-001,2026-05-29,68.40434375,-1.2182469758064371,68.25128053315412,67.94924284754225,0.875369086274887,1.77275,-0.15603125000000007,1.7204959677419354,1.7409539170506911,0.1239245841651647,91.25215625,2.0487499999999983,92.43506888440861,94.55895002880185,2.269486222838059,25.5834375,-0.9453125,23.883604838709676,23.537235455069126,0.9895058892500113
CNC-001,2026-05-30,67.18609677419356,0.5247782258064433,67.76129128584229,67.90022542242704,0.9116632194539811,1.61671875,0.012250000000000094,1.7430272177419355,1.7304092741935484,0.13181895430967003,93.30090625,3.6358437500000065,92.88855846774193,94.1854366359447,2.2237081207009894,24.638125,-1.0963250000000002,24.50195833333333,23.80011938364055,1.0046866869513313
CNC-001,2026-05-31,67.710875,-0.5297812499999992,67.76710517473119,67.8282745295699,0.9025524792292763,1.62896875,0.07128124999999996,1.6728125,1.6976813076036865,0.12298638194740227,96.93675,-3.4428437500000086,93.82993750000001,94.34566877880185,2.394555892105019,23.5418,0.7506687500000027,24.5877875,23.77732741935484,1.0091009196585827
CNC-001,2026-06-01,67.18109375,0.03699999999999193,67.35935517473119,67.95561173195084,0.6862745409982143,1.70025,0.018814516129032066,1.6486458333333334,1.7092482718894009,0.11809414844093014,93.49390625,1.3554375000000078,94.5771875,94.08248487903226,2.3686454375554167,24.29246875,0.17596458333333231,24.157464583333333,23.856583323732718,1.0270942812713912
CNC-001,2026-06-02,67.21809375,0.312031250000004,67.37002083333333,67.72142869623656,0.601761358612807,1.719064516129032,0.12600000000000033,1.6827610887096773,1.689498559907834,0.09926425381897806,94.84934375,0.4194895833333163,95.09333333333332,93.69801612903224,1.8822642901021056,24.468433333333333,-0.006089583333334758,24.100900694444444,24.084520228494622,0.9462670267884721
CNC-001,2026-06-03,67.530125,-0.9616874999999965,67.30977083333333,67.56058019393241,0.4386813003822245,1.8450645161290324,-0.06137701612903235,1.7547930107526881,1.731775633640553,0.09229023620029457,95.26883333333332,-1.433708333333314,94.53736111111111,94.17350124807989,1.7820070384171198,24.46234375,-1.2085624999999993,24.407748611111113,24.32441726190476,0.7548330115113078
CNC-001,2026-06-04,66.5684375,1.024593749999994,67.10555208333334,67.39986650345622,0.5687035894851055,1.7836875,0.008281250000000018,1.7826055107526884,1.7237862903225807,0.0833907309979036,93.835125,0.9446562499999942,94.65110069444444,94.13386011904763,1.7866675530512937,23.25378125,1.4101874999999993,24.061519444444446,24.320055654761905,0.7618997791196768
CNC-001,2026-06-05,67.59303125,-0.2235979166666624,67.23053125,67.28396471774194,0.3818481698965666,1.79196875,-0.17996875,1.8069069220430107,1.7265318260368665,0.08555964905254478,94.77978125,0.2036875000000009,94.62791319444443,94.63780654761906,1.2575338676152046,24.66396875,-0.15880208333333456,24.126697916666668,24.188702976190477,0.5604039447219419
CNC-001,2026-06-06,67.36943333333333,-0.319981720430107,67.17696736111111,67.3101556547619,0.3803010085715029,1.612,0.18125806451612902,1.72921875,1.7258577188940092,0.086581529823579,94.98346875,-0.32743649193548663,94.53279166666668,94.87817261904762,1.1117626832736216,24.505166666666664,0.3398645833333376,24.140972222222217,24.169708928571428,0.5446649096079715
CNC-001,2026-06-07,67.04945161290323,-0.8225453629032273,67.33730539874551,67.21566659946237,0.34464147446210525,1.7932580645161291,-0.005976814516129192,1.732408938172043,1.749327620967742,0.0777577949069319,94.65603225806451,0.9945927419354916,94.80642741935485,94.55235579877112,0.643506913651243,24.84503125,-1.4165473790322594,24.671388888888888,24.35588482142857,0.5162556789391355
CNC-001,2026-06-08,66.22690625,2.4084062499999987,66.88193039874552,67.07935409946236,0.5097467571699299,1.78728125,-0.022312499999999957,1.7308464381720432,1.7617606566820274,0.07552863744974161,95.650625,-3.012031250000007,95.09670866935484,94.86045847734256,0.5636186439392897,23.428483870967742,0.4804838709677419,24.25956059587814,24.232458410138246,0.6256372655132795
CNC-001,2026-06-09,68.6353125,-2.489218749999992,67.30389012096775,67.28181392089094,0.7825043702959845,1.76496875,0.08354737903225806,1.7818360215053763,1.7683184043778806,0.07315936202428872,92.63859375,1.7701159274193685,94.31508366935485,94.54463704877112,1.0119579175214741,23.908967741935484,0.5908760080645159,24.060827620967743,24.15253475422427,0.6262027680935776
CNC-001,2026-06-10,66.14609375,1.8809062499999953,67.00277083333334,67.08409517089093,0.8782967914324228,1.848516129032258,-0.09726612903225806,1.8002553763440858,1.7688114919354838,0.07377190175833484,94.40870967741937,0.7973528225806348,94.23264280913979,94.42176224078341,0.960267447437528,24.49984375,-1.294875000000001,23.94576512096774,24.157891897081413,0.6294469096535453
CNC-001,2026-06-11,68.027,-0.5400967741935432,67.60280208333334,67.2924612423195,0.9080825282056036,1.75125,-0.1420937499999999,1.7882449596774193,1.7641775633640555,0.07370047292846586,95.2060625,1.1749697580645204,94.0844553091398,94.61761045506913,0.9604833337709128,23.20496875,1.7566875000000017,23.87126008064516,24.150918682795698,0.6412912175823667
CNC-001,2026-06-12,67.48690322580646,11.36525302419355,67.21999899193548,67.27730009600614,0.9031001791160096,1.60915625,1.099359879032258,1.7363074596774195,1.738061491935484,0.09226363629451902,96.38103225806452,4.131967741935483,95.33193481182796,94.84636059907834,1.1727631258820306,24.96165625,6.37918245967742,24.22215625,24.193445468509985,0.6890744871910118
CNC-001,2026-06-13,78.85215625000001,-0.2336562500000099,71.45535315860216,68.91768908410138,4.472624394161638,2.708516129032258,0.07510887096774166,2.0229741263440864,1.8947066532258066,0.366333688622286,100.513,-2.4093750000000114,97.36669825268818,95.63629363479264,2.4486827800952806,31.34083870967742,0.16038004032257902,26.50248790322581,25.16997004608295,2.8036226617735895
CNC-001,2026-06-14,78.6185,-0.6330312500000019,74.98585315860215,70.57041028225807,5.649796803025666,2.783625,-0.035624999999999574,2.3670991263440864,2.0361876440092166,0.49074231940446683,98.103625,-5.088124999999991,98.33255241935484,96.12880688364055,2.5627170068180574,31.50121875,-0.15968750000000043,29.267904569892476,26.12085397465438,3.669960567181568
CNC-001,2026-06-15,77.98546875,0.440593750000005,78.48537499999999,72.25020492511521,5.886231363663631,2.748,0.0046874999999997335,2.7467137096774192,2.1734331797235025,0.5412695295898995,93.0155,0.22787499999999739,97.21070833333334,95.75236045506914,2.8248052789823483,31.34153125,0.06590625000000117,31.394529569892473,27.25128931451613,3.9130782729804925
CNC-001,2026-06-16,78.4260625,-0.6894062500000047,78.34334374999999,73.64888349654379,6.045190585861876,2.7526875,-0.02078124999999975,2.7614375,2.314535858294931,0.5457653399713481,93.243375,2.7907187499999964,94.78749999999998,95.83875777649769,2.7210403226554254,31.4074375,-0.039374999999999716,31.416729166666666,28.322499279953917,3.87175903472014
CNC-001,2026-06-17,77.73665625,0.48718750000000455,78.04939583333334,75.30467813940093,5.17191802146,2.73190625,0.03349999999999964,2.7441979166666663,2.4407344470046084,0.5216480146529262,96.03409375,-0.7247500000000002,94.09765625,96.07095550115207,2.647013119178682,31.3680625,-0.03746875000000216,31.37234375,29.303673387096776,3.602474838323862
CNC-001,2026-06-18,78.22384375,-0.3028125000000017,78.12885416666667,76.76137010368663,4.1068171888115215,2.76540625,-0.02643749999999967,2.75,2.5856139112903227,0.43123707129316907,95.30934375,1.4638437500000094,94.86227083333331,96.08570996543779,2.641671169769903,31.33059375,0.3102127016129046,31.368697916666665,30.464476958525346,2.4272379072880286
CNC-001,2026-06-19,77.92103125,-0.2528437499999967,77.96051041666666,78.25195982142857,0.4024422718053984,2.73896875,0.021687499999999638,2.745427083333334,2.747015697004609,0.024106904909330363,96.7731875,0.7587802419354688,96.038875,96.14173214285714,2.6531113850416808,31.640806451612903,0.09444354838709756,31.4464875672043,31.41864127304147,0.11446375257093233
CNC-001,2026-06-20,77.6681875,0.40278125000000387,77.9376875,78.08282142857142,0.35403824926203764,2.76065625,0.0038437500000001457,2.7550104166666665,2.7544642857142856,0.017331737850189023,97.53196774193547,-3.5732802419354783,96.53816633064515,95.71587039170507,1.991200008915098,31.73525,-0.27428125000000136,31.568883400537633,31.474985743087558,0.1584175158153158
CNC-001,2026-06-21,78.07096875,-0.056250000000005684,77.88672916666667,78.00460267857143,0.2653363386922562,2.7645,-0.0040000000000000036,2.7547083333333333,2.751732142857143,0.012912854660341247,93.9586875,0.47237499999999955,96.08794758064516,95.12373646313365,1.766410030397352,31.46096875,0.16387500000000088,31.612341733870966,31.46923574308756,0.15803666444115846
CNC-001,2026-06-22,78.01471875,0.7344374999999985,77.91795833333333,78.00878125,0.2652150826052829,2.7605,0.002718750000000103,2.7618854166666664,2.753517857142857,0.01317242000592284,94.4310625,3.472872983870971,95.30723924731183,95.32595967741933,1.5529597016060959,31.62484375,-0.19913407258064098,31.607020833333333,31.509708957373274,0.15614756406698127
CNC-001,2026-06-23,78.74915625,-0.6511249999999933,78.27828125,78.05493750000001,0.36082150327944357,2.76321875,-0.022476814516129373,2.762739583333333,2.7550223214285716,0.013654363360032527,97.90393548387097,-3.4944979838709713,95.43122849462365,95.99175403225806,1.5097421671904403,31.42570967741936,0.3740715725806396,31.503840725806455,31.512319268433178,0.15429468696676304
CNC-001,2026-06-24,78.09803125,0.008624999999994998,78.28730208333333,78.10656250000001,0.3324282068320917,2.7407419354838707,0.049383064516129505,2.7548202284946233,2.7562845622119814,0.011380346615096936,94.4094375,-2.3643407258064286,95.58147849462364,95.75966028225807,1.622795369282718,31.79978125,-0.38684374999999704,31.616778225806453,31.573993375576038,0.1722593053710414
CNC-001,2026-06-25,78.10665625,-0.23684375000000557,78.31794791666668,78.08982142857143,0.3284646985255897,2.790125,-0.03706250000000022,2.764695228494624,2.759815812211982,0.017086816019589307,92.04509677419357,2.1684657258064277,94.7861565860215,95.29333928571428,2.155373093646395,31.4129375,0.030218749999999517,31.546142809139784,31.585756768433182,0.15479372573843164
CNC-001,2026-06-26,77.8698125,-0.23424999999998875,78.02483333333333,78.08250446428572,0.33338500955339334,2.7530625,0.033812500000000245,2.7613098118279567,2.761829205069124,0.014913006948665871,94.2135625,1.0736875000000055,93.55603225806452,94.92767857142859,2.0782128500520276,31.44315625,-0.22231250000000102,31.55195833333333,31.557521025345626,0.16098148190252023
CNC-001,2026-06-27,77.6355625,0.649718749999991,77.87067708333333,78.07784375000001,0.3402988648013593,2.786875,-0.06140625000000011,2.7766875,2.76557474078341,0.01761675061374935,95.28725,4.357556451612922,93.84863642473118,94.60700460829493,1.757885040559189,31.22084375,0.274531249999999,31.358979166666668,31.484034418202764,0.18232400390059736
CNC-001,2026-06-28,78.28528125,-0.6211874999999907,77.93021875000001,78.10845982142857,0.34910398362183703,2.72546875,0.03075705645161264,2.755135416666667,2.759998847926267,0.02328018031863568,99.64480645161292,-7.016712701612917,96.38187298387099,95.4193073156682,2.5456250514598397,31.495375,-0.08878125000000026,31.386458333333337,31.488949596774194,0.18206213466525023
CNC-001,2026-06-29,77.66409375,-0.139812500000005,77.86164583333334,78.05837053571429,0.38780424818123244,2.7562258064516127,0.002899193548387302,2.7561898521505377,2.759388248847926,0.02332086206216905,92.62809375,5.202968749999997,95.85338340053765,95.1617403513825,2.7456359791966536,31.40659375,0.20101915322580766,31.374270833333338,31.457771025345625,0.17339274623229387
CNC-001,2026-06-30,77.52428125,-0.15375000000000227,77.82455208333333,77.88338839285714,0.28754362546278456,2.759125,-0.023281250000000142,2.7469398521505375,2.758803427419355,0.023260044755234088,97.8310625,-2.910375000000002,96.70132090053765,95.1513299251152,2.7336175522308057,31.607612903225807,-0.10142540322580729,31.503193884408603,31.483757200460833,0.18124015188502435
CNC-001,2026-07-01,77.37053125,1.1142429435483905,77.51963541666667,77.77945982142857,0.325942447989526,2.73584375,-0.006656249999999808,2.7503981854838706,2.7581036866359447,0.023957183780689693,94.9206875,1.713468750000004,95.12661458333334,95.22436563940093,2.7172731913960235,31.5061875,-0.1108326612903241,31.50679805107527,31.44181523617512,0.11930770847205627
CNC-001,2026-07-02,78.48477419354839,-0.6046804435483892,77.79319556451613,77.83347667050691,0.4097594817220811,2.7291875,0.006281249999999794,2.7413854166666667,2.7493983294930873,0.02130719192871692,96.63415625,3.213327620967732,96.46196875,95.87994556451613,2.3513366893831305,31.395354838709675,-0.024417338709675107,31.503051747311826,31.439303427419354,0.12019876344939945
CNC-001,2026-07-03,77.88009375,0.14815624999999955,77.9117997311828,77.83494542050691,0.40992982248519677,2.73546875,0.025176411290322775,2.7335,2.7468849366359445,0.021834092611835124,99.84748387096774,-7.876702620967734,97.13410920698925,96.68479147465438,2.633210793025194,31.3709375,0.010030241935478301,31.424159946236557,31.42898646313364,0.12288235154959644
CNC-001,2026-07-04,78.02825,-0.01896874999999909,78.13103931451613,77.89104363479262,0.4049359620395432,2.7606451612903227,0.012854838709677185,2.741767137096774,2.7431378168202762,0.015012316428963664,91.97078125,0.1724375000000009,96.15080712365591,96.21101022465437,3.1701809621805532,31.38096774193548,0.1298709677419403,31.382420026881718,31.451861319124422,0.08748335959181772
CNC-001,2026-07-05,78.00928125,0.07321874999999523,77.97254166666666,77.85161506336406,0.37227081334438683,2.7735,0.03434375000000012,2.7565379704301076,2.7499994239631342,0.016494001659388982,92.14321875,9.953039314516118,94.65382795698925,95.13935483870968,3.082670327472003,31.51083870967742,0.001911290322581749,31.42091465053763,31.454070420506913,0.08894826258702275
CNC-001,2026-07-06,78.0825,-0.2993124999999992,78.04001041666666,77.91138738479263,0.37073077584357966,2.80784375,-0.06290826612903189,2.7806629704301074,2.7573734158986176,0.027564713133383083,102.09625806451612,-2.5170705645161178,95.40341935483872,96.4919497407834,3.7925940449999875,31.51275,-0.0016874999999991758,31.46818548387097,31.46923559907834,0.08855331804703652
CNC-001,2026-07-07,77.7831875,-9.655281250000002,77.95832291666666,77.94837399193548,0.33705979589599844,2.744935483870968,-1.076591733870968,2.7754264112903226,2.755346342165898,0.0279337053622477,99.5791875,-1.8713810483870787,97.93955477150537,96.74168188364057,3.949765152065376,31.5110625,-7.1683528225806405,31.511550403225808,31.455442684331796,0.06870182030581139
CNC-001,2026-07-08,68.12790625,-1.0741249999999951,74.66453125,76.62799899193548,3.7546772894544076,1.66834375,0.10965625000000001,2.407040994623656,2.6028463421658983,0.41293306270423064,97.70780645161292,-3.0956502016129264,99.79441733870969,97.13984173387098,3.875382256630972,24.34270967741936,0.09664516129031853,29.12217405913979,30.43208870967742,2.685949302385106
CNC-001,2026-07-09,67.05378125,0.28696068548387643,70.98829166666667,74.995,5.068478413269895,1.778,0.06362500000000004,2.0637597446236557,2.46696241359447,0.5096143298873728,94.61215625,0.6244374999999991,97.29971673387097,96.85098459101383,3.992929850873458,24.43935483870968,-0.07398817204301267,26.764375672043016,29.438374423963133,3.4486384504461345
CNC-001,2026-07-10,67.34074193548388,0.7518387096774148,67.50747647849462,73.48937831221198,5.605539885676386,1.841625,-0.14510887096774217,1.76265625,2.339270449308756,0.5420724360126948,95.23659375,0.7170624999999973,95.85218548387097,96.19228600230416,3.7914596090289128,24.365366666666667,-0.2960854166666671,24.3824770609319,28.4375785906298,3.7935933830160917
CNC-001,2026-07-11,68.09258064516129,-1.78851612903226,67.49570127688172,72.06999697580646,5.521986805389536,1.696516129032258,0.12073387096774213,1.7720470430107527,2.1872520161290323,0.5533028699636459,95.95365625,-0.30855947580643317,95.26746874999999,96.76126814516131,3.3221642753410094,24.06928125,0.35281249999999886,24.29133425179212,27.393051948924732,3.854204093313536
CNC-001,2026-07-12,66.30406451612903,0.7558387096774197,67.24579569892472,70.39782315668204,5.185745721746898,1.81725,0.07046874999999986,1.785130376344086,2.0506448732718896,0.49990809296137423,95.64509677419356,-3.0812217741935655,95.61178225806452,97.2615364343318,2.719933596593972,24.42209375,-0.46843749999999673,24.285580555555555,26.380374097542244,3.5076379743699455
CNC-001,2026-07-13,67.05990322580645,10.984940524193547,67.15218279569892,68.82316647465439,4.001716251781316,1.88771875,0.8534062499999999,1.8004949596774191,1.9191984447004609,0.37231175245271503,92.563875,3.9615766129032437,94.72087600806452,95.89976742511521,2.23982210931585,23.95365625,7.666093749999998,24.14834375,25.300503561827956,2.7448733864417383
CNC-001,2026-07-14,78.04484375,0.546187500000002,70.46960383064516,68.86054593894009,4.099389633107239,2.741125,-0.019749999999999712,2.148697916666667,1.9186540898617512,0.37090335135531555,96.52545161290324,-1.8903225806451758,94.9114744623656,95.46351944124424,1.6135871518474467,31.61975,-0.29749999999999943,26.665166666666664,25.31603034754224,2.785860881304494
CNC-001,2026-07-15,78.59103125,-0.9641874999999942,74.56525940860216,70.35527808179724,5.467113595656531,2.721375,0.03309374999999992,2.4500729166666666,2.069087125576037,0.45620000766688584,94.63512903225806,-0.31391028225806394,94.5748185483871,95.02456552419355,1.28599012926322,31.32225,-0.006218749999998607,28.965218750000002,26.313107536482335,3.529265883099116
CNC-001,2026-07-16,77.62684375,0.5696249999999878,78.08757291666667,71.86571558179723,5.850097182293229,2.75446875,0.05418749999999983,2.7389895833333333,2.2085826612903223,0.4995854793399573,94.32121875,3.6065554435484017,95.16059979838708,94.98300302419355,1.3060849168959416,31.31603125,0.22878124999999727,31.41934375,27.29548988095238,3.8621470077627795
CNC-001,2026-07-17,78.19646875,-0.21306249999999238,78.13811458333333,73.41653369815667,5.889391785523232,2.80865625,-0.06640625,2.7615,2.346729982718894,0.5146765192438907,97.9277741935484,-2.9343991935484013,95.62804065860216,95.36745737327189,1.7227826240721826,31.5448125,-0.12803124999999937,31.39436458333333,28.321125000000002,3.9073585695307567
CNC-001,2026-07-18,77.98340625,0.19606249999999648,77.93557291666667,74.82950878456221,5.577424319686684,2.74225,-0.008624999999999883,2.7684583333333332,2.4961205357142857,0.4409812513097329,94.993375,-3.6807943548387243,95.7474559811828,95.2302743375576,1.7064804921597716,31.41678125,0.057906250000002046,31.425875,29.370767857142855,3.5448875721759574
CNC-001,2026-07-19,78.17946875,-0.42727520161290045,78.11978125,76.52599510368664,4.184067861743287,2.733625,-0.00414112903225794,2.761510416666667,2.6270312499999995,0.32720193676364084,91.31258064516128,4.427575604838722,94.74457661290323,94.61134346198158,2.2348442239914332,31.4746875,0.1363437499999982,31.478760416666663,30.378281250000004,2.8351627579262977
CNC-001,2026-07-20,77.7521935483871,0.4585564516129068,77.97168951612902,78.0534651497696,0.31703239150811274,2.729483870967742,0.07941935483870921,2.7351196236559137,2.7472834101382486,0.02902911553589162,95.74015625,-0.9078114224138005,94.01537063172043,95.06509792626728,2.0659143110504172,31.61103125,-0.0533437499999998,31.500833333333333,31.472191964285717,0.1266680699470952
CNC-001,2026-07-21,78.21075,0.12059374999999761,78.04747076612904,78.07716604262671,0.32243585742350406,2.8089032258064512,-0.09243447580645103,2.757337365591398,2.756966013824885,0.036875789847501415,94.8323448275862,-1.2563125695216826,93.9616939075825,94.82322552836486,1.9629924842962923,31.5576875,-0.11465524193548049,31.547802083333334,31.463325892857142,0.11637200538926407
CNC-001,2026-07-22,78.33134375,-0.9468750000000057,78.09809576612903,78.04006782834101,0.26290182133544926,2.71646875,0.06328124999999973,2.7516186155913975,2.756265120967742,0.037702370875718365,93.57603225806452,3.7135483870967647,94.71617777855023,94.67192598919435,2.0198971454088395,31.44303225806452,0.16906149193548003,31.537250336021504,31.480580501152076,0.09973300636005282
CNC-001,2026-07-23,77.38446875,0.3936280241935606,77.97552083333333,78.005442828341,0.3330085044446465,2.77975,-0.012624999999999886,2.7683739919354835,2.7598767281105987,0.038699309359313705,97.28958064516128,0.33813810483871976,95.23265257693733,95.0959776885031,2.234214563430155,31.61209375,-0.16568750000000065,31.537604502688172,31.522875144009216,0.07892766330910665
CNC-001,2026-07-24,77.77809677419356,0.3899969758064401,77.83130309139786,77.9456754032258,0.3305445744149966,2.767125,6.249999999985434e-05,2.754447916666667,2.753943692396313,0.03269176392060159,97.62771875,-2.9176874999999995,96.16444388440861,95.05311262513905,2.1728655332510654,31.44640625,-0.09071875000000063,31.50051075268817,31.508817108294927,0.08302640322886709
CNC-001,2026-07-25,78.16809375,-0.14937499999999204,77.77688642473119,77.97205933179724,0.34125548015785445,2.7671875,-0.009187499999999904,2.7713541666666663,2.7575061923963133,0.03256359092523468,94.71003125,0.9464375000000018,96.5424435483871,95.0126349465676,2.1767994434649127,31.3556875,0.25253125000000054,31.471395833333332,31.500089429723506,0.09644097755491686
CNC-001,2026-07-26,78.01871875,-0.5809375000000045,77.98830309139785,77.94909504608295,0.3302016409321792,2.758,-0.002566666666666606,2.7641041666666664,2.760988335253456,0.030842016760725455,95.65646875,2.839624999999998,95.99807291666667,95.63319039011598,1.4410199874787208,31.60821875,-0.02499999999999858,31.47010416666667,31.519165322580644,0.1035250669823365
CNC-001,2026-07-27,77.43778125,0.6153477822580555,77.87486458333333,77.90417900345622,0.3791983175329545,2.7554333333333334,-0.007533333333333392,2.7602069444444446,2.7646954013056835,0.027837356174174516,98.49609375,-5.362250000000003,96.28753124999999,96.02689574725886,1.8054998486583815,31.58321875,-0.32303124999999966,31.515708333333333,31.51519210829493,0.09988128360159321
CNC-001,2026-07-28,78.05312903225806,0.014058467741946856,77.83654301075269,77.88166172235023,0.3622612601512643,2.7479,0.0193500000000002,2.7537777777777777,2.7559806547619052,0.020189256628542034,93.13384375,3.5660937500000074,95.76213541666668,95.7842527361751,2.085251654053244,31.2601875,0.44823185483870986,31.483875,31.472692108294932,0.13566832522669792
CNC-001,2026-07-29,78.0671875,-0.22409375000000864,77.85269926075269,77.84392511520738,0.318757183236451,2.76725,0.039812499999999584,2.7568611111111117,2.763235119047619,0.01035256215429948,96.6999375,1.286656249999993,96.10995833333334,96.23052491359446,1.8555221940994862,31.70841935483871,-0.460354838709673,31.517275201612904,31.510604550691244,0.16075940711051287
CNC-001,2026-07-30,77.84309375,0.5058125000000047,77.98780342741935,77.90944297235023,0.2478202519285162,2.8070625,-0.06899999999999995,2.774070833333333,2.7671369047619048,0.01908133365754938,97.98659375,-5.173755040322575,95.94012500000001,96.33009821428571,1.938665799673019,31.248064516129038,0.29490423387096243,31.405557123655914,31.458600374423963,0.18016552277191955
CNC-001,2026-07-31,78.34890625,0.052093750000011596,78.08639583333333,77.99098718317973,0.2880449050609435,2.7380625,0.03237500000000004,2.7707916666666663,2.7629851190476193,0.022019852266831272,92.81283870967742,1.0839112903225754,95.83312331989248,95.64225820852535,2.2333076646650443,31.54296875,-0.16964616935484145,31.49981754032258,31.47239501728111,0.18275437728458147
CNC-001,2026-08-01,78.40100000000001,-0.5970000000000084,78.19766666666668,78.0242595046083,0.3232165544241113,2.7704375,-0.01821874999999995,2.771854166666666,2.763449404761905,0.02215706212000107,93.89675,-1.1280937499999908,94.89872748655914,95.52607517281106,2.3097345110648266,31.37332258064516,0.4157086693548422,31.3881186155914,31.474914314516127,0.1809904461572515
CNC-001,2026-08-02,77.804,-0.14000000000000057,78.18463541666667,77.99358539746542,0.33384399794622444,2.75221875,0.01071875000000011,2.7535729166666663,2.7626235119047613,0.022499145582959155,92.76865625,5.17971041666668,93.15941498655913,95.11353052995392,2.5299619932611837,31.78903125,-0.24356249999999946,31.568440860215052,31.50074467165899,0.21321904808139291
CNC-001,2026-08-03,77.664,0.4699032258064477,77.95633333333335,78.02590236175115,0.27722087175106064,2.7629375,-0.00046875000000001776,2.7618645833333333,2.763695535714286,0.022277135464704684,97.94836666666669,-4.9972104166666895,94.87125763888889,95.03528380376345,2.4137091186720614,31.54546875,0.015593749999997186,31.56927419354839,31.495351814516134,0.2112537431686217
CNC-001,2026-08-04,78.13390322580645,0.3808709677419415,77.86730107526881,78.03744153225806,0.28020804719125125,2.76246875,-0.04118749999999993,2.7592083333333335,2.765776785714286,0.02121049045019518,92.95115625,4.747968749999998,94.55605972222223,95.00918558947774,2.4385547571646375,31.5610625,0.05309375000000216,31.631854166666667,31.538333957373272,0.18432410366403035
CNC-001,2026-08-05,78.51477419354839,-0.37667741935484855,78.10422580645161,78.10138248847927,0.33402640215625334,2.72128125,0.03406250000000011,2.7488958333333335,2.7592098214285707,0.02700344616737933,97.699125,0.3675937500000117,96.19954930555555,95.1519266609063,2.579205392402211,31.61415625,0.2774062499999985,31.573562499999998,31.524867799539173,0.17291754630931225
CNC-001,2026-08-06,78.13809677419354,0.0031532258064572716,78.26225806451613,78.14352577764977,0.3140181238453931,2.75534375,0.04343750000000002,2.7463645833333334,2.7518214285714286,0.016921711143956446,98.06671875,-1.4135625000000118,96.23899999999999,95.16337308947773,2.594017508574391,31.8915625,-0.3689374999999977,31.68892708333333,31.61679608294931,0.17228471954590047
CNC-001,2026-08-07,78.14125,0.26813709677418274,78.2647069892473,78.11386059907834,0.3009175340032659,2.79878125,-0.02734375,2.7584687500000005,2.7604955357142855,0.023120343200764195,96.65315625,-2.4797499999999957,97.473,95.71198988095239,2.4138882988614045,31.522625,-0.16792500000000032,31.676114583333334,31.613889832949308,0.17390166823239395
CNC-001,2026-08-08,78.40938709677418,-0.42232459677417467,78.22957795698925,78.11505875576037,0.30226506023861294,2.7714375,0.0015302419354839003,2.7751875,2.760638392857143,0.023194980382816026,94.17340625,5.6752500000000055,96.29776041666666,95.75151220238095,2.3812584202152762,31.3547,0.25079999999999814,31.58962916666667,31.611229464285717,0.17828253091520954
CNC-001,2026-08-09,77.98706250000001,-0.35153125000000784,78.17923319892473,78.14121054147465,0.27779581246168983,2.772967741935484,-0.03481149193548427,2.781062163978495,2.7636025345622124,0.023265361234659224,99.84865625,-4.325000000000003,96.89173958333333,96.76294077380952,2.406608797029846,31.6055,0.22237096774193432,31.494275000000002,31.585010714285712,0.1603721488570032
CNC-001,2026-08-10,77.63553125,0.11603125000000603,78.01066028225806,78.13714357718894,0.2860329072180823,2.73815625,-0.004543346774193324,2.760853830645161,2.760062355990783,0.025189294277211886,95.52365625,0.19715624999999193,96.51523958333333,96.41655357142858,2.381921435079007,31.827870967741934,-0.07287096774193458,31.596023655913978,31.625353888248846,0.18272925816873484
CNC-001,2026-08-11,77.7515625,0.05818749999998829,77.79138541666667,78.0825234735023,0.3211094624349697,2.7336129032258065,0.043199596774193605,2.74824563172043,2.7559400921658983,0.02702417030255562,95.7208125,-1.2457499999999868,97.03104166666667,96.81221874999999,1.88946724615272,31.755,-0.11528124999999889,31.72945698924731,31.653059245391706,0.1860293501635812
CNC-001,2026-08-12,77.80975,0.18862500000000182,77.73228125000001,77.98180573156682,0.2693275450926019,2.7768125,-0.02434375000000033,2.749527217741935,2.763873127880185,0.02300625046320014,94.4750625,-5.210000000000008,95.23984374999999,96.35163839285714,2.0253096729729854,31.63971875,-0.2476875000000014,31.740863239247307,31.656711031105992,0.1853881925978714
CNC-001,2026-08-13,77.998375,0.04285080645161088,77.85322916666667,77.96184547811059,0.2608584315608873,2.75246875,-0.02224999999999966,2.754298051075269,2.7634624135944703,0.023208669739605947,89.2650625,2.153937499999998,93.15364583333333,95.09425892857143,3.1838737166629265,31.39203125,0.44020208333333244,31.595583333333334,31.58534942396313,0.17581501310317144
CNC-001,2026-08-14,78.0412258064516,0.10671169354839094,77.94978360215053,77.94755630760368,0.2519817186474577,2.73021875,0.027406249999999854,2.753166666666667,2.753667770737327,0.020074983892650368,91.419,3.854437500000003,91.71970833333334,94.34652232142857,3.3661528030180605,31.83223333333333,-0.30335833333333184,31.62132777777778,31.629579185867893,0.19527285247064874
CNC-001,2026-08-15,78.1479375,-0.6409062500000005,78.0625127688172,77.91020636520737,0.18169045849851326,2.757625,0.0012187500000000462,2.746770833333333,2.751694556451613,0.018666687051126556,95.2734375,2.2426592741935423,91.98583333333333,94.50366964285715,3.3823621866296376,31.528875,-0.013187500000000796,31.584379861111113,31.654461328725034,0.1628075758208206
CNC-001,2026-08-16,77.50703125,-0.20790221774193185,77.8987315188172,77.84163047235022,0.23158629520313995,2.75884375,-0.04146874999999994,2.7488958333333335,2.7496768433179724,0.016636984985875788,97.51609677419354,-0.6192842741935465,94.73617809139785,94.17044686059909,2.839331411970563,31.5156875,-0.21488104838709887,31.625598611111112,31.64163097158218,0.17065876178576775
CNC-001,2026-08-17,77.29912903225807,1.138451612903225,77.65136592741935,77.79357301267281,0.3048107499716395,2.717375,0.08665624999999988,2.7446145833333335,2.746708093317973,0.020452083398049475,96.8968125,-1.422218749999999,96.56211559139786,94.3666120391705,2.9917482544818736,31.3008064516129,0.13419354838709907,31.4484563172043,31.566336040706602,0.1899724579947167
CNC-001,2026-08-18,78.43758064516129,-0.2690806451612957,77.74791364247312,77.89157560483872,0.38798774697564775,2.80403125,-0.036406250000000195,2.7600833333333337,2.7567678571428575,0.02862340139023827,95.47459375,-1.3619808467742018,96.62916767473116,94.33143793202764,2.9745713911951746,31.435,-0.08041935483871043,31.417164650537632,31.520621754992316,0.17491126483781813
CNC-001,2026-08-19,78.1685,0.3041875000000118,77.96840322580645,77.94282560483872,0.39891784959389204,2.767625,-0.0436895161290316,2.763010416666667,2.755455357142857,0.027748350980674203,94.1126129032258,2.3740120967742087,95.49467305107525,94.27965941820275,2.974809210777173,31.35458064516129,0.34698185483871313,31.363462365591392,31.479887740015357,0.17575287551182953
CNC-001,2026-08-20,78.4726875,-0.7107187500000123,78.35958938172043,78.01058453341014,0.44727726117417616,2.723935483870968,0.07847076612903203,2.7651972446236557,2.7513791762672812,0.03024373689437539,96.486625,4.215084677419355,95.3579438844086,95.31131120391704,2.0563444921172382,31.7015625,0.005093750000000341,31.497047715053764,31.52410649001536,0.18844463860753313
CNC-001,2026-08-21,77.76196875,0.12796875000000796,78.13438541666666,77.97069066820276,0.4564486037075731,2.80240625,-0.06884375000000009,2.7646555779569897,2.7616916762672816,0.03391083098406509,100.70170967741936,-6.585959677419353,97.10031586021505,96.63741258640552,2.120055466259428,31.70665625,-0.18097883064516296,31.5875997983871,31.50616690668203,0.15769049520378192
CNC-001,2026-08-22,77.8899375,-0.17437499999999773,78.04153124999999,77.9338335253456,0.4501235865283779,2.7335625,0.02906249999999977,2.753301411290323,2.758254176267281,0.035570738456493806,94.11575,0.1315937499999933,97.10136155913979,96.4720286578341,2.2830791465559996,31.52567741935484,0.34161290322580484,31.644632056451613,31.505710109447005,0.1576183659044342
CNC-001,2026-08-23,77.7155625,0.6255625000000009,77.78915625,77.96362370391705,0.4232684991005593,2.762625,-0.028366935483870925,2.7661979166666666,2.75879435483871,0.03560987353421033,94.24734375,-0.49631041666667386,96.35493447580644,96.00506394009217,2.366694414539292,31.867290322580644,-0.29454032258064444,31.699874663978495,31.55593908410138,0.2089821956395676
CNC-001,2026-08-24,78.341125,-0.17918750000001182,77.98220833333333,78.11248027073734,0.32165806157772253,2.734258064516129,0.04061693548387124,2.743481854838709,2.7612062211981567,0.03279767636821,93.75103333333333,-1.1921270833333182,94.0380423611111,95.55566691628265,2.465738205822436,31.57275,0.05878124999999912,31.655239247311826,31.5947881624424,0.17638336046011838
CNC-001,2026-08-25,78.1619375,0.16257862903226794,78.07287500000001,78.07310267857143,0.29059853526525,2.774875,-0.03984375000000018,2.757252688172043,2.7570410426267284,0.027944996228468386,92.55890625,4.033932459677416,93.51909444444443,95.13914013056835,2.7153492435927986,31.63153125,-0.3141764112903189,31.69052385752688,31.62286405529954,0.16174390580569348
CNC-001,2026-08-26,78.32451612903226,-0.6674848790322585,78.27585954301075,78.09539069700462,0.3047720011109394,2.73503125,-0.006937499999999819,2.7480547715053767,2.752384792626728,0.028595404801614942,96.59283870967742,0.0650987903225797,94.30092609767024,95.4934581029186,2.7208890066727407,31.31735483870968,0.21232258064516074,31.50721202956989,31.617546082949307,0.1723022895225149
CNC-001,2026-08-27,77.65703125,-0.06728125000000773,78.04782829301075,77.97886837557603,0.2921414621539916,2.72809375,-0.002000000000000224,2.746,2.7529788306451612,0.027941619106185516,96.6579375,0.17690625000000182,95.26989415322582,95.51793131720432,2.73205847707798,31.52967741935484,-0.059833669354841135,31.492854502688175,31.59299107142857,0.17057255417200284
CNC-001,2026-08-28,77.58975,1.0608125000000115,77.85709912634408,77.95426569700462,0.31942928887379274,2.72609375,-0.009190524193547933,2.7297395833333336,2.7420770449308756,0.018851170275550493,96.83484375,-0.2584062500000073,96.69520665322581,94.96552189900153,1.708384629000246,31.46984375,0.1413125000000015,31.438958669354843,31.559160714285717,0.16773193689388005
CNC-001,2026-08-29,78.6505625,-0.9902812500000095,77.96578125,78.06292641129032,0.41033553113493765,2.716903225806452,0.012935483870967435,2.7236969086021507,2.739697148617512,0.02103083479576062,96.5764375,2.2345625000000098,96.68973958333333,95.31704868471583,1.756863088448233,31.61115625,-0.24075000000000202,31.536892473118282,31.57137197580645,0.16799931362177536
CNC-001,2026-08-30,77.66028125,0.5171703629032294,77.96686458333333,78.05502908986175,0.4185841918328427,2.7298387096774195,0.01606754032258051,2.724278561827957,2.735013392857143,0.018581870853055623,98.811,-0.9728437500000098,97.40742708333333,95.96899957757296,2.105847210691045,31.37040625,0.19171875000000327,31.48380208333333,31.50038853686636,0.12034092614273599
CNC-001,2026-08-31,78.17745161290323,0.08286088709677131,78.16276512096773,78.03164717741936,0.40426595236672797,2.74590625,0.008999999999999897,2.730882728494624,2.7366774193548387,0.01901936063127346,97.83815625,-1.8163749999999936,97.74186458333332,96.55287427995391,1.9491690356653937,31.562125,-0.06668750000000045,31.5145625,31.498870679723503,0.11933895237977733
CNC-001,2026-09-01,78.2603125,-0.5390625,78.03268178763442,78.04570074884793,0.4112005802041401,2.75490625,-0.007593749999999844,2.743550403225807,2.7338247407834104,0.012823722465660011,96.02178125,0.39728326612903686,97.55697916666666,97.04757070852534,0.9498040907351308,31.4954375,-0.08859879032258178,31.47598958333333,31.479428715437788,0.10425748839654912
CNC-001,2026-09-02,77.72125,-0.12553124999999454,78.05300470430107,77.95951987327189,0.4062133618261406,2.7473125,0.03128125000000015,2.749375,2.7355792050691248,0.013817887663844574,96.41906451612904,-3.9478145161290428,96.75966733870969,97.02274582373272,0.965806380132912,31.40683870967742,-0.09280745967742021,31.48813373655914,31.492212125576035,0.0847301616071189
CNC-001,2026-09-03,77.59571875,0.44209374999999795,77.85909375,77.95076094470046,0.41440130112277457,2.77859375,-0.017687500000000078,2.7602708333333332,2.7427934907834097,0.020718356298988806,92.47125,2.624312500000002,94.97069858870968,96.42464760944699,1.9864403081182616,31.31403125,0.2942913306451622,31.405435819892475,31.461405529953915,0.10549617178058503
CNC-001,2026-09-04,78.0378125,-0.5133124999999978,77.78492708333334,78.01476987327189,0.38274005555599444,2.76090625,-0.0008125000000003268,2.7622708333333335,2.747766705069125,0.020213701657848082,95.0955625,3.2774062499999985,94.66195900537635,96.17617885944699,2.034769434221193,31.60832258064516,0.5516774193548422,31.443064180107527,31.481188220046082,0.11940867221258718
CNC-001,2026-09-05,77.5245,-0.018781250000003524,77.71934375000001,77.85390380184332,0.29830821159781423,2.76009375,0.005062500000000192,2.76653125,2.753936779953917,0.015190322161483591,98.37296875,-3.284031249999998,95.31326041666667,96.43282618087558,2.2002395253459857,32.160000000000004,-0.5878750000000039,31.694117943548388,31.559594470046083,0.2847254670491375
CNC-001,2026-09-06,77.50571875,0.9749062500000036,77.68934375,77.83182344470046,0.3199627783519075,2.76515625,-0.005022916666666877,2.7620520833333333,2.758982142857143,0.011191105348336271,95.0889375,0.5199979838709652,96.18582291666667,95.90110296658986,1.967127467896291,31.572125,-0.2502187499999984,31.780149193548386,31.588411434331796,0.2723243957367462
CNC-001,2026-09-07,78.480625,-0.8801562499999989,77.83694791666667,77.87513392857143,0.3878597509830915,2.760133333333333,0.007241666666666813,2.761794444444444,2.7610145833333335,0.009599267324312115,95.60893548387097,-1.9229667338709646,96.35694724462365,95.58264285714287,1.7720426714076625,31.32190625,0.4590937499999974,31.684677083333337,31.554094470046085,0.290704293472951
CNC-001,2026-09-08,77.60046875,0.07603124999999977,77.86227083333334,77.78087053571429,0.35765216724197646,2.767375,-0.0235362903225802,2.764221527777778,2.762795833333333,0.009432292069505245,93.68596875,3.9502812500000033,94.79461391129034,95.24895535714288,1.8914681283229324,31.781,-0.5300937499999989,31.558343750000002,31.594889112903225,0.30095680106659445
CNC-001,2026-09-09,77.6765,-0.08753124999999784,77.91919791666668,77.77447767857143,0.35929165415823827,2.7438387096774197,-0.01886995967741978,2.7571156810035844,2.7622995775729646,0.01042212262324138,97.63625,-3.7546048387096818,95.64371807795699,95.42283899769585,2.064956888471531,31.25090625,-0.09219657258064373,31.451270833333336,31.572613047235023,0.32221568106770854
CNC-001,2026-09-10,77.58896875,0.0441874999999925,77.62197916666668,77.77351339285714,0.3598599856411106,2.72496875,0.03093447580645181,2.7453941532258064,2.7546388632872505,0.015105234569909576,93.88164516129032,5.121903225806477,95.06795463709678,95.62432402073735,1.7778033747652964,31.158709677419356,0.20948387096774113,31.39687197580645,31.550424251152073,0.34735733899875215
CNC-001,2026-09-11,77.63315625,0.5963598790322493,77.632875,77.71570535714285,0.3424054570622883,2.7559032258064518,-0.0014657258064518786,2.741570228494624,2.753924145545315,0.01487588313731469,99.0035483870968,-2.631579637096806,96.84048118279571,96.18260771889402,2.157209339051811,31.368193548387097,-0.02970967741935482,31.259269825268817,31.516120103686635,0.3525055830471781
CNC-001,2026-09-12,78.22951612903225,-0.7752580645161231,77.81721370967742,77.81642194700461,0.3785683959674095,2.7544375,0.038281250000000266,2.7451031586021504,2.7531161098310295,0.01463660056359955,96.37196875,0.17680544354840322,96.41905409946237,95.89675057603687,1.9402529390782475,31.338483870967742,0.20435987903225694,31.288462365591396,31.398760656682025,0.2106030025767556
CNC-001,2026-09-13,77.45425806451613,1.0548044354838737,77.77231014784945,77.80907042050691,0.386033692206035,2.79271875,-0.052031250000000195,2.7676864919354838,2.757053609831029,0.020817689776024922,96.5487741935484,-3.277649193548399,97.30809711021506,96.10529867511522,1.9172730404658551,31.54284375,-0.08403124999999889,31.41650705645161,31.39457762096774,0.20684293795759046
CNC-001,2026-09-14,78.5090625,-0.7412187500000016,78.06427889784946,77.8131329205069,0.39433908840837817,2.7406875,0.055593749999999886,2.7626145833333333,2.754275633640553,0.021620214452418744,93.271125,1.1660624999999953,95.39728931451612,95.77132574884793,2.2007958433606123,31.4588125,0.09883266129032364,31.446713373655914,31.414135656682024,0.20529303450454667
CNC-001,2026-09-15,77.76784375,0.5382187499999986,77.9103881048387,77.83704363479262,0.3842401383737247,2.79628125,-0.028124999999999734,2.7765625000000003,2.7584050979262673,0.026702412867007367,94.4371875,-1.766026209677392,94.7523622311828,95.87864271313364,2.0980787482659244,31.557645161290324,-0.010082661290322648,31.519767137096775,31.38222782258065,0.14818352499070245
CNC-001,2026-09-16,78.3060625,-0.17671874999999204,78.19432291666666,77.92698113479263,0.41300243411894016,2.76815625,0.00043749999999986855,2.7683750000000003,2.7618790322580646,0.026065753008747892,92.6711612903226,2.7922449596774044,93.45982459677418,95.16934432603686,2.2393686198277645,31.5475625,-0.14921875000000284,31.521340053763442,31.424607286866358,0.14678113505733079
CNC-001,2026-09-17,78.12934375,-0.2596249999999998,78.06775,78.00417756336404,0.3891035207585375,2.76859375,0.019857862903225776,2.7776770833333333,2.768111175115208,0.020360837185307318,95.46340625,-0.01346875000000125,94.19058501344087,95.39531019585253,2.1663913984935514,31.39834375,0.6843014112903241,31.501183803763443,31.458840725806454,0.09224328875293801
CNC-001,2026-09-18,77.86971875,-0.3600854166666636,78.10170833333333,78.0379722062212,0.360748553131804,2.7884516129032257,0.0053296370967741424,2.775067204301075,2.772760944700461,0.02081961826431661,95.4499375,0.14449999999999363,94.5281683467742,94.88765149769586,1.4910337560289344,32.08264516129032,-0.566483870967744,31.67618380376344,31.560905241935483,0.24462483204095908
CNC-001,2026-09-19,77.50963333333334,0.4845229166666627,77.83623194444445,77.93513180683564,0.39775557141251694,2.79378125,-0.027656249999999716,2.7836088709677416,2.7783814804147466,0.020353995042814283,95.5944375,-4.239968750000003,95.50259375,94.77657560483873,1.387388057913967,31.51616129032258,0.08490322580645326,31.665716733870966,31.586287730414746,0.2262258129242283
CNC-001,2026-09-20,77.99415625,-0.31921875000000455,77.79116944444445,78.01226011904762,0.3366154731450597,2.766125,0.015124999999999833,2.7827859543010756,2.7745823732718895,0.019703393077647745,91.35446875,5.60756350806453,94.13294791666668,94.03453197004607,1.6464507248426328,31.601064516129032,-0.1601978494623637,31.733290322580643,31.594604982718895,0.22543123406776724
CNC-001,2026-09-21,77.6749375,0.17951411290322028,77.72624236111112,77.8930994047619,0.27308084070521205,2.78125,-0.05859375,2.780385416666667,2.7803770161290324,0.012844530637649508,96.96203225806453,0.30081149193547674,94.63697950268818,94.56180443548388,1.928131820389042,31.44086666666667,-0.19857634408602465,31.519364157706093,31.592041292242705,0.22732697143743869
CNC-001,2026-09-22,77.85445161290322,0.2880000000000109,77.84118178763441,77.90547195660521,0.2683815647709767,2.72265625,-0.03165625000000016,2.756677083333333,2.769859158986175,0.023431662194439377,97.26284375,1.0177499999999924,95.19311491935484,94.96546961405531,2.1773691642283772,31.242290322580644,0.20009677419354688,31.428073835125446,31.546990600998463,0.26362884425567257
CNC-001,2026-09-23,78.14245161290323,0.221142137096777,77.89061357526882,77.88209897273427,0.2323913671912346,2.691,0.06065625000000008,2.7316354166666663,2.7588368375576033,0.03799053133881748,98.28059375,-2.5776249999999976,97.50182325268817,95.76681710829494,2.2239870941884607,31.44238709677419,0.004741935483874471,31.37518136200717,31.53196554339478,0.2665715365766646
CNC-001,2026-09-24,78.36359375,-0.0073750000000103455,78.12016565860215,77.91556325844854,0.28486918547247936,2.75165625,0.007093750000000121,2.721770833333333,2.7564171947004605,0.037804460990745824,95.70296875,0.42067641129033007,97.08213541666667,95.80104032258065,2.22038027658381,31.447129032258065,0.27124596774193677,31.377268817204296,31.538934869431642,0.26311111533945064
CNC-001,2026-09-25,78.35621875,-0.21450000000000102,78.28742137096775,77.98506325844855,0.3279142444476718,2.75875,0.034187499999999815,2.7338020833333334,2.7521741071428574,0.03518587574494037,96.12364516129033,-0.16277016129032518,96.70240255376343,95.89728427419355,2.217223933895521,31.718375,-0.3021875000000023,31.535963709677418,31.486896274961598,0.1488772010055294
CNC-001,2026-09-26,78.14171875,-0.19812499999999034,78.28717708333333,78.0753611751152,0.25383651015564274,2.7929375,-0.030718749999999684,2.76778125,2.752053571428571,0.03502064455458721,95.960875,-1.5980040322580749,95.92916297043011,95.94963248847925,2.2132042043619187,31.4161875,-0.04368750000000077,31.527230510752688,31.472614304915513,0.15038949039586016
CNC-001,2026-09-27,77.94359375,-0.10409375000000409,78.14717708333333,78.06813796082949,0.2572291565945861,2.76221875,0.01503124999999983,2.7713020833333335,2.751495535714286,0.03478941217394479,94.36287096774193,1.82975403225808,95.4824637096774,96.37940423387097,1.258239058468259,31.3725,-0.09581249999999741,31.502354166666663,31.439962231182793,0.1424560194023395
CNC-001,2026-09-28,77.8395,-0.11631250000000648,77.9749375,78.09164688940093,0.22015186451322416,2.77725,0.00784375000000015,2.77746875,2.750924107142857,0.034247865548771204,96.192625,-2.864750000000001,95.5054569892473,96.26948891129031,1.2321968586089214,31.2766875,-0.00390625,31.355124999999997,31.41650806451613,0.15522534108237568
CNC-001,2026-09-29,77.7231875,0.8569999999999993,77.83542708333333,78.07289487327189,0.247601937382847,2.78509375,-0.04525504032258043,2.774854166666667,2.7598437500000004,0.033786265238316876,93.327875,1.9909999999999997,94.62779032258065,95.70735051843317,1.5580006497984624,31.27278125,0.2595090725806415,31.307322916666664,31.420863911290322,0.1498567098280054
CNC-001,2026-09-30,78.5801875,-1.1169294354838684,78.047625,78.13542857142856,0.31437099676522895,2.7398387096774197,0.030411290322580165,2.7673941532258066,2.7668207085253456,0.019013435534372403,95.318875,-1.126937500000011,94.94645833333334,95.28424783986176,1.0677404110200566,31.532290322580643,-0.3137278225806419,31.36058635752688,31.433707229262673,0.15574559532923196
CNC-002,2026-01-01,,,,,,,,,,,,,,,,,,,,
CNC-002,2026-01-02,67.95021875,-0.6335413306451727,,,,1.73325,0.03228125000000004,,,,92.66421875,2.003593749999993,,,,25.07441935483871,-1.4344818548387117,,,
CNC-002,2026-01-03,67.31667741935483,0.6712288306451626,,,,1.76553125,0.027718750000000014,,,,94.6678125,0.3027187499999968,,,,23.6399375,0.4461875000000006,,,
CNC-002,2026-01-04,67.98790625,-1.5680937499999885,67.7516008064516,,,1.79325,-0.11959374999999994,1.7640104166666666,,,94.97053125,0.17327520161290977,94.10085416666668,,,24.086125,0.36384274193548194,24.266827284946235,,
CNC-002,2026-01-05,66.4198125,-0.02431250000000773,67.24146538978495,,,1.67365625,0.14274999999999993,1.7441458333333333,,,95.1438064516129,-0.5415731182795867,94.92738340053764,,,24.44996774193548,-0.7530302419354804,24.058676747311825,,
CNC-002,2026-01-06,66.3955,0.6968750000000057,66.93440625000001,,,1.81640625,0.05971875000000004,1.7611041666666667,,,94.60223333333332,-0.4566526881720421,94.90552367831542,,,23.6969375,0.6843205645161277,24.077676747311827,,
CNC-002,2026-01-07,67.092375,0.6541249999999934,66.63589583333334,,,1.876125,-0.04278124999999999,1.788729166666667,,,94.14558064516127,1.4295161290322795,94.63054014336916,,,24.38125806451613,0.5705231854838715,24.176054435483866,,
CNC-002,2026-01-08,67.7465,0.09215625000000216,67.078125,67.27271284562212,0.6740902662329307,1.83334375,-0.24469858870967776,1.8419583333333334,1.7845089285714286,0.06726581122768874,95.57509677419355,-1.9209405241935542,94.77430358422937,94.53846852918586,0.941247332941665,24.95178125,-1.2586249999999986,24.34332560483871,24.325775201612903,0.5618564767774632
CNC-002,2026-01-09,67.83865625,-0.4178124999999966,67.55917708333334,67.25677534562212,0.6564914040219252,1.5886451612903223,0.2397298387096778,1.7660379704301075,1.763851094470046,0.09991333825508411,93.65415625,3.179650201612901,94.45827788978494,94.679888172043,0.638341420565636,23.69315625,0.4877792338709668,24.342065188172043,24.128451900921657,0.49350438663898266
CNC-002,2026-01-10,67.42084375,0.06593044354838185,67.66866666666667,67.27165625,0.6592503160155949,1.828375,-0.06572983870967719,1.7501213037634409,1.7728287730414747,0.10286914944251552,96.8338064516129,-2.2685483870967857,95.35435315860217,94.98931587941628,1.0339147455050464,24.180935483870968,-0.11596881720430119,24.275290994623656,24.20573732718894,0.44414269939769974
CNC-002,2026-01-11,67.48677419354838,-0.29887096774193367,67.58209139784947,67.20006595622121,0.5923190794092216,1.762645161290323,-0.0335514112903228,1.7265551075268817,1.7684566532258066,0.10250629481336597,94.56525806451612,0.8138669354838868,95.01774025537634,94.93141971006143,1.0464134467257225,24.064966666666667,0.3171270833333324,23.979686133512548,24.202714708141322,0.44516321745262266
CNC-002,2026-01-12,67.18790322580645,-1.1054032258064552,67.36517372311829,67.30979320276498,0.4851328592287169,1.72909375,0.014499999999999957,1.773371303763441,1.7763762960829494,0.09588927586534733,95.379125,2.677968750000005,95.59272983870967,94.9650366455453,1.0580885138716947,24.38209375,0.32675000000000054,24.20933196684588,24.193018423579108,0.4395843478852434
CNC-002,2026-01-13,66.0825,1.2221562499999976,66.91905913978495,67.26507891705069,0.5871462509634934,1.74359375,-0.014281250000000023,1.7451108870967744,1.7659745103686635,0.09476588472884297,98.05709375,-3.453562500000004,96.00049227150537,95.45858813364055,1.5514158701635936,24.70884375,-1.8269374999999997,24.38530138888889,24.337576459293395,0.41495114134985533
CNC-002,2026-01-14,67.30465625,0.31931250000000944,66.85835315860214,67.29540480990784,0.5822007706393837,1.7293125,-0.007280241935483822,1.734,1.7450012960829493,0.08166525175635136,94.60353125,-3.2559062500000095,96.01325000000001,95.52400964861752,1.4954665381455388,22.88190625,1.5927187499999995,23.990947916666666,24.12338334293395,0.6866614323624508
CNC-002,2026-01-15,67.62396875,-0.052162298387102624,67.00370833333334,67.27790034562211,0.568047675862049,1.7220322580645162,-0.01856350806451612,1.7316461693548388,1.72909965437788,0.0718429214183749,91.347625,3.02962500000001,94.66941666666666,94.920085109447,2.1719816564603076,24.474625,-0.8623750000000001,24.02179166666667,24.05521816436252,0.6101401074621685
CNC-002,2026-01-16,67.5718064516129,0.49387096774194106,67.50014381720429,67.23977894585254,0.5319507964895069,1.70346875,0.0748749999999998,1.718271169354839,1.7455030241935485,0.04085424700309399,94.37725,1.6710080645161156,93.44280208333333,95.02338421658987,2.118270719089525,23.61225,0.1499062500000008,23.65626041666667,24.043660128648234,0.6188460433047299
CNC-002,2026-01-17,68.06567741935484,-1.768646169354838,67.75381754032259,67.33189804147466,0.6174884924838276,1.77834375,0.08681754032258082,1.7346149193548388,1.738355702764977,0.025388896724569357,96.04825806451612,0.72761693548388,93.92437768817204,94.91116301843317,2.0251340527645594,23.76215625,0.3023437499999986,23.94967708333333,23.983834523809524,0.6235875695609725
CNC-002,2026-01-18,66.29703125,1.5981874999999945,67.31150504032257,67.16193476382487,0.72255360510132,1.8651612903225807,-0.13366129032258067,1.7823245967741936,1.7530008640552996,0.05455255945291468,96.775875,0.9612187500000005,95.73379435483871,95.22696543778802,2.131759443533343,24.0645,-0.9413124999999987,23.81296875,23.983767857142855,0.6235774751115665
CNC-002,2026-01-19,67.89521875,-0.013625000000004661,67.41930913978496,67.26297983870968,0.7743882065565592,1.7315,0.07006249999999992,1.7916683467741936,1.7533446140552995,0.054384128140197635,97.73709375,-2.459812499999998,96.85374227150537,95.56381811635946,2.3362966946477455,23.1231875,0.018687499999998636,23.649947916666665,23.803924107142855,0.6694054349545739
CNC-002,2026-01-20,67.88159375,-2.4464374999999876,67.35794791666666,67.51999323156681,0.595094096146355,1.8015625,0.019156249999999986,1.7994079301075268,1.7616258640552995,0.057002385660061494,95.27728125,0.4104062499999941,96.59675,95.16670204493087,2.0620162157340585,23.141875,0.8408669354838736,23.443187499999997,23.580071428571426,0.5711510492556598
CNC-002,2026-01-21,65.43515625,1.7279999999999944,67.07065625,67.25292180299539,0.9937896397103367,1.82071875,-0.07562499999999983,1.78459375,1.7746838997695853,0.058807399507947965,95.6876875,-0.7372812499999952,96.23402083333333,95.32158150921659,2.053363752668198,23.982741935483872,-0.2847731854838713,23.415934811827956,23.737333669354836,0.4930973805664514
CNC-002,2026-01-22,67.16315625,1.8936562499999923,66.82663541666666,67.18709144585253,0.9802851331921971,1.74509375,-0.02184375000000016,1.789125,1.7779783986175115,0.05594233184250095,94.95040625,0.5098749999999939,95.30512499999999,95.83626454493087,1.139368725053103,23.69796875,0.19515625000000014,23.60752856182796,23.6263827764977,0.372077623303634
CNC-002,2026-01-23,69.05681249999999,-3.081593749999996,67.218375,67.39923516705069,1.2109617479304269,1.72325,0.07581250000000006,1.7630208333333333,1.7808042914746542,0.051905165344935944,95.46028125,-0.7338941532257905,95.36612500000001,95.99098329493086,0.9690236756921133,23.893125,-0.34268750000000026,23.85794522849463,23.666507776497696,0.38521252048536125
CNC-002,2026-01-24,65.97521875,2.5118780241935497,67.39839583333332,67.10059821428571,1.2752750947136042,1.7990625,-0.0357812500000001,1.7558020833333332,1.7837641129032258,0.05233045838848558,94.7263870967742,-0.9341683467742001,95.04569153225806,95.80214458525346,1.0786058935468477,23.5504375,-0.25790625000000134,23.713843750000006,23.636262240783406,0.3847623178059687
CNC-002,2026-01-25,68.48709677419355,0.5480322580645236,67.83970934139785,67.41346471774193,1.3133557306141006,1.76328125,-0.008843749999999817,1.7618645833333335,1.7692098214285714,0.038170923989917116,93.79221875,0.11045866935484128,94.65962903225807,95.37590797811059,1.2110774450394854,23.29253125,1.3021562499999995,23.57869791666667,23.525980990783413,0.3506855153637607
CNC-002,2026-01-26,69.03512903225807,-0.4558165322580692,67.8324815188172,67.5763090437788,1.4469220164739767,1.7544375,-0.05237500000000006,1.7722604166666667,1.772486607142857,0.035268366858884154,93.90267741935484,2.096709677419355,94.14042775537636,94.82813421658986,0.7410655437167302,24.5946875,-0.848749999999999,23.812552083333333,23.7361952764977,0.48450020111993697
CNC-002,2026-01-27,68.5793125,-1.7656350806451542,68.7005127688172,67.67598315092165,1.4947002273833323,1.7020625,-0.00964314516129039,1.7399270833333336,1.7582723214285714,0.04115615000259024,95.9993870967742,-2.232980846774197,94.56476108870969,94.93129219470045,0.8554412227118967,23.7459375,0.5864374999999988,23.87771875,23.82248991935484,0.40889966810803074
CNC-002,2026-01-28,66.81367741935485,0.2673225806451569,68.14270631720431,67.87291474654378,1.2148775123277225,1.6924193548387096,-0.01745060483870975,1.7163064516129032,1.73994383640553,0.03707761077095421,93.76640625,1.6202711693548366,94.556156922043,94.65682344470045,0.880167773427745,24.332375,-0.8868437500000006,24.224333333333334,23.872437499999997,0.4509309615632463
CNC-002,2026-01-29,67.081,-0.28025000000000944,67.49132997311828,67.86117813940092,1.2232451257825372,1.67496875,0.04499899193548407,1.6898168682795698,1.7299259792626729,0.0442365484905243,95.38667741935484,1.184603830645159,95.05082358870969,94.71914789746545,0.9190101065048729,23.44553125,0.5784375000000033,23.841281249999998,23.836375,0.47657431508577763
CNC-002,2026-01-30,66.80075,0.9501562500000063,66.89847580645161,67.53888349654378,1.1507838838078879,1.719967741935484,0.059594758064515974,1.6957852822580646,1.7294570852534563,0.044336388543597144,96.57128125,0.2145312500000074,95.24145497311828,94.87786218317974,1.1381465337008654,24.02396875,0.4639375000000001,23.933958333333333,23.855066964285715,0.48170938552788684
CNC-002,2026-01-31,67.75090625,-0.19968749999999602,67.21088541666667,67.79255313940092,0.9215285741491444,1.7795625,-0.035656249999999945,1.724832997311828,1.726671370967742,0.039592948637449416,96.7858125,-0.9177157258064454,96.24792372311829,95.17206581221198,1.34062824049986,24.48790625,-0.6986875000000019,23.985802083333336,23.988991071428575,0.512250000544695
CNC-002,2026-02-01,67.55121875,-1.0444375000000008,67.36762499999999,67.65885627880185,0.870442124342414,1.74390625,-0.1341729166666663,1.7478121639784945,1.7239035138248848,0.03721276678597325,95.86809677419356,-2.823503024193556,96.40839684139786,95.46861981566822,1.2075164402976761,23.78921875,0.7519687499999996,24.100364583333334,24.05994642857143,0.4270071109755285
CNC-002,2026-02-02,66.50678125,0.24912499999999227,67.26963541666667,67.29766373847926,0.7148364349938859,1.6097333333333337,0.0948795698924727,1.7110673611111114,1.7032314900153611,0.05388246142339832,93.04459375,0.6989374999999995,95.23283434139785,95.34603643433181,1.418162878653412,24.5411875,-0.1057187500000012,24.272770833333336,24.052303571428574,0.41618235174860585
CNC-002,2026-02-03,66.75590625,1.894029233870981,66.93796875,67.0371771313364,0.4549453252276361,1.7046129032258064,-0.041550403225806276,1.68608416218638,1.7035958333333334,0.0538818621874012,93.74353125,0.9567812499999917,94.21874059139786,95.02377131336407,1.4989600741121107,24.43546875,-0.8818124999999988,24.255291666666665,24.150808035714284,0.4131746961838309
CNC-002,2026-02-04,68.64993548387098,-0.4619677419354815,67.30420766129033,67.29949971198157,0.7428769438113106,1.6630625,0.09424999999999994,1.6591362455197134,1.6994019969278031,0.05599769344905861,94.7003125,0.8458437500000002,93.82947916666667,95.15718649193549,1.4071454115190538,23.55365625,-0.8126874999999991,24.176770833333332,24.0395625,0.45848931022560585
CNC-002,2026-02-05,68.1879677419355,-1.1282177419355008,67.86460315860215,67.4576379608295,0.803925400534974,1.7573125,0.020187500000000025,1.7083293010752687,1.7111653897849464,0.058598138422860026,95.54615625,-1.3448750000000018,94.66333333333334,95.17996918202765,1.4127601403576904,22.74096875,0.10003125000000068,23.576697916666664,23.938910714285715,0.6485666007097327
CNC-002,2026-02-06,67.05975,0.36528125000000955,67.96588440860216,67.4946379608295,0.7740592498900649,1.7775,0.17828124999999995,1.7326250000000003,1.7193842837941629,0.06383885772997232,94.20128125,0.3734687500000007,94.81591666666667,94.84139775345622,1.3035217551692837,22.841,3.406781249999998,23.045208333333335,23.76991517857143,0.7661688720294547
CNC-002,2026-02-07,67.42503125,-0.08209576612904357,67.55758299731183,67.44808438940092,0.7658336794099043,1.95578125,-0.2408457661290324,1.8301979166666669,1.74455839093702,0.10975606040224896,94.57475,0.46031250000000057,94.7740625,94.52553168202765,0.9820867654715243,26.24778125,-1.5002328629032284,23.943249999999995,24.021325892857142,1.204432515148628
CNC-002,2026-02-08,67.34293548387096,0.3979082661290363,67.27590557795698,67.41832963709678,0.7652047140162649,1.7149354838709676,-0.05519354838709667,1.816072244623656,1.740419710061444,0.11032946671193962,95.0350625,-0.06581249999999272,94.60369791666666,94.40652678571428,0.8311610313111353,24.74754838709677,-0.6758921370967705,24.61210987903226,24.15823012672811,1.2278892527351741
CNC-002,2026-02-09,67.74084375,0.3418125000000032,67.50293682795699,67.59462427995392,0.6543146299014392,1.659741935483871,0.1696018145161291,1.7768195564516127,1.7475637960829495,0.10174171206420649,94.96925,-0.7911250000000081,94.85968749999999,94.68147767857143,0.5884417030834744,24.07165625,-0.3780756048387097,25.022328629032256,24.09115423387097,1.2162522052371652
CNC-002,2026-02-10,68.08265625,-0.48626915322580544,67.72214516129031,67.78415999423963,0.5555817627356862,1.82934375,-0.06750000000000012,1.7346737231182796,1.7653824884792626,0.10386601699383644,94.178125,-0.44584374999999454,94.72747916666667,94.74356249999998,0.4872064190120218,23.69358064516129,1.2292258064516126,24.170928427419355,23.98517021889401,1.2135691542493885
CNC-002,2026-02-11,67.5963870967742,0.4573316532258076,67.80662903225806,67.63365308179723,0.40397023781309366,1.76184375,-0.09446874999999988,1.7503098118279568,1.77949409562212,0.09387764852147655,93.73228125,-1.1285937499999932,94.29321875000001,94.60527232142856,0.6206408728128594,24.922806451612903,-2.179712701612903,24.229347782258063,24.18076310483871,1.2424211519720185
CNC-002,2026-02-12,68.05371875,-0.4076249999999959,67.91092069892473,67.61447465437789,0.3754480560705888,1.667375,-0.08831250000000002,1.7528541666666666,1.7666458813364054,0.10311903275502272,92.6036875,4.639343749999995,93.50469791666667,94.18491964285714,0.836199255330276,22.74309375,0.779187499999999,23.786493615591397,24.18106667626728,1.242010913648542
CNC-002,2026-02-13,67.64609375,-0.6079062500000134,67.76539986559139,67.69823804723502,0.2857544516992918,1.5790625,0.09835685483870948,1.6694270833333331,1.7382976670506913,0.12466326228905829,97.24303125,-3.370874999999998,94.52633333333334,94.61945535714287,1.4274338897893233,23.52228125,0.7166562499999998,23.7293938172043,24.278392569124424,1.142180655063636
CNC-002,2026-02-14,67.03818749999999,1.5592963709677434,67.57933333333334,67.64297465437788,0.3718378035100484,1.6774193548387095,0.031111895161290537,1.6412856182795699,1.6985316820276497,0.08019070901985739,93.87215625,1.3063437499999964,94.57295833333335,94.51908482142858,1.4555264072845882,24.2389375,-1.026614919354838,23.501437499999998,23.991414890552992,0.749892381494459
CNC-002,2026-02-15,68.59748387096774,-1.3469838709677333,67.76058837365592,67.82219585253456,0.4874769718237081,1.70853125,0.09246874999999988,1.6550043682795696,1.6976167914746543,0.08000869364252002,95.1785,1.1511562499999997,95.43122916666668,94.53957589285714,1.464980031644634,23.21232258064516,0.08633366935483977,23.657847110215055,23.772096918202767,0.7156088147784668
CNC-002,2026-02-16,67.2505,0.07469354838710274,67.62872379032258,67.7521467453917,0.5341149423248923,1.801,-0.1676249999999999,1.7289835349462364,1.7177965149769585,0.08642085083527981,96.32965625,-1.2602812500000056,95.12677083333334,94.73391964285715,1.6141241357279146,23.29865625,-0.05406250000000057,23.583305443548387,23.661668346774196,0.7212980015290748
CNC-002,2026-02-17,67.3251935483871,0.5417127016128944,67.72439247311827,67.64393778801843,0.5327227046493842,1.633375,0.20296874999999992,1.7143020833333333,1.689800979262673,0.07528760097649141,95.069375,2.8867812500000127,95.52584374999999,94.86124107142858,1.5980471280925541,23.24459375,0.9009062499999985,23.25185752688172,23.597527361751155,0.7377622928860554
CNC-002,2026-02-18,67.86690625,-1.8425000000000011,67.48086659946237,67.6825833813364,0.5384793982308037,1.83634375,-0.12199999999999989,1.7569062500000001,1.7004438364055299,0.09083048969324783,97.95615625,-1.3530625000000072,96.45172916666667,95.4646517857143,1.874288575921424,24.1455,-0.15572580645160983,23.562916666666666,23.48648358294931,0.5359343096246936
CNC-002,2026-02-19,66.02440625,-0.433250000000001,67.07216868279569,67.39268159562212,0.7919668546732006,1.71434375,0.11415624999999996,1.7280208333333331,1.7071536578341013,0.08970839321470614,96.60309375,-2.5618750000000006,96.542875,96.03599553571429,1.408524268649221,23.98977419354839,0.3546320564516101,23.79328931451613,23.664580789170508,0.44758541016131376
CNC-002,2026-02-20,65.59115625,1.8810937500000051,66.49415624999999,67.09911909562211,1.028047684893923,1.8285,0.02520967741935487,1.7930624999999998,1.74278758640553,0.07928296040418865,94.04121875,1.0250625000000042,96.20015625,95.57859375,1.469769151175563,24.34440625,-0.9646249999999981,24.15989348118279,23.782027217741934,0.5078310167746507
CNC-002,2026-02-21,67.47225,-0.3386250000000075,66.36260416666667,67.16112802419354,1.0368132680151299,1.8537096774193549,-0.16852217741935482,1.7988511424731184,1.7679719182027651,0.08297155884488974,95.06628125,-3.1486875000000083,95.23686458333333,95.74918303571428,1.2979572650855686,23.37978125,0.7037026209677393,23.90465389784946,23.65929061059908,0.48217198504806585
CNC-002,2026-02-22,67.133625,1.296062500000005,66.73234375,66.95200532834102,0.8247628649826453,1.6851875,0.19365120967741944,1.7891323924731182,1.7646370967741938,0.08616640594992334,91.91759375,3.742156250000008,93.67503125,95.28333928571429,1.9555256285365858,24.08348387096774,1.0397661290322588,23.935890456989245,23.783742223502305,0.4594708938284315
CNC-002,2026-02-23,68.4296875,-1.074515086206901,67.67852083333334,67.12046068548388,0.9980988411897019,1.8788387096774195,-0.07271370967741952,1.8059119623655915,1.7757569124423964,0.09609205017515503,95.65975,-2.0916250000000076,94.21454166666668,95.18763839285715,1.9116867819198258,25.12325,-0.5574999999999974,24.195505040322576,24.0443984735023,0.6258410248902032
CNC-002,2026-02-24,67.3551724137931,0.08421468298109858,67.63949497126437,67.12474338054187,0.9991874566049478,1.806125,-0.028156249999999883,1.7900504032258064,1.8004354838709677,0.07278791243291849,93.568125,3.798468750000012,93.71515624999999,94.97317410714285,2.0089031420000834,24.56575,0.3204999999999991,24.590827956989244,24.23313508064516,0.5374059919229373
CNC-002,2026-02-25,67.4393870967742,-0.7606058467741974,67.7414156701891,67.06366921579533,0.9585003920000718,1.77796875,0.047374999999999945,1.82097748655914,1.7920961981566823,0.0713173961116984,97.36659375,-4.4601875000000035,95.53148958333334,94.88895089285714,1.8705957730566443,24.88625,-1.0666875000000005,24.858416666666667,24.338956509216587,0.5878382952589917
CNC-002,2026-02-26,66.67878125,0.08400000000000318,67.15778025352243,67.15715135865247,0.8678744980020578,1.82534375,-0.25260181451612906,1.8031458333333334,1.807953341013825,0.06300375594755048,92.90640625,2.5037499999999966,94.61370833333335,94.36085267857142,1.8273274991897095,23.8195625,-0.517687500000001,24.42385416666667,24.314640552995392,0.6078687022957064
CNC-002,2026-02-27,66.76278125,1.5886703629032155,66.96031653225806,67.32452635865248,0.5811372806250976,1.572741935483871,0.158883064516129,1.725351478494624,1.7714164746543781,0.10752866397174979,95.41015625,-0.10703125000000568,95.22771875000001,94.55641517857143,1.8603724552108996,23.301875,0.5907499999999999,24.0025625,24.165707517281106,0.7172362325982462
CNC-002,2026-02-28,68.35145161290322,-0.3534828629032205,67.2643380376344,67.45012658906721,0.7010288287031293,1.731625,-0.04149999999999987,1.709903561827957,1.7539758064516129,0.10169925707335724,95.303125,-0.7984062499999993,94.53989583333333,94.59025,1.8732997897329347,23.892625,0.29637500000000117,23.671354166666664,24.238970910138246,0.6462569368579295
CNC-002,2026-03-01,67.99796875,-1.0756562499999944,67.70406720430107,67.57360426763866,0.7120251785942404,1.690125,0.012599137931034399,1.6648306451612902,1.75468116359447,0.10115832888331068,94.50471875,-1.5724854166666518,95.07266666666665,94.9598392857143,1.4698958634622046,24.189,-1.201870967741936,23.7945,24.254044642857142,0.6432493711883746
CNC-002,2026-03-02,66.9223125,-0.729781250000002,67.7572442876344,67.35826498192435,0.6335856348030918,1.7027241379310345,0.06685650723025582,1.7081580459770116,1.7295219390592724,0.08587934872710296,92.93223333333334,2.3783150537634157,94.24669236111112,94.57019404761904,1.6084210738954643,22.987129032258064,0.6240272177419364,23.689584677419358,23.948884504608294,0.6683707507647201
CNC-002,2026-03-03,66.19253125,1.1358125000000001,67.03760416666667,67.19217338709677,0.7718381937983144,1.7695806451612903,-0.13729939516129042,1.7208099276974416,1.7243013169394565,0.0814426812228513,95.31054838709676,-3.8749858870967557,94.2491668234767,94.81911167434716,1.5616429587255205,23.61115625,0.8212499999999991,23.59576176075269,23.812513968894006,0.6169380893230761
CNC-002,2026-03-04,67.32834375,1.7605594758064456,66.81439583333334,67.17631005184332,0.7670366588456126,1.63228125,0.19196875000000002,1.7015286776974416,1.7034888169394566,0.08401670488964896,91.4355625,3.9920826612903113,93.22611474014337,93.97182149577573,1.5580868581773162,24.43240625,-0.7718256048387104,23.676897177419352,23.74767914746544,0.49759557432675716
CNC-002,2026-03-05,69.08890322580645,-1.2420645161290338,67.53659274193548,67.52061319124424,1.0091858594840737,1.82425,-0.04368749999999988,1.7420372983870969,1.7033325669394566,0.08375291828511731,95.42764516129031,0.4742258064516278,94.05791868279569,94.33199848310292,1.5621581551115797,23.66058064516129,0.4538881048387111,23.901381048387094,23.72496745391705,0.49739593871526105
CNC-002,2026-03-06,67.84683870967741,0.13163004032259096,68.08802856182795,67.67547854262672,0.955245822828771,1.7805625,-0.12875000000000014,1.7456979166666666,1.733021219013189,0.06432721693358417,95.90187096774194,-2.641387096774224,94.25502620967741,94.40224344278035,1.62837155755248,24.11446875,-0.23318749999999966,24.06915188172043,23.84105227534562,0.4765834228877904
CNC-002,2026-03-07,67.97846875,-0.7347913306451659,68.30473689516128,67.62219527649769,0.9210462548166194,1.6518125,0.17118750000000005,1.7522083333333331,1.7216194332989034,0.07131017531931819,93.26048387096772,0.8835483870967948,94.86333333333333,94.11043756720429,1.6230391365797654,23.88128125,-1.212843750000001,23.885443548387098,23.839431739631333,0.4763980820263154
CNC-002,2026-03-08,67.24367741935484,0.9389163306451564,67.68966162634409,67.51443937211981,0.9138515507966167,1.823,-0.10021875000000002,1.7517916666666666,1.7406015761560465,0.07881911186180758,94.14403225806451,-0.2309697580645178,94.43546236559139,94.0589109254992,1.6141366227660183,22.6684375,1.6336875000000006,23.554729166666664,23.62220852534562,0.6165034282373403
CNC-002,2026-03-09,68.18259375,-0.11974999999999625,67.80157997311828,67.69447955069124,0.9018187844622786,1.72278125,-0.08846874999999987,1.7325312499999999,1.7434668778801843,0.07756729163349142,93.9130625,1.5856250000000074,93.77252620967742,94.19902937788017,1.5409444789573825,24.302125,-0.5183508064516111,23.61728125,23.8100650921659,0.5905348824376601
CNC-002,2026-03-10,68.06284375,-0.9185856854838619,67.82970497311828,67.96166705069125,0.6137021650528669,1.6343125,0.058062499999999906,1.7266979166666667,1.7241428571428572,0.08633166019749314,95.4986875,2.2709375000000023,94.5185940860215,94.22590639400923,1.5650154116358121,23.78377419354839,1.06872580645161,23.584778897849464,23.8347247983871,0.5844168689579806
CNC-002,2026-03-11,67.14425806451614,-0.06913306451613721,67.79656518817204,67.93536909562212,0.6483311981206185,1.692375,0.06706250000000002,1.68315625,1.7327276785714285,0.07828759063285996,97.769625,-2.9525000000000006,95.727125,95.13077246543779,1.513058915629679,24.8525,0.021338709677419132,24.312799731182796,23.89473819124424,0.6711545341792755
CNC-002,2026-03-12,67.075125,0.839718750000003,67.42740893817205,67.64768649193549,0.4747016617561422,1.7594375,-0.03703125000000007,1.695375,1.72346875,0.06893313912241991,94.817125,2.8080624999999912,96.02847916666667,95.04355529953916,1.510688429703481,24.87383870967742,-1.7590887096774175,24.503370967741933,24.068060771889403,0.7523533636280301
CNC-002,2026-03-13,67.91484375,-0.19849999999999568,67.37807560483871,67.65740149769586,0.48012163934271407,1.72240625,-0.06017291666666669,1.7247395833333332,1.7151607142857144,0.0642507255870884,97.6251875,-2.449343749999997,96.73731249999999,95.28974337557604,1.7887116518383959,23.11475,0.4427500000000002,24.280362903225807,23.925243807603685,0.8326748497991266
CNC-002,2026-03-14,67.71634375000001,0.18012499999998965,67.56877083333335,67.61995506912443,0.4607376503872311,1.6622333333333332,-0.04288958333333315,1.7146923611111111,1.7166494047619048,0.0626388224090518,95.17584375,-0.7952812500000022,95.87271874999999,95.5633662154378,1.5582002983538363,23.5575,0.7669687500000002,23.84869623655914,23.878989343317972,0.8444338247432687
CNC-002,2026-03-15,67.89646875,-0.09914616935483878,67.84255208333333,67.71321097350231,0.43735443197174245,1.61934375,0.10965625000000001,1.6679944444444443,1.6875556547619048,0.05127466846059709,94.3805625,-1.1986249999999927,95.72719791666667,95.59715625,1.524491849786374,24.32446875,0.8501249999999985,23.665572916666665,24.115565236175115,0.6607634436862226
CNC-002,2026-03-16,67.79732258064516,-0.7882913306451655,67.80337836021506,67.65817223502305,0.3901331241686851,1.729,0.013468749999999918,1.6701923611111111,1.6884440476190474,0.0520349501997149,93.1819375,1.2079374999999999,94.24611458333334,95.49270982142858,1.6765638896695645,25.17459375,-1.1396875000000009,24.3521875,24.24020362903226,0.7743431319372289
CNC-002,2026-03-17,67.00903124999999,1.545843750000003,67.56760752688172,67.5076275921659,0.41073151903925764,1.74246875,-0.0814062499999999,1.6969375,1.7038949404761905,0.04926653638264969,94.389875,0.9997187499999995,93.984125,95.33430803571427,1.7275112101689112,24.03490625,-0.16937499999999872,24.511322916666668,24.276079637096775,0.7552541828692533
CNC-002,2026-03-18,68.554875,-0.42174999999998875,67.7870762768817,67.70914429723503,0.5311354389467855,1.6610625,-0.03615625000000011,1.7108437499999998,1.6994217261904763,0.051841088994972084,95.38959375,0.2061804435483907,94.32046874999999,94.99430357142856,1.3643579949975355,23.86553125,-0.6414687500000014,24.35834375,24.13508410138249,0.721062253459871
CNC-002,2026-03-19,68.133125,-1.052937500000013,67.89901041666667,67.86028715437789,0.4673505378237176,1.62490625,0.23753124999999997,1.6761458333333332,1.6802029761904762,0.05081031993947001,95.5957741935484,0.8035161290322463,95.1250809811828,95.10553917050693,1.379166268962625,23.2240625,-0.030218749999999517,23.708166666666667,23.899401785714286,0.7088680589109602
CNC-002,2026-03-20,67.0801875,2.2337187500000084,67.92272916666667,67.74105054723502,0.5502358010402973,1.8624375,-0.08981250000000007,1.716135416666667,1.7002074404761902,0.08574884535902993,96.39929032258064,-2.0228528225806457,95.79488608870967,94.93041100230414,1.0426786654856877,23.19384375,-0.12558568548386972,23.427812499999998,23.91070089285714,0.6947665768498514
CNC-002,2026-03-21,69.31390625,-0.8231320564516125,68.17573958333334,67.96927376152072,0.8088284127466021,1.772625,0.014213709677419306,1.7533229166666666,1.7159776785714287,0.0877292749784478,94.3764375,4.051406249999999,95.45716733870968,94.816210109447,1.0550220611328522,23.06825806451613,1.0498669354838697,23.162054771505378,23.840809187788018,0.7579543382345871
CNC-002,2026-03-22,68.49077419354839,-1.5797741935483884,68.2949559811828,68.0541745391705,0.830805386776476,1.7868387096774192,-0.026903225806451436,1.8073004032258062,1.739905529953917,0.07942913949473401,98.42784375,-0.8457770833333313,96.40119052419355,95.39439314516129,1.6927526227668768,24.118125,-0.3810000000000002,23.460075604838707,23.811331509216586,0.7398044365391168
CNC-002,2026-03-23,66.911,-1.7004687499999989,68.23856014784946,67.92755702764977,0.9372012131006826,1.7599354838709678,-0.12131048387096777,1.773133064516129,1.7443248847926267,0.07958170099050604,97.58206666666666,-1.700691666666657,96.79544930555555,96.02298302611368,1.544751729628666,23.737125,0.6554062500000022,23.64116935483871,23.605978830645164,0.43506670688274995
CNC-002,2026-03-24,65.21053125,2.196468749999994,66.8707684811828,67.6706284562212,1.3751684817696757,1.638625,0.16631250000000009,1.7284663978494625,1.7294900633640553,0.08909545416418739,95.881375,-0.23343951612902458,97.29709513888889,96.2360544546851,1.3755460981935619,24.39253125,0.12890625,24.08259375,23.657068116359447,0.5086114116136524
CNC-002,2026-03-25,67.407,-0.22584374999999568,66.50951041666667,67.50664631336406,1.3194637250305519,1.8049375,-0.11387500000000017,1.7344993279569891,1.7500436347926267,0.08725521846289402,95.64793548387098,-1.321997983870986,96.3704590501792,96.27296041666668,1.3523199977926919,24.5214375,0.2564334677419353,24.21703125,23.750769009216587,0.6047495294436841
CNC-002,2026-03-26,67.18115625,1.534937499999998,66.5995625,67.37065077764977,1.2929238097189608,1.6910625,-0.06435282258064512,1.7115416666666665,1.7594945276497695,0.07402140732264759,94.3259375,3.0850625000000065,95.28508266129033,96.09155517473118,1.531588406590386,24.777870967741936,0.032472782258064825,24.563946572580647,23.972741647465437,0.6616831670837118
CNC-002,2026-03-27,68.71609375,-1.9668679435483796,67.76808333333332,67.60435167050692,1.3767986412542372,1.6267096774193548,0.07783870967741913,1.7075698924731182,1.7258191244239633,0.0729969678247218,97.411,-4.648656250000002,95.79495766129033,96.23608512864824,1.6111377789140369,24.81034375,-0.8414687500000007,24.70321740591398,24.20367021889401,0.6256392721837387
CNC-002,2026-03-28,66.74922580645162,1.3935866935483858,67.54882526881721,67.23796875000001,1.1720676362304818,1.704548387096774,0.10735786290322613,1.6741068548387095,1.7160938940092163,0.07020320197028569,92.76234375,0.2508229166666638,94.83309375,96.00550030721966,1.9921091837441867,23.968875,0.6030625000000001,24.51902990591398,24.33232978110599,0.4079710053541458
CNC-002,2026-03-29,68.1428125,-1.8381350806451593,67.86937735215054,67.18825993663594,1.1161226958419208,1.81190625,-0.03759375000000009,1.7143881048387095,1.7196749711981565,0.07489586906835936,93.01316666666666,-0.2761354166666621,94.39550347222223,95.23197500960062,1.9454612631693786,24.5719375,-1.0453125000000014,24.450385416666666,24.397160138248847,0.4042996808293077
CNC-002,2026-03-30,66.30467741935485,2.5568709677419292,67.06557190860217,67.1016424251152,1.163737232103804,1.7743125,-0.009749999999999925,1.7635890456989245,1.721728830645161,0.07636662613507648,92.73703125,1.3528124999999989,92.83751388888889,94.53982709293395,1.8283530638296797,23.526625,1.3077500000000022,24.022479166666667,24.36708870967742,0.4648663605454355
CNC-002,2026-03-31,68.86154838709678,-0.9194233870967707,67.76967943548387,67.62321630184331,0.9782977076265429,1.7645625,0.018468750000000034,1.7835937499999999,1.7397199020737326,0.06788948805226466,94.08984375,0.38090624999999534,93.28001388888889,94.28389405721967,1.7321216155660808,24.834375,-1.1502187500000005,24.31097916666667,24.430209245391705,0.49773221365575204
CNC-002,2026-04-01,67.942125,0.4669687499999924,67.70278360215055,67.69966273041474,0.9794933470908996,1.78303125,0.06896875000000002,1.77396875,1.7365904377880186,0.06481753682569313,94.47075,-0.2638125000000002,93.765875,94.11572470238094,1.6318604593658754,23.68415625,-1.1225312500000015,24.015052083333334,24.31059763824885,0.5678245123003649
CNC-002,2026-04-02,68.40909375,-1.270687499999994,68.40425571236558,67.8750823732719,0.981111813674398,1.852,-0.017166666666666996,1.7998645833333333,1.7595815092165898,0.07388541449839321,94.2069375,-0.8332923387096685,94.25584375,94.09872470238096,1.6299242675258212,22.561625,0.8805624999999999,23.69338541666667,23.993991071428574,0.8239570132826857
CNC-002,2026-04-03,67.13840625,0.8038437499999986,67.829875,67.64969844470046,0.935885366341548,1.834833333333333,-0.16241397849462347,1.8232881944444443,1.7893134600614438,0.049285423629532484,93.37364516129033,2.65582358870968,94.01711088709676,93.52195972542243,0.7263936639759914,23.4421875,1.7235624999999999,23.229322916666664,23.798540178571425,0.757636575523549
CNC-002,2026-04-04,67.94225,-0.25581250000000466,67.82991666666668,67.82013047235024,0.8491853372031751,1.6724193548387096,0.0036743951612903114,1.7864175627240144,1.7847235983102918,0.05902819145531219,96.02946875,0.46603125000000034,94.53668380376344,93.98869186827957,1.1069175937692526,25.16575,-1.8900725806451604,23.723187499999998,23.96952232142857,0.9201162585613691
CNC-002,2026-04-05,67.6864375,10.264968750000008,67.58903124999999,67.7549340437788,0.8377241512299449,1.67609375,1.1316249999999999,1.7277821460573477,1.7653218125960062,0.06991960465136815,96.4955,0.203125,95.29953797043011,94.48616805875577,1.3510279435808685,23.27567741935484,8.370791330645162,23.96120497311828,23.78434230990783,0.9090433451076019
CNC-002,2026-04-06,77.95140625,0.02281250000000057,71.19336458333333,69.4187524481567,3.801259657833916,2.80771875,-0.06034374999999992,2.0520772849462365,1.9129512768817203,0.4006831329658222,96.698625,-0.31912500000001387,96.40786458333334,95.05211002304148,1.3257144626298936,31.64646875,-0.19066229838709603,26.695965389784945,24.94431998847926,3.089928134665628
CNC-002,2026-04-07,77.97421875,0.08200705645160156,74.53735416666667,70.7205625,4.961854682078847,2.747375,0.04115625000000023,2.410395833333333,2.053353062596006,0.49992281551516127,96.3795,2.9902741935484016,96.52454166666666,95.37920377304148,1.3311767062909432,31.455806451612904,0.4310685483870955,28.792650873655912,25.890238767281108,3.9456720376221632
CNC-002,2026-04-08,78.05622580645161,0.22339919354838855,77.99395026881722,72.1654340437788,5.465020220677275,2.78853125,-0.04375000000000018,2.7812083333333333,2.196995919738863,0.5511377808449116,99.3697741935484,-3.622117943548389,97.48263306451612,96.07906437211982,1.9279919846178748,31.886875,-0.3801874999999981,31.6630500672043,27.062055731566822,4.375894727954313
CNC-002,2026-04-09,78.279625,-0.4389687500000008,78.10335651881721,73.57550993663595,5.6058558156571365,2.74478125,-0.00621874999999994,2.7602291666666665,2.324536098310292,0.5612037990205426,95.74765625,1.0606875000000002,97.16564348118281,96.29916705069125,1.7592031600887803,31.5066875,-0.1971562500000026,31.616456317204307,28.339921802995395,4.142483372177586
CNC-002,2026-04-10,77.84065625,0.16795665322580078,78.05883568548387,75.1044027937788,4.982407252476216,2.7385625,0.06223750000000017,2.7572916666666667,2.453640264976958,0.5330153353837835,96.80834375,2.378687499999998,97.30859139784947,96.78983827764976,1.1961082285059526,31.30953125,0.0905332661290359,31.567697916666663,29.463828052995392,3.627433277265638
CNC-002,2026-04-11,78.0086129032258,-0.2704566532257928,78.04296471774194,76.54245463709677,3.9074361621369893,2.8008,-0.02602580645161323,2.76138125,2.6148375,0.4149204778541388,99.18703125,-5.397406250000003,97.24767708333336,97.24091863479262,1.4334170871094312,31.400064516129035,0.05540423387096638,31.405427755376348,30.3544444124424,3.127106950511129
CNC-002,2026-04-12,77.73815625,-0.013625000000004661,77.8624751344086,77.97841445852534,0.17085213895005846,2.774774193548387,-0.02774294354838691,2.7713788978494627,2.771791849078341,0.028434901011280492,93.789625,-2.4299687500000005,96.59499999999998,96.85436506336406,1.9424177563489766,31.45546875,0.2320937499999971,31.388354838709677,31.522986031105994,0.19047008830611584
CNC-002,2026-04-13,77.72453125,-0.05812500000000398,77.82376680107527,77.94600374423963,0.1964335255426343,2.74703125,0.027249999999999996,2.774201814516129,2.7631222062211984,0.024655856907703156,91.35965625,4.784977083333317,94.77877083333333,96.0916552419355,2.849953406504457,31.6875625,-0.47292916666666684,31.514365255376344,31.528856566820277,0.19547775540846601
CNC-002,2026-04-14,77.66640625,0.7776250000000005,77.70969791666667,77.90203052995392,0.22187081337095718,2.77428125,-0.06496875000000024,2.7653622311827957,2.766965956221198,0.023876754856853026,96.14463333333332,-1.494445833333316,93.76463819444444,96.05810286098311,2.8473812018832354,31.21463333333333,0.28826989247312085,31.45255486111111,31.49440326420891,0.22889591079154833
CNC-002,2026-04-15,78.44403125,-0.19935383064515122,77.94498958333334,77.95743130760368,0.301071370564696,2.7093125,0.05504233870967701,2.7435416666666668,2.755648991935484,0.029952573314436945,94.6501875,2.456522177419359,94.0514923611111,95.38387619047619,2.4657137465389254,31.502903225806453,-0.012336559139789927,31.468366353046594,31.439550153609833,0.15238994259140595
CNC-002,2026-04-16,78.24467741935484,-0.197516129032266,78.11837163978494,77.95243879608294,0.29506804247478824,2.764354838709677,-0.03504233870967699,2.7493161962365584,2.7584452188940096,0.02968133994559167,97.10670967741936,-2.6023659274193562,95.96717683691755,95.57802668010753,2.5511573871115503,31.490566666666663,0.09755833333333896,31.402701075268812,31.43724717741935,0.15132432226121625
CNC-002,2026-04-17,78.04716129032258,-8.833067540322574,78.24528998655914,77.98193951612903,0.2923399459712807,2.7293125,-0.9611249999999998,2.7343266129032258,2.7571237903225807,0.030895148570199343,94.50434375,-1.1297812500000077,95.42041364247312,95.24888382296467,2.5143320478794355,31.588125,-7.646447580645162,31.52719829749104,31.477046284562213,0.14874994665064337
CNC-002,2026-04-18,69.21409375,-2.6111250000000013,75.1686441532258,76.72557963709677,3.3251090897797817,1.7681875,-0.01944556451612911,2.4206182795698923,2.6096077188940088,0.37181704662109827,93.3745625,0.9145937500000088,94.99520530913979,94.41853114439324,1.875671886326872,23.94167741935484,1.265603830645162,29.0067896953405,30.411562413594474,2.856624636022671
CNC-002,2026-04-19,66.60296875,-0.4523750000000035,71.2880745967742,75.1348385656682,5.0011139164836775,1.748741935483871,0.19469556451612902,2.0820806451612905,2.46303168202765,0.48182045195983436,94.28915625,2.6576502016128956,94.05602083333333,94.4898927515361,1.8571679928934626,25.20728125,-0.248906250000001,26.912361223118282,29.518964199308755,3.4004780755143833
CNC-002,2026-04-20,66.15059375,1.4951250000000016,67.32255208333333,73.48141892281105,5.84437640720774,1.9434375,-0.164695564516129,1.8201223118279568,2.3482325748847925,0.4983265666112928,96.9468064516129,0.8843548387096831,94.8701750672043,95.28805706605223,1.4418170356806717,24.958375,-0.8403437499999988,24.70244455645161,28.557651699308757,3.628746570760139
CNC-002,2026-04-21,67.64571875,1.041958669354841,66.79976041666667,72.04989213709678,5.875610727766254,1.778741935483871,0.02129032258064556,1.8236404569892475,2.20601267281106,0.49852997451179887,97.83116129032258,-1.0752862903225804,96.35570799731182,95.52898963133642,1.7224176261389783,24.11803125,-0.5176250000000024,24.76122916666667,27.543851401689704,3.7519539592730857
CNC-002,2026-04-22,68.68767741935484,-2.0599274193548354,67.49466330645161,70.65612730414747,5.227463031776338,1.8000322580645165,-0.16862600806451655,1.8407372311827956,2.0761154953917047,0.462707477268155,96.755875,0.15449999999999875,97.17794758064515,95.82980213133642,1.7272266920177168,23.60040625,0.7133750000000028,24.225604166666667,26.414923262288784,3.5453788745787116
CNC-002,2026-04-23,66.62775,1.5097187499999905,67.65371538978495,68.99656624423963,4.149717841093715,1.63140625,0.026843750000000055,1.7367268145161292,1.9142656970046086,0.3708806357171316,96.910375,-1.9087620967741827,97.16580376344086,95.8017543202765,1.7044798991198813,24.31378125,-0.10407157258064714,24.010739583333333,25.389668202764973,2.790247134027738
CNC-002,2026-04-24,68.13746875,0.18559375000000955,67.81763205645161,67.58089588133642,1.1631042333455752,1.65825,-0.049093749999999936,1.6965628360215055,1.7612567684331797,0.10220510112952154,95.00161290322582,0.9965120967741825,96.22262096774193,95.87279277073733,1.6509157675024804,24.209709677419355,-1.1598034274193552,24.041299059139785,24.335608870967743,0.5637703940738013
CNC-002,2026-04-25,68.3230625,-0.8810312500000066,67.69609375,67.45360570276497,0.9905322837145337,1.60915625,0.07534375000000004,1.6329375,1.7385380184331798,0.11701056764100966,95.998125,-2.6860282258064387,95.9700376344086,96.24758741359447,1.2345305275145573,23.04990625,0.7052227822580655,23.857799059139783,24.208212989631335,0.740637519340362
CNC-002,2026-04-26,67.44203125,0.9431249999999949,67.96752083333334,67.57347177419355,0.9185950184451888,1.6845,-0.0631250000000001,1.6506354166666668,1.729360599078341,0.1185855879164448,93.31209677419356,1.767290322580621,94.7706115591398,96.10800748847927,1.5160072846789867,23.755129032258065,-0.2640665322580631,23.671581653225804,24.000762672811057,0.6051393580874513
CNC-002,2026-04-27,68.38515625,-0.5904143145161243,68.05008333333333,67.89269498847926,0.7051981329425496,1.621375,0.1657540322580644,1.63834375,1.6833516705069125,0.07680003202146081,95.07938709677418,0.30030040322581897,94.79653629032259,95.84123329493089,1.5080873891827595,23.4910625,0.8266562499999992,23.43203259408602,23.79114660138249,0.4532038671889804
CNC-002,2026-04-28,67.79474193548387,-0.022366935483873363,67.87397647849461,67.91398401497695,0.6987192354476358,1.7871290322580644,-0.0590977822580645,1.6976680107526885,1.68454982718894,0.07858101829173582,95.3796875,-2.4403004032258053,94.59039045698925,95.49102275345622,1.2275072688805562,24.31771875,-0.08991229838709813,23.854636760752687,23.819673387096774,0.48254372566739734
CNC-002,2026-04-29,67.772375,-0.6719879032257978,67.98409106182795,67.7832265264977,0.6097841699457,1.72803125,0.1337187500000001,1.7121784274193548,1.674263968894009,0.06437353071112242,92.9393870967742,0.6917066532258076,94.46615389784945,94.94581019585254,1.4065821909277696,24.227806451612903,0.7459435483870962,24.012195900537634,23.909301987327186,0.49317883878834423
CNC-002,2026-04-30,67.1003870967742,10.618612903225795,67.55583467741936,67.85074611175115,0.4708594670469754,1.86175,0.9148306451612902,1.7923034274193548,1.707170218894009,0.09183153734323854,93.63109375,2.5828750000000014,93.98338944892474,94.47734144585253,1.1692992512772706,24.97375,6.529375000000002,24.506425067204304,24.003583237327188,0.6280360421201363
CNC-002,2026-05-01,77.719,0.48190625000000864,70.86392069892473,69.21953629032258,3.775256523011073,2.77658064516129,-0.05532258064516116,2.12212063172043,1.8669317396313365,0.41092932379736125,96.21396875,-0.7161250000000052,94.26148319892474,94.65053513824886,1.3375727943504307,31.503125,-0.2940927419354793,26.901560483870966,25.045499711981567,2.91456356312247
CNC-002,2026-05-02,78.20090625,-0.23012500000000102,74.34009778225806,70.63065682603687,5.023907573109554,2.721258064516129,0.018085685483871128,2.45319623655914,2.025803427419355,0.49998687132955855,95.49784375,-0.7930000000000064,95.11430208333333,94.57906638824885,1.2649627697805848,31.20903225806452,0.18470967741934885,29.228635752688174,26.21108914170507,3.546468518851423
CNC-002,2026-05-03,77.97078125,-0.2240312499999959,77.96356250000001,72.134763968894,5.466742010156082,2.73934375,0.016218749999999726,2.74572748655914,2.1764953917050693,0.5375277534989558,94.70484375,1.1838750000000005,95.47221875000001,94.77803024193547,1.1353623863373992,31.39374193548387,-0.0714919354838699,31.368633064516132,27.30231955645161,3.828779111901911
CNC-002,2026-05-04,77.74675,-0.40710483870968517,77.97281250000002,73.4721345046083,5.541156900154737,2.7555625,0.009625000000000217,2.7387214381720426,2.3385221774193545,0.5126740072550563,95.88871875,-1.6498749999999944,95.36380208333333,94.89364904953918,1.209925998917899,31.32225,0.13209374999999923,31.308341397849464,28.421060627880184,3.6703856802958597
CNC-002,2026-05-05,77.33964516129032,0.061854838709678006,77.68572547043011,74.83569210829492,5.065180906252566,2.7651875,-0.04086491935483849,2.753364583333333,2.478244815668203,0.4687500780048291,94.23884375,4.003562500000001,94.94413541666665,94.73067137096776,1.210380799317268,31.45434375,-0.11081249999999798,31.390111895161294,29.440578485023043,3.3145603418267777
CNC-002,2026-05-06,77.4015,0.33074999999999477,77.49596505376344,76.21128139400922,4.02872076599993,2.7243225806451616,0.008877419354838434,2.7483575268817204,2.6205721486175118,0.33523479288139996,98.24240625,0.5085624999999965,96.12332291666667,95.48824553571428,1.5218564474643956,31.34353125,0.4189203629032221,31.373375,30.45711059907834,2.4198049418205745
CNC-002,2026-05-07,77.73225,0.5212187500000027,77.49113172043009,77.7301189516129,0.3001177498644229,2.7332,0.03483225806451573,2.7409033602150537,2.745065005760369,0.021130063364809753,98.75096875,-2.9463750000000033,97.07740625000001,96.21965625,1.7003872533037359,31.762451612903224,-0.1612328629032227,31.520108870967743,31.426925115207375,0.1758910987620077
CNC-002,2026-05-08,78.25346875,-0.20168749999999136,77.79573958333333,77.80647163018433,0.35902350025538043,2.768032258064516,0.02040524193548432,2.7418516129032255,2.7438438076036866,0.019160277241354984,95.80459375,3.015375000000006,97.59932291666667,96.16117410714286,1.7076399050153415,31.60121875,0.018687499999998636,31.569067204301074,31.440938508064516,0.18655798659463999
CNC-002,2026-05-09,78.05178125,0.07774999999999466,78.01249999999999,77.78516805875576,0.33536261160854813,2.7884375,-0.02112500000000006,2.763223252688172,2.7534408698156687,0.022496124602579493,98.81996875,-1.5954687499999949,97.79184375,96.63576339285713,1.9385880227019026,31.61990625,0.05375000000000085,31.661192204301074,31.499634792626725,0.16480061755954822
CNC-002,2026-05-10,78.12953125,0.49743750000000375,78.14492708333334,77.80784663018434,0.3548102814874463,2.7673125,0.017406250000000068,2.774594086021505,2.7574364055299543,0.02205446640393302,97.2245,-3.0168437500000067,97.28302083333334,96.99571428571429,1.7445127657466155,31.67365625,-0.44065624999999997,31.631593749999997,31.539622551843316,0.1687367207171911
CNC-002,2026-05-11,78.62696875,0.16835383064515952,78.26942708333333,77.93359216589862,0.4675978838315006,2.78471875,-0.02617036290322572,2.7801562499999997,2.7616015841013826,0.024282266301071914,94.20765625,0.5669687500000009,96.75070833333332,96.7555625,2.016765854541409,31.233,0.0864687499999981,31.508854166666666,31.52687255184332,0.18993907400987747
CNC-002,2026-05-12,78.79532258064516,-0.7110967741935497,78.5172741935484,78.1415460829493,0.48286974224961976,2.7585483870967744,0.007732862903225612,2.7701932123655912,2.7606531394009215,0.024248495238417097,94.774625,1.852593749999997,95.40226041666666,96.83210267857143,1.9128207091456715,31.31946875,0.3473750000000031,31.408708333333333,31.507604694700458,0.20478373499233607
CNC-002,2026-05-13,78.08422580645161,-0.09894455645161315,78.50217237903226,78.23907834101384,0.3624014228146138,2.76628125,0.005281249999999904,2.769849462365592,2.7666472350230413,0.01820347485639764,96.62721875,2.150062500000004,95.20316666666666,96.60136160714286,1.8089421198734739,31.66684375,-0.1636562500000025,31.4064375,31.553792194700463,0.19795717301457771
CNC-002,2026-05-14,77.98528125,0.48212499999999636,78.28827654569892,78.2752256624424,0.3126234001092947,2.7715625,-0.05440120967741935,2.765464045698925,2.7721275921658983,0.010672402723060814,98.77728125,0.789686491935484,96.726375,96.60512053571428,1.8141731851845122,31.5031875,0.31065625000000097,31.496499999999997,31.516754464285718,0.17537663379548707
CNC-002,2026-05-15,78.46740625,-0.3234999999999957,78.17897110215053,78.3057881624424,0.32050010190497635,2.7171612903225806,0.05538709677419362,2.7516683467741934,2.7648603110599077,0.023516767186816837,99.56696774193549,2.4629385080645108,98.32382258064517,97.14260253456222,2.0759268419917163,31.81384375,-0.2880937500000016,31.661291666666667,31.547129464285714,0.20785055762840074
CNC-002,2026-05-16,78.14390625,-0.3145312500000017,78.19886458333333,78.3189488767281,0.3100526039052424,2.772548387096774,-0.011681720430107845,2.753757392473118,2.762590437788018,0.02154602219920756,102.02990625,-2.701499999999996,100.12471841397848,97.60116503456221,2.752485444745232,31.52575,-0.08440624999999713,31.614260416666667,31.53367857142857,0.20538795045891464
CNC-002,2026-05-17,77.829375,-0.08263306451613062,78.14689583333332,78.2760694124424,0.35770768032658684,2.7608666666666664,0.0519458333333338,2.75019211469534,2.761669604454685,0.021448093982150744,99.32840625,-3.4297499999999985,100.30842674731183,97.9017230702765,2.818575186136437,31.44134375,0.02540624999999963,31.593645833333337,31.50049107142857,0.19762226545378847
CNC-002,2026-05-18,77.74674193548387,-11.21542943548387,77.90667439516129,78.15032272465439,0.3683522620456694,2.8128125,-0.9819062500000002,2.7820758512544805,2.7656829973118278,0.028082336713114706,95.89865625,0.3677500000000009,99.08565625,98.14329449884792,2.5041248041160276,31.46675,-8.1365625,31.477947916666665,31.53388392857143,0.16130135619833452
CNC-002,2026-05-19,66.5313125,0.42950000000000443,74.03580981182796,76.39832128456221,4.357233655993274,1.83090625,-0.04946874999999995,2.4681951388888885,2.633162692012289,0.35486075937067524,96.26640625,-2.5504999999999995,97.16448958333332,98.35640610599079,2.2166305365741037,23.3301875,1.6055312499999985,28.74609375,30.39255803571429,3.1169535455975557
CNC-002,2026-05-20,66.9608125,1.1496874999999989,70.41295564516129,74.80926224078341,5.514548157479705,1.7814375,0.00031249999999993783,2.14171875,2.4924707277265745,0.469878105074857,93.71590625,1.8079647177419105,95.29365624999998,97.9405043202765,2.7932667717163073,24.93571875,-1.782687499999998,26.57755208333333,29.43096875,3.6508699798851016
CNC-002,2026-05-21,68.1105,-1.3489838709677429,67.200875,73.39857920506913,5.821190896312246,1.78175,-0.01778124999999986,1.79803125,2.3510689420122888,0.5183279338764185,95.52387096774191,-0.5064022177419076,95.16872782258065,97.47573142281105,2.8994786817283456,23.15303125,0.7540937499999991,23.8063125,28.238089285714285,4.185904690187652
CNC-002,2026-05-22,66.76151612903226,0.5602580645161197,67.27760954301075,71.72630918778802,5.803731131735252,1.76396875,-0.039875000000000105,1.77571875,2.214898579109063,0.5311700192431693,95.01746875,-0.7713125000000076,94.75241532258065,96.8258029953917,2.86224844762294,23.907125,-0.0332583333333325,23.998625,27.108558035714285,4.126563020929104
CNC-002,2026-05-23,67.32177419354838,0.7891913236930037,67.39793010752688,70.18029032258065,5.221476905345942,1.72409375,-0.04948084677419362,1.7566041666666665,2.065119345238095,0.49425514256167385,94.24615625,3.429972782258062,94.92916532258063,95.71383870967743,1.8289993481398876,23.873866666666668,-0.11958541666666989,23.644674305555554,26.0154318452381,3.758508204055234
CNC-002,2026-05-24,68.11096551724138,-1.3731217672413862,67.39808527994067,68.79194611075799,3.997166447049613,1.6746129032258064,0.09091834677419364,1.720891801075269,1.9099402361751154,0.4011641248589266,97.67612903225806,-2.0352258064516207,95.64658467741936,95.47779910714284,1.3207897663749115,23.75428125,2.333562500000003,23.845090972222224,24.91728005952381,2.943609579086509
CNC-002,2026-05-25,66.73784375,-0.3592308467741816,67.39019448692993,67.21924636997457,0.6559108877273732,1.76553125,-0.013374999999999915,1.721412634408602,1.7603286290322582,0.04930539186834471,95.64090322580644,-0.4695907258064409,95.85439616935484,95.44097724654378,1.3106553649904484,26.08784375,-1.7930695564516128,24.571997222222222,24.14886488095238,1.027168743860708
CNC-002,2026-05-26,66.37861290322581,1.0243548387096695,67.07580739015573,67.19743214186398,0.6845187053640015,1.75215625,-0.04996270161290317,1.7307668010752686,1.749078629032258,0.038266128846381246,95.1713125,-0.8209254032258002,96.1627815860215,95.28453528225806,1.2600907595040074,24.29477419354839,-0.6448991935483868,24.712299731182796,24.28666298003072,0.9616472352893841
CNC-002,2026-05-27,67.40296774193548,1.5915947580645167,66.83980813172043,67.26059717642619,0.6794265259272607,1.702193548387097,-0.025474798387096875,1.7399603494623654,1.737758064516129,0.03881539147335069,94.3503870967742,0.7505191532257953,95.05420094086021,95.37517540322581,1.1461165374152913,23.649875,-0.01716532258064163,24.677497647849464,24.10297101574501,0.939558300977774
CNC-002,2026-05-28,68.9945625,-1.5938437500000049,67.59204771505377,67.38689181928332,0.9075948987055884,1.67671875,-0.009093750000000123,1.7103561827956988,1.722753600230415,0.03927335309691564,95.10090625,-1.774499999999989,94.87420194892474,95.31475187211981,1.1481183794761873,23.63270967741936,1.330516129032251,23.859119623655914,24.171496505376346,0.8739287513191139
CNC-002,2026-05-29,67.40071875,0.9109375000000028,67.9327496639785,67.47820647942157,0.8653610865703617,1.667625,0.03462500000000013,1.6821790994623653,1.708990207373272,0.039304017379706443,93.32640625,1.6662187499999987,94.25923319892473,95.07317151497695,1.376327750171393,24.96322580645161,-0.7202570564516115,24.08193682795699,24.32236804915515,0.9110539874749394
CNC-002,2026-05-30,68.31165625,-1.6225312499999944,68.23564583333332,67.61961820177181,0.9149941160456377,1.70225,0.06181451612903244,1.6821979166666665,1.7058696716589863,0.038768509314163015,94.992625,0.18274999999999864,94.4733125,95.17980990783408,1.3296991965668388,24.24296875,0.09503125000000168,24.27963474462366,24.375096918202765,0.8912355311363076
CNC-002,2026-05-31,66.689125,-0.5403124999999989,67.46716666666667,67.41649812788019,0.9450640593445587,1.7640645161290325,-0.011033266129032437,1.7113131720430106,1.7186484735023042,0.04140159779687589,95.175375,1.0690625000000011,94.49813541666667,94.82255933179724,0.7619727028132481,24.338,0.5257499999999986,24.514731518817204,24.45848531105991,0.8498130530465635
CNC-002,2026-06-01,66.1488125,0.9484374999999972,67.04986458333333,67.33235080645161,1.0372854109149232,1.75303125,-0.17931249999999999,1.7397819220430106,1.7168627592165902,0.03925644949090509,96.2444375,0.009906250000000227,95.47081250000001,94.90877851382488,0.8929006070011377,24.86375,-0.45003124999999855,24.481572916666664,24.283614775345622,0.5209712030588146
CNC-002,2026-06-02,67.09725,0.346653225806449,66.6450625,67.43501324884792,0.9598303238745661,1.57371875,0.19424899193548373,1.6969381720430106,1.6913716877880185,0.0631696482823269,96.25434375,-1.2157187500000077,95.89138541666667,95.06349726382487,1.029375654915232,24.41371875,0.5600231854838711,24.538489583333334,24.300606854838712,0.5233302594517543
CNC-002,2026-06-03,67.44390322580645,-0.1286774193548439,66.89665524193549,67.4408611751152,0.9597272384433494,1.7679677419354838,-0.055280241935483865,1.698239247311828,1.7007680011520738,0.06961110387354875,95.038625,0.8146562499999987,95.84580208333334,95.1618169642857,0.9816746413025284,24.973741935483872,-0.7661169354838719,24.750403561827955,24.489730702764977,0.48691742004494676
CNC-002,2026-06-04,67.31522580645161,-0.39378830645161145,67.28545967741935,67.20095593317971,0.6739650085395233,1.7126875,0.21446874999999999,1.684791330645161,1.7059063940092165,0.06886353788313725,95.85328125,-0.2930624999999907,95.71541666666667,95.26929910714286,1.0145324435694543,24.207625,0.7494062499999998,24.531695228494627,24.571861463133644,0.34650921120904943
CNC-002,2026-06-05,66.9214375,1.2640625000000085,67.22685551075269,67.13248718317972,0.6746335523615007,1.92715625,-0.10859374999999982,1.802603830645161,1.7429822868663596,0.10513229913563336,95.56021875,-1.4617348790322637,95.48404166666666,95.58841517857142,0.5435397239830242,24.95703125,-0.42453125000000114,24.712799395161294,24.5709765264977,0.34534910704491695
CNC-002,2026-06-06,68.1855,-0.36478125000000716,67.47405443548386,67.11446486175116,0.6386059368637339,1.8185625,-0.07128125000000018,1.8194687499999997,1.7595983582949306,0.10679996453275999,94.09848387096774,3.2111411290322565,95.17066129032258,95.46068073156682,0.7663038269424391,24.5325,-0.5654687499999973,24.565718750000002,24.612338133640552,0.3155714124807629
CNC-002,2026-06-07,67.82071875,0.1770877016129191,67.64255208333333,67.27612111175115,0.6559797519879998,1.74728125,0.027031250000000062,1.8309999999999997,1.7572007488479262,0.1068713552350989,97.309625,-1.4805604838709598,95.65610920698924,95.76557358870969,1.017333712707675,23.96703125,0.44215625000000003,24.48552083333333,24.559342597926268,0.391367638995102
CNC-002,2026-06-08,67.99780645161292,-0.2473064516129142,68.00134173387097,67.54026310483871,0.47319211851826154,1.7743125,0.027235887096773936,1.7800520833333333,1.760240927419355,0.10703554543962218,95.82906451612904,-1.3520645161290332,95.7457244623656,95.70623459101382,0.996651053433864,24.4091875,-0.09086491935484275,24.302906249999996,24.49440509792627,0.3695439323832842
CNC-002,2026-06-09,67.7505,0.43381250000000193,67.85634173387098,67.63358453341014,0.434058637356136,1.801548387096774,-0.0031817204301070046,1.774380712365591,1.7927880184331797,0.06860544141059155,94.477,0.4660333333333142,95.87189650537634,95.45232834101384,1.0582371565424324,24.31832258064516,-1.2949032258064506,24.231513776881723,24.480777073732717,0.3747379112157899
CNC-002,2026-06-10,68.1843125,-0.6015312500000078,67.97753965053764,67.73935728686637,0.4689435948837275,1.798366666666667,0.00660208333333312,1.7914091845878135,1.7971307219662058,0.0677289957843182,94.94303333333332,1.8169354166666807,95.08303261648746,95.43867238863287,1.065060313797326,23.02341935483871,1.0889243951612926,23.91697647849462,24.202159562211982,0.602778864154835
CNC-002,2026-06-11,67.58278125,-0.5008437500000014,67.83919791666666,67.77757949308756,0.43852984588621347,1.80496875,-0.07731250000000012,1.8016279345878135,1.8103137576804915,0.056623804111917045,96.75996875,-5.530999999999992,95.39333402777777,95.56819917434716,1.1734993311510538,24.11234375,-0.41076310483871126,23.81802856182796,24.188547955069122,0.6037099514116524
CNC-002,2026-06-12,67.0819375,11.207449596774197,67.61634375,67.80050806451614,0.3875369205857563,1.72765625,0.9672499999999999,1.7769972222222223,1.7818137576804916,0.03349596173955253,91.22896875,3.591687499999992,94.31065694444443,94.94944917434715,2.017072967287807,23.70158064516129,7.671580645161292,23.612447916666667,24.00919786866359,0.5177193004701951
CNC-002,2026-06-13,78.28938709677419,0.06176915322581067,70.98470194892472,69.24392050691245,4.003860582816853,2.69490625,0.07209375000000007,2.0758437499999998,1.907005721966206,0.34866605578340026,94.82065625,0.37643749999999443,94.26986458333333,95.05261665706607,1.9844999830163663,31.37316129032258,0.20205745967741962,26.395695228494628,24.986435195852533,2.85415960321618
CNC-002,2026-06-14,78.35115625,-0.9358014112903135,74.57416028225806,70.74826872119816,5.184274172764019,2.767,0.00943750000000021,2.396520833333333,2.052679829109063,0.46456785360092434,95.19709375,-0.43331955645159326,93.74890625,94.7508264784946,1.7281342001653102,31.57521875,0.3042499999999997,28.883320228494625,26.073319124423964,3.718893873251905
CNC-002,2026-06-15,77.41535483870969,0.35655141129031165,78.01863272849464,72.0936327764977,5.5599034119786,2.7764375,-0.04637500000000028,2.7461145833333336,2.195840543394777,0.5160445085860336,94.7637741935484,-0.9868064516129067,94.92717473118279,94.5986421466974,1.663036217499862,31.87946875,-0.29628124999999983,31.60928293010753,27.14050216013825,4.202200055372143
CNC-002,2026-06-16,77.77190625,0.48867439516128286,77.84613911290323,73.5252622407834,5.545391518605073,2.7300625,0.023906250000000018,2.7578333333333336,2.3284854166666666,0.5171356634730994,93.7769677419355,1.875313508064508,94.57927856182796,94.49863753840246,1.6923594145513579,31.5831875,0.02737499999999926,31.679291666666668,28.17834000576037,4.285322149027884
CNC-002,2026-06-17,78.26058064516128,-0.36539314516127774,77.81594724462366,74.9647291186636,5.226554706135604,2.75396875,-0.023593749999999858,2.7534895833333337,2.465,0.478562487076094,95.65228125,-1.5966360887096869,94.73100772849462,94.59995866935485,1.7438476002715775,31.6105625,0.028781249999997982,31.691072916666666,29.405074740783412,3.7606894998917313
CNC-002,2026-06-18,77.8951875,0.3538437499999958,77.97589146505378,76.43793001152073,4.139312150415045,2.730375,-0.024375000000000036,2.7381354166666667,2.597200892857143,0.3843989748862488,94.05564516129031,-0.7266139112903147,94.49496471774194,94.2136267281106,1.4624120362510693,31.63934375,0.020843750000000938,31.611031249999996,30.480360455069125,2.9928245906081665
CNC-002,2026-06-19,78.24903125,-0.19243749999999693,78.13493313172042,78.0332291186636,0.34977793028222454,2.706,0.1120937500000001,2.7301145833333336,2.736964285714286,0.030463500768779395,93.32903125,2.219062500000007,94.34565255376344,94.51363565668203,0.8242352208429521,31.6601875,-0.23086491935483977,31.636697916666666,31.617304291474657,0.14924326654066739
CNC-002,2026-06-20,78.05659375,-0.19446874999999864,78.06693750000001,77.99997292626729,0.3319776044138058,2.81809375,-0.020312500000000178,2.7514895833333335,2.7545624999999996,0.036998605512815246,95.54809375,-3.5443195564516117,94.31092338709676,94.61755529953916,0.9107166640048673,31.42932258064516,0.13658366935484167,31.576284610215055,31.625327332949308,0.13473557429256777
CNC-002,2026-06-21,77.862125,-11.29643750000001,78.05591666666668,77.93011131912442,0.29517299837951894,2.79778125,-1.0553296370967742,2.773958333333333,2.7589598214285713,0.040396358652826383,92.0037741935484,0.8176008064516083,93.62696639784946,94.16136679147465,1.2920049163230998,31.56590625,-7.125970766129033,31.551805443548385,31.62399697580645,0.13535733937894182
CNC-002,2026-06-22,66.5656875,1.671187500000002,74.16146875,76.3801588421659,4.331886585437862,1.7424516129032257,0.09545463709677438,2.4527755376344085,2.611247551843318,0.385149810983429,92.821375,3.5343124999999986,93.45774764784947,93.88388119239632,1.3484160919447794,24.43993548387097,-0.7379042338709674,29.145054771505375,30.56120650921659,2.700269687683156
CNC-002,2026-06-23,68.236875,-1.74609375,70.88822916666668,75.01801152073733,5.227801353413648,1.83790625,0.040843749999999845,2.126046370967742,2.4837966589861753,0.4761435231811399,96.3556875,-2.690375000000003,93.72694556451613,94.25226972926268,1.6359391227391678,23.70203125,0.4462913306451597,26.569290994623657,29.43532704493088,3.6714971158858134
CNC-002,2026-06-24,66.49078125,2.0007026209677434,67.09778125000001,73.33661160714287,5.864996502158447,1.87875,0.06225000000000014,1.8197026209677418,2.358765408986175,0.5072696085343751,93.6653125,0.7074062500000053,94.28079166666667,93.96841705069123,1.5208693242524787,24.14832258064516,-0.4866038306451621,24.09676310483871,28.369292770737328,4.003021980034723
CNC-002,2026-06-25,68.49148387096774,-1.6411401209677337,67.7397133736559,71.99322537442397,5.722047221625745,1.941,-0.181483870967742,1.8858854166666665,2.2459975518433177,0.4985567263002765,94.37271875,-0.3831250000000068,94.79790625,94.01371327764979,1.5286022968854922,23.66171875,-0.541249999999998,23.83735752688172,27.22963205645161,4.052187552910715
CNC-002,2026-06-26,66.85034375000001,1.1219999999999857,67.27753629032257,70.36484144585253,5.247279154590937,1.759516129032258,0.06167137096774189,1.8597553763440862,2.1107855702764975,0.4810472635738,93.98959375,-2.6687187499999965,94.00920833333333,94.10807934907834,1.499400295497665,23.12046875,0.14159576612903635,23.64350336021505,26.00967223502304,3.771795142086831
CNC-002,2026-06-27,67.97234375,-1.0610856854838744,67.77139045698925,68.9242343029954,4.025692079075191,1.8211875,0.0020937500000000053,1.840567876344086,1.968370391705069,0.37194229353992175,91.320875,4.762781250000003,93.22772916666666,93.50419095622121,1.6648976819561585,23.262064516129037,0.40525806451612567,23.348084005376347,24.84292108294931,3.000172553795451
CNC-002,2026-06-28,66.91125806451612,1.3346752688172074,67.24464852150537,67.35982474078341,0.8437735250914155,1.82328125,-0.09179737903225793,1.8013282930107526,1.8291561059907833,0.06771334690816919,96.08365625,-1.7074304435484038,93.79804166666668,94.08703125,1.76331963599116,23.667322580645163,-0.2690000000000019,23.34995194892473,23.71455198732719,0.46137415868893816
CNC-002,2026-06-29,68.24593333333333,-0.40299583333332123,67.70984504928315,67.59985985983103,0.8188344401067267,1.731483870967742,-0.046577620967741984,1.7919842069892473,1.8275892857142857,0.07013747926918297,94.3762258064516,1.0539929435483941,93.92691901881722,94.30915279377881,1.6729295023438262,23.39832258064516,0.2593024193548388,23.44256989247312,23.56575014400922,0.3405932536041922
CNC-002,2026-06-30,67.8429375,-0.24209375000000932,67.66670963261647,67.54358307411674,0.780391777239985,1.68490625,0.03140624999999986,1.746557123655914,1.8057321428571427,0.08796160342334951,95.43021875,-0.09840624999999648,95.29670026881722,94.17694297235023,1.513180273195571,23.657625,-0.273781249999999,23.574423387096772,23.559406394009216,0.3380358298486899
CNC-002,2026-07-01,67.60084375,0.8532852822580708,67.89657152777778,67.7021634312596,0.628877432724481,1.7163125,0.12546875000000002,1.7109008736559141,1.782526785714286,0.08690829163253244,95.3318125,1.8396562500000044,95.04608568548387,94.41501440092166,1.5499193035483856,23.38384375,1.0408437500000005,23.479930443548387,23.45019513248848,0.21837261853613543
CNC-002,2026-07-02,68.45412903225807,-0.6818387096774217,67.96597009408602,67.69682702572963,0.621174575611516,1.84178125,-0.12928125000000001,1.7476666666666667,1.7683526785714285,0.060977183746016794,97.17146875,-3.217031250000005,95.97783333333332,94.81483582949308,1.8659559890452402,24.4246875,-0.5017500000000013,23.822052083333336,23.55919066820277,0.42970000176315404
CNC-002,2026-07-03,67.77229032258064,1.515147177419351,67.94242103494624,67.82853367895545,0.4971387123447697,1.7125,0.12891935483870975,1.7568645833333332,1.7616360887096774,0.06459482779322898,93.9544375,3.638218750000007,95.48590625000001,94.80981350806451,1.8685928193859103,23.9229375,-0.34325000000000117,23.910489583333334,23.67382906105991,0.39910183692145373
CNC-002,2026-07-04,69.2874375,-2.4482187499999952,68.5046189516129,68.01640421466973,0.7464954845887505,1.8414193548387097,-0.07961290322580639,1.79856686827957,1.7645263536866358,0.06806305191010875,97.59265625,-3.7935000000000088,96.23952083333332,95.7057822580645,1.3479636836363098,23.5796875,0.6390000000000029,23.975770833333332,23.719203773041475,0.36069243570510207
CNC-002,2026-07-05,66.83921875,0.033843750000002615,67.96631552419355,68.00611288402457,0.7645488076521089,1.7618064516129033,-0.10536895161290327,1.7719086021505375,1.7557442396313365,0.06299584053391108,93.79915625,3.294218749999999,95.11541666666666,95.37942511520737,1.5082499595228551,24.2186875,0.8105312499999968,23.907104166666667,23.797970190092165,0.4049603880291207
CNC-002,2026-07-06,66.8730625,0.38709374999999113,67.66657291666667,67.80998847926267,0.8625780279219905,1.6564375,-0.0014374999999999805,1.7532211021505377,1.7450233294930872,0.0733479756555577,97.093375,-0.7422187499999922,96.16172916666666,95.76758928571428,1.555925396349878,25.02921875,-0.9040624999999984,24.27586458333333,24.030955357142858,0.5715822605299463
CNC-002,2026-07-07,67.26015625,-0.03387499999999477,66.99081249999999,67.72673401497696,0.8866562493554723,1.655,0.09171875000000007,1.6910813172043013,1.740751008064516,0.0781472122451482,96.35115625,-2.8916401209677645,95.74789583333332,95.89915178571428,1.5615693878079182,24.12515625,-0.270624999999999,24.457687500000002,24.09774553571429,0.5474957290991098
CNC-002,2026-07-08,67.22628125,0.3429768145161205,67.11983333333333,67.67322508640552,0.906597852801504,1.74671875,0.047937499999999966,1.6860520833333332,1.7450947580645162,0.07740393703281605,93.45951612903224,0.617796370967767,95.63468245967742,95.63168087557604,1.8147615626431208,23.85453125,0.19399999999999906,24.336302083333333,24.164986607142854,0.4683939470168302
CNC-002,2026-07-09,67.56925806451612,-0.9532580645161204,67.35189852150536,67.54681494815668,0.8387152385100363,1.79465625,-0.11708958333333319,1.732125,1.7383626152073735,0.0692086559338485,94.0773125,0.9992812499999957,94.62932829301076,95.18965855414747,1.7529777235588753,24.04853125,0.7528881048387106,24.00940625,24.111250000000002,0.45502037929414324
CNC-002,2026-07-10,66.616,2.1348437500000017,67.13717977150537,67.38163061635944,0.8986319033949095,1.6775666666666669,0.07015208333333312,1.7396472222222223,1.733372139016897,0.07256257858148453,95.07659375,-1.570531250000002,94.2044741263441,95.34996658986175,1.6705641426819204,24.80141935483871,-0.13295060483871168,24.23482728494624,24.2367474078341,0.5120036162842032
CNC-002,2026-07-11,68.75084375,-2.235875000000007,67.64536727150538,67.30497436635945,0.7125947012793721,1.74771875,-0.10200000000000009,1.7399805555555556,1.7199863383256528,0.05607930937698902,93.5060625,1.9338041666666612,94.21998958333334,94.7661674827189,1.4565531760118033,24.66846875,0.173593750000002,24.50613978494624,24.39228758640553,0.43935418196806514
CNC-002,2026-07-12,66.51496875,1.0597409274193552,67.29393749999998,67.25865293778801,0.7570676000467711,1.64571875,0.2208479166666668,1.6903347222222223,1.703402380952381,0.05875215307606685,95.43986666666666,-3.3423666666666634,94.67417430555555,95.00055468509984,1.406146108403376,24.8420625,-1.9215625000000003,24.770650201612906,24.481341157834102,0.4609481706379067
CNC-002,2026-07-13,67.57470967741935,0.06154032258065456,67.61350739247312,67.35888824884792,0.7438402785671726,1.8665666666666667,-0.0565979166666668,1.7533347222222222,1.7334208333333334,0.0804363357494503,92.0975,0.502625000000009,93.68114305555555,94.2868582565284,1.4344437225048088,22.9205,0.17862500000000026,24.143677083333333,24.180095622119815,0.6801534692704106
CNC-002,2026-07-14,67.63625,-0.8074435483870985,67.24197614247312,67.41261592741935,0.7490844466643077,1.80996875,-0.10903124999999991,1.774084722222222,1.7555592261904762,0.0764842271648445,92.600125,2.7646814516129012,93.3791638888889,93.75099664938556,1.2192540066888875,23.099125,-0.3759314516129031,23.620562500000002,24.03351972926267,0.7948522037956213
CNC-002,2026-07-15,66.8288064516129,10.8248185483871,67.34658870967742,67.35583381336404,0.7799902223855714,1.7009375,1.0488125000000001,1.7924909722222224,1.7490190476190475,0.07927271854443495,95.3648064516129,1.4554122983870883,93.35414381720432,94.0231809811828,1.3490930909101706,22.723193548387098,8.4864064516129,22.914272849462368,23.87190005760369,0.9392205591146322
CNC-002,2026-07-16,77.653625,0.37469758064516157,70.70622715053763,68.79645766129032,3.981655484765561,2.74975,0.009843749999999929,2.0868854166666666,1.8854610119047617,0.3887522349169769,96.82021875,0.6115554435484114,94.92838340053764,94.4150247311828,1.715906582325643,31.2096,0.39971250000000325,25.6773061827957,24.894909879032262,2.937618359468601
CNC-002,2026-07-17,78.02832258064517,0.055396169354835934,74.17025134408603,70.42678945852535,5.115149790722772,2.75959375,0.07895463709677442,2.4034270833333333,2.0400363095238094,0.4933563836125368,97.4317741935484,-5.1231491935484,96.53893313172044,94.75147908026113,2.0630360089173867,31.6093125,-0.08934375000000117,28.514035349462365,25.867466042626727,3.8779507774563835
CNC-002,2026-07-18,78.08371875,-0.039952083333332666,77.92188877688172,71.7600573156682,5.7787699699514015,2.8385483870967745,-0.06714213709677441,2.7826307123655916,2.1958691148233487,0.5541642457308583,92.308625,2.7777499999999975,95.52020598118281,94.58041658026114,2.2266695006688892,31.51996875,-0.08128124999999997,31.44629375,26.84625175691244,4.359626425546782
CNC-002,2026-07-19,78.04376666666667,-10.897379569892479,78.05193599910395,73.40702844662057,5.676729486779927,2.77140625,-1.07315625,2.7898494623655914,2.3566816148233487,0.5307449193408945,95.086375,-3.0675937500000003,94.94225806451614,94.52991777073734,2.2078583497133315,31.4386875,-7.6374062500000015,31.52265625,27.788626756912443,4.562441824550476
CNC-002,2026-07-20,67.14638709677419,0.07083165322580953,74.42462417114695,73.34583950652843,5.7518841156262654,1.69825,-0.005562500000000137,2.4360682123655915,2.332636376728111,0.5596745082491987,92.01878125,4.268187499999996,93.13792708333334,94.51867223502305,2.222464702916588,23.80128125,-0.09321874999999835,28.919979166666668,27.914452649769583,4.415591568472259
CNC-002,2026-07-21,67.21721875,0.5327812499999993,70.80245750448029,73.28597789938556,5.822950589947018,1.6926875,0.1262500000000002,2.0541145833333334,2.3158819124423964,0.5793389139621933,96.28696875,-2.605906250000004,94.46404166666667,95.04536419930876,2.1268252643091943,23.7080625,0.3529687499999987,26.316010416666668,28.00144372119816,4.309641496870029
CNC-002,2026-07-22,67.75,-0.008187500000005343,67.37120194892474,73.41757697772657,5.660849191484722,1.8189375,-0.14131250000000017,1.736625,2.3327390552995397,0.5598525757125431,93.6810625,1.1922187500000092,93.99560416666667,94.80482934907833,2.179242640015699,24.06103125,0.30349999999999966,23.856791666666666,28.192563392857146,4.058926324440032
CNC-002,2026-07-23,67.7418125,0.3681875000000048,67.56967708333333,72.00160376344085,5.664312549742081,1.677625,0.18660080645161292,1.7297500000000001,2.179578341013825,0.5732478093924248,94.87328125,1.3342499999999973,94.94710416666665,94.52669542050691,1.9956608243140193,24.36453125,-0.16803124999999852,24.044541666666664,27.214696428571425,4.0354068576871605
CNC-002,2026-07-24,68.11,-1.383375000000001,67.86727083333334,70.5847005376344,5.119839790102026,1.8642258064516128,-0.12610080645161292,1.786929435483871,2.0516686347926267,0.5196443337536334,96.20753125,0.1305977822580786,94.92062500000002,94.35180357142859,1.7352996403226562,24.1965,-1.2079374999999999,24.207354166666665,26.15572321428571,3.643577464264391
CNC-002,2026-07-25,66.726625,1.5264062499999937,67.52614583333333,68.96225857334869,4.031124823798097,1.738125,0.05559375000000011,1.759991935483871,1.8944652937788018,0.39292090700396753,96.33812903225808,-2.2606451612903413,95.80631384408603,94.9274470046083,1.608256907165702,22.9885625,0.5573407258064478,23.849864583333332,24.936950892857144,2.9014902909508793
CNC-002,2026-07-26,68.25303124999999,-1.3809062499999953,67.69655208333333,67.56358208525344,0.5530139824904011,1.79371875,0.013668346774193152,1.7986898521505374,1.7547956509216591,0.0717544381894006,94.07748387096774,1.8633870967741757,95.54104805107528,94.78331970046084,1.6365976974046086,23.54590322580645,0.8561592741935513,23.576988575268814,23.80941028225806,0.4609546894558209
CNC-002,2026-07-27,66.872125,-0.0757379032258001,67.28392708333332,67.52440178571429,0.5955756823178899,1.8073870967741932,-0.09104334677419312,1.779743615591398,1.7703866647465436,0.06923280527003353,95.94087096774192,-0.6734709677419204,95.45216129032258,95.34361823156682,1.1232707542033158,24.4020625,0.2692812499999988,23.645509408602152,23.895236175115205,0.512263496198291
CNC-002,2026-07-28,66.7963870967742,0.9412066532258052,67.30718111559139,67.4642829781106,0.6504621988630619,1.71634375,0.05803124999999998,1.7724831989247312,1.7737661290322577,0.06527201918807796,95.2674,-0.6906812499999972,95.09525161290321,95.19796555299538,1.0438565691911281,24.67134375,-0.3204082661290286,24.20643649193548,24.032847782258063,0.5786814955019328
CNC-002,2026-07-29,67.73759375,1.1728437499999984,67.1353686155914,67.46251065668203,0.6495702433749723,1.774375,-0.00034375000000008704,1.7660352822580645,1.7674000576036868,0.062234568159567835,94.57671875,-1.3204999999999956,95.2616632392473,95.32591644585253,0.8668113908097678,24.35093548387097,-0.29981048387097076,24.474780577956988,24.074262672811056,0.591271619106499
CNC-002,2026-07-30,68.9104375,-1.8961562500000042,67.81480611559141,67.62945708525345,0.8519618399415836,1.77403125,0.10181250000000008,1.7549166666666665,1.781172379032258,0.04812401120399843,93.25621875,-0.644062500000004,94.36677916666667,95.0949075172811,1.169999001392763,24.051125,0.5779717741935464,24.357801411290325,24.02949035138249,0.5773301113750582
CNC-002,2026-07-31,67.01428125,0.6435000000000031,67.8874375,67.47292583525345,0.8496116220643323,1.87584375,-0.11528125,1.8080833333333333,1.7828320852534563,0.05154453903793682,92.61215625,2.1045534274193614,93.48169791666668,94.5812825172811,1.3719106980025124,24.629096774193545,-0.48703427419354384,24.343719086021505,24.091289890552996,0.6197797597070456
CNC-002,2026-08-01,67.65778125,-1.3572499999999934,67.86083333333333,67.60594815668203,0.7836220891639492,1.7605625,-0.021468749999999925,1.8034791666666665,1.7860374423963135,0.04893248372742547,94.71670967741936,0.149727822580644,93.52836155913978,94.34965118087557,1.143757920646084,24.1420625,0.5016249999999971,24.274094758064518,24.25607560483871,0.3875675299911842
CNC-002,2026-08-02,66.30053125,2.725312500000001,66.99086458333333,67.32701958525345,0.8587947180625878,1.73909375,0.09087499999999982,1.7918333333333336,1.778233870967742,0.051776386932043776,94.8664375,-0.5515000000000043,94.06510114247311,94.4623588421659,1.151315553537258,24.6436875,-0.737881048387095,24.47161559139785,24.4129019297235,0.24999608060690828
CNC-002,2026-08-03,69.02584375,-0.4023598790322609,67.66138541666668,67.63469369239631,1.036146802036585,1.82996875,-0.12543749999999987,1.7765416666666667,1.7814598214285715,0.05452599579000604,94.3149375,-0.07565624999999443,94.63269489247311,94.23008263248848,0.949669618558378,23.905806451612904,0.5783870967741933,24.230518817204302,24.342008208525346,0.31539264804872663
CNC-002,2026-08-04,68.62348387096775,-1.8052963709677528,67.9832862903226,67.89570751728111,1.019775442906638,1.70453125,-0.07584375000000021,1.7578645833333333,1.7797723214285717,0.057003616919382966,94.23928125,1.0916249999999934,94.47355208333333,94.08320852534563,0.8350935652824599,24.484193548387097,-1.1509747983870966,24.3445625,24.31527246543779,0.2897085624506173
CNC-002,2026-08-05,66.8181875,0.2250705645161304,68.15583837365591,67.76436376728111,1.099616818360064,1.6286874999999998,0.08289314516129065,1.7210624999999997,1.7589598214285715,0.08089277382756056,95.33090625,-2.0223749999999967,94.628375,94.19094959677419,0.9501077024578322,23.33321875,1.2117187499999993,23.907739583333335,24.169884360599077,0.4688247804998642
CNC-002,2026-08-06,67.04325806451612,0.820804435483879,67.49497647849462,67.49762384792628,0.9969453366000858,1.7115806451612905,0.06732560483870942,1.681599798387097,1.7500383064516127,0.0823835840477288,93.30853125,1.6907499999999942,94.29290625,94.19842281105991,0.9416985821649067,24.5449375,-0.10484375000000057,24.120783266129035,24.24042900345622,0.48485483979884253
CNC-002,2026-08-07,67.8640625,-0.2224999999999966,67.24183602150538,67.61902116935484,0.9798721069800539,1.77890625,0.0338750000000001,1.7063914650537635,1.7361900921658986,0.06375247287920228,94.99928125,-0.1476038306451528,94.54623958333333,94.53944066820277,0.6623012534792013,24.44009375,-0.3291562500000005,24.10608333333333,24.213428571428572,0.4644361286823839
CNC-002,2026-08-08,67.6415625,0.13515624999999432,67.5162943548387,67.61670420506913,0.9797843526082928,1.81278125,0.08096875000000003,1.7677560483870967,1.74364991359447,0.06984377260929518,94.85167741935484,1.7801975806451509,94.38649663978494,94.55872177419356,0.6702391192657153,24.1109375,-0.020776209677418223,24.365322916666667,24.208982142857142,0.4653812799262956
CNC-002,2026-08-09,67.77671875,-0.8814687499999962,67.76078125,67.82758813364056,0.7897102267416665,1.89375,-0.09512500000000013,1.8284791666666667,1.76574366359447,0.08977866879406224,96.631875,-3.4964062499999926,95.49427788978494,94.8109271313364,1.0370909150540992,24.09016129032258,0.7285574596774183,24.213730846774194,24.129906970046083,0.4244325390089828
CNC-002,2026-08-10,66.89525,1.6351875000000007,67.43784375,67.52321759792628,0.6489480417759057,1.798625,-0.05959374999999989,1.8350520833333333,1.7612659850230414,0.08677291200301344,93.13546875,0.5133699596774193,94.87300705645161,94.64243159562213,1.2121444668323909,24.81871875,-1.0625,24.339939180107525,24.260323012672814,0.48063154592647245
CNC-002,2026-08-11,68.5304375,-1.732875000000007,67.73413541666667,67.5099252592166,0.6230931740399306,1.73903125,-0.01419254032258066,1.81046875,1.7661945564516128,0.08394715313221428,93.64883870967742,1.9910362903225831,94.47206081989248,94.55808266129033,1.2642955003741978,23.75621875,0.16346874999999983,24.221699596774197,24.156326612903225,0.5023837229261231
CNC-002,2026-08-12,66.7975625,0.053598790322581635,67.40775000000001,67.50697883064517,0.6269462263376766,1.7248387096774194,0.03759879032258073,1.7541649865591398,1.7799304435483871,0.06293401364669776,95.639875,-0.30781249999999716,94.1413941532258,94.60222105414746,1.3006434083659901,23.9196875,1.1829687500000006,24.164875,24.240107862903226,0.3749873022713012
CNC-002,2026-08-13,66.85116129032258,11.320963709677414,67.39305376344086,67.47953643433179,0.6542371544735455,1.7624375,0.9716249999999997,1.74210248655914,1.7871957085253456,0.05631601319078588,95.3320625,-1.3173750000000126,94.87359206989248,94.89129694700462,1.1849135536869426,25.10265625,6.1536340725806475,24.25952083333333,24.319781970046083,0.49165125346053085
CNC-002,2026-08-14,78.172125,0.06631250000000932,70.60694959677419,68.95211679147465,4.114452112321896,2.7340625,0.015550403225806697,2.0737795698924733,1.9236466013824884,0.36175153595493026,94.0146875,-0.16103124999999352,94.99554166666667,94.75064069700463,1.2276274561460772,31.256290322580647,0.17093548387096646,26.759544690860213,25.293524337557603,2.6743777950068246
CNC-002,2026-08-15,78.2384375,-0.3787500000000108,74.42057459677419,70.46595607718893,5.323666205060523,2.7496129032258065,-0.01787096774193575,2.4153709677419357,2.057479694700461,0.4707680196885136,93.85365625,3.1248437499999966,94.40013541666667,94.60806624423962,1.271121249352877,31.427225806451613,0.06836794354838815,29.262057459677422,26.338708381336406,3.451827869069583
CNC-002,2026-08-16,77.85968749999999,0.791218750000013,78.09008333333333,71.9063801843318,5.81607036392944,2.731741935483871,0.006351814516129206,2.738472446236559,2.177192828341014,0.5255534679468776,96.9785,2.12728125000001,94.94894791666665,94.65758410138248,1.36628971834077,31.49559375,-0.016656250000000483,31.393036626344088,27.39662730414747,3.7681527167488547
CNC-002,2026-08-17,78.65090625,-1.0752288306451732,78.24967708333334,73.58575964861753,5.825161590030135,2.73809375,0.013656249999999925,2.7398161962365593,2.3114026497695854,0.5326739146535118,99.10578125,-0.021490927419364425,96.64597916666666,95.51048588709679,1.9823394472270177,31.4789375,0.22057862903226066,31.46725235215054,28.348087125576033,3.848734918981285
CNC-002,2026-08-18,77.57567741935483,0.7606663306451651,78.02875705645161,74.8779367799539,5.511656661408248,2.75175,0.026281250000000256,2.7405285618279573,2.456076756912442,0.4868660980789019,99.08429032258064,-1.6355090725806463,98.38952385752687,96.28697897465439,2.185702611248492,31.69951612903226,-0.19192237903225973,31.558015793010753,29.482843894009218,3.4158862583906657
CNC-002,2026-08-19,78.33634375,-0.8100312499999944,78.18764247311829,76.52633410138249,4.280143865976693,2.77803125,-0.010499999999999954,2.7559583333333335,2.6065328341013827,0.37254037376393456,97.44878125,-2.7126250000000027,98.54628427419355,96.54539415322581,2.203306892312958,31.50759375,0.10601915322580169,31.562015793010755,30.566830501152076,2.4129990932947076
CNC-002,2026-08-20,77.5263125,-10.71775000000001,77.81277788978495,78.05135570276498,0.4141136643067468,2.76753125,-1.1152086693548389,2.7657708333333333,2.750117655529954,0.017441954986205772,94.73615625,0.6356562500000109,97.08974260752689,96.46026468894009,2.2685460277530574,31.613612903225803,-8.083175403225802,31.60690759408602,31.496967165898617,0.1401555029503292
CNC-002,2026-08-21,66.8085625,1.1494062500000126,74.22373958333333,76.42798963133642,4.261602451459614,1.6523225806451614,0.10430241935483875,2.399295026881721,2.595583381336405,0.4162442583950314,95.3718125,-0.9162812499999973,95.85224999999998,96.65413968894008,2.0743904426511346,23.5304375,0.7403124999999982,28.8838813844086,30.393273905529956,3.027610699156854
CNC-002,2026-08-22,67.95796875,-0.7510000000000048,70.76428125,74.95935123847926,5.20148654822234,1.756625,-0.07933467741935485,2.0588262768817205,2.4537279665898617,0.512968656779942,94.45553125,3.6250937499999907,94.85449999999999,96.74012183179723,1.9475623791953733,24.27075,-0.9181249999999999,26.471600134408604,29.37092021889401,3.743847225564763
CNC-002,2026-08-23,67.20696875,0.4050937499999918,67.3245,73.43753427419355,5.74178789774726,1.6772903225806453,0.01950967741935483,1.6954126344086022,2.3030920218894013,0.5694363280642084,98.080625,-4.307031249999994,95.96932291666667,96.89756826036867,2.013479338232677,23.352625,1.0594062499999986,23.7179375,28.20763896889401,4.209739286305488
CNC-002,2026-08-24,67.6120625,0.14318750000001046,67.59233333333334,71.86055659562211,5.58506391218453,1.6968,-0.14542500000000014,1.7102384408602151,2.154335771889401,0.572859923143606,93.77359375,1.0645937500000002,95.43658333333333,96.13582718894008,2.0471875092220393,24.41203125,-0.2747499999999974,24.011802083333333,27.19808093317972,4.141300541210204
CNC-002,2026-08-25,67.75525,-0.34859375000000625,67.52476041666667,70.45763839285715,5.124635161774384,1.551375,0.0964959677419357,1.6418217741935484,1.982853629032258,0.5431123279336314,94.8381875,0.49152217741935544,95.56413541666666,95.52924107142857,1.6104174962650752,24.13728125,0.021156250000000654,23.967312500000002,26.117761664746546,3.738051383221493
CNC-002,2026-08-26,67.40665625,-0.036625000000000796,67.59132291666667,68.8962544642857,3.8240547584189626,1.6478709677419356,0.13003225806451613,1.632015322580645,1.8214021601382488,0.42175543887857,95.32970967741936,0.43457157258063717,94.64716364247312,95.22651656105991,1.370787513892404,24.1584375,-0.6784062500000019,24.235916666666668,25.067882200460826,2.912933856391034
CNC-002,2026-08-27,67.37003125,0.37706250000000807,67.51064583333333,67.44535714285715,0.37773516098104576,1.7779032258064518,-0.020059475806451843,1.6590497311827956,1.6800267281105992,0.07537540987205162,95.76428125,-0.184406249999995,95.31072614247311,95.37339156105993,1.3645562292123175,23.48003125,-0.3096250000000005,23.925250000000002,23.905941964285713,0.4349418219554281
CNC-002,2026-08-28,67.74709375,-1.770218749999998,67.50792708333333,67.57943303571429,0.2632509128343318,1.75784375,-0.19077923387096773,1.7278726478494624,1.6951011808755763,0.07935784954462323,95.579875,0.49343749999999886,95.55795530913979,95.40311477534563,1.3667803314690072,23.17040625,0.7569374999999994,23.602958333333333,23.854508928571427,0.5027487800527605
CNC-002,2026-08-29,65.976875,1.680737903225804,67.03133333333334,67.29641964285715,0.6164458837745883,1.5670645161290322,0.2260604838709679,1.7009371639784945,1.668021111751152,0.08685323434714648,96.0733125,-2.0533770161290334,95.80582291666667,95.63422638248848,1.3156679719743967,23.92734375,-0.02723660714285714,23.52592708333333,23.805450892857145,0.47112267699237187
CNC-002,2026-08-30,67.65761290322581,-1.8448629032258168,67.12719388440861,67.36079737903226,0.6289516176984988,1.793125,0.02793749999999995,1.7060110887096773,1.68456892281106,0.09908679707611519,94.01993548387097,0.7987520161290291,95.22437432795698,95.05412788018432,0.8804697872768824,23.90010714285714,0.04763479262673087,23.66595238095238,23.883662627551022,0.42677637566883625
CNC-002,2026-08-31,65.81275,2.621411290322584,66.4824126344086,67.10375273617512,0.8410602150655173,1.8210625,-0.12284374999999992,1.727084005376344,1.7023207085253458,0.11194059155129918,94.8186875,-1.8456874999999968,94.9706451612903,95.2034269873272,0.6965384923729463,23.947741935483872,-0.04667943548387399,23.92506427611367,23.817335582620142,0.3621616276530533
CNC-002,2026-09-01,68.43416129032258,0.21502620967741848,67.30150806451613,67.20074006336405,0.9595125634861794,1.69821875,0.12615624999999997,1.7708020833333336,1.7232983870967742,0.09067887881137661,92.973,1.5921562500000022,93.93720766129032,94.93697163018433,1.0996522699916584,23.9010625,-0.5625937499999978,23.916303859447,23.783590046905857,0.3375499729966255
CNC-002,2026-09-02,68.6491875,-1.659468750000002,67.63203293010753,67.37824452764977,1.1074768480511488,1.824375,-0.12725000000000009,1.78121875,1.7485132488479265,0.09074930274156297,94.56515625,0.6920050403225986,94.11894791666667,94.82774971198157,1.0920857872798075,23.33846875,0.444968750000001,23.72909106182796,23.666451654048718,0.3279259164100041
CNC-002,2026-09-03,66.98971875,2.5719264112903346,68.02435584677418,67.32391417050691,1.1172326020002574,1.697125,0.09028125000000009,1.73990625,1.7369735023041475,0.09152179777740617,95.2571612903226,-1.3598175403225952,94.26510584677419,94.75530400345622,1.0349293468473595,23.7834375,-0.5717187500000023,23.674322916666668,23.709795404048716,0.3191119961128743
CNC-002,2026-09-04,69.56164516129033,-0.697193548387105,68.40018380376344,67.58313580069125,1.4051832725993478,1.78740625,-0.09295463709677443,1.7696354166666666,1.7411967165898619,0.09330995198744552,93.89734375,2.7582499999999897,94.57322043010754,94.51494239631337,1.0064984741375305,23.21171875,0.8371250000000003,23.44454166666667,23.715697189763002,0.3076498747655392
CNC-002,2026-09-05,68.86445161290322,-0.14292036290322585,68.47193850806451,67.9956467453917,1.2726468266216804,1.6944516129032257,-0.0601391129032256,1.7263276209677418,1.7593948732718894,0.0602568861547157,96.65559375,-1.7040312499999999,95.27003293010755,94.59812543202766,1.1678805580058667,24.04884375,0.7372812499999988,23.68133333333333,23.73305433262015,0.324544332857613
CNC-002,2026-09-06,68.72153125,-1.7207187500000032,69.04920934139786,68.14763508064516,1.2889736181079952,1.6343125,0.04962500000000003,1.705390120967742,1.7367073732718894,0.07381302282892303,94.9515625,0.3563084677419255,95.16816666666666,94.73121500576038,1.1438454360199035,24.786125,-1.5335,24.015562499999998,23.85962831221198,0.516539531701063
CNC-002,2026-09-07,67.0008125,-0.2362499999999983,68.19559845430108,68.31735829493087,0.9687268134391945,1.6839375,0.03128124999999993,1.6709005376344086,1.7171180875576035,0.06541262027965687,95.30787096774192,-0.15483870967740643,95.63834240591397,94.80109835829492,1.1648311157653843,23.252625,0.4082187500000032,24.029197916666664,23.760325892857143,0.5616257270730326
CNC-002,2026-09-08,66.7645625,1.7162439516129098,67.49563541666667,68.07884418202765,1.1276745098580072,1.71521875,0.12371874999999988,1.6778229166666667,1.719546658986175,0.064907629443514,95.15303225806451,-0.3640322580645119,95.13748857526882,95.11253153801843,0.8410280072336669,23.66084375,0.6970624999999977,23.89986458333333,23.726008928571428,0.5589256166603229
CNC-002,2026-09-09,68.4808064516129,0.2131290322580668,67.4153938172043,68.05478974654378,1.115207802448367,1.8389375,-0.08048922413793091,1.74603125,1.7216270161290321,0.06893583828126441,94.789,-1.1991249999999951,95.0833010752688,95.14450921658987,0.8207581454951823,24.35790625,0.665781250000002,23.757125,23.871642857142856,0.5737347262336082
CNC-002,2026-09-10,68.69393548387097,-1.8290322580645295,67.97976814516129,68.29824927995392,1.026430212829631,1.758448275862069,-0.035104525862069025,1.7708681752873563,1.7303874841093276,0.0691991504964084,93.589875,3.612124999999992,94.51063575268817,94.90632546082949,1.0040700629188548,25.0236875,-1.066062500000001,24.34747916666667,24.048821428571433,0.7158573143919786
CNC-002,2026-09-11,66.86490322580644,1.2402903225806483,68.01321505376345,67.91300043202764,0.9781571895678677,1.72334375,-0.00418245967741937,1.7735765086206896,1.7212356983950419,0.06447651100818805,97.202,-1.594161290322603,95.193625,95.37841921082949,1.206987301989451,23.957625,0.37446874999999835,24.44640625,24.155379464285712,0.619516445396016
CNC-002,2026-09-12,68.10519354838709,0.23177520161290488,67.88801075268817,67.80453499423962,0.8935019596177481,1.7191612903225806,0.14058870967741943,1.733651105394883,1.7247656523120927,0.06343371178029932,95.6078387096774,-0.10686995967739676,95.46657123655912,95.22873991935482,1.080550889890163,24.33209375,-0.19887499999999747,24.437802083333334,24.195843749999998,0.620647555397487
CNC-002,2026-09-13,68.33696875,-1.5133235887096816,67.76902184139784,67.74959749423962,0.8378097616101342,1.85975,-0.0747500000000001,1.7674183467741935,1.75697100945495,0.06698472574400546,95.50096875,-0.03268749999999443,96.10360248655913,95.30722652649767,1.0770098680902835,24.13321875,1.81794254032258,24.140979166666664,24.102571428571427,0.5635914866632833
CNC-002,2026-09-14,66.82364516129032,1.327354838709681,67.7552691532258,67.72428787442395,0.8663886634766101,1.785,0.039645161290322584,1.787970430107527,1.77140850945495,0.05904004553678739,95.46828125,-3.089687500000011,95.52569623655914,95.33014228110598,1.078731030870384,25.95116129032258,-1.4518800403225818,24.80549126344086,24.488076612903225,0.7703233085894227
CNC-002,2026-09-15,68.151,0.7626874999999984,67.7705379704301,67.92235037442397,0.7626909666504609,1.8246451612903225,-0.04927016129032258,1.8231317204301074,1.787040853924996,0.05609608206393053,92.37859375,1.265625,94.44928125,94.93379392281106,1.5579147625981336,24.49928125,-0.7893749999999997,24.861220430107526,24.60785339861751,0.6801683595735704
CNC-002,2026-09-16,68.9136875,-2.7961391129032336,67.96277755376344,67.98419052419355,0.8300895274198528,1.775375,0.14804435483870937,1.7950067204301074,1.777960496782139,0.05122870713869313,93.64421875,0.7963750000000118,93.83036458333333,94.77025374423962,1.63388145027543,23.70990625,0.010287298387098076,24.72011626344086,24.515281970046086,0.7593443666615765
CNC-002,2026-09-17,66.11754838709676,2.3585141129032365,67.72741196236558,67.61613522465437,1.0137926955052177,1.9234193548387093,-0.21170060483870934,1.8411465053763438,1.8015277937788017,0.07375173762743566,94.44059375,-0.4085937500000085,93.48780208333334,94.89178499423963,1.5614845703255238,23.720193548387098,0.2787064516129014,23.976460349462368,24.329068548387095,0.773583064879574
CNC-002,2026-09-18,68.4760625,-1.4628437500000047,67.83576612903225,67.84630083525346,0.9975758719208228,1.71171875,0.08909374999999997,1.8035043682795697,1.7998670794930878,0.07590512351798395,94.032,2.512741935483888,94.03893749999999,94.43892785138249,1.196939437399319,23.9989,0.24851935483870946,23.809666599462364,24.334964976958528,0.7704308464778232
CNC-002,2026-09-19,67.01321875,0.29849092741936545,67.20227654569892,67.69030443548387,1.0350202822570347,1.8008125,-0.006093750000000009,1.8119835349462363,1.8115315380184331,0.06721182798083987,96.54474193548388,-2.6866794354838817,95.00577856182797,94.57277116935484,1.3867639925746635,24.24741935483871,-0.4115806451612869,23.9888376344086,24.322868634792627,0.7711478324310617
CNC-002,2026-09-20,67.31170967741936,1.7550403225806406,67.60033030913978,67.54383885368664,1.000216309664022,1.79471875,0.02778125000000009,1.7690833333333333,1.8022413594470044,0.0638462694851444,93.8580625,0.7856562500000024,94.81160147849464,94.33807027649769,1.3417868929273566,23.83583870967742,0.5124516129032237,24.027386021505375,24.2803857718894,0.791266009890841
CNC-002,2026-09-21,69.06675,-0.7836854838709684,67.79722614247312,67.86428240207373,1.086614538201499,1.8225,-0.10009375000000009,1.8060104166666668,1.8075985023041472,0.06373164042471331,94.64371875,-2.580437500000002,95.01550772849464,94.22027563364055,1.2597134261224137,24.348290322580645,-0.10402365591398066,24.143849462365594,24.051404205069126,0.3169394473860015
CNC-002,2026-09-22,68.28306451612903,-2.7249999999999943,68.22050806451612,67.88314876152073,1.0935467395319443,1.72240625,0.06221874999999999,1.7798749999999999,1.7929929435483871,0.07052683507176184,92.06328125,3.3027812499999953,93.5216875,94.17523099078342,1.3396452868386863,24.244266666666665,-0.015047916666663497,24.142798566308244,24.01497355030722,0.2677111046535192
CNC-002,2026-09-23,65.55806451612904,1.572806451612891,67.63595967741935,67.40377404953917,1.285202492767583,1.784625,-0.014406249999999954,1.7765104166666668,1.7943143721198156,0.07022774157637192,95.3660625,-0.02184375000000216,94.02435416666667,94.42120866935485,1.3832610938339274,24.22921875,0.8060393145161271,24.27392524641577,24.08916105030722,0.23955648780950778
CNC-002,2026-09-24,67.13087096774193,2.219762365591393,66.99066666666666,67.54853441820276,1.1678957838405888,1.77021875,-0.15287499999999987,1.759083333333333,1.7724285714285715,0.041132304134997875,95.34421875,0.2942812499999974,94.25785416666668,94.55029795506913,1.4268491536777228,25.03525806451613,-0.2827419354838696,24.502914493727598,24.277027409754222,0.3777631587932012
CNC-002,2026-09-25,69.35063333333332,-1.3426958333333232,67.3465229390681,67.67347310867895,1.3204713674936113,1.61734375,0.07868750000000002,1.7240624999999998,1.7589464285714287,0.06981456491810305,95.6385,-0.43868750000000034,95.44959375,94.77979795506914,1.4584381037298972,24.75251612903226,0.28254637096774005,24.672330981182796,24.384686856758833,0.39239240462561054
CNC-002,2026-09-26,68.0079375,-1.4775504032258056,68.16314726702508,67.81557578725038,1.290765031956479,1.69603125,0.014687499999999964,1.69453125,1.7439776785714287,0.07057094334792896,95.1998125,-0.7109687499999922,95.39417708333333,94.58766517857144,1.2626183213060347,25.0350625,-0.5810312499999988,24.940945564516127,24.497207306067587,0.4544870634199754
CNC-002,2026-09-27,66.53038709677419,-0.4047933467741984,67.9629859767025,67.70395827572965,1.3727749170733679,1.71071875,0.09308770161290303,1.674697916666667,1.7319776785714287,0.06758334147566737,94.48884375,-1.2938749999999999,95.10905208333332,94.67777678571429,1.2237806888054676,24.45403125,0.0879687500000017,24.747203293010752,24.585520526113672,0.35336763730775145
CNC-002,2026-09-28,66.12559375,2.3070312500000085,66.88797278225807,67.28379309715821,1.3357474617250222,1.803806451612903,-0.08877520161290309,1.7368521505376344,1.7293071716589863,0.06366606759719062,93.19496875,1.3142187499999949,94.29454166666666,94.4708125,1.346820654839448,24.542,-0.4918750000000003,24.67703125,24.61319333717358,0.33898561867232724
CNC-002,2026-09-29,68.432625,0.22274999999999068,67.02953528225805,67.30515888056836,1.3554460264883954,1.71503125,-0.019906250000000014,1.7431854838709677,1.7282536002304147,0.06386002676417207,94.5091875,2.0870060483870816,94.06433333333332,94.82022767857143,0.840057975142016,24.050125,-0.9794475806451608,24.348718750000003,24.585458813364056,0.3796977164884979
CNC-002,2026-09-30,68.65537499999999,1.4488125000000025,67.73786458333332,67.74763180683563,1.1848820195769034,1.695125,-0.059656249999999966,1.737987567204301,1.7154678859447006,0.059503593900701854,96.59619354838708,-0.4756622983870784,94.76678326612902,94.99596068548387,1.0703682310334943,23.07067741935484,0.0860100806451598,23.887600806451616,24.419952908986176,0.6881051752993848
CON-001,2026-01-01,,,,,,,,,,,,,,,,,,,,
CON-001,2026-01-02,42.2995,-2.6241249999999994,,,,1.14925,0.015937499999999938,,,,55.74196774193548,0.6160967741935508,,,,8.347645161290322,-0.020645161290321568,,,
CON-001,2026-01-03,39.675375,-0.3406562500000021,,,,1.1651875,-0.15480040322580635,,,,56.35806451612903,-1.2232832661290303,,,,8.327,-0.12684374999999903,,,
CON-001,2026-01-04,39.33471875,-0.04007358870967437,40.43653125,,,1.0103870967741937,0.09116129032258047,1.108274865591398,,,55.13478125,-2.889468750000006,55.744937836021506,,,8.200156250000001,0.6400624999999991,8.291600470430106,,
CON-001,2026-01-05,39.294645161290326,1.1173235887096737,39.43491297043011,,,1.1015483870967742,0.08126411290322588,1.0923743279569893,,,52.2453125,3.5828750000000014,54.579386088709676,,,8.84021875,-0.29049999999999976,8.455791666666666,,
CON-001,2026-01-06,40.41196875,-1.0553881048387055,39.68044422043011,,,1.1828125,-0.032937500000000064,1.0982493279569894,,,55.8281875,-0.1459062499999959,54.402760416666666,,,8.54971875,-0.5132187500000001,8.53003125,,
CON-001,2026-01-07,39.356580645161294,0.4380443548387092,39.68773151881721,,,1.149875,-0.09537499999999999,1.1447452956989248,,,55.68228125,1.4268749999999955,54.585260416666664,,,8.0365,0.5808749999999989,8.475479166666668,,
CON-001,2026-01-08,39.794625,-0.06946875000000574,39.854391465053766,40.02391618663595,1.0766528340662938,1.0545,0.1512500000000001,1.1290625,1.1162229262672811,0.06361503361096303,57.10915625,-5.349406250000001,56.20654166666666,55.44282157258065,1.5399475249837655,8.617375,-0.19924999999999926,8.401197916666666,8.416944844470047,0.27129014352709285
CON-001,2026-01-09,39.72515625,0.8215000000000003,39.625453965053765,39.6561527937788,0.39143206452536833,1.20575,-0.12225000000000019,1.1367083333333332,1.1242943548387097,0.0715885333293157,51.75975,5.453508064516136,54.85039583333333,54.87393332373272,2.0590742733322727,8.418125,0.3767499999999995,8.357333333333333,8.427013392857143,0.2695920896656049
CON-001,2026-01-10,40.54665625,0.628562500000001,40.02214583333333,39.78062154377881,0.5169613123944402,1.0835,0.06879032258064521,1.1145833333333333,1.1126247119815669,0.07046059742873625,57.21325806451613,-1.35454838709677,55.36072143817204,54.99610383064516,2.1834237867729644,8.794875,-0.23243749999999963,8.610124999999998,8.493852678571429,0.29724468633236656
CON-001,2026-01-11,41.17521875,-1.3860937500000006,40.482343750000005,40.043550115207374,0.6910916511169614,1.1522903225806451,0.14145967741935483,1.1471801075268817,1.1328966013824886,0.054821466205935254,55.85870967741936,-2.3378034274193595,54.943905913978504,55.09952217741936,2.208092183121722,8.5624375,-0.7569374999999994,8.5918125,8.545607142857142,0.26765121423139177
CON-001,2026-01-12,39.789125,-0.5551249999999968,40.50366666666667,40.11419009216589,0.6237774023767458,1.29375,-0.078125,1.176513440860215,1.1603539746543778,0.0792108082069285,53.52090625,0.36234374999999375,55.53095799731184,55.28174985599078,1.9734527023613773,7.8055,0.791951612903226,8.387604166666668,8.397790178571428,0.3506747387080102
CON-001,2026-01-13,39.234,0.18581249999999727,40.06611458333333,39.9459088421659,0.6858597891053598,1.215625,-0.021495967741935518,1.2205551075268817,1.1650414746543778,0.08169333419265339,53.88325,0.49239516129032523,54.42095530913978,55.00390164170507,2.0200620348514096,8.597451612903226,-0.12270161290322612,8.321796370967743,8.404609158986174,0.35456394399633445
CON-001,2026-01-14,39.4198125,1.409687500000004,39.480979166666664,39.954941964285716,0.6771657057494511,1.1941290322580644,-0.0630040322580645,1.2345013440860215,1.1713634792626728,0.08203565786403502,54.37564516129032,0.6586048387096781,53.92660047043011,54.81723934331797,2.007258136723109,8.47475,0.23154032258064383,8.292567204301076,8.467216301843319,0.3152436482534555
CON-001,2026-01-15,40.8295,0.027499999999996305,39.82777083333334,40.10278125,0.7458189465558399,1.131125,0.05093750000000008,1.180293010752688,1.1823099078341013,0.06770325854518834,55.03425,-2.5750625000000014,54.43104838709678,54.52082416474655,1.7489848568056412,8.706290322580644,-0.505193548387096,8.59283064516129,8.47991849078341,0.3239729104203014
CON-001,2026-01-16,40.857,-0.5272500000000022,40.368770833333336,40.264473214285715,0.7725186782288297,1.1820625,-0.05037500000000006,1.1691055107526882,1.1789259792626727,0.0669239042839883,52.4591875,4.641031250000005,53.95636088709677,54.62074380760369,1.576420831345922,8.201096774193548,-0.33783870967742047,8.460712365591398,8.448914458525346,0.34081887764185137
CON-001,2026-01-17,40.32975,0.6174687500000005,40.672083333333326,40.23348660714286,0.7636123857066043,1.1316875,-0.010437499999999877,1.1482916666666665,1.1858099078341013,0.057251624262910236,57.10021875,-3.6507812500000014,54.864552083333336,54.60459533410138,1.545717537278936,7.863258064516128,0.8348044354838731,8.256881720430107,8.315826324884792,0.3642944323202661
CON-001,2026-01-18,40.94721875,-2.6183750000000003,40.71132291666667,40.200915178571435,0.7203877556300323,1.12125,0.06159374999999989,1.145,1.181375576036866,0.06133686615597626,53.4494375,0.46771874999999596,54.336281250000006,54.260413594470045,1.4870449206737868,8.6980625,-0.6984062500000006,8.254139112903227,8.335201324884792,0.3827362642902792
CON-001,2026-01-19,38.32884375,1.5411874999999995,39.868604166666664,39.99230357142857,1.0119453027735397,1.18284375,-0.136625,1.1452604166666667,1.1655318260368663,0.03694644857610218,53.91715625,2.783392137096783,54.822270833333334,54.31702073732719,1.461525429603183,7.99965625,0.44450000000000056,8.186992271505376,8.36293793202765,0.3429149690718841
CON-001,2026-01-20,39.87003125,0.5643750000000054,39.71536458333333,40.083165178571434,0.9597165525482602,1.04621875,0.12595366379310358,1.1167708333333333,1.1413309331797235,0.05134319478505625,56.70054838709678,-1.3738921370967816,54.68904737903225,54.71949193548387,1.6919173066620663,8.44415625,-0.05170463709677442,8.380625,8.341038594470046,0.33009764662385366
CON-001,2026-01-21,40.43440625,0.652468749999997,39.54442708333333,40.22810714285714,0.9185687662902624,1.1721724137931036,-0.09472080088987789,1.133744971264368,1.1381942733990147,0.04815154743532333,55.32665625,0.8429687500000043,55.314786962365595,54.8553506624424,1.6978770950984023,8.392451612903226,0.21492338709677306,8.278754704301075,8.32928168202765,0.3259815233526808
CON-001,2026-01-22,41.086875,-2.2861562499999977,40.463770833333335,40.264875,0.9512235284999372,1.0774516129032257,-0.0072258064516128595,1.0986142588987764,1.1305266466709043,0.05344713556827655,56.169625,0.18550403225805923,56.06560987903226,55.01754709101382,1.7704932491471324,8.607375,0.06718750000000107,8.481327620967742,8.315150921658987,0.3085952989307849
CON-001,2026-01-23,38.80071875,2.753781249999996,40.10733333333334,39.971120535714284,1.0502425845811207,1.0702258064516128,0.12783669354838723,1.106616611049314,1.1145499761639917,0.05217446206736225,56.35512903225806,-1.1857540322580604,55.95047009408603,55.5741101670507,1.4073297718854239,8.6745625,-0.24365927419354882,8.558129704301075,8.382788882488478,0.3305375493062759
CON-001,2026-01-24,41.5545,-0.537343749999998,40.480697916666664,40.14608482142857,1.209837788379435,1.1980625,-0.20209375000000007,1.115246639784946,1.1240321190211344,0.061079615576992284,55.169375,2.380721774193539,55.89804301075268,55.29827534562212,1.2373137387447244,8.430903225806452,0.07934677419354763,8.570946908602151,8.463881048387098,0.23871236967928303
CON-001,2026-01-25,41.01715625,-0.13153125000000188,40.457458333333335,40.15607589285714,1.2178188122453601,0.99596875,0.12928125000000013,1.0880856854838707,1.106134797592563,0.07803268987286816,57.55009677419354,-4.37047177419354,56.3582002688172,55.88408381336405,1.1857465418559805,8.51025,-0.056968749999999346,8.538571908602151,8.43705069124424,0.21762797904170125
CON-001,2026-01-26,40.885625,1.6059416666666735,41.15242708333333,40.52133035714286,0.9271897312875305,1.12525,-0.027750000000000163,1.1064270833333334,1.0979071190211347,0.07134641880019743,53.179625,6.194625000000002,55.29969892473118,55.7787222062212,1.4025901708971422,8.45328125,0.2330312499999998,8.464811491935484,8.501854262672811,0.10305713406288462
CON-001,2026-01-27,42.49156666666667,-2.216316666666671,41.46478263888889,40.89583541666667,1.1279736328159895,1.0975,-0.023166666666666558,1.07290625,1.1052330118782776,0.06769375422251672,59.37425,-4.731187500000004,56.701323924731184,56.160679579493085,1.9519379979947518,8.6863125,-0.5815312499999994,8.549947916666666,8.53644801267281,0.11975205298557363
CON-001,2026-01-28,40.27525,1.017249999999997,41.21748055555556,40.87309880952381,1.1403608937792946,1.0743333333333334,0.00707291666666654,1.099027777777778,1.0912560003840246,0.0613746348498628,54.6430625,0.514937500000002,55.7323125,56.06302332949309,2.016646604794558,8.10478125,0.18200000000000038,8.414791666666666,8.495352246543778,0.1999260371817768
CON-001,2026-01-29,41.2925,0.11609375000000455,41.35310555555555,40.90247380952381,1.1493980071433048,1.08140625,0.025271169354838863,1.0844131944444444,1.0918209485407067,0.061244451614946786,55.158,-0.22621875000000102,56.39177083333334,55.918505472350226,2.0437990200162477,8.28678125,0.21365624999999966,8.359291666666666,8.449553139400923,0.2065963769692917
CON-001,2026-01-30,41.40859375,-2.118529233870973,40.992114583333326,41.27502738095238,0.6823860822846064,1.1066774193548388,0.06494758064516115,1.0874723342293906,1.097028321812596,0.06064905128434522,54.93178125,3.205874999999999,54.910947916666665,55.71517007488479,2.063825500382938,8.5004375,-0.10053124999999952,8.297333333333334,8.424678139400921,0.18426476615746734
CON-001,2026-01-31,39.29006451612903,-1.072533266129028,40.66371942204301,40.951536597542244,0.9935922380471836,1.171625,-0.015218749999999837,1.1199028897849461,1.0932515360983104,0.05373818473614517,58.13765625,-3.7950937499999995,56.075812500000005,56.13921025345621,2.2311480852444894,8.39990625,0.7290614919354841,8.395708333333333,8.42025,0.18446257983497802
CON-001,2026-02-01,38.21753125,1.178531249999999,39.63872983870968,40.55159016897081,1.4302757598074867,1.15640625,0.06346874999999996,1.1449028897849463,1.1161711789554531,0.03691016618873021,54.3425625,0.03178125000000165,55.803999999999995,55.68099107142858,2.2224505736497013,9.128967741935485,-0.1890302419354839,8.676437163978497,8.508638248847927,0.32752916413391536
CON-001,2026-02-02,39.3960625,1.2234062500000036,38.96788608870968,40.33879552611368,1.4821620750204108,1.219875,0.05149999999999988,1.1826354166666666,1.1296890360983103,0.054109599400993004,54.37434375,-0.7566437500000021,55.6181875,55.85166517857142,2.036430977521486,8.939937500000001,-0.5981875000000016,8.822937163978494,8.578160570276498,0.3634953678372294
CON-001,2026-02-03,40.61946875,-0.170984879032261,39.41102083333333,40.07135296658986,1.1636509869278702,1.271375,-0.17140624999999998,1.2158854166666666,1.154528321812596,0.07335636759711299,53.6177,1.6472062500000035,54.11153541666667,55.029300892857144,1.4566126357201044,8.34175,0.2938437500000006,8.803551747311827,8.528937355990784,0.36968588889712756
CON-001,2026-02-04,40.44848387096774,1.9378911290322591,40.154671706989255,40.096100662442396,1.1705318090454004,1.09996875,0.04119254032258035,1.1970729166666667,1.1581905241935484,0.06920810238872321,55.26490625,0.12465624999999392,54.41898333333334,55.118135714285714,1.4480682898806163,8.63559375,-0.20802708333333264,8.63909375,8.604767713133642,0.31917117178217724
CON-001,2026-02-05,42.386375,-2.3958437500000045,41.151442540322584,40.252368519585254,1.4061718695366434,1.1411612903225803,-0.05438004032258026,1.17083501344086,1.1667269585253455,0.061403913668134635,55.3895625,-1.1943749999999937,54.75738958333333,55.15121607142857,1.4517709760538116,8.427566666666667,0.4320583333333321,8.468303472222223,8.624879915514594,0.29963164516933977
CON-001,2026-02-06,39.99053125,-1.0040937499999956,40.941796706989244,40.0497881624424,1.3107470086845165,1.08678125,0.08956249999999999,1.10930376344086,1.1638846486175114,0.06500187402468549,54.1951875,1.3567812499999974,54.94988541666667,55.04598839285715,1.4963379041091762,8.859625,-0.3953749999999996,8.640928472222223,8.676192415514594,0.3054677473532777
CON-001,2026-02-07,38.9864375,0.01716249999999775,40.45444791666666,40.006412874423965,1.3446629706563828,1.17634375,-0.10878125000000005,1.1347620967741934,1.1645587557603687,0.06511988557650275,55.55196875,1.2408750000000026,55.045572916666664,54.676604464285724,0.7276282608309367,8.46425,-0.4687338709677418,8.583813888888889,8.685384379800308,0.2966078681879243
CON-001,2026-02-08,39.0036,-0.5203812499999998,39.32685625,40.11870841013825,1.194848331480185,1.0675625,0.18146875000000007,1.1102291666666666,1.1518667914746543,0.07489749168511378,56.79284375,-1.4850937500000043,55.51333333333334,55.02664464285714,1.0556076535938586,7.995516129032258,0.21460887096774162,8.439797043010753,8.523462720814132,0.3223556533651095
CON-001,2026-02-09,38.48321875,1.6808125000000018,38.82441875,39.98830216013825,1.3291315459196205,1.24903125,-0.039875000000000105,1.1643125,1.1560319700460828,0.07995017213896786,55.30775,0.09406249999999972,55.884187499999996,55.159988392857144,1.017751196453842,8.210125,-0.15347983870967674,8.223297043010753,8.419203792242703,0.28051108707076033
CON-001,2026-02-10,40.16403125,-1.398386088709671,39.216950000000004,39.92323966013824,1.3039952418544498,1.20915625,-0.15118750000000003,1.17525,1.14714357718894,0.06747509419395094,55.4018125,-0.23659374999999727,55.83413541666667,55.41486160714286,0.7571886501868441,8.056645161290323,0.10551108870967774,8.08742876344086,8.378474529569893,0.3125050348655495
CON-001,2026-02-11,38.76564516129033,2.088542338709672,39.13763172043011,39.68283413018433,1.3454863653217517,1.05796875,0.12028125000000012,1.1720520833333332,1.14114357718894,0.07392791027161347,55.16521875,4.153687499999997,55.291593750000004,55.40062053571429,0.7614047546048487,8.16215625,0.08643749999999883,8.142975470430109,8.310840600998464,0.2985016045186816
CON-001,2026-02-12,40.8541875,-1.3675625000000053,39.92795463709678,39.46395020161291,0.8746013966856845,1.17825,-0.133,1.1484583333333334,1.1464419642857142,0.07524669589872757,59.31890625,-2.4049062499999962,56.62864583333334,55.96195535714286,1.6646113854987898,8.24859375,-0.4720312499999997,8.155798387096775,8.285273041474655,0.29447496858934835
CON-001,2026-02-13,39.486625,0.11666532258065132,39.70215255376345,39.39196359447005,0.8442469685280862,1.04525,0.01940625000000007,1.0938229166666666,1.1405089285714287,0.08206338797891169,56.914,-0.7654375000000044,57.13270833333333,56.35035714285714,1.491895611815763,7.7765625,0.6083084677419359,8.0624375,8.13054982718894,0.21665039973322617
CON-001,2026-02-14,39.60329032258065,0.5687096774193492,39.981367607526884,39.48008542626729,0.8268783702633117,1.06465625,0.07462499999999994,1.0960520833333334,1.1245535714285715,0.08474852835321547,56.1485625,-2.6839958333333342,57.460489583333334,56.43558482142857,1.4552757957975357,8.384870967741936,0.27158064516129166,8.136675739247313,8.119209965437788,0.19750428863432257
CON-001,2026-02-15,40.172,-1.7143124999999984,39.75397177419355,39.646999711981564,0.8325714984037762,1.13928125,-0.02662500000000012,1.0830625,1.1347991071428571,0.08096089964424416,53.46456666666666,1.5674958333333393,55.50904305555556,55.96011666666667,1.8176812620083138,8.656451612903227,0.36075528364849596,8.272628360215053,8.213629320276498,0.2723266986553874
CON-001,2026-02-16,38.4576875,2.231406249999999,39.41099260752688,39.643352390553,0.8385539228485723,1.11265625,-0.03690624999999992,1.10553125,1.1153169642857144,0.06339354601193514,55.0320625,1.5348437500000003,54.881730555555556,55.92073273809524,1.8370554171108697,9.017206896551723,-1.0403631465517238,8.686176492398962,8.3289267340696,0.40776651208000814
CON-001,2026-02-17,40.68909375,0.7601562500000014,39.77292708333333,39.718361319124426,0.9130644582734703,1.07575,0.08112500000000011,1.1092291666666665,1.0962589285714286,0.04887010350274673,56.56690625,-2.2230030241935523,55.021178472222225,56.08717470238095,1.8349830669007048,7.97684375,-0.08877923387096764,8.550167419818317,8.317526532456698,0.41764350644656
CON-001,2026-02-18,41.44925,-2.0021562499999987,40.19867708333334,40.10173343894009,1.0051209298880899,1.156875,0.006673387096774119,1.11509375,1.110388392857143,0.05023345517283558,54.34390322580645,0.14609677419355194,55.314290658602154,55.96984391321045,1.9276758112283743,7.888064516129032,0.7684979838709678,8.294038387560251,8.278370570475131,0.44649038140974245
CON-001,2026-02-19,39.44709375,2.359281250000002,40.52847916666666,39.900720046082945,0.9696330768018289,1.1635483870967742,0.02648286290322588,1.1320577956989248,1.1082881624423964,0.047135108289166484,54.49,2.6418387096774154,55.13360315860215,55.280000163210445,1.2869947471425367,8.6565625,0.014187500000000242,8.173823588709677,8.336651820475131,0.4680611626624775
CON-001,2026-02-20,41.806375,-1.9312137096774151,40.90090625,40.23211290322581,1.1784472366642769,1.19003125,-0.02012802419354842,1.1701515456989249,1.128971198156682,0.04662602505649886,57.13183870967742,-2.4005887096774146,55.32191397849462,55.31111997887865,1.3348348406011974,8.67075,-0.7176854838709685,8.405125672043011,8.464392891903703,0.40787755297008804
CON-001,2026-02-21,39.87516129032259,-0.8591925403225886,40.37621001344086,40.270951612903225,1.1585813765153439,1.1699032258064517,-0.027215725806451596,1.1744942876344087,1.1440064804147467,0.03873094718370663,54.73125,0.5327812499999993,55.451029569892476,55.10864676459293,1.2934885458065981,7.953064516129031,1.0134042338709692,8.426792338709676,8.402706255959002,0.4521579505312934
CON-001,2026-02-22,39.01596875,1.6517187500000006,40.23250168010753,40.105804291474655,1.2535376564021117,1.1426875,0.008156249999999865,1.1675406586021506,1.1444930875576038,0.03868305404128124,55.26403125,-0.6828377016129039,55.70903998655914,55.365713133640554,1.072165942694037,8.96646875,-0.20584375000000144,8.53009442204301,8.446994418401399,0.4943669736071346
CON-001,2026-02-23,40.6676875,-0.9470423387096787,39.85293918010753,40.421518577188934,1.0271185542057244,1.15084375,-0.07894374999999987,1.1544781586021504,1.1499484447004609,0.0360478669194613,54.5811935483871,0.7462127016129045,54.8588249327957,55.30130328341014,1.1084784379731618,8.760625,0.15753125000000168,8.560052755376342,8.410339861751151,0.45280775968281556
CON-001,2026-02-24,39.72064516129032,-0.06177016129031898,39.801433803763445,40.283168778801844,1.0500379002187068,1.0719,0.14475624999999992,1.1218104166666667,1.149398444700461,0.03737362100210234,55.32740625,-0.5419687500000023,55.0575436827957,55.124231854838705,0.961924905663805,8.918156250000001,0.3869374999999984,8.88175,8.544813076036865,0.4422643423568911
CON-001,2026-02-25,39.658875,0.4399374999999992,40.015735887096774,40.02740092165899,0.9298346162949181,1.21665625,-0.060430443548387114,1.1464666666666667,1.1579386232718893,0.04534662101559674,54.7854375,2.436852822580647,54.898012432795696,55.1873081797235,0.9155886659297707,9.30509375,-0.7317389112903214,8.994625,8.747245823732719,0.415018353410468
CON-001,2026-02-26,40.0988125,-0.16490625000000136,39.826110887096775,40.120503600230414,0.8939818156897783,1.1562258064516129,0.03171169354838721,1.148260685483871,1.1568925403225807,0.04528005537710832,57.22229032258065,-1.273009072580649,55.77837802419355,55.57763536866359,1.1268127657491507,8.573354838709678,0.15941935483870928,8.932201612903226,8.735359014976959,0.4192189042170201
CON-001,2026-02-27,39.93390625,0.40318750000000136,39.89719791666666,39.85300806451613,0.4978286324741446,1.1879375,0.015656249999999927,1.1869398521505377,1.1565934331797236,0.045030896201815204,55.94928125,-1.7922167338709656,55.98566969086022,55.408698588709676,0.9256562753778934,8.732774193548387,-0.41277419354838685,8.870407594086021,8.7442196140553,0.41828015390223205
CON-001,2026-02-28,40.33709375,0.625343749999999,40.12327083333333,39.91899841589862,0.5307801151786107,1.20359375,-0.09315625000000005,1.182585685483871,1.1614063652073732,0.04836737653100527,54.15706451612903,-0.83837701612903,55.7762120295699,55.326672091013826,1.0166603888802765,8.32,0.9030312499999997,8.542043010752687,8.79663896889401,0.312130072654924
CON-001,2026-03-01,40.9624375,-0.6254374999999968,40.41114583333333,40.19706538018433,0.4868981879137058,1.1104375,0.02012499999999995,1.1673229166666665,1.1567992223502304,0.051857605716174156,53.3186875,-0.0973004032258089,54.475011088709685,55.048765841013825,1.2707638866820539,9.22303125,-0.7408699596774184,8.758601814516128,8.833290754608296,0.3483570588245508
CON-001,2026-03-02,40.337,2.1783749999999955,40.545510416666666,40.14982430875576,0.44812452858497587,1.1305625,0.006093750000000009,1.1481979166666667,1.153901900921659,0.05280373135841609,53.221387096774194,3.4800795698924674,53.5657130376344,54.8545077764977,1.4460048980340832,8.482161290322582,0.15074495967741797,8.675064180107528,8.793510224654378,0.37306165653285495
CON-001,2026-03-03,42.515375,-0.4826330645161221,41.27160416666667,40.54907142857143,0.9574916058967253,1.13665625,0.039125000000000076,1.1258854166666665,1.1631527937788018,0.04021494718508744,56.70146666666666,-0.4276541666666631,54.41384708781362,55.05080212173579,1.6053807895510654,8.63290625,-0.5118739919354827,8.779366263440862,8.752760224654377,0.3727561904226741
CON-001,2026-03-04,42.03274193548388,-1.8048387096774263,41.62837231182796,40.8881952764977,1.0086736054666336,1.17578125,-0.06962500000000005,1.1476666666666666,1.1573135080645163,0.033569900054319486,56.2738125,1.2855937500000039,55.39888875448028,55.263427121735795,1.6619444006572366,8.121032258064517,0.4672177419354835,8.412033266129034,8.583608582949308,0.34818697570437324
CON-001,2026-03-05,40.22790322580645,-2.1492157258064495,41.592006720430106,40.90663680875576,0.992892613174675,1.10615625,0.02881250000000013,1.1395312499999999,1.1501607142857144,0.03877149701333119,57.55940625,-2.4598125000000053,56.84489513888889,55.31158653993856,1.731593435544508,8.58825,0.39445967741935384,8.447396169354839,8.58573646313364,0.3481593812857605
CON-001,2026-03-06,38.0786875,2.3221249999999998,40.113110887096774,40.641605558755764,1.4418978267316087,1.13496875,0.01168749999999985,1.13896875,1.14259375,0.03517165403269867,55.09959375,-2.4416905241935467,56.310937499999994,55.19020261136713,1.7090759174215808,8.982709677419354,-1.1651784274193542,8.563997311827958,8.621441532258064,0.37734453832676895
CON-001,2026-03-07,40.4008125,-0.23723185483871134,39.569134408602146,40.650708237327194,1.4398547322891664,1.14665625,0.08544052419354853,1.1292604166666667,1.1344598214285713,0.023290376526903248,52.65790322580645,1.4408467741935524,55.10563440860215,54.97603671274961,1.9386309421181191,7.81753125,0.5106020833333336,8.462830309139784,8.549660282258063,0.47848202913301163
CON-001,2026-03-08,40.16358064516129,1.1162580645161313,39.547693548387095,40.53658582949309,1.4426850309190216,1.2320967741935485,-0.13503225806451624,1.1712405913978496,1.1518397177419355,0.04102057792531063,54.09875,0.7271562500000002,53.952082325268826,55.08747421274961,1.8477751002646516,8.328133333333334,0.5531000000000006,8.376124753584229,8.421817722734255,0.3774718536841431
CON-001,2026-03-09,41.27983870967742,-3.413744959677423,40.6147439516129,40.67127707373272,1.4647888819593877,1.0970645161290322,0.06359173387096773,1.1586058467741935,1.1470542914746544,0.04561327925238875,54.82590625,1.435738911290315,53.86085315860216,55.316691234639016,1.6685318146906334,8.881233333333334,-0.15882708333333362,8.342299305555557,8.478828014592933,0.41624915323449735
CON-001,2026-03-10,37.86609375,0.9819999999999993,39.76983770161291,40.00709403801843,1.5413209375857653,1.16065625,-0.027687499999999865,1.1632725134408604,1.1504828629032258,0.04560342779490222,56.26164516129032,-0.11083266129031699,55.06210047043012,55.25385959101383,1.6151207755701922,8.72240625,-0.4060625000000009,8.643924305555556,8.491613728878649,0.4230890525094196
CON-001,2026-03-11,38.84809375,0.5250000000000057,39.33134206989248,39.552144297235024,1.2939087289095603,1.13296875,-0.07545262096774219,1.1302298387096774,1.1443667914746545,0.044502672603118874,56.1508125,-1.4735624999999999,55.74612130376344,55.23628816244239,1.6027970352244578,8.31634375,0.38796875000000064,8.639994444444445,8.519515370583717,0.4004092710041403
CON-001,2026-03-12,39.37309375,1.3142812500000005,38.695760416666666,39.4300286578341,1.2593796194758786,1.057516129032258,0.17174193548387118,1.1170470430107526,1.137418202764977,0.05420322730924408,54.67725,-1.6013500000000036,55.69656922043011,54.824551555299536,1.2344166503146938,8.7043125,0.08893750000000011,8.581020833333334,8.536095727726574,0.40609249313734236
CON-001,2026-03-13,40.687375,-1.8900846774193596,39.6361875,39.80269830069125,1.1760697553049149,1.229258064516129,-0.004195564516129124,1.139914314516129,1.1508881048387096,0.06427341552424871,53.0759,3.1146937500000007,54.63465416666667,54.535452448156676,1.3868304868881853,8.79325,-0.30106250000000045,8.604635416666667,8.509030059523809,0.37660835643421164
CON-001,2026-03-14,38.79729032258064,0.7864284274193594,39.61925302419355,39.57362370391705,1.196147902426838,1.2250625,-0.10178124999999993,1.1706122311827958,1.1620889976958524,0.06999064694122006,56.19059375,-1.7183124999999961,54.64791458333334,55.040122523041475,1.2227872022218536,8.4921875,-0.12276814516128987,8.66325,8.605409523809524,0.22660287770419366
CON-001,2026-03-15,39.58371875,-1.173250000000003,39.68946135752688,39.49078629032258,1.1682349424578367,1.12328125,-0.041906250000000034,1.192533938172043,1.14654392281106,0.0636468786801579,54.47228125,1.8850624999999965,54.579591666666666,55.09348413018433,1.1823409341865765,8.36941935483871,-0.3625756048387103,8.551618951612904,8.61130752688172,0.21857834372261792
CON-001,2026-03-16,38.41046875,2.4328437500000035,38.93049260752688,39.080876296082955,0.910936449463173,1.081375,0.040124999999999966,1.1432395833333333,1.1443025633640553,0.06591555451726873,56.35734375,-0.42875000000000085,55.67340625,55.31226091589861,1.2634793726573386,8.00684375,0.8634062500000006,8.289483534946237,8.486394729262674,0.27986693909117216
CON-001,2026-03-17,40.8433125,-0.2597812500000032,39.612500000000004,39.50619326036866,0.9436678783350748,1.1215,-0.001374999999999904,1.1087187500000002,1.1387088133640553,0.06595787231238573,55.92859375,0.09303125000000279,55.586072916666666,55.26468214285715,1.2275293812008488,8.87025,-0.3215725806451619,8.41550436827957,8.50751526497696,0.30508848807289907
CON-001,2026-03-18,40.58353125,-1.4138538306451593,39.945770833333334,39.75411290322581,0.9695675600289507,1.120125,0.03340624999999986,1.1076666666666666,1.136873991935484,0.06632180300608213,56.021625,2.36328125,56.10252083333333,55.246226785714285,1.2128699825858364,8.548677419354838,-0.7676149193548385,8.475257056451612,8.540705789170508,0.29323210711777803
CON-001,2026-03-19,39.16967741935484,1.0275806451612866,40.19884038978495,39.725053427419354,0.9858030219493253,1.15353125,0.03021068548387107,1.1317187499999999,1.1505904377880185,0.056353492878654106,58.38490625,-1.5568437499999987,56.778375000000004,55.77589196428572,1.6527794446051653,7.7810625,0.6380665322580645,8.399996639784947,8.408812932027649,0.39674322142173646
CON-001,2026-03-20,40.19725806451613,-2.387383064516129,39.98348891129032,39.65503672235023,0.9213616396242937,1.183741935483871,-0.0433356854838709,1.1524660618279572,1.1440881336405528,0.04772973138343477,56.8280625,-4.298937500000001,57.07819791666666,56.31191517857143,1.1687557044639276,8.419129032258065,0.6574959677419354,8.249622983870967,8.355367079493089,0.3598032914166068
CON-001,2026-03-21,37.809875,3.714593749999999,39.05893682795699,39.513977390552995,1.127168456467079,1.14040625,-0.034781249999999986,1.1592264784946236,1.131994383640553,0.03188954970937575,52.529125,0.767616935483872,55.91403125,55.78884821428572,1.8518247164386277,9.076625,-0.4139999999999997,8.425605510752687,8.438858150921659,0.4526677034451022
CON-001,2026-03-22,41.52446875,-4.404920362903219,39.843867271505374,39.79122739055299,1.3615059730080576,1.105625,0.01718749999999991,1.1432577284946237,1.1294720622119816,0.033358035618677784,53.29674193548387,1.2556774193548392,54.21797647849462,55.620914026497694,2.0353280069756523,8.662625,-0.1801875000000006,8.719459677419353,8.480744671658986,0.45869684804930994
CON-001,2026-03-23,37.11954838709678,3.202451612903225,38.81796404569892,39.60681019585253,1.638876518093951,1.1228125,0.016562500000000036,1.1229479166666667,1.1353917050691245,0.026338433313825092,54.55241935483871,-2.335186021505379,53.45942876344086,55.363067684331796,2.0408053781291193,8.4824375,0.4553124999999998,8.740562500000001,8.5486866359447,0.4093744819851746
CON-001,2026-03-24,40.322,2.655562499999995,39.65533904569892,39.532336981566814,1.584257562163358,1.139375,0.10140624999999992,1.1226041666666668,1.1379452764976958,0.025623948746091325,52.21723333333333,3.368089247311829,53.35546487455198,54.832873339093695,2.3308807804246765,8.93775,-0.6049375000000001,8.694270833333333,8.558329493087557,0.41889561354711896
CON-001,2026-03-25,42.9775625,-4.096718750000001,40.13970362903226,39.87434144585253,2.0414468826205696,1.24078125,-0.1442651209677419,1.16765625,1.155181883640553,0.04493975839422032,55.58532258064516,-0.8252913306451646,54.11832508960574,54.77054442204302,2.2994160986294534,8.3328125,0.5893437500000012,8.584333333333332,8.527491647465437,0.427580236696326
CON-001,2026-03-26,38.88084375,-0.24781249999999488,40.72680208333333,39.83307949308755,2.0608898032795597,1.096516129032258,0.1323588709677419,1.1588907930107526,1.147036866359447,0.05015317925111083,54.76003125,-1.23559791666667,54.1875290546595,54.25270513632872,1.672487308890955,8.92215625,-0.7377187500000009,8.730906249999999,8.69050504032258,0.2914158727751842
CON-001,2026-03-27,38.63303125,-0.37106250000000074,40.1638125,39.60961851958525,2.0992676022313774,1.228875,-0.16700000000000004,1.188724126344086,1.1534844470046082,0.05795295114584101,53.52443333333333,0.545566666666673,54.62326238799283,53.7807581125192,1.2330219723543292,8.1844375,-0.045406249999999204,8.479802083333333,8.656977678571428,0.33767096784322925
CON-001,2026-03-28,38.26196875,1.1742500000000007,38.59194791666667,39.67420334101383,2.040809952189366,1.061875,0.09240625000000002,1.1290887096774194,1.1422656970046083,0.06768985197420045,54.07,2.781516129032255,54.1181548611111,54.0008831125192,1.1030223190243689,8.13903125,0.09259374999999892,8.415208333333334,8.523035714285713,0.32932040504039145
CON-001,2026-03-29,39.43621875,-0.11846875000000523,38.77707291666667,39.3758819124424,1.8708116074931238,1.15428125,-0.12521673387096777,1.14834375,1.1492165898617512,0.06577122574748022,56.851516129032255,-2.2607973790322546,54.81531648745519,54.50870799731183,1.4790222231782426,8.231625,0.42874166666666724,8.18503125,8.461464285714285,0.33902048243328914
CON-001,2026-03-30,39.31775,0.15712096774193895,39.0053125,39.68991071428571,1.592778293178385,1.0290645161290322,0.10584173387096785,1.081740255376344,1.1358240207373271,0.08004055568328511,54.59071875,2.9691562499999975,55.17074495967742,54.51417933947772,1.4792816923321621,8.660366666666667,0.21872708333333257,8.343674305555554,8.486882738095238,0.34742119548581446
CON-001,2026-03-31,39.474870967741936,1.8268165322580643,39.409613239247314,39.56889228110599,1.5687491379341818,1.13490625,0.0962812500000001,1.106084005376344,1.1351856278801844,0.08002533281806914,57.559875,-4.837656249999995,56.334036626344094,55.277413863287244,1.4749157311890237,8.87909375,-1.1600937499999997,8.590361805555554,8.478503273809524,0.33522768493632427
CON-001,2026-04-01,41.3016875,-2.382031249999997,40.03143615591398,39.32948156682028,0.9787889903054499,1.2311875,-0.05684375000000008,1.1317194220430107,1.1338150921658987,0.07797125412450207,52.72221875,2.9850070564516074,54.95760416666667,54.86839903033793,1.747160593572096,7.718999999999999,1.10734375,8.419486805555556,8.390815773809525,0.44273041877403924
CON-001,2026-04-02,38.91965625,1.2344374999999985,39.898738239247315,39.33502620967742,0.9759297296624084,1.17434375,0.06215624999999991,1.1801458333333334,1.1449333237327188,0.07731230255836898,55.70722580645161,0.9643870967741961,55.32977318548387,55.00371253840245,1.7738441966833884,8.82634375,-0.7170937500000001,8.474812499999999,8.377128273809523,0.4246786677515748
CON-001,2026-04-03,40.15409375,-0.17087500000000233,40.125145833333335,39.55232085253456,0.9628247506625379,1.2365,-0.09399999999999986,1.2140104166666668,1.1460226094470047,0.07873277393157745,56.67161290322581,-3.03445665322581,55.03368581989247,55.45330961981567,1.7348295456982243,8.10925,0.5394500000000004,8.218197916666666,8.366387202380952,0.43126427822147445
CON-001,2026-04-04,39.98321875,0.08074899193548646,39.68565625,39.79821370967742,0.7809833942000965,1.1425,0.07837499999999986,1.1844479166666666,1.1575404665898616,0.06975679120498186,53.63715625,2.4286875000000023,55.33866498655914,55.391474798387094,1.7988841012414498,8.6487,-0.4764499999999998,8.528097916666665,8.439197023809523,0.42950245671795645
CON-001,2026-04-05,40.063967741935485,-0.09421774193548771,40.0670934139785,39.88789213709678,0.7684290993662004,1.220875,-0.1279999999999999,1.1999583333333332,1.1670538594470046,0.07366949576680555,56.06584375,-1.254937499999997,55.45820430107526,55.279235887096775,1.7151663593487305,8.17225,-0.2885,8.310066666666666,8.430714880952381,0.43483811224807134
CON-001,2026-04-06,39.96975,0.1385937500000054,40.00564549731183,39.98103499423963,0.7261553087879028,1.092875,0.15559374999999998,1.1520833333333333,1.1761696428571429,0.055442055951057875,54.81090625,-1.6807500000000033,54.837968749999995,55.310691244239635,1.7024063638423623,7.88375,0.5682155172413799,8.2349,8.319769642857143,0.46453808966582083
CON-001,2026-04-07,40.10834375,-1.664406250000006,40.047353830645164,40.071531105990786,0.6911931554400994,1.24846875,-0.06246875000000007,1.18740625,1.1923928571428573,0.057915274237071226,53.13015625,2.272718750000003,54.66896875,54.67787427995392,1.5428236390796817,8.45196551724138,0.0673782327586192,8.16932183908046,8.258751323891627,0.40277029560483446
CON-001,2026-04-08,38.4439375,2.611437500000001,39.50734375,39.663281105990784,0.6874575894559982,1.186,-0.09132258064516119,1.17578125,1.1859374999999999,0.055331149751404345,55.402875,-1.7588125000000048,54.44797916666666,55.060825172811064,1.2881709562829786,8.519343749999999,0.2229062500000012,8.285019755747127,8.373086145320197,0.331263547469937
CON-001,2026-04-09,41.055375,-2.4080000000000013,39.869218749999995,39.968383784562214,0.7712459179572173,1.0946774193548388,0.13713508064516122,1.1763820564516128,1.1745565956221198,0.06539180527910705,53.6440625,2.0219052419354853,54.059031250000004,54.76608755760368,1.3501603197916183,8.74225,-0.34909374999999976,8.571186422413794,8.361072752463054,0.3131140557476888
CON-001,2026-04-10,38.647375,0.4807862903225839,39.38222916666667,39.75313824884792,0.9087705182376181,1.2318125,-0.10113508064516119,1.1708299731182796,1.1738869527649771,0.06467179121698328,55.66596774193548,1.3309354838709666,54.90430174731183,54.62242396313364,1.152669383037414,8.39315625,0.9045770833333311,8.551583333333333,8.401630788177341,0.29278616877900504
CON-001,2026-04-11,39.12816129032258,0.18643245967741962,39.61030376344086,39.63098718317973,0.9299100414087835,1.1306774193548388,0.07077419354838699,1.1523891129032258,1.1721980126728109,0.06577309330631204,56.99690322580645,-1.3136219758064485,55.435644489247316,55.10238781682028,1.3556500553824626,9.297733333333332,-1.375217204301074,8.811046527777778,8.494349835796386,0.446490251337105
CON-001,2026-04-12,39.31459375,0.6592812499999994,39.03004334677419,39.52393375576037,0.9147682490409371,1.2014516129032258,-0.08613911290322585,1.1879805107526882,1.1694232430875577,0.06375608131244674,55.68328125,3.194363911290317,56.115384072580646,55.047736031106,1.3175105665427391,7.922516129032258,0.00012903225806493168,8.537801904121864,8.458673568515282,0.48484657003980475
CON-001,2026-04-13,39.973875,-1.1009062500000013,39.472210013440865,39.52452304147465,0.9151045719440064,1.1153125,-0.05687500000000001,1.149147177419355,1.1726286002304147,0.05970126495410136,58.87764516129032,-5.183548387096771,57.18594321236559,55.62869873271889,1.9435575856876415,7.922645161290323,0.643886088709678,8.380964874551971,8.464230020128184,0.47732420909207934
CON-001,2026-04-14,38.87296875,2.587740927419354,39.387145833333335,39.34804089861751,0.9027876285299915,1.0584375,0.17440120967741946,1.1250672043010752,1.1454812788018434,0.0626025636485916,53.69409677419355,2.1734344758064523,56.085007728494624,55.709261664746535,1.8311669335501453,8.56653125,-0.03165625000000105,8.137230846774195,8.480596553379417,0.47879544749295183
CON-001,2026-04-15,41.46070967741935,1.404665322580648,40.10251780913978,39.77900835253456,1.0981794633652286,1.2328387096774194,-0.11093548387096797,1.135529569892473,1.1521725230414748,0.06975030533694448,55.86753125,0.7529375000000016,56.14642439516129,55.77564112903225,1.8266256171556,8.534875,-0.3635937499999997,8.341350470430108,8.482815303379416,0.4790408520854472
CON-001,2026-04-16,42.865375,-4.832281250000001,41.06635114247312,40.03757978110599,1.5633575929525,1.1219032258064514,0.07303427419354858,1.1377264784946235,1.1560619239631336,0.06670242611534853,56.62046875,-2.535718750000001,55.39403225806452,56.2008420218894,1.5771230418017466,8.17128125,0.5085897177419358,8.424229166666668,8.401248339093701,0.4761049857551352
CON-001,2026-04-17,38.03309375,0.1556395833333326,40.786392809139784,39.94982531682028,1.668128231188478,1.1949375,-0.08481249999999996,1.1832264784946236,1.1507940668202765,0.060929180622779244,54.08475,0.044281249999997385,55.524249999999995,55.97495377304147,1.7681666105916307,8.679870967741936,-0.4900897177419363,8.462009072580646,8.442207584485406,0.48748969451892615
CON-001,2026-04-18,38.18873333333333,1.8809763440860294,39.695734027777775,39.81562132296467,1.7793326929040012,1.110125,0.07006249999999992,1.1423219086021505,1.1478580069124422,0.06253417820744946,54.12903125,2.455750000000002,54.94475,55.56525777649769,1.823301610944811,8.18978125,0.4492187500000018,8.346977822580646,8.283928715437789,0.31153024418823827
CON-001,2026-04-19,40.06970967741936,-0.6242409274193577,38.76384558691756,39.92349502688172,1.7667401291287463,1.1801875,0.06253125000000015,1.1617499999999998,1.1448202764976958,0.05996035849095175,56.58478125,-2.953523185483874,54.932854166666665,55.69404349078341,1.8644020863778177,8.639000000000001,0.26874999999999893,8.502884072580647,8.386283554147466,0.28995043447724195
CON-001,2026-04-20,39.44546875,1.1767187499999991,39.23463725358423,39.84800841973886,1.7754955875255216,1.24271875,-0.20571875000000017,1.1776770833333334,1.1630211693548387,0.06827147070927374,53.631258064516125,0.5741169354838718,54.781690188172036,54.94455961981567,1.3566903630170766,8.90775,-0.33846875000000054,8.578843750000003,8.527012816820276,0.26544338502875775
CON-001,2026-04-21,40.6221875,-0.6074375000000032,40.04578864247312,40.097896812596005,1.7380951698383287,1.037,0.18562500000000015,1.1533020833333334,1.1599586693548385,0.07398637392895636,54.205375,-1.9708124999999939,54.80713810483871,55.01759936635945,1.2902871378421201,8.56928125,-0.12805544354838716,8.705343749999999,8.527405673963134,0.2655136460581318
CON-001,2026-04-22,40.01475,-1.4304687500000028,40.027468750000004,39.89133114439324,1.6318097201904642,1.222625,-0.020343750000000105,1.1674479166666665,1.1584995679723502,0.07239310170189929,52.2345625,1.8148750000000007,53.357065188172044,54.49860383064516,1.587789911508672,8.441225806451612,-0.6244193548387091,8.639419018817206,8.514027217741935,0.2674270226171734
CON-001,2026-04-23,38.58428125,2.62788004032258,39.74040625,39.27974632296467,1.0183326562079273,1.20228125,-0.09357157258064497,1.15396875,1.1699821428571429,0.07199440230957954,54.0494375,0.4001562499999949,53.49645833333333,54.131313652073736,1.283328091863985,7.816806451612903,0.9281310483870975,8.275771169354838,8.463387960829493,0.36050772818554117
CON-001,2026-04-24,41.21216129032258,-1.994942540322576,39.93706418010753,39.73389882872504,1.0769023378164604,1.108709677419355,0.12379032258064493,1.1778719758064515,1.1576638824884793,0.07435111766096489,54.44959375,-1.2211874999999992,53.57786458333334,54.183434187788016,1.2885200906170775,8.7449375,-0.4887187500000003,8.334323252688172,8.472683179723502,0.3677851219471909
CON-001,2026-04-25,39.21721875,1.8588749999999976,39.671220430107525,39.88082531682028,0.8838006955229902,1.2325,-0.006531249999999877,1.1811636424731182,1.175146025345622,0.07568537296863612,53.22840625,1.3961421370967813,53.90914583333333,54.0547734735023,1.3388395329572504,8.25621875,1.1118124999999992,8.272654233870968,8.482174251152074,0.36004355291882506
CON-001,2026-04-26,41.07609375,-3.1911249999999995,40.50182459677419,40.02459447004609,0.9945622450927528,1.22596875,-0.11715625000000007,1.1890594758064517,1.1816862039170508,0.07813212038249691,54.62454838709678,-1.0305796370967784,54.100849462365595,53.77474020737327,0.8296305866775512,9.36803125,-0.31053125000000037,8.789729166666667,8.586321572580646,0.4936276962400222
CON-001,2026-04-27,37.88496875,2.797906250000004,39.39276041666667,39.80166589861751,1.279951557855036,1.1088125,0.03181250000000002,1.1890937499999998,1.1625567396313363,0.07708417436694782,53.59396875,2.083231249999997,53.81564112903226,53.7694131624424,0.8308242909638731,9.0575,-0.923718749999999,8.893916666666668,8.607714429723503,0.5127538576364467
CON-001,2026-04-28,40.682875,0.9980937499999953,39.8813125,39.81033554147466,1.2866237202983601,1.140625,-0.0338750000000001,1.15846875,1.177360311059908,0.056027234261746224,55.6772,0.24014375000000143,54.63190571236559,53.97967387672811,1.1016453552665073,8.13378125,0.33498541666666704,8.853104166666666,8.545500144009216,0.543681944283135
CON-001,2026-04-29,41.68096875,-0.6732913306451564,40.0829375,40.048366791474656,1.4715793547497422,1.10675,0.022093750000000023,1.1187291666666666,1.1608067396313364,0.05752258215688257,55.91734375,2.4442499999999967,55.0628375,54.505785483870966,1.0044344836016088,8.468766666666667,0.2284520833333321,8.553349305555557,8.549434552611368,0.5429006771211473
CON-001,2026-04-30,41.00767741935484,0.36866633064515497,41.12384038978495,40.394566244239634,1.3497547162539885,1.12884375,0.11228528225806467,1.12540625,1.150315668202765,0.055353627381574066,58.36159375,-4.29330342741936,56.65204583333334,55.12180780529953,1.7347406717992138,8.69721875,-0.014412298387096456,8.433255555555556,8.675207738095237,0.43642694055047276
CON-001,2026-05-01,41.37634375,-2.6246249999999947,41.35499663978495,40.41802088133641,1.3676379476873979,1.2411290322580646,-0.04270967741935494,1.1589075940860214,1.169232718894009,0.06109442058509921,54.06829032258064,1.0858034274193642,56.115742607526876,55.067335887096775,1.765087732074038,8.682806451612903,-0.9035397849462354,8.61626395609319,8.666331874039939,0.4354030471188365
CON-001,2026-05-02,38.75171875,1.3103437500000013,40.378579973118285,40.351520881336405,1.4448923039452797,1.1984193548387096,-0.042161290322580536,1.1894640456989247,1.164364055299539,0.05638905482246423,55.15409375,-0.3488125000000011,55.86132594086021,55.34243410138249,1.5699957396741535,7.779266666666667,1.1164208333333319,8.386430622759857,8.598195862135176,0.5359802818880232
CON-001,2026-05-03,40.0620625,-1.9599375000000023,40.063375,40.20665927419355,1.4105654147631863,1.1562580645161291,0.004804435483870995,1.1986021505376345,1.1544053859447005,0.04942114262950656,54.80528125,-0.5102499999999992,54.675888440860206,55.36825308179724,1.5576599267434892,8.8956875,-0.5913437500000001,8.452586872759857,8.530718183563748,0.4449028481757514
CON-001,2026-05-04,38.102125,2.5983124999999987,38.97196875,40.23768159562212,1.352174154592876,1.1610625,-0.05741733870967747,1.1719133064516127,1.161869671658986,0.045148445936789794,54.29503125,-2.015966733870968,54.75146875000001,55.468404867511516,1.44287526795215,8.30434375,0.11390625000000121,8.326432638888889,8.423124433563748,0.3830453982361539
CON-001,2026-05-05,40.7004375,11.130875000000003,39.621541666666666,40.24019052419355,1.353153813797649,1.1036451612903226,0.8691548387096775,1.1403219086021508,1.1565868375576038,0.049956134431146826,52.27906451612903,2.640029233870969,53.793125672043004,54.98295694124424,1.8694924836700644,8.41825,4.147124999999999,8.539427083333335,8.463762826420892,0.36172885611302996
CON-001,2026-05-06,51.8313125,0.24531249999999716,43.544624999999996,41.690239631336404,4.628641293312669,1.9728,0.014012499999999983,1.412502553763441,1.2803082661290321,0.30863812822246567,54.91909375,-0.6630312500000031,53.83106317204301,54.840349798387095,1.8238537540720008,12.565375,0.047843750000000185,9.762656250000001,9.048992588325651,1.5922116095005754
CON-001,2026-05-07,52.076625,-0.24104435483870645,48.20279166666666,43.271517857142854,6.03398631909635,1.9868125,-0.0035544354838710213,1.687752553763441,1.4028752304147467,0.39635696723364,54.2560625,1.7450000000000045,53.81807358870967,54.25384533410139,0.9568154969612978,12.61321875,-0.046251008064515986,11.198947916666668,9.608421159754224,2.065593856057288
CON-001,2026-05-08,51.83558064516129,-0.15151814516129036,51.9145060483871,44.76569455645161,6.740146930565732,1.983258064516129,-0.011548387096774304,1.9809568548387098,1.50889366359447,0.4424545394975845,56.0010625,-2.130968750000001,55.058739583333335,54.529955645161294,1.1530867419486786,12.566967741935484,0.04237600806451702,12.58185383064516,10.16330134408602,2.2854999098428466
CON-001,2026-05-09,51.6840625,0.2875312499999936,51.86542271505377,46.61317223502304,6.587629536559191,1.9717096774193548,0.01850907258064516,1.9805934139784946,1.6193637096774194,0.44851143906194874,53.87009375,4.659938508064521,54.70907291666666,54.346527073732716,1.1392981222231244,12.60934375,-0.018376008064516114,12.596510080645162,10.853312355990782,2.172086353405123
CON-001,2026-05-10,51.97159375,-0.04696874999999778,51.830412298387095,48.31453384216589,6.136155156253765,1.99021875,-0.003874999999999851,1.9817288306451613,1.7385009504608298,0.4144646975675444,58.53003225806452,-3.0627510080645237,56.133729502688176,54.87863436059907,1.962026772996962,12.590967741935485,0.02337600806451512,12.58909307795699,11.381209533410138,2.063337826351235
CON-001,2026-05-11,51.924625,0.11075000000000301,51.86009375,50.289176699308754,4.230038682352366,1.98634375,-0.003472782258064022,1.9827573924731183,1.856398271889401,0.33200862277736093,55.46728125,0.4299375000000012,55.955802419354846,55.046098646313375,1.9539232716304016,12.61434375,0.02684374999999939,12.604885080645161,11.996923819124424,1.5781828310585089
CON-001,2026-05-12,52.035375,-0.3873749999999987,51.97719791666666,51.90845348502304,0.1355553004545349,1.982870967741936,-0.004402217741936054,1.9864778225806452,1.9820019585253459,0.007099861441744448,55.89721875,0.17778125000000244,56.63151075268818,55.56297782258065,1.5332251346859482,12.6411875,0.014062500000001421,12.615499663978495,12.60020060483871,0.02749398426192913
CON-001,2026-05-13,51.648,0.38983870967741296,51.86933333333334,51.88226598502304,0.16700111131591022,1.97846875,0.013281249999999911,1.9825611559139789,1.982811779953917,0.00613276774806145,56.075,0.37906451612902714,55.81316666666667,55.72810728686636,1.514451590137261,12.65525,-0.09146875000000065,12.636927083333333,12.613039890552995,0.0294369308161328
CON-001,2026-05-14,52.037838709677416,-0.22855745967741825,51.90707123655914,51.876725086405536,0.1599733113864315,1.99175,-0.033625000000000016,1.9843632392473118,1.9835171370967741,0.006904930090427742,56.45406451612903,-2.4065332661290313,56.14209442204301,56.0421075748848,1.3802962539049577,12.56378125,-0.03484576612903112,12.620072916666667,12.605977390552995,0.034824384918999064
CON-001,2026-05-15,51.80928125,0.2708155241935515,51.83170665322581,51.87296802995392,0.16140309778479736,1.958125,0.03209375000000003,1.9761145833333333,1.9799266993087559,0.011835843586990231,54.04753125,1.567093749999998,55.52553192204301,55.763031682027645,1.5738897161208023,12.528935483870969,0.13561290322580533,12.58265557795699,12.600544210829494,0.04374832057063165
CON-001,2026-05-16,52.08009677419355,-0.49416129032258027,51.97573891129033,51.92954435483871,0.15336047596430696,1.99021875,0.006937500000000041,1.98003125,1.9825708525345622,0.011761442621433003,55.614625,-1.6041249999999962,55.372073588709675,56.012250432027656,1.345784384808436,12.664548387096774,-0.14709677419354783,12.585755040322582,12.608430587557605,0.05011192712528803
CON-001,2026-05-17,51.58593548387097,0.27309576612903186,51.82510450268817,51.87445031682028,0.19839692828858055,1.99715625,-0.009062499999999973,1.9818333333333333,1.9835619239631335,0.012762948462710165,54.0105,-1.0636250000000018,54.55755208333333,55.366602966589866,0.9675199036353158,12.517451612903226,0.07917338709677324,12.570311827956992,12.59792828341014,0.06091984562570621
CON-001,2026-05-18,51.85903125,0.361093750000002,51.8416878360215,51.86507978110599,0.19717743580274807,1.98809375,-0.01056250000000003,1.9918229166666668,1.9838119239631335,0.012843406297265271,52.946875,0.7962812499999998,54.190666666666665,55.00654493087557,1.3262744421594785,12.596625,0.045312499999999645,12.592875000000001,12.595397033410139,0.06049069620570573
CON-001,2026-05-19,52.220125,-0.08234374999999972,51.88836391129032,51.89147263824885,0.23289991150086614,1.97753125,0.009702083333332778,1.98759375,1.983049107142857,0.013065264075732233,53.74315625,1.1483276209677413,53.566843750000004,54.69882171658986,1.3350417874965004,12.6419375,0.03473991935484122,12.58533803763441,12.595504176267282,0.06058590843786453
CON-001,2026-05-20,52.13778125,-0.09925000000000495,52.0723125,51.96144138824885,0.22082188805824143,1.9872333333333327,-0.023108333333332842,1.9842861111111108,1.9843011904761902,0.012972797441527077,54.89148387096774,3.759797379032257,53.86050504032258,54.52974798387096,1.1998034557447614,12.67667741935484,-0.044302419354840694,12.638413306451612,12.598565236175116,0.06452112720262437
CON-001,2026-05-21,52.03853125,0.15088810483871384,52.13214583333334,51.96154032258064,0.22086197236470892,1.964125,-0.019191666666666718,1.9762965277777775,1.980354761904762,0.01444722955147025,58.65128125,-2.298861895161288,55.76197379032258,54.84363608870967,1.8811136836758129,12.632375,-0.10982661290322326,12.650329973118282,12.608364343317973,0.06355951549934326
CON-001,2026-05-22,52.18941935483871,-12.129919354838712,52.12191061827957,52.01584576612903,0.2238982375946008,1.9449333333333332,-0.8664958333333332,1.9654305555555551,1.978470238095238,0.01820251781144154,56.35241935483871,-2.90735685483871,56.63172815860215,55.17290581797234,1.9198631154827757,12.522548387096776,-4.207892137096776,12.61053360215054,12.60745190092166,0.0649210787986559
CON-001,2026-05-23,40.0595,-0.6222187500000018,48.09581686827957,50.29861765552995,4.520485809533468,1.0784375,0.1312500000000001,1.662498611111111,1.848215773809524,0.3398885390278172,53.4450625,0.39487298387096814,56.149587701612894,54.862968317972346,2.009690863934639,8.31465625,0.30812499999999865,11.156526545698929,11.986038738479264,1.6200330624957417
CON-001,2026-05-24,39.43728125,1.1173750000000027,43.895400201612894,48.56309562211982,6.025445155739149,1.2096875,-0.04812499999999997,1.4110194444444444,1.735720238095238,0.4062211396705826,53.83993548387097,2.0898145161290316,54.54580577956989,54.83860195852534,2.0227408023804454,8.62278125,-0.5935937499999984,9.819995295698925,11.429657258064518,2.025225154970212
CON-001,2026-05-25,40.55465625,-0.874531250000004,40.01714583333333,46.948184907834104,6.491690703724105,1.1615625,0.09514717741935486,1.1498958333333333,1.617644345238095,0.4394058468123027,55.92975,-3.4531874999999985,54.40491599462366,55.264726958525344,1.8659125414979296,8.0291875,0.055345833333332095,8.322208333333334,10.777166186635943,2.3032726805815527
CON-001,2026-05-26,39.680125,-0.6278124999999974,39.8906875,45.15675633640553,6.524557677979316,1.256709677419355,-0.12247634408602148,1.2093198924731183,1.5146698348694316,0.425243849846117,52.4765625,1.9340625000000031,54.08208266129032,55.08378499423963,2.086435610508192,8.084533333333333,-0.22892043010752605,8.245500694444445,10.126108448540707,2.3322434346169496
CON-001,2026-05-27,39.0523125,-0.6392812499999962,39.76236458333333,43.287403657834105,6.048240612071978,1.1342333333333334,0.10437956989247299,1.1841685035842293,1.3928126920122887,0.38782846718515596,54.410625,0.7575937499999981,54.2723125,55.01509086981566,2.1016824140634163,7.855612903225807,-0.23414415322580684,7.989777912186381,9.437384946236559,2.15891655458301
CON-001,2026-05-28,38.41303125,0.6485493951612895,39.048489583333335,41.3409036578341,4.832917053826262,1.2386129032258064,-0.0030816532258064466,1.2098519713261648,1.2891681067588325,0.29570535475710497,55.16821875,-0.5634445564516142,54.018468750000004,54.517510512672814,1.3886971112967919,7.62146875,1.4215937499999995,7.853871662186381,8.72154119623656,1.7062672907609313
CON-001,2026-05-29,39.06158064516129,-0.6672368951612953,38.842308131720436,39.46549812788019,0.7103429629952085,1.23553125,-0.07384374999999999,1.2027924955197131,1.187824951996928,0.06532709480140192,54.60477419354839,-0.46280544354839037,54.72787264784946,54.26784691820277,1.1383671873682146,9.0430625,-0.45124999999999993,8.173381384408604,8.224471783794163,0.48205509426235177
CON-001,2026-05-30,38.39434375,1.8354062500000055,38.62298521505377,39.22761866359447,0.7556398779543233,1.1616875,-0.029781250000000092,1.2119438844086021,1.1997178091397849,0.0471402999504608,54.14196875,1.3260625000000061,54.63832056451613,54.36740495391705,1.083571841698059,8.5918125,-0.5976189516129029,8.41878125,8.264065533794163,0.5016796773490132
CON-001,2026-05-31,40.22975,-1.4532812500000034,39.22855813172043,39.34082848502304,0.8462213383153556,1.13190625,0.0020292338709682056,1.176375,1.188606201996928,0.05317892032337109,55.46803125,0.13821875000000006,54.73825806451614,54.599990063364054,1.1254074067175859,7.994193548387097,0.700306451612903,8.543022849462368,8.174267290706606,0.4826666973204274
CON-001,2026-06-01,38.77646875,1.8872500000000016,39.133520833333336,39.08680169930876,0.669572019151714,1.133935483870968,0.11765826612903196,1.1425097446236558,1.184659485407066,0.05644536443969731,55.60625,0.3494687499999998,55.07208333333333,54.553775777649776,1.066817559858666,8.6945,0.05059375000000088,8.426835349462367,8.269311933563747,0.5138356386708433
CON-001,2026-06-02,40.66371875,-0.4029999999999987,39.88997916666667,39.2273150921659,0.8837785246313563,1.25159375,-0.14684375000000016,1.172478494623656,1.1839286386328727,0.055380053040963,55.95571875,-2.15234375,55.67666666666668,55.05079809907834,0.677004310304691,8.74509375,0.013749999999999929,8.477929099462367,8.363677707373272,0.5344862474518908
CON-001,2026-06-03,40.26071875,-0.789267137096779,39.90030208333334,39.39994455645161,0.9587385438499005,1.10475,0.13763709677419378,1.1634264112903228,1.179716733870968,0.06065909399229504,53.803375,1.1536562499999974,55.121781250000005,54.96404809907835,0.8003720875169481,8.75884375,-0.26953125,8.732812500000001,8.49271068548387,0.49925495862042013
CON-001,2026-06-04,39.47145161290322,0.66001713709678,40.131963037634414,39.551147465437786,0.8550006549364468,1.2423870967741937,-0.1311370967741936,1.1995769489247312,1.1802559043778802,0.06128340557292817,54.95703125,-0.06150000000000233,54.905375,54.933878456221194,0.7953578859942804,8.4893125,-0.09109375000000064,8.664416666666668,8.6166883640553,0.323751156052929
CON-001,2026-06-05,40.13146875,0.9909687499999933,39.95454637096774,39.70398862327189,0.8485017093632692,1.11125,0.038814516129032306,1.1527956989247314,1.162501440092166,0.06059955828022714,54.89553125,2.541168750000004,54.55197916666666,54.975415178571424,0.782799335533496,8.39821875,-0.40481250000000024,8.548791666666668,8.524567828341015,0.26938806674712384
CON-001,2026-06-06,41.1224375,-1.556062499999996,40.24178595430107,40.093716301843315,0.769560998496924,1.1500645161290324,0.08851612903225803,1.1679005376344087,1.160841013824885,0.06078452962996904,57.4367,-1.1475750000000033,55.763087500000005,55.44609107142857,1.11722783772665,7.99340625,0.1439485887096783,8.293645833333334,8.439081221198157,0.33213316593100756
CON-001,2026-06-07,39.566375,1.7456875000000025,40.27342708333334,39.99894844470047,0.7905759331872105,1.2385806451612904,-0.18776814516129048,1.1666317204301075,1.1760802131336408,0.06550973414658015,56.289125,-2.2569687499999986,56.20711875,55.56339017857143,1.1621172859540638,8.137354838709678,0.47941935483870957,8.176326612903226,8.459532834101383,0.30333164705925014
CON-001,2026-06-08,41.3120625,-2.2968437500000007,40.66695833333333,40.36117612327189,0.7143075338181879,1.0508125,0.07803125,1.1464858870967742,1.1642055011520738,0.08028896962879965,54.03215625,-0.3251249999999999,55.919327083333336,55.338519642857136,1.2969176659017223,8.616774193548387,-0.8891612903225807,8.249178427419357,8.448429147465438,0.2945937207177634
CON-001,2026-06-09,39.01521875,1.0907499999999999,39.96455208333334,40.125676123271894,0.8556926022131564,1.12884375,0.011414314516129176,1.1394122983870967,1.1466697868663596,0.0708744786501565,53.70703125,2.3571562500000027,54.67610416666667,55.01727857142857,1.3934622019230511,7.727612903225807,0.8237419354838709,8.160580645161291,8.30307474078341,0.3661474221511401
CON-001,2026-06-10,40.10596875,0.1305473790322509,40.14441666666667,40.10356898041475,0.8536187445286921,1.140258064516129,0.075398185483871,1.1066381048387097,1.1517423675115208,0.06860864191843546,56.0641875,-1.2492812500000028,54.601125,55.34025178571428,1.325562521667856,8.551354838709678,0.5216451612903228,8.298580645161293,8.273433467741937,0.32968444263136404
CON-001,2026-06-11,40.23651612903225,0.7382963709677455,39.78590120967743,40.21286391129032,0.8068947340137375,1.21565625,-0.13240625000000006,1.1615860215053764,1.1479236751152073,0.06325782563667115,54.81490625,2.707500000000003,54.86204166666666,55.319948214285716,1.3334754279022896,9.073,-0.7189354838709683,8.450655913978496,8.356817396313364,0.4465019067539351
CON-001,2026-06-12,40.9748125,-2.52403125,40.43909912634408,40.333341589861746,0.854284403559696,1.08325,0.06891129032258059,1.1463881048387097,1.1439236751152073,0.06675207965815076,57.52240625,-0.3419375000000002,56.133833333333335,55.69521607142857,1.546708881689979,8.354064516129032,0.7348709677419354,8.659473118279571,8.350509648617512,0.44613127905446914
CON-001,2026-06-13,38.45078125,0.8220625000000013,39.887369959677414,39.951676411290315,1.0231075188755259,1.1521612903225806,0.020976640711902084,1.1503558467741934,1.1442232142857143,0.06678892266196246,57.18046875,1.8315312499999976,56.505927083333326,55.65861160714286,1.500981913408881,9.088935483870968,-0.5358729838709682,8.838666666666668,8.507013824884792,0.4899819189600364
CON-001,2026-06-14,39.27284375,-0.1525937500000012,39.56614583333333,39.90974337557604,1.0472616609663894,1.1731379310344827,-0.0366691810344828,1.1361830737856877,1.1348742551247417,0.05490214926506593,59.012,-5.086375000000004,57.90495833333333,56.04759375,1.970879543453811,8.5530625,-0.41334374999999923,8.665354166666667,8.566400633640553,0.4621108900987336
CON-001,2026-06-15,39.12025,1.7294596774193494,38.94795833333333,39.59662730414747,0.8709239407305371,1.13646875,-0.16487499999999988,1.153922657119021,1.147110862267599,0.040770695812507356,53.925625,1.5019687500000032,56.70603125,56.032375,1.9893608201269743,8.13971875,0.40562500000000057,8.59390557795699,8.498249855990784,0.4879014728604605
CON-001,2026-06-16,40.84970967741935,-3.4700534274193515,39.747601142473115,39.85869743663594,0.9400767087669705,0.97159375,0.28137499999999993,1.0937334770114944,1.1246465765533131,0.07843634170651274,55.42759375,3.2227187499999985,56.12173958333333,56.27816964285715,1.7455166663686443,8.54534375,-0.3034082661290327,8.412708333333335,8.615068548387097,0.3514487532462883
CON-001,2026-06-17,37.37965625,2.683687500000005,39.11653864247312,39.46922422235023,1.3118143745908468,1.25296875,-0.025259072580645192,1.12034375,1.1407481030510092,0.09248567975149902,58.6503125,-3.4519374999999997,56.001177083333324,56.64761607142857,1.9539195363664592,8.241935483870968,-0.006060483870967914,8.308999327956991,8.570865783410138,0.3791633361677831
CON-001,2026-06-18,40.06334375,-2.6894082661290284,39.430903225806446,39.44448531105991,1.2964759135988144,1.2277096774193548,-0.08395967741935473,1.1507573924731183,1.142470021253774,0.09420893064159007,55.198375,2.526366935483871,56.42542708333334,56.70239732142857,1.8985642304849244,8.235875,0.5913749999999993,8.341051411290325,8.451276497695853,0.3221174438149176
CON-001,2026-06-19,37.37393548387097,2.0115806451612883,38.27231182795699,38.93007430875576,1.3024363896094353,1.14375,0.011031250000000048,1.2081428091397848,1.1511128783966313,0.09057563160782803,57.72474193548387,-0.6829606854838701,57.191143145161284,56.73130241935483,1.9146018801920244,8.82725,-0.06528124999999996,8.435020161290325,8.518874423963133,0.34700562754427733
CON-001,2026-06-20,39.38551612903226,-1.0689223790322586,38.94093178763441,39.063607862903226,1.292989445611456,1.15478125,-0.037531250000000016,1.1754136424731183,1.1514871583505482,0.09058609848389951,57.04178125,-3.927843750000001,56.654966061827956,56.71148991935484,1.9098909708588427,8.76196875,-0.3094374999999996,8.608364583333335,8.472164890552994,0.2712103147721057
CON-001,2026-06-21,38.31659375,2.6219374999999943,38.35868178763442,38.92700072004608,1.3174818206744503,1.11725,0.056072580645161185,1.13859375,1.143503168202765,0.09082241444577288,53.1139375,3.3900937499999984,55.96015356182795,55.868909562211975,2.0234684041089652,8.45253125,-0.6258124999999994,8.680583333333333,8.457803283410138,0.26886411541326677
CON-001,2026-06-22,40.93853125,-1.4105312499999982,39.546880376344085,39.186755184331794,1.5248580919529011,1.1733225806451613,-0.040322580645161255,1.1484512768817206,1.1487680011520738,0.09141293749758818,56.50403125,-2.472999999999999,55.55324999999999,56.23725331221198,1.8368374604186117,7.82671875,1.0365312500000003,8.347072916666667,8.413088997695853,0.34564476509559217
CON-001,2026-06-23,39.528,1.9660937499999989,39.594375,38.99793951612903,1.3572413250041306,1.133,-0.014406249999999954,1.1411908602150538,1.1718260368663596,0.050454855008631554,54.03103125,1.7338437500000055,54.54966666666667,56.03774438364054,2.007364425851059,8.86325,-0.10528125000000088,8.380833333333335,8.458504176267281,0.3846075188213835
CON-001,2026-06-24,41.49409375,-2.066156249999999,40.65354166666666,39.58571630184332,1.4286472895050182,1.11859375,0.036083669354838754,1.1416387768817204,1.1526296082949308,0.03860952115886468,55.764875,0.28918749999999704,55.4333125,55.62553902649769,1.6450240308145248,8.75796875,-0.4802187500000006,8.482645833333335,8.532223214285715,0.38563221200901093
CON-001,2026-06-25,39.4279375,0.26559375000000074,40.15001041666667,39.494943980414746,1.4133463445298848,1.1546774193548388,0.026885080645161263,1.1354237231182795,1.1421964285714286,0.020613057435800313,56.0540625,-0.7765312499999979,55.28332291666667,55.747780097926274,1.6397757710910936,8.27775,-0.12646874999999902,8.632989583333334,8.538205357142857,0.38056034740020883
CON-001,2026-06-26,39.69353125,0.40050000000000097,40.2051875,39.826314804147465,1.061241477316175,1.1815625,-0.041468750000000165,1.1516112231182796,1.1475982142857144,0.025470269578221974,55.27753125,0.6226300403225764,55.69882291666667,55.39817857142857,1.389867784914239,8.15128125,-0.10014791666666767,8.395666666666669,8.441638392857143,0.38075457472948293
CON-001,2026-06-27,40.09403125,0.4148750000000021,39.738499999999995,39.92753125,1.0458693417501042,1.14009375,0.05228125000000006,1.1587778897849461,1.1455,0.025384743627309133,55.90016129032258,-4.484411290322576,55.743918346774194,55.23509000576036,1.2216632433253647,8.051133333333333,0.6616479166666682,8.160054861111112,8.340090476190477,0.37584196262427766
CON-001,2026-06-28,40.50890625,0.7575937499999981,40.09882291666667,40.24071875,0.7766732979725999,1.192375,-0.006281250000000016,1.17134375,1.1562321428571427,0.02726188470802595,51.41575,4.135959677419358,54.197814180107535,54.992491791474656,1.7621416587228549,8.71278125,-0.28049999999999997,8.30506527777778,8.377269047619048,0.40085800629590923
CON-001,2026-06-29,41.2665,-2.3860937500000006,40.62314583333333,40.287571428571425,0.8335913411230448,1.18609375,-0.130625,1.1728541666666665,1.1580565956221196,0.028970083043054762,55.55170967741936,-2.7463346774193624,54.28920698924731,54.856445852534556,1.6597827658665611,8.43228125,-0.38400000000000034,8.398731944444448,8.463777976190476,0.31928487708563547
CON-001,2026-06-30,38.88040625,-0.2884062500000013,40.218604166666665,40.19505803571428,0.9585145741935142,1.05546875,0.03663124999999989,1.1446458333333334,1.1469807027649768,0.04843087778175251,52.805375,2.756781250000003,53.25761155913978,54.68135210253456,1.8184357108158462,8.04828125,0.37990624999999945,8.397781250000003,8.34735386904762,0.29716286752497023
CON-001,2026-07-01,38.592,3.5114062500000003,39.57963541666667,39.78047321428572,0.9302005512624604,1.0920999999999998,0.06393125000000022,1.1112208333333333,1.1431958813364054,0.05192799160414333,55.56215625,-1.5853125000000006,54.63974697580645,54.652392281105996,1.7998228609265123,8.4281875,0.07258669354838787,8.302916666666668,8.300242261904762,0.24229031819778513
CON-001,2026-07-02,42.10340625,-4.407656250000002,39.858604166666666,40.16268303571428,1.2543779613022337,1.15603125,-0.031906250000000025,1.1012,1.1433892857142856,0.05198037611914689,53.97684375,-0.4558125000000004,54.11479166666667,54.3556467453917,1.6986001593892277,8.500774193548388,-0.756774193548388,8.325747647849463,8.332102860983102,0.25325516088917827
CON-001,2026-07-03,37.69575,1.2595625000000013,39.46371875,39.87728571428572,1.5671778353627634,1.124125,0.004124999999999934,1.1240854166666667,1.1351839285714285,0.04942061011226949,53.52103125,-1.6371002155172434,54.35334375,54.104718173963136,1.669201952953335,7.744,0.8745312500000004,8.22432056451613,8.273919825268818,0.33523641401392523
CON-001,2026-07-04,38.9553125,0.5247812500000038,39.58482291666667,39.71461160714286,1.5996923730610986,1.12825,0.0260625000000001,1.1361354166666666,1.1334919642857142,0.04942724289326357,51.88393103448276,2.9993270300333705,53.12726867816091,53.53097099455744,1.6391760995556195,8.61853125,-0.511750000000001,8.287768481182797,8.354976670506913,0.34093803142510837
CON-001,2026-07-05,39.48009375,0.3818437500000016,38.71038541666667,39.56763839285714,1.5613552284369339,1.1543125,-0.03737500000000016,1.1355625,1.1280544642857142,0.04362268524695258,54.88325806451613,-1.2025393145161303,53.42940678299963,54.026329289488324,1.3998959064509913,8.10678125,0.06059375000000067,8.156437500000001,8.268405241935485,0.31052294911762807
CON-001,2026-07-06,39.8619375,-0.8911562500000016,39.43244791666667,39.366986607142856,1.3871814425104878,1.1169375,0.03503125000000007,1.1331666666666667,1.1181750000000001,0.03533042483852692,53.68071875,1.4266360887096852,53.482635949666296,53.75904487128555,1.228198266365018,8.167375,0.1060766129032249,8.2975625,8.230561491935484,0.30328032396892973
CON-001,2026-07-07,38.97078125,0.4491562500000015,39.43760416666667,39.37989732142857,1.382309996704835,1.15196875,0.022625000000000117,1.1410729166666667,1.1319607142857142,0.023696187587363336,55.10735483870968,0.2435514112903192,54.557110551075276,54.087899133958366,1.2384306972484154,8.273451612903225,0.41592338709677534,8.182535954301075,8.262728686635944,0.2924733909299797
CON-001,2026-07-08,39.4199375,1.1458124999999981,39.417552083333334,39.49817410714286,1.3383809125490707,1.17459375,-0.10887500000000006,1.1478333333333333,1.1437455357142858,0.020918814956787195,55.35090625,-0.07034374999999926,54.71299327956989,54.0577205625298,1.1984463038368536,8.689375,-0.32425000000000104,8.376733870967742,8.300041186635946,0.33119707265363824
CON-001,2026-07-09,40.56575,0.18362499999999926,39.65215625,39.27850892857143,0.8909073124770163,1.06571875,0.06809374999999984,1.1307604166666667,1.1308437500000001,0.03511321903559376,55.2805625,-0.6114625000000018,55.246274529569895,54.24396609824408,1.2821616387503394,8.365124999999999,0.4088750000000001,8.442650537634409,8.280662730414745,0.3213156538217292
CON-001,2026-07-10,40.749375,-2.252625000000002,40.245020833333335,39.71474107142858,0.7174639170282453,1.1338125,-0.009843749999999929,1.1247083333333334,1.1322276785714285,0.03499498529126175,54.6691,1.1028062500000004,55.10018958333333,54.40797591967265,1.2472262756639274,8.774,-0.16073333333333117,8.6095,8.427805587557604,0.2656062652479545
CON-001,2026-07-11,38.49675,1.304000000000002,39.93729166666667,39.649232142857144,0.812942944937787,1.12396875,0.09568750000000015,1.1078333333333334,1.1316160714285715,0.03511330114658302,55.77190625,0.6730312500000011,55.24052291666666,54.96340095046083,0.6662663263778776,8.613266666666668,-0.40455698924731287,8.584130555555555,8.42705350422427,0.26498292491486636
CON-001,2026-07-12,39.80075,1.9685624999999973,39.682291666666664,39.69504017857143,0.8108553737142425,1.21965625,-0.0143437500000001,1.1591458333333333,1.1409508928571428,0.048345348689974726,56.4449375,-0.5068084677419336,55.628647916666665,55.186498012672814,0.8663704439855238,8.208709677419355,0.2414778225806451,8.531992114695342,8.441614708141321,0.24661414268716364
CON-001,2026-07-13,41.7693125,-1.9168437499999982,40.02227083333333,39.967522321428575,1.1328389075533543,1.2053125,-0.12103124999999992,1.1829791666666667,1.153575892857143,0.05239859333708487,55.93812903225807,-2.1293477822580655,56.05165759408603,55.50898519585254,0.5878177999702267,8.4501875,-0.07396875000000058,8.424054614695342,8.482016493855607,0.21538769597187798
CON-001,2026-07-14,39.85246875,-0.4108124999999987,40.47417708333333,40.09347767857143,1.049494738725502,1.08428125,0.113375,1.1697499999999998,1.1439062500000001,0.0586207104640704,53.80878125,1.816187499999998,55.39728259408603,55.323474683179725,0.8719390323965616,8.37621875,1.0747187500000006,8.345038642473119,8.49669751344086,0.20188127044637857
CON-001,2026-07-15,39.44165625,0.30243749999999636,40.35447916666667,40.096580357142855,1.0472012426757416,1.19765625,-0.04562500000000003,1.1624166666666669,1.1472008928571429,0.06122320272948171,55.62496875,2.3833437500000016,55.12395967741936,55.36262646889401,0.8794962765220796,9.4509375,-0.4741875000000011,8.759114583333336,8.605492156298002,0.41535761741400173
CON-001,2026-07-16,39.74409375,0.22271875000000563,39.67940625,39.97920089285714,1.031783548033379,1.15203125,-0.013500000000000068,1.1446562500000002,1.1595312500000001,0.0496813380613114,58.0083125,-3.0270624999999995,55.81402083333333,55.75230504032258,1.32734425071781,8.97675,0.18487500000000168,8.934635416666667,8.692867156298004,0.4206635600198591
CON-001,2026-07-17,39.9668125,-1.9805458333333377,39.71752083333333,39.86740625,0.9752745563615658,1.13853125,-0.034093750000000034,1.1627395833333332,1.1602053571428572,0.04930479534611039,54.98125,-2.7441875000000024,56.20484375,55.79689789746544,1.28959487275082,9.161625,-1.0931875000000009,9.196437500000002,8.748242156298003,0.4570619264573579
CON-001,2026-07-18,37.986266666666666,3.7259591397849476,39.23239097222222,39.79448005952381,1.1052694040546063,1.1044375,-0.013062499999999977,1.1316666666666668,1.1574151785714286,0.052166789535406204,52.2370625,3.257093750000003,55.07554166666667,55.29192021889401,1.8648107990968015,8.0684375,0.7222187499999997,8.735604166666667,8.670409418202766,0.5251895006866371
CON-001,2026-07-19,41.71222580645161,-1.6626924731182768,39.888434991039425,40.06754803187404,1.3219599936128406,1.091375,-0.01028125000000002,1.1114479166666666,1.1390892857142858,0.04909977826270022,55.49415625,-1.7925110887096807,54.237489583333335,55.156094326036865,1.8003437518116578,8.79065625,-0.44853125000000027,8.673572916666666,8.753544642857143,0.4843993635865537
CON-001,2026-07-20,40.049533333333336,0.7206229166666631,39.91600860215054,39.8218652937788,1.0929525392317567,1.08109375,0.04571875000000003,1.0923020833333332,1.12134375,0.04327888080158127,53.70164516129032,2.8213548387096807,53.81095463709678,54.83659663018433,1.8365147424599086,8.342125,-0.3137812499999999,8.400406250000001,8.738107142857142,0.49723046504628154
CON-001,2026-07-21,40.77015625,-0.13878958333333458,40.84397179659498,39.952963508064514,1.1507449392802587,1.1268125,0.019718750000000007,1.0997604166666666,1.1274196428571428,0.04007541254280666,56.523,0.2708064516128985,55.239600470430105,55.22434216589862,1.8695741075778571,8.02834375,0.30028125000000117,8.387041666666667,8.688410714285714,0.5536156205778693
CON-001,2026-07-22,40.631366666666665,-0.9481166666666638,40.48368541666667,40.1229221390169,1.1504982740447864,1.14653125,-0.012968749999999973,1.1181458333333334,1.1201160714285714,0.027972932149413657,56.7938064516129,-0.9324838709677366,55.672817204301076,55.391318980414745,1.9612662470325777,8.328625,0.17812499999999964,8.233031250000002,8.528080357142857,0.44851596578946273
CON-001,2026-07-23,39.68325,-1.0352499999999978,40.361590972222224,40.11423017473118,1.1540616290072168,1.1335625,-0.0059495967741931555,1.1356354166666667,1.1174776785714287,0.025193946356926903,55.861322580645165,-3.749903225806456,56.39270967741936,55.08460613479263,1.6224020599862852,8.50675,-0.11287500000000072,8.28790625,8.4609375,0.4030287049879251
CON-001,2026-07-24,38.648,0.8453124999999986,39.654205555555556,39.9258283890169,1.2826263281335128,1.1276129032258069,0.038949596774193074,1.1359022177419356,1.1159179147465437,0.02398210952906744,52.11141935483871,3.9758931451612938,54.92218279569892,54.67463032834102,1.976770374046611,8.393875,0.35228125000000077,8.40975,8.351258928571427,0.2594614631954574
CON-001,2026-07-25,39.4933125,1.3734294354838639,39.27485416666667,40.141120650921664,0.9976219055768651,1.1665625,-0.08525000000000005,1.142579301075269,1.1247929147465439,0.02981208978062101,56.0873125,-0.331218750000005,54.68668481182795,55.22466604262673,1.7020519802913316,8.74615625,-0.18005947580645199,8.548927083333334,8.448075892857142,0.2627618590089208
CON-001,2026-07-26,40.866741935483866,-3.0289294354838674,39.669351478494626,40.02033724078341,0.8090664592237834,1.0813125,0.1628750000000001,1.1251626344086023,1.1233554147465437,0.031864004716139815,55.75609375,-3.2369687499999955,54.65160853494624,55.262085685483875,1.7118155318391688,8.566096774193548,0.17415322580645132,8.56870934139785,8.415995967741935,0.22495427070942428
CON-001,2026-07-27,37.8378125,3.537125000000003,39.399288978494624,39.70437712173579,1.1540708721129256,1.2441875,-0.1301874999999999,1.164020833333333,1.1466545218894009,0.05017684483117257,52.519125,1.5027083333333309,54.78751041666667,55.09315423387097,1.9352419459174983,8.74025,-0.1849375000000002,8.684167674731183,8.472870967741937,0.2518818974731157
CON-001,2026-07-28,41.3749375,-1.106281250000002,40.02649731182795,39.79077444316436,1.2645099719054111,1.114,0.10790624999999987,1.1465,1.1448241647465438,0.05124362571667246,54.02183333333333,-1.950895833333334,54.099017361111116,54.73584471006144,1.8565446049856498,8.5553125,0.046719758064517336,8.62055309139785,8.548152217741935,0.15821306012499095
CON-001,2026-07-29,40.26865625,-0.11971874999999699,39.827135416666664,39.73895866935484,1.231320052387744,1.22190625,-0.17939012096774198,1.1933645833333333,1.155592021889401,0.05899514323845922,52.0709375,4.766375000000004,52.87063194444445,54.061149145545315,1.8421261446542174,8.602032258064517,0.6041935483870997,8.632531586021507,8.587210397465437,0.12531314373543234
CON-001,2026-07-30,40.1489375,-0.6904687500000009,40.597510416666665,39.805485455069125,1.2403556560980467,1.042516129032258,0.22123387096774194,1.1261407930107525,1.1425853974654376,0.0730287766486386,56.8373125,-0.31800000000000495,54.310027777777776,54.200576276881726,2.0285853649124017,9.206225806451616,-0.10360080645161673,8.787856854838713,8.687135512672812,0.25853152754700726
CON-001,2026-07-31,39.45846875,0.4369999999999976,39.9586875,39.92126670506912,1.1487459721819842,1.26375,-0.12375000000000003,1.1760574596774191,1.1620335541474653,0.08544811588334542,56.5193125,-1.8688437499999964,55.14252083333333,54.830275297619046,1.9547918272320166,9.102625,-0.6784687500000004,8.970294354838712,8.78838551267281,0.2632806337671623
CON-001,2026-08-01,39.89546875,2.3054645833333325,39.834291666666665,39.97871759792627,1.1337342684571787,1.14,0.0698437500000002,1.1487553763440859,1.1582389112903224,0.08580253881735583,54.65046875,-2.4263074596774246,56.00236458333333,54.625011904761905,1.8745898649280082,8.42415625,-0.7304999999999993,8.91100235215054,8.742385512672811,0.2977604736087712
CON-001,2026-08-02,42.20093333333333,-1.1495895833333307,40.51829027777778,40.16931636904762,1.3908918397063401,1.20984375,-0.16456250000000017,1.2045312499999998,1.1766005184331798,0.08016420679994515,52.22416129032258,2.2099324596774252,54.464647513440866,54.12045012480799,1.9911128535670437,7.69365625,-0.10992291666666709,8.406812500000001,8.617751152073733,0.49866272470150347
CON-001,2026-08-03,41.05134375,-0.481843750000003,41.04924861111111,40.628392261904764,0.9551865385111626,1.04528125,-0.05674999999999997,1.1317083333333333,1.148185339861751,0.08716133879476572,54.43409375,0.41745463709676756,53.76957459677419,54.39401708909371,1.8617841064635734,7.583733333333333,1.0843916666666669,7.900515277777778,8.452534485407066,0.62651125703622
CON-001,2026-08-04,40.5695,-1.3373437499999952,41.27392569444444,40.51332976190476,0.8970089923149672,0.98853125,0.013823588709677703,1.08121875,1.1302612327188941,0.1061873105358454,54.85154838709677,2.624326612903232,53.836601142473114,54.51254781105991,1.8605513417055484,8.668125,0.4808749999999993,7.981838194444445,8.46865055683564,0.6310303725586925
CON-001,2026-08-05,39.23215625,-0.20656250000000398,40.284333333333336,40.36525833333333,1.021095424713723,1.0023548387096777,0.27717641129032233,1.0120557795698926,1.0988967453917051,0.10702771330510781,57.475875,0.02573790322580294,55.58717237903226,55.28468173963133,1.798907967944887,9.149,-0.43396875,8.466952777777779,8.546788805683564,0.6820974480245455
CON-001,2026-08-06,39.02559375,2.1842772177419363,39.60908333333333,40.204780654761905,1.141888063245384,1.27953125,-0.16643750000000002,1.0901391129032258,1.1327560483870969,0.12257954699608878,57.501612903225805,-3.5229254032258055,56.609678763440854,55.37958179723502,1.9086425639860165,8.71503125,-0.6390624999999996,8.844052083333334,8.476618154761905,0.6259023475407055
CON-001,2026-08-07,41.209870967741935,-3.0847772177419372,39.82254032258064,40.45498097158218,1.142983944345667,1.11309375,0.11335786290322591,1.1316599462365593,1.1112337269585253,0.10811967939246381,53.9786875,-0.701281250000001,56.3187251344086,55.01663536866359,1.897318573209122,8.07596875,0.05062500000000014,8.646666666666668,8.329952976190475,0.5727976875179076
CON-001,2026-08-08,38.12509375,1.2954687500000048,39.453519489247306,40.20207025729646,1.4437247842288874,1.226451612903226,-0.12585786290322587,1.206358870967742,1.123583957373272,0.1165612541894909,53.27740625,3.528787298387094,54.91923555107527,54.8204835829493,2.009163087904067,8.12659375,-0.23993749999999991,8.305864583333333,8.287444047619047,0.5756756609957691
CON-001,2026-08-09,39.4205625,-0.1767500000000055,39.58517573924731,39.804874423963135,1.1559265103103842,1.10059375,0.07074999999999987,1.1467130376344088,1.1079768145161288,0.11022845467730505,56.80619354838709,-1.575662298387094,54.68742909946237,55.47505961981567,1.7522977289903348,7.88665625,0.8620770833333324,8.029739583333333,8.315015476190476,0.5463729532688361
CON-001,2026-08-10,39.2438125,1.3200937500000052,38.929822916666666,39.54665567396313,1.0256187421291605,1.17134375,-0.08502116935483861,1.1661297043010752,1.1259857430875575,0.10856354319618906,55.23053125,2.055468750000003,55.10471034946236,55.58883640552995,1.698472454339459,8.748733333333332,0.6660479166666686,8.253994444444444,8.481444047619046,0.4565429417208638
CON-001,2026-08-11,40.56390625,-0.020500000000005514,39.74276041666667,39.54585656682027,1.0246907317475158,1.0863225806451613,0.12223991935483869,1.1194200268817205,1.1399559331797235,0.09312135699752248,57.286,-2.5403750000000045,56.440908266129036,55.93661520737327,1.770074012016063,9.41478125,-0.8471683467741951,8.683390277777779,8.588109226190477,0.5783907385928032
CON-001,2026-08-12,40.54340625,-0.5504374999999939,40.117041666666665,39.733177995391706,1.0763378367408656,1.2085625,-0.17775000000000007,1.1554096102150537,1.1694141705069125,0.07271841623790479,54.745625,1.2947500000000005,55.754052083333335,55.546579493087556,1.6724838815377234,8.567612903225806,0.6140645161290337,8.910375828853049,8.505053926651305,0.5235693902720697
CON-001,2026-08-13,39.99296875,-0.3508125000000035,40.36676041666667,39.87137442396313,1.0315156190903514,1.0308125,-0.03527916666666675,1.1085658602150537,1.1338829205069125,0.07068141215597663,56.040375,-2.5101562499999943,56.024,55.33783122119816,1.466279957624813,9.18167741935484,-0.2799354838709682,9.05469052419355,8.571717665130567,0.5812873550635453
CON-001,2026-08-14,39.64215625,1.2097147177419316,40.05951041666666,39.64741517857143,0.8459718871369601,0.9955333333333332,0.20898279569892475,1.0783027777777778,1.117088575268817,0.08823192976759103,53.53021875,-2.4487187500000047,54.772072916666666,55.273764256912436,1.5433362479037924,8.901741935483871,-0.7310967741935475,8.88367741935484,8.689685263056834,0.546672432081328
CON-001,2026-08-15,40.85187096774193,-1.125308467741931,40.16233198924731,40.03695478110599,0.6278367762318736,1.204516129032258,-0.013172379032257986,1.076953987455197,1.1139549347158217,0.08398790172569039,51.0815,2.9293125000000018,53.55069791666667,54.9600633640553,2.128853259438404,8.170645161290324,0.5743225806451608,8.751354838709679,8.695978321812595,0.5393140465801466
CON-001,2026-08-16,39.7265625,0.2178437500000001,40.07352990591398,40.08066906682028,0.5870975867306819,1.19134375,-0.07165624999999998,1.1304644041218637,1.1269192204301073,0.0884663819040995,54.0108125,-0.7166189516129009,52.874177083333336,54.56072321428571,1.981946427976457,8.744967741935485,0.11081350806451518,8.605784946236561,8.818594249231952,0.40565028715107776
CON-001,2026-08-17,39.94440625,-1.612250000000003,40.17427990591398,40.180753888248844,0.4683697434585841,1.1196875,-0.1019455645161289,1.171849126344086,1.1195397561443932,0.086270280576102,53.2941935483871,3.747193548387088,52.795502016129035,54.284103542626724,2.007838611993192,8.85578125,-0.18459374999999945,8.590464717741938,8.83388680875576,0.40459408086231247
CON-001,2026-08-18,38.33215625,0.3737187500000019,39.334375,39.86193245967742,0.8036582059696669,1.017741935483871,0.1334193548387097,1.109591061827957,1.1097425211213516,0.09420092241983313,57.04138709677419,-2.1787308467741866,54.7821310483871,54.2491588421659,1.9481263512844949,8.6711875,-0.08462500000000084,8.757312163978497,8.727659130184332,0.3141710513269609
CON-001,2026-08-19,38.705875,0.6690937500000018,38.994145833333334,39.59942799539171,0.8430995630137692,1.1511612903225807,0.001967741935483547,1.0961969086021506,1.1015423483102917,0.08633491866575406,54.86265625,-2.5130312499999974,55.06607896505377,54.2658775921659,1.9535916278634042,8.5865625,-0.7766249999999992,8.704510416666666,8.730366215437787,0.31264006542749645
CON-001,2026-08-20,39.37496875,0.47709375000000165,38.80433333333333,39.51114228110599,0.8272291394367549,1.1531290322580643,-0.07031653225806433,1.1073440860215054,1.1190161386328725,0.08189775146201271,52.349625,2.5387812499999995,54.75122278225806,53.73862759216589,1.89192831523027,7.8099375,0.8592812500000004,8.355895833333335,8.534403369815669,0.40024159837823886
CON-001,2026-08-21,39.8520625,0.2919687499999952,39.31096875,39.54112888824885,0.836522150946947,1.0828125,0.13012298387096766,1.1290342741935484,1.1314845910138247,0.0648304381693564,54.88840625,4.279312499999996,54.033562499999995,53.93265437788018,1.936121056017069,8.66921875,0.020555443548385455,8.355239583333335,8.5011857718894,0.3734241836610071
CON-001,2026-08-22,40.14403125,0.5331622983870972,39.79035416666667,39.44000892857143,0.6797653503580698,1.2129354838709676,0.0770332661290325,1.1496256720430107,1.1326873559907835,0.06646857675641894,59.16771875,-1.8731058467741875,55.468583333333335,55.087828485023046,2.3247657814052354,8.689774193548386,-0.21732258064515975,8.389643481182796,8.57534706221198,0.3474869168543832
CON-001,2026-08-23,40.677193548387095,-0.9850967741935577,40.22442909946236,39.5758133640553,0.8258226717052998,1.28996875,-0.09368750000000015,1.1952389112903226,1.146776641705069,0.08795428615279828,57.29461290322581,-1.9794879032258095,57.11691263440861,55.55694282834101,2.4012729886818094,8.472451612903226,-0.03410786290322676,8.610481518817206,8.536416186635945,0.34051185767325726
CON-001,2026-08-24,39.69209677419354,0.9766219758064594,40.171107190860205,39.539769153225805,0.8124515709237655,1.19628125,-0.131539314516129,1.2330618279569894,1.1577186059907834,0.08878301008920375,55.315125,-1.251593750000005,57.259152217741935,55.84564732142858,2.196651290977031,8.43834375,-0.19473084677419372,8.533523185483872,8.476782258064516,0.31048904231032565
CON-001,2026-08-25,40.66871875,-1.8995312499999955,40.34600302419354,39.87356379608294,0.7067214860887783,1.064741935483871,0.0896643145161291,1.1836639784946235,1.164432891705069,0.07749210586330345,54.06353125,1.5468437500000007,55.557756384408606,55.420239343317974,2.21476115385405,8.243612903225806,0.20416129032258112,8.384802755376343,8.415700172811059,0.3079172167808059
CON-001,2026-08-26,38.7691875,1.6469687499999992,39.710001008064516,39.882608438940096,0.6894815435405715,1.15440625,0.0480624999999999,1.1384764784946235,1.1648964573732719,0.07740914321049933,55.610375,-3.3033749999999955,54.996343749999994,55.52705630760369,2.2013778044177603,8.447774193548387,0.48538709677419334,8.37657694892473,8.3958732718894,0.29943311448272897
CON-001,2026-08-27,40.41615625,-0.930704637096774,39.95135416666667,40.03134951036866,0.6738467508627999,1.20246875,-0.0031250000000000444,1.1405389784946236,1.1719449884792625,0.07839906999833504,52.307,1.3380322580645085,53.99363541666667,55.520967021889405,2.2116667463134974,8.93316129032258,-0.4403225806451605,8.541516129032258,8.556333813364054,0.22475383892636358
CON-001,2026-08-28,39.485451612903226,0.5895806451612913,39.55693178763441,39.978976526497696,0.7036898983434312,1.19934375,-0.0015937499999998384,1.18540625,1.1885923099078342,0.06800078861646111,53.64503225806451,1.0550000000000068,53.85413575268817,55.34334216589862,2.3182954500461,8.49283870967742,0.3442550403225795,8.624591397849464,8.531136664746544,0.21982192560363062
CON-001,2026-08-29,40.07503225806452,-0.24312600806451456,39.992213373655915,39.96911952764977,0.7014723036841788,1.19775,-0.028843750000000057,1.1998541666666667,1.1864229550691243,0.06733371367187335,54.70003225806452,0.10371774193548333,53.55068817204301,54.70510123847926,1.5907804045336307,8.83709375,-0.5497812499999988,8.754364583333334,8.552182315668203,0.2433356770560479
CON-001,2026-08-30,39.83190625,0.11812499999999915,39.797463373655916,39.848364199308755,0.6281939823118596,1.16890625,-0.08380625000000008,1.1886666666666665,1.1691283122119815,0.049487952387078045,54.80375,0.24141129032258135,54.38293817204302,54.34926368087558,1.1255600174409868,8.2873125,0.3890937499999989,8.539081653225807,8.525733870967741,0.26273430909987955
CON-001,2026-08-31,39.95003125,-1.3582312500000029,39.952323252688174,39.885211981566826,0.6250571232721776,1.0851,0.10224374999999997,1.1505854166666667,1.153245276497696,0.056644982194600964,55.04516129032258,-0.5940050403225854,54.84964784946237,54.31069743663594,1.0910458305268798,8.67640625,-0.5301875000000003,8.600270833333335,8.559742799539169,0.2649354591441713
CON-001,2026-09-01,38.5918,0.41510322580644754,39.4579125,39.5885093029954,0.6815402636307966,1.18734375,0.038968749999999996,1.1471166666666666,1.1707598214285715,0.04170226529136405,54.45115625,2.983093750000002,54.76668918010753,54.366072436635946,1.0862365339342566,8.14621875,0.35921875000000014,8.369979166666669,8.54582934907834,0.286022646116728
CON-001,2026-09-02,39.00690322580645,0.9543780241935522,39.18291149193548,39.62246869239631,0.6384731157169312,1.2263125,-0.10915624999999984,1.1662520833333332,1.1810321428571429,0.04566999428482453,57.43425,-3.6555312499999957,55.643522513440864,54.62662600806452,1.55293627213998,8.5054375,0.3252187500000012,8.4426875,8.554066964285713,0.2835475869425101
CON-001,2026-09-03,39.96128125,-0.11012499999999648,39.18666149193548,39.55748654953917,0.5629065604554384,1.11715625,0.12906249999999986,1.1769375,1.1688446428571428,0.05015865783791422,53.77871875,-0.5417812499999997,55.221375,54.8368715437788,1.2582081171215183,8.83065625,-0.5277207661290326,8.494104166666668,8.539423387096774,0.2625780800809208
CON-001,2026-09-04,39.85115625,-0.577437500000002,39.60644690860215,39.60973006912442,0.5720037788809678,1.24621875,-0.15359374999999997,1.1965625,1.1755410714285712,0.05750073559958848,53.2369375,0.7117812499999943,54.816635416666664,54.77857229262673,1.3300402524371842,8.302935483870968,0.4098457661290329,8.54634307795699,8.51229435483871,0.277575213319727
CON-001,2026-09-05,39.27371875,0.8392187500000006,39.69538541666667,39.495256710829494,0.5428011252685359,1.092625,0.17756250000000007,1.1520000000000001,1.1605232142857143,0.06408470140847106,53.94871875,0.4145812500000048,53.654791666666675,54.67124179147466,1.367229068131183,8.71278125,-0.5776199596774205,8.615457661290323,8.49453542626728,0.25650883205170844
CON-001,2026-09-06,40.1129375,0.20546875000000142,39.745937500000004,39.535404032258064,0.580906240673151,1.2701875,-0.06624999999999992,1.2030104166666666,1.1749919642857143,0.07651978057467343,54.3633,2.5740870967742,53.84965208333333,54.60832036290322,1.3702462021386816,8.13516129032258,-0.4559999999999995,8.383626008064518,8.472799539170508,0.2821589305170719
CON-001,2026-09-07,40.31840625,1.645562499999997,39.9016875,39.58802903225807,0.638553491839098,1.2039375,-0.08068750000000002,1.1889166666666668,1.1919687499999998,0.0656651365356813,56.9373870967742,-3.4954183467742013,55.08313528225807,54.878638335253456,1.6323636818317595,7.679161290322581,0.7351935483870982,8.175701276881723,8.330335973502304,0.39243192126416987
CON-001,2026-09-08,41.96396875,-2.249420362903223,40.7984375,40.06976742511521,0.9552152877057731,1.12325,-0.050437500000000135,1.199125,1.1828125,0.07069356231372041,53.44196875,1.441874999999996,54.9142186155914,54.73446869239631,1.7186938597429526,8.414354838709679,0.13133266129032073,8.076225806451616,8.368641129032259,0.3844706100821943
CON-001,2026-09-09,39.71454838709678,-2.0156421370967763,40.66564112903226,40.17085959101382,0.8563080006591149,1.0728125,0.21678125000000015,1.1333333333333333,1.1608839285714285,0.07834453054865846,54.88384375,-2.570531249999995,55.08773319892473,54.370124942396316,1.2601402516458247,8.5456875,-0.3151875000000004,8.21306787634409,8.374391129032258,0.38714911704336696
CON-001,2026-09-10,37.69890625,0.630771169354837,39.79247446236559,39.8476631624424,1.2737751679551506,1.28959375,-0.18843750000000004,1.1618854166666666,1.185517857142857,0.08872568963029662,52.3133125,2.416235887096775,53.546375000000005,54.160781192396314,1.477704482299662,8.2305,0.21825000000000117,8.396847446236562,8.288654521889402,0.331757458779913
CON-001,2026-09-11,38.32967741935484,1.292385080645161,38.5810440188172,39.6303090437788,1.3969364036616785,1.10115625,-0.021218750000000064,1.1545208333333334,1.1647946428571427,0.08912501434874205,54.72954838709678,-0.6606421370967794,53.975568212365594,54.37401131912442,1.4290674445961102,8.44875,-0.33328125000000064,8.408312500000001,8.309485167050692,0.3373344716371099
CON-001,2026-09-12,39.6220625,2.3179374999999993,38.550215389784945,39.680072436635946,1.3882941868973464,1.0799375,0.050449596774193584,1.1568958333333335,1.1629821428571427,0.0909476867453491,54.06890625,0.5910292338709695,53.70392237903226,54.39118096198157,1.4238184765288036,8.11546875,1.1152086693548409,8.264906250000001,8.224154809907834,0.29062949642117686
CON-001,2026-09-13,41.94,-1.0577187499999994,39.96391330645161,39.941081365207374,1.6333597939651383,1.1303870967741936,-0.021043346774193505,1.1038269489247312,1.1430106566820277,0.07789556786140411,54.65993548387097,-0.5254042338709652,54.486130040322585,54.433557459677424,1.4272605226286394,9.23067741935484,-0.29622580645161456,8.598298723118281,8.3806571140553,0.47267151093822596
CON-001,2026-09-14,40.88228125,-0.8598618951612877,40.81478125,40.02163493663595,1.6685945337624508,1.10934375,0.09215624999999994,1.1065561155913979,1.1294972638248848,0.07365393723122485,54.13453125,1.0514999999999972,54.287790994623656,54.03314948156682,0.9055756527068249,8.934451612903226,-0.4836516129032269,8.76019926075269,8.559984302995392,0.39369921151886555
CON-001,2026-09-15,40.02241935483871,-0.565544354838714,40.94823353494623,39.74427073732719,1.4372467885961102,1.2015,0.004562500000000025,1.1470769489247312,1.140675835253456,0.07833694032307575,55.18603125,-0.5440625000000026,54.66016599462366,54.282301267281106,0.954420330618705,8.4508,-0.4701437499999992,8.871976344086024,8.565190754608295,0.3916882127592308
CON-001,2026-09-16,39.456875,1.0701895161290338,40.1205252016129,39.707460253456226,1.441428562089818,1.2060625,-0.16137500000000005,1.1723020833333333,1.1597115495391705,0.07522580678803961,54.64196875,0.6996562500000039,54.65417708333333,54.24774769585253,0.933154033329112,7.98065625,0.3747499999999997,8.455302620967743,8.484472004608294,0.45022393132261185
CON-001,2026-09-17,40.52706451612903,-0.280127016129029,40.002119623655915,40.11148286290323,1.1518911897130009,1.0446875,0.05293750000000008,1.1507500000000002,1.1247249423963133,0.06020276746370242,55.341625,-0.873850806451614,55.05654166666667,54.68036376728111,0.47768365966722665,8.35540625,0.16532708333333268,8.262287500000001,8.502315754608295,0.44085842852381835
CON-001,2026-09-18,40.2469375,1.0836249999999978,40.076959005376345,40.38537716013825,0.8445423410816204,1.097625,0.09440625000000002,1.116125,1.124220478110599,0.060447472360767224,54.46777419354839,2.2010000000000005,54.817122647849466,54.642967453917045,0.4834038826453017,8.520733333333332,0.3699541666666679,8.285598611111112,8.512599087941629,0.4402398233787221
CON-001,2026-09-19,41.3305625,0.1116955645161326,40.70152150537634,40.62944858870968,0.8339904691572657,1.19203125,0.023807459677419596,1.1114479166666669,1.140233870967742,0.06159775275547279,56.66877419354839,-0.4906129032258093,55.492724462365594,55.01437716013826,0.8377356756862863,8.8906875,0.016843749999999602,8.588942361111114,8.623344623655914,0.42076377750979205
CON-001,2026-09-20,41.44225806451613,-1.8206643145161294,41.00658602150538,40.55834259792626,0.7165847733892172,1.2158387096774197,-0.018901209677419706,1.1684983198924732,1.1524412442396315,0.06750517487083094,56.17816129032258,-0.6913225806451564,55.77156989247312,55.23126656105991,0.9228835145053166,8.90753125,0.5409687499999993,8.77298402777778,8.57718088517665,0.3557256005674744
CON-001,2026-09-21,39.62159375,1.8381062499999956,40.798138104838706,40.37824438364055,0.7774399238291956,1.1969375,-0.03655040322580638,1.20160248655914,1.164954637096774,0.06629243240801219,55.48683870967742,-0.737369959677423,56.11125806451613,55.42445334101382,0.7865033105519194,9.4485,-0.4526874999999997,9.082239583333335,8.650616369047619,0.474877080994172
CON-001,2026-09-22,41.4597,-0.9247000000000014,40.841183938172044,40.58357019009217,0.8538443459290151,1.1603870967741936,0.01645665322580636,1.1910544354838712,1.1590813652073735,0.06430649420741201,54.74946875,0.9094667338709641,55.47148958333333,55.36208726958525,0.8249300133566286,8.9958125,-1.1707187499999998,9.11728125,8.728475297619047,0.48129151777593193
CON-001,2026-09-23,40.535,-0.3655624999999958,40.53876458333334,40.73758804723502,0.7001389757524602,1.17684375,-0.05077923387096761,1.1780561155913978,1.1549072580645163,0.0616417935569767,55.65893548387096,-0.8656774193548316,55.29841431451613,55.50736823156682,0.7642926398850124,7.82509375,1.5324687500000005,8.756468750000002,8.706252083333334,0.5233317851871102
CON-001,2026-09-24,40.1694375,0.29909374999999727,40.72137916666666,40.686498473502304,0.7304532140585771,1.1260645161290324,-0.051439516129032414,1.1544317876344088,1.1665325460829494,0.04190414005302468,54.79325806451613,0.875,55.06722076612903,55.429030097926265,0.8108004178889435,9.3575625,-0.9854657258064528,8.72615625,8.849417261904762,0.5478587904935295
CON-001,2026-09-25,40.46853125,-1.0109979166666676,40.39098958333333,40.7181547235023,0.7128174639552532,1.074625,0.03634375000000012,1.1258444220430108,1.163246831797235,0.048577974111637244,55.66825806451613,-4.05019556451613,55.37348387096774,55.6005277937788,0.6918237726487506,8.372096774193547,0.34777822580645257,8.518251008064517,8.828183467741935,0.565323083276586
CON-001,2026-09-26,39.45753333333333,0.42733763440860884,40.03183402777777,40.45057912826421,0.7917910637688567,1.11096875,-0.0023881048387097703,1.1038860887096773,1.151666474654378,0.05020730328179282,51.6180625,2.8001310483870867,54.02652620967742,54.87899755184331,1.5245960672557877,8.719875,-0.10915624999999984,8.816511424731184,8.80378168202765,0.5658617279609687
CON-001,2026-09-27,39.88487096774194,0.28509778225806315,39.93697851702509,40.22809525729647,0.6772128705677469,1.1085806451612903,0.035013104838709674,1.09805813172043,1.1363438940092165,0.043242499212469414,54.41819354838709,0.6316774193548511,53.90150470430107,54.627573588709666,1.4158845795301616,8.61071875,-0.1632187500000004,8.567563508064516,8.761379896313363,0.5679085774242452
CON-001,2026-09-28,40.16996875,-0.07171875000000227,39.83745768369176,40.30643454301075,0.625070521230689,1.14359375,-0.10688407258064525,1.1210477150537634,1.1287233582949308,0.03462645857759294,55.04987096774194,0.8585977822580588,53.695375672043006,54.56514962557604,1.3808871620158063,8.4475,0.23675000000000068,8.592697916666667,8.618379896313364,0.4862037409515215
CON-001,2026-09-29,40.09825,-0.18287500000000279,40.05102990591398,40.1119416858679,0.36350291800217754,1.0367096774193547,0.1779778225806452,1.096294690860215,1.111055155529954,0.04559370792286629,55.90846875,-1.6010937499999969,55.125511088709665,54.730721054147466,1.4730768010087465,8.68425,-0.6838125000000002,8.580822916666667,8.573870967741936,0.4594164148619242
CON-001,2026-09-30,39.915375,-0.5519999999999996,40.061197916666664,40.023423828725036,0.3155995553390655,1.2146875,-0.08303124999999989,1.1316636424731181,1.116461405529954,0.05579672645342541,54.307375,1.1006895161290373,55.08857157258064,54.53764098502304,1.41870903949004,8.0004375,-0.12553124999999987,8.377395833333336,8.598920074884793,0.4143563420543785
LAB-001,2026-01-01,,,,,,,,,,,,,,,,,,,,
LAB-001,2026-01-02,38.84341379310345,0.7893604004449415,,,,0.72571875,-0.02156249999999993,,,,54.03277419354839,-0.5179929435483928,,,,6.86790625,-0.07299999999999951,,,
LAB-001,2026-01-03,39.63277419354839,0.5625383064516072,,,,0.70415625,0.017843749999999936,,,,53.51478125,2.2391562500000006,,,,6.79490625,0.9369687499999992,,,
LAB-001,2026-01-04,40.1953125,-1.942602822580639,39.55716682888394,,,0.722,0.05087096774193545,0.7172916666666667,,,55.7539375,0.16403125000000074,54.4338309811828,,,7.731875,-0.9370312499999995,7.1315625,,
LAB-001,2026-01-05,38.25270967741936,3.4675715725806384,39.360265456989254,,,0.7728709677419354,-0.018308467741935397,0.7330090725806452,,,55.91796875,1.4223750000000024,55.06222916666667,,,6.79484375,-0.17368245967741913,7.1072083333333325,,
LAB-001,2026-01-06,41.72028125,-0.9134999999999991,40.056101142473125,,,0.7545625,0.08713749999999998,0.7498111559139785,,,57.34034375,-2.5176018145161336,56.33741666666666,,,6.621161290322581,-0.002973790322580605,7.049293346774193,,
LAB-001,2026-01-07,40.80678125,-1.0652328629032226,40.25992405913979,,,0.8417,-0.18510625000000003,0.7897111559139786,,,54.82274193548387,-0.7268981854838685,56.027018145161286,,,6.6181875,0.3915937499999993,6.678064180107527,,
LAB-001,2026-01-08,39.74154838709678,-2.4075483870967744,40.75620362903226,39.884688721595424,1.165311178407005,0.65659375,0.08018044354838716,0.7509520833333333,0.7396574596774192,0.058315187621694686,54.09584375,0.2608125000000001,55.419643145161295,55.06834158986175,1.3444901561298654,7.00978125,-0.21796874999999982,6.74971001344086,6.919808755760369,0.38332385872482755
LAB-001,2026-01-09,37.334,4.775656249999997,39.294109879032256,39.66905817972351,1.485708844220732,0.7367741935483871,0.009774193548387045,0.7450226478494623,0.7412368087557603,0.058023747775718754,54.35665625,-0.5488750000000024,54.425080645161295,55.11461045506912,1.3079903933792554,6.7918125,0.30965625000000063,6.80659375,6.908938220046084,0.38610988840907473
LAB-001,2026-01-10,42.10965625,-1.1479374999999976,39.72840154569892,40.02289847350231,1.7475109135209297,0.7465483870967742,-0.009767137096774126,0.7133054435483871,0.7472928283410137,0.05567322703352107,53.80778125,0.1014062500000037,54.086760416666664,55.156467597926266,1.2517399994944944,7.10146875,-0.38425000000000065,6.967687499999999,6.9527328629032255,0.38839927804911917
LAB-001,2026-01-11,40.96171875,-0.8581520833333371,40.135125,40.132385080645165,1.7837466212195519,0.73678125,0.03096874999999999,0.7400346102150538,0.7494044354838708,0.05482791741835967,53.9091875,1.2268749999999997,54.024541666666664,54.89293188364055,1.298312880104872,6.71721875,0.8024374999999999,6.870166666666666,6.807781970046084,0.18549622338057922
LAB-001,2026-01-12,40.103566666666666,-1.1094416666666689,41.05831388888889,40.396793221966206,1.5847597754542704,0.76775,-0.058250000000000024,0.7503598790322581,0.7486728686635945,0.05449577727022491,55.1360625,-2.4923750000000027,54.284343750000005,54.781230990783406,1.2271084101005498,7.51965625,-0.8054062499999999,7.11278125,6.911326612903226,0.3260879827086038
LAB-001,2026-01-13,38.994125,2.728156250000005,40.01980347222222,40.007342329109065,1.539639290565689,0.7095,0.10596874999999994,0.7380104166666667,0.7422353686635945,0.056315294666165396,52.6436875,2.6117187500000014,53.8963125,54.110280097926264,0.8065955881627568,6.71425,0.38762096774193555,6.9837083333333325,6.924625,0.3139547690435808
LAB-001,2026-01-14,41.72228125,-2.0863457661290354,40.273324305555555,40.13812804339478,1.6535372923445282,0.81546875,-0.04278124999999999,0.7642395833333334,0.7384880472350231,0.0489899527282131,55.25540625,-1.233218749999999,54.345052083333336,54.172089285714286,0.8832277982287363,7.101870967741935,0.08534778225806505,7.111925739247312,6.9937226382488475,0.28737211312883565
LAB-001,2026-01-15,39.635935483870966,-0.1466229838709694,40.117447244623655,40.12304048579109,1.6582340991415623,0.7726875,-0.035968749999999994,0.7658854166666668,0.7550728686635946,0.0340039834601714,54.0221875,1.7526562500000011,53.973760416666664,54.16156696428571,0.8847250222800054,7.18721875,-0.03846875000000072,7.001113239247313,7.019070852534562,0.29669893014746807
LAB-001,2026-01-16,39.4893125,1.0942875,40.28250974462366,40.43094227150538,1.1872715026764584,0.73671875,-0.02271875000000001,0.7749583333333333,0.755064948156682,0.034008962222631,55.77484375,-1.3490372983870955,55.01747916666667,54.36416517857142,1.0780932313728684,7.14875,-0.27443749999999945,7.1459465725806455,7.070061923963133,0.2814105031907766
LAB-001,2026-01-17,40.5836,-1.125756249999995,39.90294932795698,40.21293423579109,0.9425331967124185,0.714,0.06959375000000001,0.7411354166666667,0.7504151785714287,0.037421278980490656,54.42580645161291,1.6528185483870956,54.74094590053764,54.45245449308756,1.049871551060531,6.8743125,-0.40212499999999984,7.070093750000001,7.037611031105991,0.29014687457852684
LAB-001,2026-01-18,39.45784375,0.4367812499999957,39.84358541666666,39.998094950076805,0.9143854879680274,0.78359375,-0.12637500000000002,0.7447708333333333,0.7571026785714287,0.03873841272607474,56.078625,-0.9088750000000019,55.4264250672043,54.7623741359447,1.175465995462375,6.4721875,0.7157157258064508,6.8317499999999995,7.002606566820276,0.3448638912824114
LAB-001,2026-01-19,39.894625,0.43550403225806633,39.97868958333333,39.96824614055299,0.9137787853375426,0.65721875,0.10175000000000001,0.7182708333333333,0.7413125,0.0534198984169289,55.16975,-0.7762499999999974,55.22472715053764,54.767186635944704,1.1773184091415003,7.187903225806451,-0.37521572580645124,6.844801075268816,6.9552132776497695,0.2783457774690418
LAB-001,2026-01-20,40.330129032258064,1.4523084677419362,39.894199260752686,40.159103859447,0.8100422375823282,0.75896875,0.009781250000000075,0.7332604166666666,0.7483794642857143,0.05175620317017335,54.3935,-0.21009375000000574,55.21395833333333,55.01715985023042,0.7647939467076871,6.8126875,-0.2234999999999996,6.82425940860215,6.969275777649769,0.2663719985860231
LAB-001,2026-01-21,41.7824375,-1.7781875000000014,40.669063844086025,40.16769760944701,0.8294759536845986,0.76875,-0.0546875,0.7283125,0.7417053571428571,0.04411048235984119,54.18340625,1.5260937500000011,54.58221875,54.86401699308755,0.8148285363151739,6.5891875,0.6533124999999993,6.863259408602151,6.896035282258064,0.2929905211774226
LAB-001,2026-01-22,40.00425,-2.7021250000000023,40.70560551075269,40.220313968894004,0.8013267061892267,0.7140625,0.039227822580645166,0.7472604166666666,0.7333303571428571,0.04279341445461592,55.7095,0.24873333333333392,54.762135416666666,55.10506163594471,0.7727785627370853,7.2425,0.023875000000000313,6.881458333333334,6.903932603686636,0.30273037727557256
LAB-001,2026-01-23,37.302125,3.0621083333333345,39.69627083333333,39.907858611751145,1.3632566522553629,0.7532903225806452,-0.04291532258064523,0.7453676075268817,0.735697724654378,0.043465208185567435,55.95823333333333,-3.4868139784946237,55.28371319444444,55.13126014784947,0.8018322323373327,7.266375,-0.8021874999999996,7.032687500000001,6.9207361751152074,0.3212803814352028
LAB-001,2026-01-24,40.36423333333333,-0.017514583333330336,39.22353611111111,39.876520516513054,1.3475650342207153,0.710375,0.008375000000000021,0.7259092741935484,0.7351798675115208,0.04378720861981212,52.47141935483871,0.9890645161290337,54.71305089605735,54.85206199116744,1.2838117998534753,6.4641875,0.6951350806451604,6.991020833333334,6.862146889400921,0.3655085738405172
LAB-001,2026-01-25,40.34671875,0.7227973790322579,39.33769236111112,40.0035026593702,1.3434107103717992,0.71875,0.02893749999999995,0.7274717741935484,0.7259164746543779,0.03836074649635836,53.46048387096774,1.3910786290322577,53.9633788530466,54.478041829877114,1.247786821221121,7.159322580645161,-0.25682258064516095,6.96329502688172,6.960309043778802,0.33425875992644244
LAB-001,2026-01-26,41.06951612903226,-0.25508279569893233,40.59348940412186,40.17134424923195,1.3997528828469326,0.7476875,0.004247983870967698,0.7256041666666667,0.738840581797235,0.023856004081355197,54.8515625,-2.567162500000002,53.59448857526882,54.43258647273426,1.2239570988683963,6.9025,0.6218750000000002,6.842003360215053,6.91953715437788,0.3189252411401759
LAB-001,2026-01-27,40.81443333333333,-1.8310139784946031,40.74355607078853,40.24053057795699,1.420721209129502,0.7519354838709676,-0.024966733870967706,0.7394576612903226,0.7378358294930875,0.02299971086467117,52.2844,2.7240516129032244,53.53214879032259,54.13128647273425,1.4700414630495744,7.524375,-0.10434374999999996,7.195399193548386,7.021206797235023,0.3856455223654572
LAB-001,2026-01-28,38.98341935483872,2.3606431451612764,40.28912293906811,39.840670842933946,1.3034780104026253,0.7269687499999999,0.0718437500000001,0.7421972446236559,0.7318670794930876,0.01865004844404782,55.00845161290322,2.184709677419363,54.04813803763441,54.24915009600614,1.5075140018487174,7.42003125,-0.8650625000000005,7.282302083333334,7.139898761520738,0.3573375173327009
LAB-001,2026-01-29,41.3440625,-1.498288306451613,40.38063839605735,40.03207262864823,1.4242726430536532,0.7988125,0.0006249999999999867,0.7592389112903225,0.7439742223502304,0.029511443431802196,57.193161290322585,-0.8636300403225832,54.828670967741935,54.46110170890937,1.819143867377334,6.55496875,0.2126562500000002,7.166458333333334,7.041680011520738,0.414372668830089
LAB-001,2026-01-30,39.84577419354839,0.2463225806451632,40.05775201612904,40.39545108486943,0.7988638917388622,0.7994375,-0.03500000000000003,0.7750729166666667,0.7505666762672811,0.0363104990881517,56.32953125,1.9050312500000004,56.17704805107527,54.514144268433185,1.8746394194894902,6.767625,0.02462500000000034,6.914208333333334,6.970430011520738,0.41217120755663306
LAB-001,2026-01-31,40.09209677419355,-1.7679092741935492,40.427311155913976,40.35657443356375,0.8072144115023397,0.7644375,0.008906250000000004,0.7875625,0.7582898905529953,0.03180724944021613,58.2345625,-4.6595625,57.2524183467742,55.337450432027644,2.0820499990270154,6.79225,0.5149062500000001,6.704947916666666,7.017296082949309,0.3604169487109871
LAB-001,2026-02-01,38.3241875,2.060906250000002,39.42068615591398,40.067641397849464,1.11472672706176,0.77334375,-0.020477083333333423,0.7790729166666667,0.7660889976958524,0.026794402199712394,53.575,0.0788709677419348,56.046364583333336,55.35380987903226,2.0652258885395427,7.30715625,-0.1288437500000006,6.955677083333334,7.0384151785714275,0.37419414268185736
LAB-001,2026-02-02,40.38509375,-0.21786794354839145,39.60045934139785,39.96986677227343,1.039695302577673,0.7528666666666666,0.08100000000000007,0.7635493055555554,0.7668288786482335,0.02626792368735662,53.65387096774194,-0.6874838709677391,55.154477822580645,55.182711088709674,2.1611557141256927,7.1783125,-0.15871874999999935,7.092572916666666,7.077816964285715,0.37201217683003474
LAB-001,2026-02-03,40.16722580645161,0.5041491935483862,39.625502352150534,39.877408554147465,0.9790825800062735,0.8338666666666666,-0.13658541666666668,0.7866923611111111,0.7785333333333332,0.035245129420372195,52.9663870967742,0.37955040322579947,53.398419354838715,55.28013781682028,2.0194473345871895,7.01959375,0.47640625000000014,7.168354166666667,7.005705357142857,0.31568276124579114
LAB-001,2026-02-04,40.671375,-1.8533124999999941,40.40789818548387,40.118545074884786,0.9287764772409288,0.69728125,0.11409375,0.7613381944444444,0.7742922619047619,0.043340517745683954,53.3459375,2.4636250000000004,53.32206518817205,55.042635800691244,2.1502508474423427,7.496,-0.7809354838709686,7.231302083333333,7.016558035714286,0.3331246166686787
LAB-001,2026-02-05,38.8180625,2.7497187499999995,39.88555443548387,39.75768793202764,0.8615481504745913,0.811375,-0.013278225806451549,0.7808409722222223,0.7760869047619048,0.04476186073411839,55.8095625,0.7102041666666636,54.04062903225807,54.84497883064517,1.976166785195644,6.715064516129032,0.024435483870967722,7.076886088709678,7.039428859447005,0.300001170276082
LAB-001,2026-02-06,41.56778125,-3.45071875,40.35240625,40.00368894009217,1.1029244800404783,0.7980967741935484,-0.027909274193548383,0.7689176747311827,0.7758953725038402,0.04464801660482272,56.51976666666666,-0.13704791666665983,55.225088888888884,54.8721553187404,2.0011354883665367,6.7395,-0.0057580645161285915,6.983521505376344,7.035411002304147,0.3044041155790724
LAB-001,2026-02-07,38.1170625,3.0519052419354793,39.50096875,39.721541186635946,1.309767558761023,0.7701875,-0.03865625000000006,0.7932197580645161,0.7767168010752687,0.04445455745737677,56.38271875,-3.6168750000000003,56.23734930555556,54.60760621159754,1.5552800215953517,6.733741935483871,-0.015304435483870726,6.729435483870968,7.027052707373272,0.31287886864420383
LAB-001,2026-02-08,41.16896774193548,-0.6740302419354833,40.28460383064516,40.127938364055304,1.2436024280711833,0.73153125,0.04240423387096781,0.7666051747311827,0.7707435867895546,0.04767572338637562,52.76584375,1.6149374999999964,55.22277638888889,54.49201246159754,1.6706114471897386,6.7184375,0.44782056451612906,6.730559811827956,6.942950028801844,0.304037181523971
LAB-001,2026-02-09,40.4949375,-0.08115624999999937,39.92698924731183,40.14363032834102,1.2480730349682423,0.7739354838709678,-0.023560483870967763,0.7585514112903226,0.7737534178187404,0.0470195667720962,54.38078125,-0.17409374999999727,54.50978125,54.59585678763441,1.6319753549634763,7.166258064516129,-0.5188387096774196,6.872812499999999,6.941227966589862,0.3025122239878572
LAB-001,2026-02-10,40.41378125,1.1136874999999975,40.692562163978494,40.17885253456222,1.2523217338805392,0.750375,0.01630241935483867,0.7519472446236559,0.7618260368663593,0.03916237304391824,54.2066875,-0.7508125000000021,53.784437499999996,54.77304255952381,1.4864150963495222,6.64741935483871,0.2489556451612902,6.844038306451613,6.8880601958525345,0.3187152583382988
LAB-001,2026-02-11,41.52746875,-1.3717590725806446,40.812062499999996,40.30115164170507,1.3466839623820832,0.7666774193548387,0.027416330645161358,0.7636626344086022,0.771739775345622,0.026992837632000645,53.455875,2.0581562500000032,54.014447916666676,54.78874791666667,1.4693056156552953,6.896375,-0.01109374999999968,6.903350806451613,6.8023994815668205,0.17729002607942965
LAB-001,2026-02-12,40.15570967741935,0.28166532258065047,40.69898655913979,40.49224409562212,1.186544833283195,0.79409375,-0.04556250000000006,0.7703820564516128,0.7692710253456221,0.023301522711593272,55.51403125,0.6656874999999971,54.39219791666667,54.74652916666667,1.4390187914733932,6.88528125,-0.29103124999999963,6.809691868279571,6.826716157834101,0.17497304850616607
LAB-001,2026-02-13,40.437375,-0.44078125000000057,40.70685114247312,40.330757488479264,1.0886548906446998,0.74853125,-0.07278931451612902,0.7697674731182795,0.7621902361751152,0.020436964964969676,56.17971875,-1.136375000000001,55.04987500000001,54.697950892857136,1.3734259294944402,6.594250000000001,0.6469999999999994,6.79196875,6.805966157834101,0.19455647212401364
LAB-001,2026-02-14,39.99659375,-1.0974969758064503,40.19655947580645,40.599261952764984,0.550389891539712,0.675741935483871,0.102476814516129,0.7394556451612903,0.7486980126728111,0.037949723363819375,55.04334375,3.9012046370967752,55.57903124999999,54.50661160714286,1.1791501982604478,7.24125,-0.2045312499999996,6.906927083333334,6.878467309907834,0.2498579898877678
LAB-001,2026-02-15,38.89909677419355,0.733496975806446,39.77768850806452,40.27499467165899,0.7796929157576261,0.77821875,-0.060843749999999974,0.7341639784946237,0.7553676555299539,0.03852807690746643,58.94454838709677,-7.653193548387101,56.72253696236559,55.38928369815668,1.8052521120778513,7.03671875,0.4114687499999983,6.957406250000001,6.923936059907834,0.24479114169386162
LAB-001,2026-02-16,39.63259375,1.9158125000000013,39.509428091397844,40.15180270737328,0.80680403788171,0.717375,0.10188306451612905,0.7237785618279569,0.7472875864055301,0.03989181467137925,51.29135483870967,3.216178494623655,55.09308232526882,54.947937067972354,2.3792872511985004,7.448187499999999,-0.5496068548387081,7.242052083333333,6.964211693548386,0.3066759826961772
LAB-001,2026-02-17,41.54840625,-0.6675675403225796,40.026698924731186,40.31389199308756,0.9663983543662344,0.819258064516129,-0.02941431451612897,0.7716172715053764,0.7571280241935484,0.048374441172310295,54.50753333333333,3.572716666666672,54.914478853046596,54.99091504416282,2.3663481613623243,6.8985806451612905,0.07473185483870903,7.127828965053763,7.000091877880185,0.2766584191831306
LAB-001,2026-02-18,40.88083870967742,-1.0263387096774181,40.68727956989247,40.22151627304147,0.8556169114432615,0.7898437500000001,-0.0077469758064516725,0.7754922715053763,0.7604375,0.04990487402499192,58.08025,-1.7690312499999976,54.626379390680995,55.65154004416282,2.507664468600761,6.9733125,0.030750000000000277,7.1066935483870965,7.011082949308756,0.2733598373919908
LAB-001,2026-02-19,39.8545,0.20846875000000153,40.76124831989247,40.178486319124424,0.8669766618348093,0.7820967741935484,0.013870967741935525,0.7970661962365592,0.7587236463133642,0.04874901476272166,56.31121875,-1.6903437500000038,56.29966736111111,55.76542397273425,2.518457431466443,7.0040625,-0.12840625000000028,6.958651881720431,7.028051699308755,0.2678809605084079
LAB-001,2026-02-20,40.06296875,-0.6744687500000026,40.26610248655914,40.124999711981566,0.8598630155130033,0.7959677419354839,-0.03471774193548394,0.7893027553763442,0.7655002880184333,0.050366285430707626,54.620875,0.9173125000000013,56.33744791666666,55.54273200844854,2.5445031347483997,6.87565625,0.2917500000000004,6.951010416666667,7.068252592165898,0.2058676476763317
LAB-001,2026-02-21,39.3885,1.686629032258061,39.76865625,40.03812917626728,0.9045537332051432,0.76125,-0.08843749999999995,0.7797715053763441,0.7777157258064517,0.031983227126561445,55.5381875,2.208156250000002,55.49009375,55.61342397273425,2.535173490435628,7.16740625,-0.1566875000000003,7.015708333333333,7.0577034850230405,0.1972364440938424
LAB-001,2026-02-22,41.07512903225806,-2.44869153225806,40.17553259408603,40.34899092741936,0.8176015153665438,0.6728125,0.08259374999999991,0.7433434139784946,0.7626576900921659,0.05091624426255744,57.74634375,-2.5407500000000027,55.96846875,55.44225188172042,2.3025524054383766,7.01071875,0.15371875000000035,7.017927083333333,7.053989199308755,0.1979410367025692
LAB-001,2026-02-23,38.6264375,0.5331108870967682,39.69668884408602,40.205254320276495,1.0263346868384855,0.75540625,0.013062500000000088,0.7298229166666667,0.7680907258064515,0.047170293972556974,55.20559375,2.325375000000001,56.163374999999995,56.00142886904762,1.440358402521187,7.1644375,-0.20666330645161324,7.1141875,7.0134534850230414,0.1157500482321529
LAB-001,2026-02-24,39.15954838709677,0.9985806451612973,39.62037163978494,39.86398891129033,0.8939040378419423,0.76846875,-0.08587500000000003,0.7322291666666666,0.7608351094470046,0.041560715367432444,57.53096875,-0.9222812499999975,56.82763541666666,56.433348214285715,1.3692870466378277,6.957774193548387,-0.6825866935483864,7.044310147849462,7.021909706221197,0.10785198376867071
LAB-001,2026-02-25,40.15812903225807,0.8366209677419363,39.31470497311828,39.76074467165899,0.7929171731003178,0.68259375,0.10240625000000003,0.7354895833333334,0.745513680875576,0.04830587310430138,56.6086875,-5.1826875,56.448416666666674,56.223124999999996,1.1732280164212439,6.2751875,0.44114583333333357,6.79913306451613,6.9221775633640545,0.3042474773919598
LAB-001,2026-02-26,40.99475,-0.7625887096774235,40.10414247311828,39.92363752880185,0.9220038294216399,0.785,-0.006468750000000023,0.7453541666666667,0.7459284274193548,0.048683307948119384,51.426,5.832419354838706,55.18855208333334,55.52523660714286,2.1546111082102057,6.716333333333334,0.2794791666666665,6.649765008960574,6.8810733966973885,0.3107085991632045
LAB-001,2026-02-27,40.23216129032258,0.2496824596774232,40.46168010752688,39.94780789170507,0.9284602527779743,0.77853125,0.026531250000000006,0.7487083333333334,0.7434375,0.04607234319297936,57.25841935483871,-1.5902943548387043,55.09770228494623,55.9020286578341,2.2002401740084645,6.9958125,0.01178124999999941,6.6624444444444455,6.8982385752688185,0.3136644211107334
LAB-001,2026-02-28,40.48184375,1.163374999999995,40.569585013440864,40.10399985599078,0.9104786395261678,0.8050625,-0.09837499999999999,0.78953125,0.7496964285714286,0.05154625916666877,55.668125,2.488941666666662,54.7841814516129,55.9205911578341,2.1972050241194743,7.00759375,-0.1970312500000002,6.906579861111112,6.875408218125961,0.29613368464647605
LAB-001,2026-03-01,41.64521875,-0.9223800403225795,40.78640793010752,40.185441244239634,1.0295357386070259,0.7066875,0.055468749999999956,0.7634270833333333,0.7545357142857144,0.04419049608452513,58.157066666666665,-3.4603892473118236,57.027870340501785,55.97926586021505,2.2587094632778726,6.8105625,0.34090625000000063,6.937989583333334,6.84681446812596,0.29050064958148514
LAB-001,2026-03-02,40.72283870967742,1.1728487903225826,40.94996706989247,40.484927131336406,0.7735334304055186,0.76215625,-0.02953125000000001,0.75796875,0.7555,0.044286200764177115,54.69667741935484,6.179666330645155,56.173956362007175,55.90656352726574,2.2956508084853184,7.15146875,-0.03118750000000059,6.9898750000000005,6.844961789554532,0.28816938844069223
LAB-001,2026-03-03,41.8956875,-1.7220100806451626,41.42124831989247,40.87580414746544,0.6775256351452407,0.732625,0.02050403225806463,0.7338229166666667,0.7503794642857143,0.044607815860711,60.87634375,-2.556281249999998,57.91002927867384,56.384474241551466,2.946220980222704,7.12028125,0.16787500000000044,7.0274375000000004,6.868177083333334,0.30483632120482695
LAB-001,2026-03-04,40.17367741935484,0.6000725806451612,40.93073454301075,40.87802534562212,0.6748006808142678,0.7531290322580646,0.019245967741935432,0.7493034274193549,0.7604559331797235,0.0332692397979102,58.3200625,-3.7675786290322577,57.96436122311828,56.6289563844086,3.0375192202292944,7.28815625,0.5351249999999999,7.186635416666667,7.012886904761905,0.198204618143778
LAB-001,2026-03-05,40.77375,1.008499999999998,40.94770497311828,40.84645391705069,0.6735981950212205,0.772375,0.04312499999999997,0.7527096774193548,0.7586523617511521,0.032036273058538456,54.55248387096774,-1.6140151209677427,57.91629670698924,57.07559693740399,2.2804862988527774,7.82328125,-1.12890625,7.410572916666666,7.171022321428572,0.32389754757679956
LAB-001,2026-03-06,41.78225,-1.7121250000000003,40.909892473118276,41.06789516129032,0.6925210556453761,0.8155,-0.07071875000000005,0.7803346774193548,0.763933611751152,0.038295298480822235,52.93846875,0.3652500000000032,55.27033837365591,56.45846113671275,2.7574177528611625,6.694375,0.44168750000000045,7.268604166666666,7.127959821428571,0.3680967407068055
LAB-001,2026-03-07,40.070125,-0.25281249999999744,40.875375,41.009078197004605,0.7643499924930259,0.74478125,0.024412298387096798,0.7775520833333333,0.7553220046082949,0.03404724262793304,53.30371875,-2.7860625,53.59822379032258,56.120688815284176,3.0041430645146425,7.1360625,-0.6077812500000004,7.2179062499999995,7.1463125,0.36427809424657526
LAB-001,2026-03-08,39.8173125,0.7327520161290266,40.55656249999999,40.747948732718896,0.8209441677837608,0.7691935483870967,-0.08567741935483864,0.7764915994623656,0.7642514400921658,0.026533781440774274,50.51765625,3.347218749999996,52.25328125000001,55.02934447004609,3.489488146019884,6.52828125,0.39809375000000014,6.786239583333334,7.1059866071428575,0.41913452488848585
LAB-001,2026-03-09,40.55006451612903,-0.8455645161290235,40.145834005376344,40.72326670506912,0.8244148624130264,0.6835161290322581,0.10723387096774184,0.7324969758064516,0.7530171370967743,0.04052691087239153,53.864875,0.6528750000000016,52.562083333333334,54.910515552995385,3.5167609322273004,6.926375,0.2383437499999994,6.863572916666667,7.073830357142858,0.4236736229937899
LAB-001,2026-03-10,39.7045,1.2681249999999977,40.02395900537635,40.410239919354844,0.7136028180009698,0.79075,-0.0403437499999999,0.7478198924731183,0.7613207085253456,0.041593003472873584,54.51775,-1.8293125000000003,52.966760416666666,54.00214501728111,2.344953596520568,7.16471875,-0.36409374999999944,6.873124999999999,7.080178571428571,0.4248170093622099
LAB-001,2026-03-11,40.972625,-1.7300312500000032,40.409063172043005,40.524375288018426,0.7330871795609512,0.75040625,0.03456249999999994,0.7415574596774194,0.7609317396313363,0.041694984499731004,52.6884375,2.5369062500000013,53.69035416666666,53.19762716013825,1.3870542764654996,6.800625,0.6474395161290305,6.963906250000001,7.01053125,0.4250014093113877
LAB-001,2026-03-12,39.24259375,1.9071804435483912,39.97323958333333,40.305638680875575,0.8631683032215434,0.78496875,-0.051156250000000014,0.775375,0.7627308467741936,0.042534304877778165,55.22534375,-1.5041562500000012,54.14384375,53.293749999999996,1.5140914797707723,7.448064516129031,-1.0298770161290305,7.137802755376344,6.956928859447005,0.31477967693254866
LAB-001,2026-03-13,41.14977419354839,-2.4421491935483886,40.45499764784946,40.21528499423963,0.7006418929912536,0.7338125,0.0032197580645161317,0.7563958333333334,0.7510612039170506,0.0364083915366265,53.7211875,-1.3277500000000018,53.87832291666666,53.40556696428571,1.5123819441517257,6.4181875,0.47224999999999984,6.888959005376344,6.917473502304148,0.36627132858850964
LAB-001,2026-03-14,38.707625,0.08537499999999909,39.699997647849464,40.02064213709677,0.9066569283850799,0.7370322580645161,-0.03293850806451615,0.7519378360215053,0.7499542050691244,0.036747383628166146,52.3934375,0.07018750000000296,53.77998958333333,53.27552678571429,1.56095348678293,6.8904375,-0.5239213709677424,6.918896505376343,6.882384216589862,0.3533787171905166
LAB-001,2026-03-15,38.793,2.1202187499999994,39.550133064516125,39.87431177995392,1.0204602700280816,0.70409375,0.0733125,0.7249795026881719,0.7406542338709678,0.03922121870222863,52.463625,2.2447499999999962,52.85941666666667,53.55352232142857,1.0902460517504329,6.366516129032258,1.3287096774193552,6.558380376344086,6.8592749135944695,0.38432880892046917
LAB-001,2026-03-16,40.91321875,-0.12454133064515815,39.47128125,39.9261909562212,1.0686347026062195,0.77740625,-0.03803124999999996,0.739510752688172,0.7540671082949307,0.03177114844668161,54.708375,2.7399687500000027,53.18847916666667,53.67402232142857,1.1738058605021038,7.695225806451613,-1.0235070564516127,6.984059811827957,6.969110743087557,0.4993522316941131
LAB-001,2026-03-17,40.78867741935484,-1.6402399193548405,40.164965389784946,40.081073444700465,1.1089557165821622,0.739375,0.0026249999999999885,0.7402916666666667,0.7467278225806451,0.027536651153384738,57.44834375,-1.4045695564516123,54.87344791666666,54.09267857142857,1.8517395267618055,6.67171875,0.6615624999999996,6.911153561827956,6.898682171658986,0.5019253143741257
LAB-001,2026-03-18,39.1484375,0.38440624999999784,40.28344455645161,39.82047523041474,1.078445046707639,0.742,-0.010031250000000047,0.7529270833333334,0.7455269297235024,0.02753279684592382,56.04377419354839,1.1387570564516096,56.0668309811828,54.57201238479263,1.8619071968173668,7.33328125,-0.2836875000000001,7.233408602150537,6.974775921658987,0.5244526457357002
LAB-001,2026-03-19,39.53284375,0.6145756048387128,39.823319556451615,39.861939516129034,1.057907696572195,0.73196875,0.07425000000000004,0.7377812499999999,0.7379555011520736,0.021506629789280647,57.18253125,-2.815937499999997,56.8915497311828,54.85161059907835,2.1071675775860634,7.04959375,0.21293750000000067,7.018197916666666,6.917851526497695,0.4846332586169216
LAB-001,2026-03-20,40.14741935483871,1.435018145161287,39.609566868279565,39.71874596774194,0.912365241432779,0.80621875,-0.05321874999999998,0.7600625,0.7482992511520736,0.03333907938553321,54.36659375,2.584562499999997,55.8642997311828,54.943811491935485,2.063120982420969,7.26253125,-0.8055635080645169,7.215135416666667,7.038472062211981,0.4428150759838821
LAB-001,2026-03-21,41.5824375,-0.5453041666666607,40.4209002016129,40.12943346774193,1.0218278524338584,0.753,-0.14512500000000006,0.7637291666666667,0.7505803571428571,0.032984069590124857,56.95115625,-4.526812499999998,56.16676041666667,55.59491417050691,1.830131676561475,6.456967741935483,0.3514385080645166,6.9230309139784945,6.976547811059908,0.4942843145797413
LAB-001,2026-03-22,41.03713333333334,-1.3072946236559204,40.922330062724015,40.450023943932415,0.8739955967073766,0.6078749999999999,0.1784062500000001,0.7223645833333333,0.7368348214285714,0.06246189388934722,52.42434375,2.982430443548388,54.58069791666666,55.58930256336406,1.8413589280944442,6.80840625,-0.3106562500000001,6.842635080645162,7.039674971198155,0.4270323104258289
LAB-001,2026-03-23,39.729838709677416,-1.1982903225806396,40.78313651433692,40.280969652457756,0.8838619507019749,0.78628125,0.013718750000000002,0.7157187500000001,0.7381026785714286,0.06350404892533025,55.40677419354839,2.1350645161290345,54.9274247311828,55.68907387672811,1.8042181705445666,6.49775,0.5232812500000001,6.587707997311828,6.868606998847926,0.3543128522328363
LAB-001,2026-03-24,38.53154838709678,1.671326612903222,39.76617347670251,39.95852264784946,1.0616162818281425,0.8,-0.10340625000000003,0.7313854166666666,0.7467633928571429,0.06770178379494793,57.54183870967742,-0.7770574596774225,55.1243188844086,55.702430299539174,1.81969216822235,7.02103125,-0.10441834677419415,6.775729166666667,6.918508784562213,0.34647328800999805
LAB-001,2026-03-25,40.202875,0.2557187499999998,39.4880873655914,40.109156576420894,1.0005674091261823,0.69659375,0.08262499999999995,0.7609583333333334,0.7402767857142857,0.0703573732471453,56.76478125,0.05718750000000483,56.5711313844086,55.80543130760368,1.862144237023102,6.916612903225806,-0.3533004032258056,6.811798051075269,6.858984735023042,0.2953608089531236
LAB-001,2026-03-26,40.45859375,-2.1286249999999995,39.731005712365594,40.24140657642089,0.9724839560043009,0.77921875,-0.017412298387096792,0.7586041666666666,0.7470267857142857,0.07168155904929881,56.82196875,-3.164968750000007,57.0428629032258,55.75392237903226,1.8222631940006988,6.5633125,1.1561874999999997,6.833652217741935,6.7895159850230415,0.3002046435849373
LAB-001,2026-03-27,38.32996875,1.3685312500000038,39.6638125,39.98177077572965,1.2143061112944542,0.7618064516129032,0.04150604838709682,0.7458729838709677,0.7406821716589862,0.0674072776015657,53.657,1.8463125000000034,55.74791666666667,55.652551843317966,1.9289172148053466,7.7195,-1.289625,7.066475134408602,6.8547972350230415,0.4381841896166994
LAB-001,2026-03-28,39.6985,2.631187499999996,39.4956875,39.712636847158215,0.98812219733529,0.8033125,0.027139112903225793,0.7814459005376344,0.7478696716589861,0.07149784901338144,55.5033125,0.8265208333333334,55.32742708333333,55.44571702188939,1.8421348214542936,6.429875,0.9424999999999999,6.904229166666667,6.850926843317972,0.4423833264080825
LAB-001,2026-03-29,42.3296875,-2.552300403225807,40.11938541666667,39.89728744239631,1.3363074211296628,0.8304516129032258,-0.08229536290322581,0.7985235215053764,0.7796663306451613,0.04245729373778537,56.32983333333333,-1.0544784946236518,55.163381944444446,56.00364410522273,1.2802832365237686,7.372375,-0.1956975806451613,7.173916666666667,6.931493807603687,0.4828528026246279
LAB-001,2026-03-30,39.77738709677419,0.9570816532258064,40.60185819892473,39.904080069124426,1.335434959039147,0.74815625,-0.026414314516129078,0.7939734543010752,0.7742199020737327,0.043888521058334816,55.27535483870968,1.5878951612903194,55.702833557347674,55.98486991167435,1.291409776574608,7.176677419354839,0.5754516129032261,6.992975806451613,7.028483438940092,0.4481468075575504
LAB-001,2026-03-31,40.73446875,-0.2093124999999958,40.9471811155914,40.218782978110596,1.211937558597084,0.7217419354838709,0.046851814516129076,0.7667832661290322,0.7630401785714286,0.046136814095561404,56.86325,-1.359156249999998,56.15614605734768,55.887928667434714,1.1753050507537437,7.752129032258065,-0.8956290322580642,7.433727150537635,7.132925979262673,0.5247639257719346
LAB-001,2026-04-01,40.52515625,-0.17743750000000347,40.34567069892473,40.26482315668203,1.2173420162585102,0.76859375,0.03011592741935476,0.7461639784946236,0.7733258928571428,0.03569961845378083,55.50409375,0.5034687499999961,55.88089952956989,55.70783045314901,1.1135126850595998,6.8565000000000005,-0.25227419354838787,7.261768817204302,7.124338421658986,0.5293654721892765
LAB-001,2026-04-02,40.34771875,-0.18691229838709233,40.53578125,40.24898387096774,1.2151198818116105,0.7987096774193547,-0.10049092741935473,0.7630151209677418,0.7761103110599078,0.036973225462877415,56.0075625,0.7940312500000033,56.12496875,55.591486703148995,1.0159763019695855,6.604225806451613,0.3966491935483871,7.070951612903226,7.1301831797235025,0.5223177095446417
LAB-001,2026-04-03,40.160806451612906,0.9504435483870921,40.344560483870964,40.5105321140553,0.8855696661461478,0.69821875,0.04706250000000001,0.7551740591397849,0.7670263536866359,0.04741129142079691,56.80159375,1.268968749999999,56.10441666666667,56.04071438172043,0.6458494131501626,7.000875,-0.4810624999999993,6.820533602150538,7.027522465437788,0.4532376994291168
LAB-001,2026-04-04,41.11125,-0.30409374999999983,40.5399250672043,40.71235354262673,0.8288289331552645,0.74528125,0.05137499999999995,0.7474032258064516,0.7587361751152074,0.045022325980138084,58.0705625,-2.1513437500000023,56.959906249999996,56.40746438172044,0.9480394198999265,6.5198125000000005,0.8056874999999994,6.70830443548387,7.040370679723503,0.43435351441176284
LAB-001,2026-04-05,40.80715625,-2.8181239919354795,40.693070900537634,40.49484907834101,0.4441856748355675,0.79665625,-0.012687499999999963,0.74671875,0.7539082661290323,0.03717912977702349,55.91921875,0.768843750000002,56.93045833333333,56.34880515552995,0.966173149906772,7.3255,-0.614725806451613,6.948729166666666,7.033674251152074,0.42870654656398105
LAB-001,2026-04-06,37.98903225806452,2.8090614919354806,39.96914616935484,40.239369815668205,1.0401349390480195,0.78396875,-0.10384375000000001,0.7753020833333334,0.7590243375576036,0.038689046337072486,56.6880625,-2.0048749999999984,56.892614583333334,56.55062053571429,0.8444561526950812,6.710774193548387,-0.20048387096774167,6.852028897849462,6.967116647465438,0.4388509536706377
LAB-001,2026-04-07,40.79809375,-0.07128124999999841,39.86476075268817,40.24845910138249,1.045446899877888,0.680125,0.10512500000000002,0.7535833333333333,0.7530790610599079,0.047554806299391225,54.6831875,1.0972812499999947,55.76348958333333,56.23918303571429,1.0792939751708839,6.510290322580645,0.7128971774193547,6.848854838709677,6.789711117511521,0.2965574001909476
LAB-001,2026-04-08,40.7268125,-0.5467187500000037,39.83797950268817,40.27726713709677,1.0570561845876174,0.78525,-0.0006562500000000249,0.74978125,0.7554585253456221,0.04885930208330532,55.78046875,-4.266062499999997,55.71723958333334,56.27866517857142,1.052647738621942,7.2231875,-0.2519374999999995,6.814750672043011,6.842095046082949,0.33958558989629545
LAB-001,2026-04-09,40.18009375,-0.7931562499999956,40.56833333333333,40.253320708525344,1.0570928594940217,0.78459375,0.004341733870967812,0.7499895833333333,0.7534419642857142,0.047033891912824734,51.51440625,5.063593750000003,53.99268750000001,55.63678571428572,2.097180858485857,6.97125,0.3623749999999992,6.901575940860215,6.894527073732719,0.32474750229615706
LAB-001,2026-04-10,39.3869375,1.4576874999999987,40.09794791666667,40.14276800115208,1.1076385955482895,0.7889354838709678,-0.02199798387096774,0.786259744623656,0.7664014976958526,0.041448083839600004,56.578,0.4352812499999956,54.62429166666667,55.60484375,2.078098885487563,7.333625,-0.07959051724137911,7.176020833333333,6.942062788018433,0.3647933753025728
LAB-001,2026-04-11,40.844625,-1.7051088709677416,40.13721875,40.104678715437785,1.0728210365686102,0.7669375,-0.011808467741935558,0.7801555779569892,0.7694952476958525,0.04040397120776092,57.01328125,-2.0188750000000013,55.03522916666666,55.45380357142857,1.8997896881713097,7.2540344827586205,-0.08628448275862066,7.18630316091954,7.046951642698235,0.3267171482396252
LAB-001,2026-04-12,39.13951612903226,-0.413984879032256,39.79035954301075,39.8664444124424,1.0759836514240735,0.7551290322580645,0.06902721774193543,0.7703340053763442,0.7635627880184331,0.038766813322770155,54.99440625,0.874656250000001,56.19522916666667,55.3216875,1.8941777975274305,7.16775,-0.42816935483871,7.25180316091954,7.024415928412521,0.3092767413837537
LAB-001,2026-04-13,38.72553125,3.1243749999999935,39.56989079301075,39.971658554147474,0.8799584503748564,0.8241562499999999,-0.013906249999999898,0.7820742607526882,0.7693038594470046,0.044798883791335946,55.8690625,0.23913104838710098,55.95891666666666,55.2046875,1.8195362468623302,6.73958064516129,0.8552006048387097,7.053788375973304,7.0285311357857925,0.3045636421669178
LAB-001,2026-04-14,41.84990625,-1.510343749999997,39.904984543010755,40.12191748271889,1.1054965928667733,0.81025,-0.07602419354838719,0.7965117607526881,0.7878931451612904,0.02361647230234041,56.1081935483871,1.0817752016128992,55.65722076612903,55.40825979262672,1.8311445465914766,7.59478125,-0.7103296370967733,7.167370631720431,7.183458411131416,0.27098662317348804
LAB-001,2026-04-15,40.3395625,-1.099718750000001,40.305,40.06659605414746,1.0795666143906804,0.7342258064516128,0.08493548387096772,0.7895440188172044,0.7806039746543779,0.031218849981827213,57.18996875,0.14874999999999972,56.389074932795694,55.60961693548387,1.9523778882450187,6.884451612903226,-0.1612016129032261,7.072937836021505,7.135067570117592,0.2921293806004414
LAB-001,2026-04-16,39.23984375,0.6747187500000038,40.476437499999996,39.932274625576035,1.1207978089792934,0.8191612903225806,-0.026848790322580585,0.7878790322580644,0.7855421947004608,0.03451508300436957,57.33871875,0.2016562499999992,56.87896034946237,56.441661578341005,0.84099455245559,6.72325,0.13065322580645145,7.067494287634408,7.099638998689019,0.32812819626989853
LAB-001,2026-04-17,39.9145625,-2.2208850806451608,39.83132291666667,40.007649625576036,1.0954662459551663,0.7923125,-0.016000000000000014,0.7818998655913978,0.7860246255760368,0.03459392811462114,57.540375,-2.333008333333332,57.35635416666667,56.57914372119816,0.9398496922417036,6.853903225806452,0.25281552419354814,6.82053494623656,7.03110731666137,0.3211357865187084
LAB-001,2026-04-18,37.69367741935484,2.294885080645159,38.94936122311828,39.55751425691244,1.3188293052982685,0.7763125,-0.010441532258064434,0.7959287634408602,0.7873639112903225,0.03390646543870193,55.207366666666665,-2.4542376344085923,56.69548680555556,56.321155923579106,1.043016269561779,7.10671875,-0.34737499999999955,6.894623991935483,7.010062211981567,0.3086771378934142
LAB-001,2026-04-19,39.9885625,-0.32759475806451377,39.198934139784946,39.67880659562212,1.313009377475464,0.7658709677419355,-0.007995967741935561,0.7781653225806452,0.7888984735023042,0.03241467111033746,52.75312903225807,1.1519959677419251,55.16695689964158,56.00097346390169,1.6723352524676092,6.75934375,0.5188125000000001,6.906655241935483,6.951718461981566,0.3124782150508612
LAB-001,2026-04-20,39.66096774193549,-1.2096129032258034,39.11440255376345,39.812440380184334,1.2456952659409424,0.757875,-0.01603124999999994,0.7666861559139785,0.7794297235023041,0.029988914445722804,53.905125,0.24047500000000355,53.955206899641574,55.72041096390169,1.8531236802703825,7.27815625,-0.3670562500000001,7.0480729166666665,7.028657834101383,0.31779902363338386
LAB-001,2026-04-21,38.45135483870968,2.73961391129032,39.36696169354839,39.32693303571428,0.9453222716207188,0.74184375,-0.013908266129032287,0.7551965725806452,0.7696574020737327,0.029411840120931926,54.1456,0.9073666666666611,53.60128467741936,55.44004045698925,1.9314849700616061,6.9111,0.2567750000000002,6.982866666666666,6.930989084101382,0.1968616882390353
LAB-001,2026-04-22,41.19096875,0.16637607758620732,39.76776377688173,39.4485625,1.1333916511551423,0.7279354838709677,0.06674193548387097,0.7425514112903225,0.7687587845622119,0.03074086837843143,55.05296666666666,0.36371075268817066,54.36789722222222,55.13475444508448,1.7710159693645375,7.167875,0.18281249999999982,7.11904375,6.971478139400921,0.2140875216316156
LAB-001,2026-04-23,41.35734482758621,-2.964251077586212,40.333222805431966,39.75106265394089,1.3333417832032202,0.7946774193548387,-0.16716129032258065,0.7548188844086022,0.7652610887096775,0.02488551064579543,55.41667741935483,-1.2190524193548313,54.871748028673835,54.86017711213518,1.5007363918066983,7.3506875,-0.1536875000000002,7.143220833333333,7.06111206797235,0.2239581967792549
LAB-001,2026-04-24,38.39309375,1.631067540322583,40.31380244252873,39.53370997536946,1.4232271955692224,0.6275161290322581,0.09489012096774196,0.7167096774193548,0.7417187500000001,0.054890701885503726,54.197625,-0.49262500000000387,54.889089695340495,54.38264139784946,0.9284835647808356,7.197,-0.33456249999999965,7.238520833333333,7.110125892857143,0.20802931845369554
LAB-001,2026-04-25,40.02416129032258,-1.4998387096774195,39.924866622636266,39.866636242650564,1.1713523018483527,0.72240625,0.11381249999999998,0.7148665994623656,0.7340178571428572,0.052976494445660514,53.705,3.771193548387089,54.43976747311828,54.168017588325654,0.8783576357954298,6.8624375,0.5062076612903219,7.136708333333334,7.075228571428572,0.22820690686718728
LAB-001,2026-04-26,38.52432258064516,1.4809899193548404,38.980525873655914,39.65745911131416,1.2723372023778858,0.83621875,-0.11762499999999998,0.7287137096774193,0.7440675403225806,0.06527184526319772,57.47619354838709,-0.6330685483870866,55.12627284946236,54.842741090629794,1.315575206444415,7.368645161290322,-0.07422580645161236,7.1426942204301085,7.162271630184333,0.2023795816057732
LAB-001,2026-04-27,40.0053125,-0.38463508064516105,39.51793212365592,39.70665121960909,1.2791339755364841,0.71859375,-0.047875,0.7590729166666667,0.7384559331797236,0.06557479166563912,56.843125,-1.075375000000001,56.0081061827957,55.26245537634408,1.4302517274299746,7.29441935483871,-0.5000131048387102,7.175167338709677,7.164594930875576,0.20401836610313662
LAB-001,2026-04-28,39.62067741935484,0.10804133064515753,39.38343750000001,39.8736973025584,1.1585475172143191,0.67071875,0.2144425403225807,0.74184375,0.7282952188940092,0.07030230874669773,55.76775,-3.9148124999999965,56.69568951612903,55.4941910906298,1.3481942651189043,6.79440625,0.07900000000000063,7.152490255376343,7.14792439516129,0.23114771409430562
LAB-001,2026-04-29,39.72871875,-0.613406249999997,39.78490288978495,39.66480444541554,1.0028089907821043,0.8851612903225807,-0.12097379032258071,0.7581579301075269,0.7507560483870969,0.09195098387748055,51.8529375,4.008437499999999,54.82127083333334,55.03704406682028,1.9367899373415178,6.87340625,-0.30003124999999997,6.987410618279569,7.105857430875576,0.25270218749415624
LAB-001,2026-04-30,39.1153125,0.16281250000000114,39.48823622311828,39.344514112903234,0.6773603675361815,0.7641875,0.10707916666666661,0.7733558467741936,0.7464003456221198,0.09022971854746277,55.861375,-1.7692187500000003,54.49402083333333,55.10057229262673,1.958489244504793,6.573375,0.3791411290322575,6.747062500000001,6.994812788018434,0.2945136558460354
LAB-001,2026-05-01,39.278125,1.7617499999999993,39.37405208333333,39.47094714861752,0.5385492897247585,0.8712666666666666,-0.16264166666666668,0.8402051523297492,0.781221850998464,0.08348532123994158,54.09215625,1.579625,53.93548958333334,55.085505328341014,1.966980796928854,6.952516129032258,-0.09539112903225799,6.799765793010753,6.959886520737327,0.28071343351300293
LAB-001,2026-05-02,41.039875,-1.1743266129032293,39.81110416666667,39.616049107142864,0.790392169797618,0.708625,0.13231250000000006,0.7813597222222223,0.7792531009984638,0.08524737453763861,55.67178125,-2.3669747983870977,55.2084375,55.366474078341014,1.875251145772419,6.857125,-0.2783749999999996,6.79433870967742,6.959127592165899,0.2810278091878403
LAB-001,2026-05-03,39.86554838709677,-0.8168387096774197,40.061182795698926,39.80765279377881,0.6273911546204457,0.8409375,-0.09358266129032256,0.8069430555555556,0.779927208141321,0.08578984804382621,53.304806451612905,2.3490060483870963,54.356247983870965,54.7705616359447,1.7518170017685604,6.57875,1.4238749999999998,6.7961303763440855,6.846285426267281,0.24552962129140637
LAB-001,2026-05-04,39.04870967741935,2.877665322580647,39.984711021505376,39.67099524769585,0.6792049599190462,0.7473548387096774,-0.032448588709677484,0.7656391129032257,0.7840359350998464,0.08300640825319558,55.6538125,-1.2219375000000028,54.8768000672043,54.60065985023042,1.5650198997361087,8.002625,-1.4013437499999997,7.146166666666666,6.947457661290323,0.4875713987810083
LAB-001,2026-05-05,41.926375,-2.24459375,40.28021102150538,40.00038061635945,1.0872487572690868,0.71490625,0.05031955645161301,0.7677328629032258,0.7903484350998464,0.07416151090230716,54.431875,2.0781874999999985,54.46349798387096,54.409820564516124,1.4780152906625923,6.60128125,0.6530735887096766,7.060885416666667,6.919868375576037,0.5028983339748251
LAB-001,2026-05-06,39.68178125,0.9318437499999987,40.21895530913978,39.993675259216594,1.0893461200041739,0.765225806451613,0.02335483870967736,0.7424956317204302,0.7732147945468509,0.061354591896061135,56.5100625,-2.628093749999998,55.53191666666666,55.0751241359447,1.146163054387785,7.254354838709677,-0.2372610887096771,7.2860870295698925,6.9742896025345615,0.5174345661029421
LAB-001,2026-05-07,40.613625,0.11471875000000153,40.740593749999995,40.207719902073734,1.0337762971566102,0.7885806451612903,-0.08164516129032262,0.756237567204301,0.7766995295698925,0.06144907017386734,53.88196875,1.7900312499999984,54.94130208333333,54.792351814516124,1.163890497203203,7.01709375,0.44987399193548416,6.9575766129032255,7.037677995391705,0.4863819211382074
LAB-001,2026-05-08,40.72834375,-2.261250000000004,40.341249999999995,40.414894009216596,0.9590459955733922,0.7069354838709677,0.04625201612903229,0.7535806451612904,0.753223646313364,0.0495348166146462,55.672,2.93277419354839,55.354677083333335,55.01804377880184,1.1586483216327703,7.466967741935484,-0.363342741935484,7.246138776881721,7.111171082949309,0.5096784517116509
LAB-001,2026-05-09,38.46709375,0.8484062500000036,39.93635416666667,40.04735383064516,1.152991721614201,0.7531875,-0.019124999999999948,0.7495678763440861,0.7595897177419355,0.04555118428357174,58.60477419354839,-5.611709677419356,56.05291431451612,55.43704277073732,1.791793184654854,7.103625,-0.3415604838709676,7.195895497311828,7.146385368663594,0.4975724326689423
LAB-001,2026-05-10,39.3155,0.5740312499999973,39.50364583333333,39.96877548963134,1.1857258242005178,0.7340625000000001,0.0480624999999999,0.7313951612903226,0.7443218605990785,0.028436734672518667,52.99306451612903,0.46852923387096723,55.7566129032258,55.39250820852534,1.8563338240215375,6.7620645161290325,0.060685483870967616,7.110885752688172,7.172573156682028,0.4665765315498422
LAB-001,2026-05-11,39.88953125,-0.6141249999999943,39.224041666666665,40.08889285714286,1.117619170224832,0.782125,-0.010931451612903209,0.7564583333333333,0.7492890264976958,0.03188274482617718,53.46159375,-0.04375504032257993,55.01981081989246,55.079334101382486,1.9853402798573554,6.82275,-0.19253125000000004,6.896146505376344,7.004019585253457,0.3001888272472858
LAB-001,2026-05-12,39.27540625,1.024124999999998,39.49347916666667,39.71018303571429,0.7932956143708995,0.7711935483870968,-0.06864516129032261,0.7624603494623656,0.757330069124424,0.028705634463595836,53.41783870967742,0.9990362903225787,53.290832325268816,54.93447177419355,2.0754085602907373,6.63021875,0.7214999999999998,6.738344422043011,7.008153513824885,0.2938506605460291
LAB-001,2026-05-13,40.29953125,0.5355312499999982,39.82148958333334,39.79843303571429,0.8233990334208857,0.7025483870967741,-0.005954637096774129,0.7519556451612903,0.7483761520737328,0.03493222557975525,54.416875,0.08600000000000563,53.76543581989247,54.635444988479264,1.9580358061143088,7.35171875,-0.9369375,6.934895833333333,7.022062644009217,0.3093425814087216
LAB-001,2026-05-14,40.8350625,-0.7932500000000005,40.13666666666666,39.83006696428571,0.8632278164889776,0.69659375,0.046438508064516104,0.7234452284946236,0.7352351670506913,0.03458752133404255,54.502875,1.2374999999999972,54.11252956989247,54.72414588133641,1.9321058774167996,6.41478125,0.3084687500000003,6.798906250000001,6.936018001152074,0.3853780035425984
LAB-001,2026-05-15,40.0418125,-1.1797812499999978,40.39213541666667,39.731991071428574,0.7790567375343026,0.7430322580645161,0.039161290322580644,0.7140581317204301,0.740391849078341,0.032278896009782794,55.740375,-3.562149193548386,54.88670833333333,54.73391373847926,1.93786072097607,6.72325,0.3894062499999995,6.829916666666667,6.829772609447005,0.30968888849758036
LAB-001,2026-05-16,38.86203125,12.939406249999998,39.91296875,39.78841071428571,0.6802155327820181,0.7821935483870968,0.5116502016129032,0.7406065188172043,0.7445355702764977,0.03585857212874986,52.178225806451614,3.7951179435483837,54.14049193548387,53.81583539746544,1.1675994108307517,7.11265625,3.353437500000001,6.750229166666666,6.831062788018434,0.31103580080887344
LAB-001,2026-05-17,51.8014375,-12.974469758064515,43.568427083333326,41.572116071428574,4.556937813728476,1.29384375,-0.538875,0.9396898521505377,0.8245043202764977,0.20999198692841833,55.97334375,-1.2904062499999966,54.63064818548387,54.24158957373272,1.3471423052058622,10.46609375,-3.168000000000001,8.100666666666667,7.360209821428571,1.4041113956629059
LAB-001,2026-05-18,38.82696774193548,2.545688508064515,43.16347883064517,41.420321284562206,4.639280646420465,0.75496875,-0.07648487903225798,0.9436686827956988,0.8206248559907834,0.21115304263710438,54.6829375,-1.0874999999999986,54.27816901881721,54.41606725230415,1.3078004197630513,7.29809375,-0.2843124999999995,8.29228125,7.428116071428571,1.3851527836150335
LAB-001,2026-05-19,41.37265625,-1.0920937499999965,44.00035383064516,41.719928427419354,4.544425337105908,0.678483870967742,0.065422379032258,0.9090987903225808,0.807380616359447,0.21758001622294626,53.5954375,1.8815947580645158,54.75057291666667,54.441438508064515,1.2867607062124748,7.01378125,-0.23294254032258088,8.259322916666667,7.4829107142857145,1.3555998329302619
LAB-001,2026-05-20,40.2805625,-1.525968750000004,40.160062163978495,41.71721860599079,4.545419023527067,0.74390625,0.04846874999999995,0.7257862903225806,0.8132888824884793,0.2148027104071147,55.47703225806452,0.8329364919354845,54.58513575268817,54.59288954493088,1.3444830371714127,6.780838709677419,0.4601300403225812,7.030904569892473,7.40135642281106,1.3817284762933317
LAB-001,2026-05-21,38.75459375,0.5925312500000004,40.135937500000004,41.42000878456221,4.678775044335371,0.7923749999999999,-0.09818749999999998,0.7382550403225806,0.8269719182027649,0.20910535010658543,56.30996875,-2.585302083333346,55.127479502688175,54.851045794930876,1.4899414784778962,7.24096875,-0.0451687500000002,7.011862903225807,7.519383208525346,1.317189107668271
LAB-001,2026-05-22,39.347125,1.1365625000000037,39.460760416666666,41.32076771313364,4.720065256375954,0.6941875,0.02690625000000002,0.7434895833333334,0.8199940956221198,0.21314912220350152,53.72466666666666,2.594720430107536,55.17055589157706,54.56308746159754,1.4841909776699254,7.1958,0.020833333333333037,7.072535819892472,7.586890351382488,1.281203885604289
LAB-001,2026-05-23,40.4836875,-0.23665524193548038,39.52846875,41.55243289170507,4.617967322499223,0.72109375,0.011228830645161336,0.7358854166666666,0.8112655529953916,0.21618447931297805,56.31938709677419,-1.6632308467741908,55.45134083781361,55.15468193164362,1.16648134179918,7.216633333333333,-0.4943208333333331,7.217800694444445,7.601744220430107,1.275378910588665
LAB-001,2026-05-24,40.24703225806452,0.46823440860215015,40.025948252688174,39.90180357142857,0.9612204423531722,0.7323225806451613,-0.0024475806451613735,0.7158679435483871,0.7310482430875576,0.03812464988312455,54.65615625,1.1379062500000003,54.900070004480284,54.96651228878648,1.117626823941872,6.7223125,-0.10846875000000011,7.044915277777778,7.066918327572965,0.23315908985935332
LAB-001,2026-05-25,40.71526666666667,-0.49495416666667325,40.4819954749104,40.17156056067588,0.8699364676997817,0.7298749999999999,0.024562500000000043,0.7277637768817203,0.7274634216589861,0.03665188218890462,55.7940625,-1.5373437500000051,55.5898686155914,55.12524443164362,1.1491004992731315,6.61384375,-0.21842439516129009,6.850929861111111,6.969168327572965,0.2617658070721637
LAB-001,2026-05-26,40.2203125,-1.5784092741935538,40.39420380824373,40.006940024961594,0.6965131248137136,0.7544375,-0.06978125000000002,0.7388783602150536,0.7383139400921659,0.030453875157045923,54.25671875,0.38262500000000443,54.9023125,55.21971318164362,1.022590578144737,6.39541935483871,0.7407993951612903,6.57719186827957,6.880830913978494,0.33756508184720213
LAB-001,2026-05-27,38.641903225806445,-0.21619354838709626,39.859160797491036,39.77284584293394,0.8480997189809728,0.68465625,0.05150504032258074,0.7229895833333333,0.7298496543778802,0.03631114594683904,54.63934375,1.4148437499999957,54.89670833333333,55.100043394777266,1.0363814056560787,7.13621875,-0.133,6.71516061827957,6.931599491167434,0.3466226271113123
LAB-001,2026-05-28,38.42570967741935,1.9709153225806517,39.0959751344086,39.72586240399385,0.9199751100749181,0.7361612903225807,0.039994959677419284,0.7250850134408603,0.721819124423963,0.024460812004726617,56.0541875,-1.786187499999997,54.98341666666667,55.06350321620584,0.9900878600498202,7.00321875,0.4354374999999999,6.844952284946236,6.897635205453149,0.3220322045877369
LAB-001,2026-05-29,40.396625,-1.0979687499999997,39.15474596774193,39.875790975422426,0.9333859171717124,0.77615625,0.03355342741935485,0.7323245967741935,0.7335289458525346,0.028340680613796354,54.268,-0.22375000000000256,54.987177083333336,55.14112226382489,0.8831584293929635,7.43865625,-0.6587812500000005,7.192697916666667,6.9323289554531495,0.36914414001890766
LAB-001,2026-05-30,39.29865625,-0.653269153225807,39.37366364247311,39.706500796851,0.9119747599775302,0.8097096774193548,0.01935282258064519,0.7740090725806451,0.7461883640552995,0.03946772678923206,54.04425,0.49058870967741797,54.788812500000006,54.81610267857143,0.7911141404628741,6.779875,-0.2723437499999992,7.073916666666666,6.869934907834101,0.34946780625813606
LAB-001,2026-05-31,38.64538709677419,-0.5300120967741933,39.44688944892473,39.47769434523809,0.9537215749235133,0.8290625,-0.07281250000000006,0.8049761424731182,0.7600083525345622,0.04947242773419675,54.534838709677416,0.5050050403225868,54.282362903225795,54.79877160138249,0.7965125544073801,6.50753125,0.17618749999999928,6.9086875,6.839251872119816,0.3732113746072798
LAB-001,2026-06-01,38.115375,3.187624999999997,38.686472782258065,39.106281249999995,0.8959356367592004,0.75625,-0.01128125000000002,0.7983407258064515,0.7637762096774194,0.047770031892653664,55.03984375,2.0053749999999937,54.5396441532258,54.691026065668204,0.6822562569244118,6.68371875,0.40256250000000016,6.657041666666667,6.849234014976958,0.3670614410749572
LAB-001,2026-06-02,41.303,-1.6503437499999976,39.35458736559139,39.26095089285714,1.171413159604309,0.74496875,0.08143750000000005,0.7767604166666667,0.7624235311059907,0.048210573784883734,57.04521875,-3.173281249999995,55.53996706989247,55.08938320852535,1.082868340591825,7.08628125,-0.638248991935483,6.759177083333333,6.947928571428571,0.31370473025536927
LAB-001,2026-06-03,39.65265625,1.2049999999999983,39.690343750000004,39.40534418202765,1.1443717244261271,0.82640625,-0.05559375,0.7758750000000001,0.7826735311059908,0.03898965109371511,53.8719375,3.5152500000000018,55.318999999999996,54.97975374423963,1.1712622294798372,6.448032258064517,0.9727419354838709,6.739344086021506,6.849616215437787,0.3505352678625598
LAB-001,2026-06-04,40.85765625,-1.0096874999999983,40.604437499999996,39.752765120967744,1.1663430942092246,0.7708125,0.009499999999999953,0.7807291666666667,0.7876237039170507,0.0339777461353891,57.3871875,-3.4391229838709663,56.101447916666665,55.17018231566821,1.4502079947591122,7.420774193548388,-0.4079032258064519,6.985029233870968,6.909266993087558,0.4112926846153804
LAB-001,2026-06-05,39.84796875,-1.0017812500000005,40.119427083333335,39.67438565668203,1.1338461157096154,0.7803125,-0.12053124999999998,0.7925104166666667,0.7882174539170507,0.0337796951451243,53.94806451612904,-1.6415020161290386,55.06906317204301,55.12447724654378,1.4879312080995644,7.012870967741936,-0.5381522177419358,6.960559139784947,6.848440524193549,0.3463023287802716
LAB-001,2026-06-06,38.8461875,1.9498125000000002,39.85060416666666,39.609747263824886,1.1711201782571568,0.65978125,0.060992943548387135,0.73696875,0.7667991071428572,0.05725546637710275,52.3065625,4.158281250000002,54.54727150537635,54.8762361751152,1.808591666095701,6.47471875,0.33731250000000035,6.969454637096774,6.804846774193548,0.37443638659475753
LAB-001,2026-06-07,40.796,-0.21274999999999977,39.830052083333335,39.91697767857143,1.1579872019729076,0.7207741935483871,0.06166330645161289,0.720289314516129,0.7513293490783411,0.05201842503643972,56.46484375,-4.413843749999998,54.239823588709676,55.15195118087558,1.8930140576511407,6.81203125,0.16834375000000001,6.766540322580646,6.848346774193549,0.351099461549707
LAB-001,2026-06-08,40.58325,-0.12162500000000165,40.07514583333333,40.26953125,0.8537851612452365,0.7824375,-0.026281250000000034,0.7209976478494623,0.7550704205069124,0.05335577788122913,52.051,1.2376250000000013,53.60746875,54.724973502304145,2.2296552020031095,6.980375,0.033624999999999794,6.755708333333334,6.890726238479263,0.3457797768596576
LAB-001,2026-06-09,40.461625,-0.9036249999999981,40.61362499999999,40.14933482142857,0.735006427505734,0.75615625,-0.004718749999999994,0.7531226478494624,0.7566686347926267,0.053169993818886783,53.288625,2.9545937499999937,53.93482291666667,54.18831725230415,2.020385005177835,7.014,-0.30037499999999984,6.935468750000001,6.88040034562212,0.33999760141707924
LAB-001,2026-06-10,39.558,0.9760624999999976,40.20095833333333,40.1358125,0.7464487017793379,0.7514375,0.036250000000000004,0.7633437500000001,0.7459588133640552,0.04344233213388862,56.24321875,-2.0826703629032224,53.86094791666667,54.527071716589866,2.1529427660350122,6.713625,0.5619062499999998,6.902666666666668,6.9183421658986175,0.29563068021438094
LAB-001,2026-06-11,40.5340625,-0.4776249999999962,40.1845625,40.08958482142857,0.7030528265537768,0.7876875,-0.10687499999999994,0.76509375,0.7483695276497696,0.04547217844055536,54.160548387096775,2.297232862903222,54.56413071236559,54.06612327188941,1.7453623357717236,7.27553125,0.16012499999999985,7.001052083333334,6.897593173963133,0.25707244414517916
LAB-001,2026-06-12,40.0564375,0.7054375000000022,40.049499999999995,40.119366071428566,0.6954868343512967,0.6808125,0.06738104838709669,0.7399791666666666,0.7341552419354839,0.04921989967907799,56.45778125,-1.1740312499999987,55.62051612903226,54.42465423387097,1.9614627602181542,7.43565625,-0.6148125000000002,7.141604166666667,6.957991071428571,0.32843188313578076
LAB-001,2026-06-13,40.761875,0.3122499999999988,40.45079166666667,40.39303571428571,0.441546553818575,0.7481935483870967,0.031525201612903286,0.7388978494623656,0.7467855702764977,0.03670717041693678,55.28375,1.8145000000000024,55.30069321236559,54.84996673387097,1.7353921190915556,6.82084375,0.16637500000000038,7.177343750000001,7.0074375,0.2631056876325181
LAB-001,2026-06-14,41.074125,-1.2131562500000044,40.6308125,40.432767857142856,0.4933274863036076,0.77971875,-0.05196875000000001,0.7362415994623657,0.7552062211981566,0.03650604797816834,57.09825,-1.2260937499999969,56.27992708333333,54.94045334101383,1.8465801691712422,6.98721875,-0.3068437500000005,7.081239583333333,7.032464285714285,0.24939541310860217
LAB-001,2026-06-15,39.86096875,0.9582893145161293,40.56565625,40.329584821428575,0.5307250110386302,0.72775,0.008624999999999994,0.7518874327956989,0.7473937211981567,0.035546225016294807,55.87215625,-0.873704637096786,56.08471875,55.48633280529954,1.347367117818709,6.680375,0.2950937500000004,6.829479166666666,6.989607142857143,0.28330927183588817
LAB-001,2026-06-16,40.81925806451613,-1.6690393145161266,40.584783938172045,40.380675259216595,0.5618552409142527,0.736375,0.0354637096774193,0.7479479166666666,0.7445678283410138,0.03551979563148226,54.99845161290322,0.4077358870967842,55.98961928763441,55.73059374999999,0.9901896701939243,6.97546875,-0.07181250000000006,6.881020833333333,6.984102678571429,0.2831306087987687
LAB-001,2026-06-17,39.15021875,1.1083941532258095,39.94348185483871,40.322420794930885,0.6717590628514943,0.7718387096774193,0.030286290322580678,0.7453212365591398,0.7474822868663595,0.03698419795647844,55.4061875,-3.0833750000000038,55.425598454301074,55.61101785714286,0.9682647505631261,6.90365625,0.33956249999999955,6.853166666666667,7.0112499999999995,0.26112968159896366
LAB-001,2026-06-18,40.25861290322581,-0.8870191532258076,40.07602990591398,40.28307085253456,0.6653322153996706,0.802125,-0.09022177419354838,0.7701129032258064,0.7495447868663595,0.03988854259608426,52.3228125,4.277218750000003,54.24248387096774,55.34848415898618,1.519385015482182,7.24321875,-0.8065937499999993,7.040781249999999,7.006633928571429,0.25591275490513704
LAB-001,2026-06-19,39.37159375,0.14178125000000108,39.5934751344086,40.185236031105994,0.7492694227343211,0.7119032258064516,0.07703427419354836,0.7619556451612902,0.7539863191244239,0.031888462861953216,56.60003125,-0.017593750000003183,54.77634375,55.368805587557596,1.5375372252030146,6.436625,0.20931249999999935,6.861166666666667,6.863915178571429,0.25534863875854635
LAB-001,2026-06-20,39.513375,-0.40912500000000307,39.71452721774194,40.00687888824884,0.7376351694076246,0.7889375,-0.0337116935483871,0.7676552419354837,0.759806883640553,0.03428342756825337,56.5824375,-2.881534274193541,55.168427083333334,55.55433237327189,1.602542301142756,6.6459375,-0.039679435483869874,6.775260416666666,6.838928571428572,0.2684853722072763
LAB-001,2026-06-21,39.10425,-0.43834375000000136,39.329739583333335,39.72546817396314,0.6306100980970288,0.7552258064516129,-0.011825806451612908,0.7520221774193548,0.7563078917050691,0.033143434918820505,53.70090322580646,1.8045030241935436,55.62779065860215,55.06899711981566,1.5711734876906502,6.60625806451613,0.11271068548387042,6.562940188172043,6.784505616359447,0.2720045808415204
LAB-001,2026-06-22,38.66590625,1.1084375000000009,39.09451041666667,39.55474495967742,0.7400789066337619,0.7434,0.050381250000000044,0.7625211021505377,0.7585436059907834,0.03137673031183153,55.50540625,-0.06881249999999994,55.26291565860215,55.01660426267281,1.5458379621144334,6.71896875,0.3222187500000002,6.6570547715053765,6.79001900921659,0.26992531839870854
LAB-001,2026-06-23,39.77434375,-1.4594062500000007,39.1815,39.40547148617511,0.513087545393481,0.79378125,-0.12343749999999998,0.764135685483871,0.7667444988479263,0.032110375240550514,55.43659375,-1.198875000000001,54.880967741935486,55.079195996543774,1.5538300853811495,7.0411875,0.19290625000000006,6.788804771505377,6.799407402073733,0.2784585774217798
LAB-001,2026-06-24,38.3149375,2.7188900862068976,38.918395833333335,39.286145593317976,0.6587858415502438,0.67034375,0.09971874999999997,0.7358416666666666,0.7522452188940092,0.04827353786621435,54.23771875,2.770468749999999,55.059906250000004,54.91227188940092,1.575459854334267,7.23409375,-0.3059062500000005,6.998083333333334,6.8466127592165895,0.32345042242905436
LAB-001,2026-06-25,41.0338275862069,-1.4305150862068956,39.707702945402296,39.39689054802955,0.8781458947343526,0.7700625,-0.05122379032258062,0.7447291666666667,0.747664861751152,0.044091972040762845,57.0081875,-0.47203125000000057,55.560833333333335,55.581611175115206,1.2545848767159886,6.9281875,-0.13240624999999984,7.067822916666667,6.801608294930875,0.27775929879012123
LAB-001,2026-06-26,39.6033125,0.6601874999999993,39.65069252873564,39.429993226600985,0.8813948091516953,0.7188387096774194,0.03529032258064513,0.7197483198924731,0.7486556451612902,0.04322382226318513,56.53615625,-1.0856723790322604,55.92735416666667,55.57248617511521,1.246146946189887,6.79578125,0.24765624999999947,6.986020833333334,6.852916330645162,0.22777727262917158
LAB-001,2026-06-27,40.2635,0.2473064516129071,40.300213362068966,39.5371539408867,0.9370643830567079,0.7541290322580645,-0.007972782258064526,0.7476767473118279,0.7436830069124423,0.03967373834419824,55.45048387096774,-1.5238588709677359,56.33160920698924,55.41077851382488,1.1639824296018562,7.0434375,0.5663437500000006,6.92246875,6.909702044930875,0.21686427159509822
LAB-001,2026-06-28,40.51080645161291,0.74891229838709,40.12587298387097,39.7380905768314,0.9786472479836321,0.74615625,-0.02038205645161295,0.7397079973118279,0.7423873559907834,0.039380965825756786,53.926625,1.3602459677419318,55.304421706989245,55.443024481566816,1.1106222065059155,7.60978125,-0.09765221774193655,7.1496666666666675,7.0530625,0.29898377250940644
LAB-001,2026-06-29,41.25971875,0.08350705645160872,40.678008400537635,40.108635219688544,0.9959210440711362,0.725774193548387,0.048516129032258104,0.7420198252688172,0.7398693836405529,0.03986592789456707,55.28687096774193,-0.4776209677419345,54.88799327956989,55.411805155529954,1.1116474279287798,7.512129032258064,-0.6979415322580635,7.3884492607526875,7.166371111751152,0.301551359394305
LAB-001,2026-06-30,41.343225806451606,-1.8183508064516047,41.03791700268817,40.33276122775305,1.0810479648565918,0.7742903225806451,-0.09288407258064513,0.7487402553763441,0.737084965437788,0.035962466664177295,54.80925,0.04690624999999926,54.67424865591398,55.32218461981567,1.1343717337666035,6.8141875,0.6821562500000002,7.312032594086021,7.133942540322581,0.32827844079278534
LAB-001,2026-07-01,39.524875,0.30367338709676517,40.70927318548387,40.50560944203877,0.7509904835572226,0.68140625,0.04133568548387101,0.7271569220430107,0.7386653225806451,0.03262933461684557,54.85615625,0.19090625000000472,54.98409240591398,55.41053283410138,1.0572979517081598,7.49634375,-0.5763437500000004,7.274220094086021,7.171406826036866,0.3554527092744531
LAB-001,2026-07-02,39.82854838709677,1.114889112903235,40.23221639784946,40.33342669930875,0.7478624232207323,0.722741935483871,0.09213306451612902,0.7261461693548387,0.7319052419354838,0.02982147307913138,55.0470625,-0.16459375000000165,54.90415625,55.13037211981566,0.7892458239376441,6.92,-0.2604999999999995,7.076843749999999,7.170237183179723,0.35639864065222054
LAB-001,2026-07-03,40.9434375,-2.412656250000005,40.09895362903226,40.524873127880184,0.6997944355585243,0.814875,-0.103391129032258,0.7396743951612903,0.7456247119815668,0.04229184519359074,54.88246875,0.28518749999999926,54.9285625,54.8941310483871,0.48853726860526636,6.6595,0.4517580645161292,7.02528125,7.150768433179723,0.38299302542723157
LAB-001,2026-07-04,38.53078125,2.791031250000003,39.76758904569892,40.27734187788018,1.0342032343464407,0.711483870967742,0.06854737903225794,0.7497002688172043,0.7395325460829493,0.0439034417475516,55.16765625,0.2783124999999984,55.03239583333334,54.85372710253456,0.44457324063617387,7.11125806451613,-0.037226814516129636,6.896919354838711,7.160457085253456,0.380676151804717
LAB-001,2026-07-05,41.3218125,-0.9603437499999998,40.26534375,40.39319988479263,1.1075430472084735,0.78003125,-0.037968749999999996,0.7687967069892473,0.744371831797235,0.04654283680204843,55.44596875,-0.34581250000000097,55.165364583333336,55.07077620967742,0.2406005866668512,7.07403125,0.6564687500000002,6.94826310483871,7.083921370967743,0.32507927401445363
LAB-001,2026-07-06,40.36146875,-0.7060171370967723,40.071354166666666,40.2648784562212,1.0404163274429765,0.7420625,0.06487500000000002,0.7445258736559138,0.7466987327188941,0.045860247010369934,55.10015625,0.22781249999999886,55.23792708333334,55.044102678571434,0.22230525383705485,7.7305,-0.18801612903225795,7.305263104838709,7.115117223502304,0.3790226598741799
LAB-001,2026-07-07,39.65545161290323,1.172204637096769,40.44624428763441,40.02376785714286,0.9395410785015931,0.8069375,0.03649999999999998,0.77634375,0.7513626152073732,0.050553806629663765,55.32796875,-2.032968749999995,55.291364583333326,55.118205357142855,0.21737198239318814,7.542483870967742,-0.5534838709677423,7.449005040322581,7.219159562211982,0.3825918093212009
LAB-001,2026-07-08,40.82765625,-0.03324999999999534,40.28152553763441,40.20987946428571,0.9531792750422927,0.8434375,-0.018562499999999926,0.7974791666666666,0.7745099366359447,0.05027826922873253,53.295,0.8389354838709693,54.574374999999996,54.89518303571429,0.7292391950004586,6.989,0.46865625000000044,7.42066129032258,7.146681883640553,0.3691499713843046
LAB-001,2026-07-09,40.79440625,-1.7052499999999995,40.425838037634406,40.347859158986175,0.9586704145117636,0.824875,0.008750000000000036,0.8250833333333333,0.7891003744239631,0.04749381307125423,54.13393548387097,1.5969707661290258,54.25230141129032,54.764736319124424,0.7776090345391714,7.45765625,-0.31978125000000013,7.329713373655914,7.223489919354839,0.37005726312469245
LAB-001,2026-07-10,39.08915625,0.9824687499999953,40.23707291666667,40.082961837557605,1.0208427154779243,0.8336250000000001,-0.061000000000000054,0.8339791666666666,0.7917789458525346,0.04966867125445561,55.73090625,0.35778125000000216,54.38661391129032,54.88594167626728,0.8607015649485245,7.137875,0.37890625,7.1948437499999995,7.291829205069125,0.28231417116005164
LAB-001,2026-07-11,40.071625,11.747812500000002,39.9850625,40.303082373271884,0.7642438195431357,0.772625,0.5633427419354838,0.8103750000000001,0.8005133928571428,0.03694004616657538,56.0886875,-0.18946169354838815,55.31784307795699,55.01751756912442,0.9739004064254623,7.51678125,2.8989929435483885,7.370770833333334,7.349761088709678,0.2806874035737095
LAB-001,2026-07-12,51.8194375,0.15321875000000063,43.66007291666667,41.8027430875576,4.460010467518915,1.3359677419354838,0.009580645161290535,0.980739247311828,0.879932891705069,0.20425761766897518,55.89922580645161,1.0784304435483918,55.90627318548386,55.08226857718894,1.0210600831059065,10.415774193548389,0.0009445564516106231,8.356810147849464,7.827152937788019,1.1691735744585101
LAB-001,2026-07-13,51.97265625,-0.03549999999999898,47.954572916666656,43.46148415898618,5.794251010606395,1.3455483870967744,-0.01814213709677448,1.1513803763440862,0.9661451612903227,0.25693342292816584,56.97765625,-2.4061875000000015,56.32185651881721,55.35048286290323,1.247930573646526,10.41671875,0.055656250000000185,9.44975806451613,8.210898473502304,1.5202788086072736
LAB-001,2026-07-14,51.93715625,0.37494052419354773,51.90975,45.21601339285714,6.288118325705939,1.32740625,-0.002406249999999943,1.3363074596774194,1.0404978398617513,0.27765474725290473,54.57146875,1.2768749999999969,55.816116935483876,55.2424114343318,1.2824835520036082,10.472375,-0.0021249999999994884,10.434955981182796,8.62945434907834,1.6984630693446667
LAB-001,2026-07-15,52.31209677419355,-0.43251612903225833,52.073969758064514,46.85664775345622,6.448482323692385,1.325,0.024225806451612986,1.3326515456989247,1.109292482718894,0.2803369203323193,55.84834375,-0.8185312499999995,55.79915625,55.60717482718894,0.9584675889306393,10.47025,0.08946874999999999,10.453114583333333,9.12677577764977,1.6469567248612442
LAB-001,2026-07-16,51.87958064516129,-0.10922580645161162,52.04294455645161,48.44024409562212,6.061108078530093,1.349225806451613,-0.025819556451613046,1.3338773521505376,1.1841997407834104,0.2610650454052029,55.0298125,-2.408437499999998,55.149875,55.73515725806452,0.7703048411776594,10.55971875,-0.09734375000000028,10.50078125,9.569927563364056,1.536634837859877
LAB-001,2026-07-17,51.77035483870968,0.16241935483870407,51.9873440860215,50.25184389400921,4.492507163708062,1.32340625,-0.0034374999999999822,1.3325440188172042,1.25416849078341,0.2125778951708056,52.621375,3.3544062499999967,54.49984375,55.29093850806452,1.406800571311678,10.462375,-0.04153125000000024,10.497447916666667,10.044856134792626,1.1158078142483483
LAB-001,2026-07-18,51.93277419354838,-0.27854838709676955,51.86090322580645,51.94629377880185,0.17619626994759272,1.31996875,-0.013812500000000005,1.330866935483871,1.3323604550691246,0.011429688947281524,55.97578125,-1.0254374999999953,54.54232291666667,55.2748090437788,1.3967409742192598,10.42084375,0.09587500000000126,10.480979166666666,10.459722206221198,0.050940378774498786
LAB-001,2026-07-19,51.65422580645161,0.1499616935483843,51.78578494623656,51.92269210829493,0.20476924667657978,1.30615625,0.019593750000000076,1.3165104166666666,1.3281016705069124,0.014891350172313784,54.95034375,0.12796875000000085,54.51583333333334,55.13925446428571,1.3718641951487702,10.51671875,-0.09356250000000088,10.466645833333333,10.474142857142857,0.050713287397464224
LAB-001,2026-07-20,51.8041875,0.5304576612903276,51.7970625,51.898625144009216,0.20779599837671495,1.32575,-0.004750000000000032,1.3172916666666667,1.3252733294930876,0.012751860674031957,55.0783125,-1.5563750000000027,55.3348125,54.867919642857146,1.1106081606971627,10.42315625,0.06840625000000067,10.453572916666666,10.475062499999998,0.04954326549902235
LAB-001,2026-07-21,52.334645161290325,-0.3360826612903267,51.93101948924731,51.95540927419354,0.26618690454380917,1.321,-0.014193548387096744,1.3176354166666666,1.324358150921659,0.01280305195545189,53.5219375,2.6516875000000013,54.51686458333333,54.717986607142855,1.2225061901866292,10.4915625,0.11296875000000028,10.477145833333333,10.47780357142857,0.04989930522821971
LAB-001,2026-07-22,51.9985625,0.085125000000005,52.045798387096774,51.91061866359446,0.21822222830563232,1.3068064516129032,0.027974798387096822,1.3178521505376344,1.3217590725806452,0.014398336461032049,56.173625,-0.5406249999999986,54.924625,54.764455357142865,1.2775750961315613,10.60453125,-0.09037500000000165,10.506416666666667,10.496986607142857,0.06875872070002406
LAB-001,2026-07-23,52.0836875,-12.273500000000006,52.138965053763435,51.93977678571428,0.22684933932300289,1.33478125,-0.5597812500000001,1.320862567204301,1.319695564516129,0.010240619557647393,55.633,-2.1247187499999995,55.109520833333335,54.850624999999994,1.3181532339763007,10.51415625,-4.073156249999999,10.53675,10.490477678571427,0.06380893597840902
LAB-001,2026-07-24,39.8101875,0.46619959677419587,47.96414583333333,50.231181451612905,4.600215757086899,0.7749999999999999,-0.04303333333333326,1.1388625672043011,1.241351814516129,0.20589014400965272,53.50828125,2.8247187499999953,55.104968750000005,54.977325892857145,1.091262804916212,6.441,1.313870967741936,9.1865625,9.915995535714286,1.533606917441003
LAB-001,2026-07-25,40.276387096774194,0.45497956989247257,44.05675403225806,48.56598329493087,5.827581381543909,0.7319666666666667,-0.08943541666666666,0.9472493055555556,1.1573515168970816,0.2763586934601528,56.333,0.01938709677419581,55.158093750000006,55.028357142857146,1.1523770304314456,7.754870967741936,-0.8814334677419362,8.236675739247312,9.53514228110599,1.7084078519361938
LAB-001,2026-07-26,40.731366666666666,-0.42205416666666906,40.27264708781362,47.005574846390175,6.305607065264375,0.64253125,0.09475,0.7164993055555554,1.0625479454685098,0.3261461337168972,56.352387096774194,-1.6871370967741939,55.39788944892473,55.22864904953917,1.2539263811340953,6.8734375,0.22333669354838737,7.023102822580644,9.014673531105991,1.9033702683544231
LAB-001,2026-07-27,40.3093125,0.14475000000000193,40.43902208781362,45.36344984639017,6.344305940132388,0.73728125,-0.03471875000000002,0.7039263888888888,0.9784809811827957,0.32282093166149634,54.66525,0.08765625000000199,55.78354569892473,55.16964012096774,1.271772467278151,7.096774193548387,0.20825705645161285,7.241694220430108,8.539476094470045,1.9083472929831515
LAB-001,2026-07-28,40.4540625,-1.6631250000000009,40.498247222222226,43.66622375192013,5.727736496792798,0.7025625,0.04053125000000002,0.694125,0.8901327668970813,0.2970561127540209,54.75290625,-1.5086562500000014,55.25684778225806,55.34549279953917,1.0760038174733362,7.30503125,-0.2754374999999998,7.091747647849462,8.084257344470046,1.7374972571076477
LAB-001,2026-07-29,38.7909375,-0.12303124999999682,39.851437499999996,41.779420180491556,4.5873402836042745,0.74309375,0.007781249999999962,0.7276458333333333,0.8096023809523809,0.2352521754344191,53.24425,2.7328437500000007,54.22080208333333,54.92701065668202,1.2550054797520473,7.02959375,0.5389546370967739,7.143799731182796,7.573551987327188,1.3569681472952821
LAB-001,2026-07-30,38.66790625,1.2661249999999953,39.30430208333333,39.862880001920125,0.8219747989519988,0.750875,-0.09893951612903218,0.7321770833333332,0.7261872023809524,0.04279979156184875,55.97709375,-1.786999999999999,54.65808333333333,54.976166906682025,1.2934174188843859,7.568548387096774,-0.3948921370967735,7.301057795698924,7.1527508640552995,0.43998708798885977
LAB-001,2026-07-31,39.93403125,-0.2985624999999956,39.13095833333333,39.880571966205835,0.8219844262328204,0.6519354838709678,0.10797076612903223,0.7153014112903225,0.708606557219662,0.0446430432182208,54.19009375,2.2273437499999957,54.47047916666667,55.07356869239631,1.1856351791608168,7.1736562500000005,-0.7483437500000001,7.257266129032257,7.257416042626729,0.31056292197175644
LAB-001,2026-08-01,39.63546875,0.8466602822580711,39.412468749999995,39.78901220238095,0.806088706694417,0.75990625,-0.15618750000000003,0.7209055779569892,0.7125979262672811,0.04818792107393131,56.4174375,0.02559374999999875,55.52820833333334,55.08563119239631,1.2009150882081752,6.4253125,0.4509687499999995,7.055839045698924,7.067479118663594,0.3584918940413988
LAB-001,2026-08-02,40.48212903225807,-1.5195040322580695,40.01720967741935,39.75340682603687,0.7618156844111658,0.60371875,0.21108770161290324,0.671853494623656,0.7070532834101382,0.058683599178375505,56.44303125,-1.866031249999999,55.68352083333334,55.09858035714286,1.217228609283477,6.87628125,0.10084778225806446,6.8250833333333345,7.067885368663594,0.3582368742640389
LAB-001,2026-08-03,38.962625,-0.18656250000000085,39.69340759408602,39.561022897465435,0.7680497562361845,0.8148064516129032,-0.10461290322580641,0.7261438172043011,0.7181283122119816,0.07129867966053487,54.577,0.6601874999999993,55.81248958333333,55.085973214285715,1.2229085011921168,6.977129032258064,0.07041935483870976,6.7595742607526885,7.050793202764978,0.3594808993404241
LAB-001,2026-08-04,38.7760625,1.955874999999999,39.40693884408602,39.32130861175115,0.701879036443375,0.7101935483870968,0.08561895161290323,0.7095729166666667,0.7192184619815668,0.07107901390883078,55.2371875,2.73436088709677,55.419072916666664,55.15515625,1.2145959084004574,7.047548387096774,-0.378645161290323,6.96698622311828,7.0140099366359445,0.34187268230551554
LAB-001,2026-08-05,40.7319375,-0.7714687500000039,39.490208333333335,39.59859432603687,0.8292741669220635,0.7958125,-0.07059375000000001,0.7736041666666668,0.7267497119815669,0.07660824205612514,57.97154838709677,-5.777387096774184,55.92857862903225,55.83048459101383,1.2870821471190217,6.668903225806451,0.3418467741935487,6.897860215053764,6.962482718894009,0.36549783238837813
LAB-001,2026-08-06,39.96046875,-0.14596874999999443,39.82282291666667,39.783246111751154,0.7248301747783097,0.72521875,0.019156249999999986,0.7437415994623656,0.7230845334101382,0.07587183940750851,52.19416129032258,5.43971370967742,55.13429905913978,55.290065668202764,1.8751207666583523,7.01075,0.03337903225806471,6.909067204301075,6.882797235023041,0.25563570915030087
LAB-001,2026-08-07,39.8145,-0.06753125000000182,40.16896875,39.76617021889401,0.7220886647324768,0.744375,-0.03300000000000003,0.7551354166666666,0.7362901785714285,0.06917319972224066,57.633875,1.6505766129032224,55.93319489247312,55.78203441820277,1.9868626249890304,7.0441290322580645,0.10800000000000054,6.907927419354838,6.8642933467741925,0.23492194441278333
LAB-001,2026-08-08,39.74696875,0.051093749999999716,39.84064583333333,39.782098790322586,0.7199516216539771,0.711375,0.022031250000000058,0.7269895833333333,0.7293571428571429,0.06884301920903792,59.284451612903226,-4.574889112903229,56.370829301075275,56.19160786290323,2.3935564482800955,7.152129032258065,-0.4727540322580648,7.069002688172044,6.968124279953917,0.15588942609463008
LAB-001,2026-08-09,39.7980625,-0.5415786290322586,39.786510416666665,39.684374999999996,0.6523476771336999,0.73340625,-0.038687499999999986,0.72971875,0.7478839285714286,0.04136194859510176,54.7095625,-2.4722499999999954,57.20929637096774,55.94396947004608,2.452163879427887,6.679375,0.37003125000000026,6.95854435483871,6.939994815668203,0.189389904783957
LAB-001,2026-08-10,39.25648387096774,-0.5818901209677421,39.60050504032258,39.726354838709675,0.6059670726709364,0.69471875,0.1000312499999999,0.7131666666666666,0.7307285426267282,0.0330470018897749,52.2373125,1.3422812499999992,55.41044220430107,55.60972839861751,2.803786928844925,7.0494062500000005,-0.4890625000000002,6.960303427419356,6.950320132488479,0.19367362707795438
LAB-001,2026-08-11,38.67459375,2.627531249999997,39.24304670698925,39.71185930299539,0.6330944602759071,0.79475,-0.10424999999999995,0.7409583333333334,0.7428080357142858,0.03917543436565468,53.57959375,-0.9693125000000009,53.50882291666667,55.372929291474655,2.908535430548592,6.56034375,0.6366874999999999,6.763041666666666,6.880719470046082,0.23585847552817985
LAB-001,2026-08-12,41.302125,-1.211286290322576,39.74440087365591,39.79331466013825,0.8007072089104286,0.6905,-0.02156250000000004,0.72665625,0.7277633928571429,0.03547430140633445,52.61028125,4.3828749999999985,52.8090625,54.60703398617511,2.8145663896567155,7.19703125,0.22184374999999967,6.93559375,6.9561663306451615,0.24121800038723623
LAB-001,2026-08-13,40.09083870967742,2.3725362903225786,40.02251915322581,39.81193894009216,0.8067366598501284,0.6689375,0.051718750000000036,0.7180624999999999,0.7197232142857143,0.041936570207380175,56.99315625,-4.574999999999996,54.39434375,55.292604694700465,2.7114657231691157,7.418875,-0.021812500000000234,7.05875,7.014469902073733,0.2990099031000768
LAB-001,2026-08-14,42.463375,-1.8254062500000003,41.28544623655913,40.190349654377876,1.2866421524019578,0.72065625,-0.01346875000000003,0.6933645833333332,0.7163348214285714,0.04054801083943956,52.41815625,3.648187499999999,54.00719791666668,54.54750201612903,2.677279073206887,7.3970625,-0.44278124999999946,7.337656249999999,7.06488896889401,0.3327021663096973
LAB-001,2026-08-15,40.63796875,-0.3872187500000024,41.06406081989247,40.317635368663595,1.2795215790153356,0.7071875,0.03249999999999997,0.6989270833333333,0.7157366071428571,0.04066410320459701,56.06634375,-3.2319243951612933,55.15921875,54.087772321428574,1.888370920477595,6.95428125,-0.11818750000000033,7.256739583333332,7.036625000000001,0.33245943714050097
LAB-001,2026-08-16,40.25075,-0.963124999999998,41.117364583333334,40.382305011520735,1.260178252915997,0.7396874999999999,-0.02295416666666661,0.7225104166666666,0.7166339285714286,0.04118496575680833,52.83441935483871,2.095268145161292,53.772973118279566,53.81989472926268,1.9182296613384562,6.83609375,-0.36343749999999986,7.062479166666667,7.0590133928571435,0.3088290257424421
LAB-001,2026-08-17,39.287625,0.1365625000000037,40.05878125,40.38675374423963,1.2555880377524216,0.7167333333333333,0.043422916666666644,0.7212027777777777,0.7197788690476191,0.04005768486743937,54.9296875,0.8810312499999995,54.6101502016129,54.20451972926268,1.8151744153597542,6.47265625,0.13418750000000035,6.754343749999999,6.976620535714285,0.38045028678193127
LAB-001,2026-08-18,39.4241875,1.2017458333333337,39.6541875,40.493838565668206,1.1085861670835624,0.76015625,0.003937500000000038,0.7388590277777777,0.7148369047619046,0.03018390862948936,55.81071875,-0.0817812499999988,54.52494186827957,54.523251872119815,1.8818147496272397,6.60684375,0.48753124999999997,6.63853125,6.983263392857142,0.372288897754184
LAB-001,2026-08-19,40.625933333333336,0.4163166666666669,39.779248611111115,40.397239756144394,1.0545601371190938,0.76409375,0.03759374999999998,0.7469944444444444,0.7253502976190477,0.032981413717323486,55.7289375,0.807997983870969,55.48978125,54.968774193548384,1.7152332577734863,7.094375,-0.2661814516129031,6.7246250000000005,6.968598214285715,0.36440311025997185
LAB-001,2026-08-20,41.04225,-1.1486250000000027,40.36412361111112,40.533155654761906,1.0696905463518815,0.8016875,-0.02359374999999997,0.7753125,0.7443145833333334,0.03330189611301199,56.53693548387097,-4.289419354838714,56.02553057795699,54.9035997983871,1.632147051224446,6.828193548387097,0.4298377016129029,6.843137432795699,6.884215149769586,0.3065557415370065
LAB-001,2026-08-21,39.893625,0.9833124999999967,40.52060277777778,40.16604851190476,0.6589519895281871,0.77809375,-0.049222782258064535,0.7812916666666667,0.7525199404761905,0.03357607747593908,52.247516129032256,1.744671370967744,54.83779637096774,54.87922263824885,1.6761371804322145,7.25803125,-0.12034374999999997,7.0601999327957,6.864353542626728,0.27013059313995397
LAB-001,2026-08-22,40.8769375,-0.5971955645161273,40.60427083333334,40.2001869047619,0.6927966007689511,0.7288709677419355,-0.10083870967741937,0.7695507392473119,0.7556175787250384,0.029442582780825868,53.9921875,1.0941874999999968,54.25887970430108,54.582914602534565,1.6134642194196267,7.1376875,-0.33849395161290285,7.0746374327957,6.890554435483871,0.2885718501792352
LAB-001,2026-08-23,40.27974193548387,11.69444556451613,40.35010147849462,40.20432860983103,0.6932357800547904,0.6280322580645161,0.7001864919354839,0.7116656586021506,0.7396668298771123,0.05692752117536482,55.086375,-0.8227499999999992,53.77535954301075,54.90462255184332,1.4195871132214422,6.799193548387097,3.708681451612903,7.064970766129032,6.8852829781106,0.2900656833325487
LAB-001,2026-08-24,51.9741875,0.10812500000000114,44.37695564516128,42.0166946812596,4.426812104073776,1.32821875,0.0029999999999998916,0.8950406586021505,0.8270218894009217,0.2279969036517772,54.263625,0.8538125000000036,54.44739583333333,54.80947076612903,1.4398054270002953,10.507875,0.016593750000000185,8.148252016129033,7.461742799539171,1.3620816950620322
LAB-001,2026-08-25,52.0823125,0.1000208333333319,48.112080645161285,43.82499825268817,5.616728412691534,1.33121875,-0.023656249999999934,1.095823252688172,0.9086022465437787,0.29298791392972917,55.1174375,-2.273781249999999,54.82247916666666,54.7104305875576,1.382143341027638,10.52446875,0.028937499999999616,9.277179099462366,8.021403513824884,1.7121378605444335
LAB-001,2026-08-26,52.18233333333333,-0.17552083333333002,52.07961111111111,45.47591253840246,6.188944926400704,1.3075625,-0.013374999999999915,1.3223333333333331,0.9862406394009217,0.31915096850858193,52.84365625,6.403687499999997,54.07490625,54.29824755184331,1.4560304142335267,10.55340625,-0.07600000000000051,10.528583333333335,8.515550835253455,1.889924217382217
LAB-001,2026-08-27,52.0068125,0.06465624999999875,52.09048611111111,47.04227860983103,6.266830777035957,1.2941875,0.025499999999999856,1.3109895833333332,1.0565977822580643,0.32589992304201415,59.24734375,-1.5641562499999964,55.73614583333333,54.685448732718896,2.2786144782645508,10.47740625,0.0695292338709681,10.518427083333334,9.03686693548387,1.8497833208694079
LAB-001,2026-08-28,52.07146875,-0.042124999999998636,52.08687152777778,48.78197057411675,5.607180159498654,1.3196875,0.006218750000000162,1.3071458333333335,1.13396831797235,0.3127866322946219,57.6831875,-5.01684375,56.59139583333334,55.46197321428571,2.235117226111959,10.546935483870968,-0.11368548387096844,10.525915994623656,9.506710397465438,1.7369019583974425
LAB-001,2026-08-29,52.02934375,-0.2817953629032317,52.035875000000004,50.37517146697389,4.4521657106778525,1.32590625,-0.01864818548387115,1.3132604166666668,1.2192590725806451,0.2610324312191389,52.66634375,4.57271875,56.53229166666667,55.272566964285716,2.428258808613869,10.43325,0.03309375000000081,10.485863911290323,9.977505040322582,1.4021200290190161
LAB-001,2026-08-30,51.74754838709677,-10.896581720430106,51.949453629032256,52.01342953149002,0.13488987851502396,1.307258064516129,-0.5216330645161289,1.3176172715053762,1.3162913306451611,0.013634781089350203,57.2390625,-1.2103437499999998,55.862864583333334,55.580093749999996,2.5347279021150197,10.46634375,-4.180875,10.482176411290324,10.501383640552996,0.04434952933236786
LAB-001,2026-08-31,40.850966666666665,0.5419083333333319,48.20928626792115,50.42439798387097,4.223605492391915,0.785625,-0.012718750000000001,1.139596438172043,1.2387779377880184,0.20021723709281378,56.02871875,-0.6801250000000039,55.311375,55.832249999999995,2.468878565481451,6.28546875,0.9096602822580646,9.0616875,9.898182747695854,1.5936717714733182
LAB-001,2026-09-01,41.392875,0.13618750000000546,44.663796684587815,48.89733548387097,5.315533021959209,0.77290625,0.011193750000000002,0.9552631048387097,1.1590190092165897,0.2596415384995534,55.34859375,-0.8608195564516095,56.20545833333333,55.86527232142857,2.4592512874376555,7.195129032258064,-0.23137903225806422,7.982313844086021,9.422562788018434,1.8515535414303883
LAB-001,2026-09-02,41.5290625,-0.784729166666672,41.25763472222222,47.375439650537636,5.727367272527011,0.7841,0.02552500000000002,0.7808770833333334,1.0842386520737326,0.2839708767941489,54.48777419354839,3.3159133064516126,55.288362231182795,56.10014631336406,2.1858895303425343,6.96375,-0.2692187500000003,6.814782594086021,8.909754752304147,1.978873918893646
LAB-001,2026-09-03,40.74433333333333,0.3623854166666689,41.222090277777774,45.76651405529954,5.791054607017102,0.809625,-0.04037500000000005,0.7888770833333334,1.0150154377880185,0.2833219366112253,57.8036875,-3.8478437500000027,55.880018481182795,55.8939097062212,1.8871558995696487,6.69453125,0.058374999999999844,6.951136760752688,8.369344038018435,1.9958719768309288
LAB-001,2026-09-04,41.10671875,-1.0272187499999959,41.12670486111111,44.20012119815668,5.259974861686323,0.76925,0.012383333333333413,0.7876583333333333,0.9363815092165898,0.2601026849955642,53.95584375,-0.19350000000000023,55.415768481182795,55.36143202764977,1.8229098357570594,6.75290625,0.2899062500000005,6.803729166666667,7.827339861751152,1.8127151189693118
LAB-001,2026-09-05,40.0795,0.3693124999999995,40.643517361111115,42.4930006624424,4.108669348699071,0.7816333333333334,-0.05413333333333337,0.7868361111111111,0.858628235407066,0.19825022639395695,53.76234375,1.7251723790322586,55.17395833333333,55.5180034562212,1.584296995803735,7.0428125,-0.20493749999999977,6.8300833333333335,7.342991647465438,1.4082009680898604
LAB-001,2026-09-06,40.4488125,-0.5301250000000053,40.54501041666666,40.878895535714285,0.5134340328106067,0.7275,-0.028564516129032214,0.759461111111111,0.7758056547619049,0.024925706586459085,55.48751612903226,0.3912651209677449,54.40190120967742,55.267782546082955,1.3940703917742576,6.837875,0.3449959677419354,6.877864583333333,6.824638968894009,0.29358921830786266
LAB-001,2026-09-07,39.9186875,-0.08765624999999488,40.149,40.74571279761905,0.6296484461357671,0.6989354838709678,-0.0009979838709678335,0.7360229390681003,0.763421438172043,0.03756498143459814,55.87878125,-1.183250000000001,55.04288037634408,55.24636290322581,1.381525572533586,7.182870967741936,-0.01799596774193546,7.02118615591398,6.952839285714285,0.19989420788105505
LAB-001,2026-09-08,39.83103125,0.3282812499999963,40.066177083333336,40.52259226190476,0.6387601267937261,0.6979375,0.07237499999999997,0.7081243279569893,0.7527116167434718,0.04446356103405577,54.69553125,3.2919062499999967,55.35394287634409,55.15306826036867,1.395451813144397,7.164875,-0.3699375000000007,7.0618736559139785,6.948517281105991,0.19402329364105242
LAB-001,2026-09-09,40.1593125,1.8502036290322579,39.96967708333333,40.32691369047619,0.4653038647867563,0.7703125,0.010656250000000034,0.7223951612903227,0.7507419738863287,0.043126661506222165,57.9874375,-1.9576955645161291,56.187250000000006,55.65302016129033,1.709048665458058,6.7949375,-0.1000312499999998,7.047561155913979,6.92440120967742,0.20213603092288962
LAB-001,2026-09-10,42.00951612903226,-1.5733911290322595,40.66661995967742,40.50765408986175,0.7881717540945093,0.78096875,-0.03416229838709672,0.7497395833333332,0.7466482238863288,0.03761336044217709,56.02974193548387,-1.4174606854838672,56.237570228494626,55.399599366359446,1.4486820817360708,6.69490625,0.004706653225806434,6.88490625,6.92445478110599,0.20206499286513097
LAB-001,2026-09-11,40.436125,1.2214375000000004,40.868317876344086,40.4118549827189,0.74266232174957,0.7468064516129033,0.037912298387096754,0.7660292338709677,0.7434420026881721,0.03629925406588764,54.61228125,0.9512187499999953,56.20982022849463,55.493376152073736,1.3580598649952176,6.699612903225806,0.5923225806451615,6.729818884408602,6.916841445852534,0.21043637179988886
LAB-001,2026-09-12,41.6575625,-2.208562499999992,41.36773454301075,40.6372924827189,0.8558482015041854,0.78471875,0.04821874999999998,0.770831317204301,0.7438827764976959,0.03685477634305012,55.5635,1.1582500000000024,55.40184106182795,55.75068418778802,1.1262734852735834,7.291935483870968,-0.7328417338709681,6.895484879032257,6.952430443548387,0.2522107561256358
LAB-001,2026-09-13,39.449000000000005,-0.26264516129032245,40.51422916666667,40.494462125576035,0.9685528387115528,0.8329375,-0.07248588709677428,0.7881542338709678,0.7589452764976958,0.048689224174564324,56.72175,-1.8124919354838767,55.63251041666666,55.92700331221198,1.1738145886251978,6.55909375,0.4969375000000005,6.850214045698924,6.912604550691244,0.29216139537497604
LAB-001,2026-09-14,39.18635483870968,-0.13122983870968596,40.09763911290323,40.389843173963136,1.074831768812895,0.7604516129032257,-0.09963911290322569,0.7927026209677419,0.7677332949308756,0.040996610158069276,54.90925806451612,1.2940544354838792,55.73150268817204,55.7885,1.2360044485008765,7.05603125,-0.4249375000000004,6.969020161290323,6.894484591013826,0.27609739736879224
LAB-001,2026-09-15,39.055125,0.3694687500000029,39.23015994623656,40.27899942396313,1.1771984728330198,0.6608125,0.10234374999999996,0.7514005376344085,0.7624297235023042,0.05235780835756981,56.2033125,-1.2174687500000019,55.944773521505375,56.00389732142857,1.1415602378187808,6.63109375,0.40340625000000063,6.748739583333333,6.8182301267281105,0.2623417604311446
LAB-001,2026-09-16,39.42459375,0.7241874999999993,39.22202452956989,40.17403960253456,1.2215663178732685,0.76315625,0.04110181451612904,0.7281401209677419,0.7614074020737327,0.052247989217710664,54.98584375,0.4478124999999977,55.36613810483871,55.57509821428572,0.7782329742969987,7.0345,0.06015624999999947,6.907208333333334,6.852453341013825,0.2741564968071752
LAB-001,2026-09-17,40.14878125,0.2643437500000019,39.54283333333333,39.90822033410138,0.9210854407102944,0.804258064516129,-0.13688306451612897,0.7427422715053763,0.7647344470046082,0.05439847210939434,55.43365625,-2.1918437499999968,55.540937500000005,55.48994311635944,0.7523767401613797,7.09465625,-0.2053124999999998,6.920083333333333,6.909560483870968,0.2774837206416505
LAB-001,2026-09-18,40.413125,-0.3941250000000025,39.9955,39.90493461981567,0.9189269238692628,0.667375,0.09930241935483863,0.7449297715053764,0.7533870967741935,0.06584233061961428,53.2418125,3.4002499999999998,54.55377083333334,55.294161866359445,1.1114490081574742,6.88934375,-0.057624999999999815,7.006166666666666,6.936664890552996,0.26241553530147615
LAB-001,2026-09-19,40.019,0.8907333333333298,40.193635416666666,39.67085426267281,0.5203062043686598,0.7666774193548387,-0.04580241935483864,0.7461034946236559,0.7508097638248848,0.06475561323552043,56.6420625,-1.7191915322580655,55.10584375,55.448242223502305,1.2240657103236012,6.83171875,0.4647187499999994,6.938572916666668,6.870919642857143,0.21123088228433146
LAB-001,2026-09-20,40.90973333333333,-2.26001458333333,40.44728611111111,39.879530453149,0.6837510570839143,0.720875,0.11974999999999991,0.7183091397849463,0.7348008352534562,0.05403218354372455,54.922870967741936,1.904903225806457,54.93558198924731,55.1912595046083,1.0940698678213807,7.2964375,-0.19079233870967727,7.0058333333333325,6.976254464285715,0.21364807544077236
LAB-001,2026-09-21,38.64971875,2.058343749999999,39.859484027777775,39.8028681547619,0.7953927421061832,0.840625,-0.10065625,0.7760591397849462,0.7462541762672811,0.06725498675269292,56.82777419354839,1.416850806451606,56.13090255376344,55.46533323732719,1.2419590634816642,7.105645161290322,0.1052580645161294,7.0779338037634405,6.983342165898618,0.2175235501314115
LAB-001,2026-09-22,40.7080625,11.3158125,40.08917152777777,40.03900208333333,0.7816478359605621,0.73996875,0.5731562500000001,0.7671562500000001,0.7575622119815668,0.05624873968457582,58.244625,-1.9946249999999992,56.665090053763436,55.75694930875576,1.6247740186614308,7.210903225806452,3.141451612903226,7.204328629032258,7.066172091013825,0.16511535522768764
LAB-001,2026-09-23,52.023875,0.180866935483877,43.79388541666666,41.838899404761904,4.550606345890482,1.313125,0.015843749999999934,0.9645729166666666,0.8361291762672811,0.2177126804324808,56.25,-0.20487500000000125,57.107466397849464,55.93754305875576,1.5947591330104907,10.352354838709678,0.13305141129032272,8.222967741935484,7.540151353686636,1.2509315211066674
LAB-001,2026-09-24,52.204741935483874,-0.41009677419354773,48.31222647849463,43.56117950268817,5.888952362067912,1.32896875,-0.012531250000000105,1.1273541666666667,0.9110878456221199,0.2848790182455324,56.045125,-2.1199999999999974,56.846583333333335,56.02489573732719,1.5792297003492355,10.48540625,0.02762499999999868,9.349554771505376,8.024544210829493,1.644312594950718
LAB-001,2026-09-25,51.794645161290326,0.08969858870967329,52.00775403225807,45.187110954301076,6.422002511396656,1.3164375,-0.0030375000000000263,1.3195104166666667,1.0038110599078343,0.29767587522055616,53.925125,0.7727137096774186,55.406749999999995,56.12251180875576,1.3880790827871177,10.51303125,0.004062500000001634,10.450264112903227,8.542213853686636,1.7912099310886012
LAB-001,2026-09-26,51.88434375,0.23215625000000273,51.9612436155914,46.88216006144393,6.3964041134159695,1.3134,0.002567741935483925,1.319602083333333,1.0819142857142856,0.29681018381725693,54.69783870967742,-1.6745887096774226,54.88936290322581,55.84476555299539,1.4594714157740771,10.51709375,-0.024812500000001236,10.505177083333335,9.068695996543779,1.7456933236433205
LAB-001,2026-09-27,52.1165,-0.06368750000000034,51.931829637096776,48.4831267281106,6.0452555389608085,1.3159677419354838,0.008419354838709703,1.3152684139784945,1.166927534562212,0.2589783126338491,53.02325,3.6266875000000027,53.88207123655914,55.57339112903226,1.7970296196953992,10.49228125,-0.011507056451613096,10.50746875,9.525245103686634,1.6181937598205494
LAB-001,2026-09-28,52.0528125,0.3180937499999956,52.017885416666665,50.39785440668203,4.275007926941317,1.3243870967741935,-0.018105846774193468,1.3179182795698923,1.2360364055299538,0.21882508838235293,56.6499375,-2.289749999999998,54.79034206989247,55.54798588709677,1.7774912075005167,10.480774193548386,-0.018674193548386953,10.496716397849461,10.007406394009218,1.234404151609325
LAB-001,2026-09-29,52.37090625,-0.17490624999999937,52.18007291666667,52.063974942396314,0.19292466465144878,1.30628125,0.021749999999999936,1.3155453629032257,1.3169381912442397,0.007550304878855067,54.3601875,1.7671350806451613,54.67779166666667,54.99306624423963,1.3503272312911883,10.4621,0.00796249999999965,10.47838514784946,10.471863076036867,0.05597305343034048
LAB-001,2026-09-30,52.196,0.044968750000002444,52.206572916666666,52.0885642281106,0.19786769023632622,1.32803125,-0.004093750000000007,1.3195665322580645,1.319067655529954,0.00835479723139806,56.12732258064516,1.8222086693548363,55.71248252688173,54.97554089861751,1.3319663906877908,10.4700625,0.006711693548389519,10.470978897849461,10.488678456221198,0.02057352858935538
PKG-001,2026-01-01,,,,,,,,,,,,,,,,,,,,
PKG-001,2026-01-02,45.98341935483871,-2.577606854838706,,,,1.052516129032258,-0.07435987903225805,,,,63.31738709677419,3.459112903225808,,,,9.56078125,0.07853125000000105,,,
PKG-001,2026-01-03,43.4058125,1.3381874999999965,,,,0.97815625,0.10409374999999998,,,,66.7765,-3.3120937499999954,,,,9.6393125,0.2683124999999986,,,
PKG-001,2026-01-04,44.744,0.2578749999999985,44.711077284946235,,,1.08225,-0.06349999999999989,1.0376407930107525,,,63.46440625,2.598937499999998,64.51943111559139,,,9.907625,1.133000000000001,9.702572916666666,,
PKG-001,2026-01-05,45.001875,-3.2826875000000015,44.383895833333334,,,1.01875,0.0794062499999999,1.0263854166666666,,,66.06334375,-0.5970625000000069,65.43475,,,11.040625,-0.39749596774193563,10.195854166666665,,
PKG-001,2026-01-06,41.7191875,3.728843750000003,43.821687499999996,,,1.09815625,-0.07699999999999996,1.0663854166666666,,,65.46628125,-3.047562499999998,64.99801041666666,,,10.643129032258065,-0.30806451612903274,10.530459677419355,,
PKG-001,2026-01-07,45.44803125,-1.608160282258062,44.056364583333334,,,1.02115625,-0.0663125,1.0460208333333334,,,62.41871875,2.757087701612903,64.64944791666666,,,10.335064516129032,-0.06329032258064338,10.672939516129032,,
PKG-001,2026-01-08,43.83987096774194,0.07177419354838577,43.66902990591398,44.30602808179724,1.4441416019037807,0.95484375,-0.008101814516129013,1.0247187500000001,1.0294040898617511,0.05231449442330684,65.1758064516129,-1.3166502016129016,64.35360215053764,64.66892050691244,1.6134812320329375,10.271774193548389,-0.23861290322580686,10.416655913978495,10.199758784562212,0.5377207305795865
PKG-001,2026-01-09,43.91164516129032,3.224417338709678,44.39984912634409,44.01006033986175,1.2411008469192755,0.946741935483871,0.18299999999999994,0.974247311827957,1.0142934907834102,0.05933154296103963,63.85915625,-0.5299687499999948,63.8178938172043,64.7463161002304,1.5495738750127896,10.033161290322582,0.6112137096774184,10.213333333333333,10.267241647465438,0.469476016867507
PKG-001,2026-01-10,47.1360625,-0.6173437500000034,44.96252620967743,44.5429531970046,1.666380226028698,1.129741935483871,-0.1284193548387098,1.0104425403225807,1.0359485887096773,0.07054694924867379,63.3291875,2.706812499999998,64.12138340053764,64.2538428859447,1.3289076278356,10.644375,-0.12185887096774195,10.316436827956991,10.410822004608296,0.39286844726512843
PKG-001,2026-01-11,46.51871875,-3.0804520833333413,45.8554754704301,44.79648444700461,1.8291264484501564,1.001322580645161,0.01952116935483894,1.0259354838709676,1.0243875288018434,0.06828953713592147,66.036,-3.473343749999998,64.40811458333333,64.621213421659,1.4261906665044934,10.522516129032258,-0.0896451612903224,10.40001747311828,10.498663594470047,0.324378646737902
PKG-001,2026-01-12,43.43826666666666,1.3361204301075418,45.697682638888885,44.573111827956986,1.8941807533207389,1.02084375,-0.052972782258064455,1.0506360887096775,1.0246866359447004,0.06826531046226286,62.56265625,2.849031249999996,63.97594791666666,64.12111520737326,1.4497901618793192,10.432870967741936,-0.38121471774193516,10.533254032258066,10.411841589861751,0.21953326248180616
PKG-001,2026-01-13,44.7743870967742,-0.6756058467741966,44.910457504480284,45.009568913210444,1.4194886703059317,0.9678709677419356,0.03347278225806438,0.9966790994623657,1.006074452764977,0.06240493850641648,65.4116875,0.5642157258064486,64.67011458333333,64.11331610023042,1.4414708031871801,10.05165625,0.02612499999999862,10.335681115591399,10.327345478110601,0.2292856906965208
PKG-001,2026-01-14,44.09878125,-0.26493750000000205,44.10381167114696,44.81681891321045,1.4414636959201566,1.00134375,-0.009531249999999991,0.9966861559139787,1.0032440956221198,0.06205521813924688,65.97590322580645,0.3237419354838664,64.65008232526883,64.62148531105991,1.369729136955847,10.07778125,0.040928427419355984,10.187436155913979,10.290590725806451,0.247722258936299
PKG-001,2026-01-15,43.83384375,2.854687499999997,44.23567069892473,44.81595788210445,1.4421461561186215,0.9918125,0.02821874999999996,0.9870090725806454,1.0085253456221197,0.05873378826116842,66.29964516129031,-3.0742701612903147,65.89574529569892,64.78203369815668,1.5047405931267501,10.118709677419355,-0.18242842741935483,10.082715725806452,10.268724366359448,0.25626808053780475
PKG-001,2026-01-16,46.68853125,-0.41606249999999534,44.87371875,45.212655894777264,1.5311149282990828,1.02003125,0.08209375000000008,1.0043958333333334,1.0189952476958524,0.05203494246217877,63.225375,3.7779687499999994,65.16697446236559,64.69149351958525,1.5863777590421237,9.93628125,0.5411562500000002,10.044257392473119,10.254884360599078,0.2731689395233545
PKG-001,2026-01-17,46.27246875,-0.8670493951612883,45.59828124999999,45.08928535906298,1.3773795069784824,1.102125,-0.08715725806451613,1.0379895833333335,1.0150499711981567,0.04239218056411416,67.00334375,-2.4090534274193516,65.50945463709677,65.21637298387097,1.6663258484347017,10.4774375,-0.18003125000000075,10.177476142473118,10.231036146313366,0.23859777783466082
PKG-001,2026-01-18,45.40541935483871,-1.2308256048387136,46.122139784946235,44.930242588325655,1.2424870556776098,1.014967741935484,-0.03596774193548391,1.045707997311828,1.016999279953917,0.041967345869066114,64.59429032258065,-0.9396129032258074,64.94100302419355,65.01041445852535,1.6369746990379008,10.29740625,-0.3154687499999991,10.237041666666668,10.198877592165898,0.20566096681569823
PKG-001,2026-01-19,44.17459375,0.5602187499999971,45.28416061827957,45.03543217165899,1.1202829685782016,0.979,0.04518750000000005,1.0320309139784947,1.0110216013824884,0.044246629918975475,63.65467741935484,0.6625806451612846,65.08410383064516,65.1664174827189,1.3996583546717334,9.9819375,0.24378124999999962,10.252260416666667,10.134458525345622,0.190192880262343
PKG-001,2026-01-20,44.7348125,0.06496169354838344,44.77160853494624,45.02977865783411,1.121918557535491,1.0241875,-0.10184375000000001,1.006051747311828,1.0190668202764976,0.04001014543958059,64.31725806451612,0.9527731854838777,64.18874193548386,65.0100704205069,1.4285228132540402,10.22571875,-1.032234879032261,10.168354166666667,10.159324596774194,0.18893735798690744
PKG-001,2026-01-21,44.79977419354838,1.2801945564516188,44.56972681451612,45.12992050691245,1.0542101821660037,0.92234375,0.1752499999999999,0.9751770833333332,1.0077811059907835,0.05439752461232895,65.27003125,0.032093750000001364,64.41398891129033,64.90923156682027,1.372809277364699,9.19348387096774,0.07067237903225987,9.80038004032258,10.032996399769585,0.4140594257214343
PKG-001,2026-01-22,46.07996875,-1.7817106854838656,45.204851814516125,45.450795506912435,0.928278513711,1.09759375,-0.12499999999999989,1.0147083333333333,1.0228927131336405,0.06320249738901483,65.302125,1.149939516129038,64.9631381048387,64.76672868663594,1.2507729385087134,9.26415625,1.0116562500000015,9.561119623655912,9.910917338709677,0.5013509379765745
PKG-001,2026-01-23,44.29825806451613,0.9964606854838678,45.059333669354835,45.109327908986174,0.831700861435882,0.97259375,0.0030000000000000027,0.9975104166666667,1.016115927419355,0.06603996013271472,66.45206451612904,0.5746542338709588,65.67474025537635,65.22768433179724,1.1806652493022056,10.2758125,0.00459374999999973,9.57781754032258,9.959421802995392,0.5202808452184885
PKG-001,2026-01-24,45.29471875,0.33834374999999994,45.22431518817205,44.969649337557605,0.6702313483867932,0.97559375,0.03165624999999994,1.0152604166666668,0.998040034562212,0.05496207629588173,67.02671875,-0.4871562499999982,66.26030275537634,65.23102361751153,1.1865428070716955,10.28040625,-0.5250625000000007,9.940125,9.93127448156682,0.4921547518071335
PKG-001,2026-01-25,45.6330625,-1.475999999999999,45.07534643817204,45.00216978686636,0.6997712508313246,1.00725,0.04481249999999992,0.9851458333333335,0.9969375000000001,0.0546423921111164,66.5395625,-3.258250000000004,66.67278192204301,65.50891964285714,1.2391908858789014,9.75534375,0.09100000000000108,10.103854166666666,9.853836981566818,0.46694414083626745
PKG-001,2026-01-26,44.1570625,2.5301633064516125,45.02828125,44.99966532258065,0.7032494986453831,1.0520625,-0.11612499999999992,1.0116354166666666,1.007375,0.05754587730490914,63.2813125,-1.7786249999999981,65.61586458333333,65.45558179723503,1.3365171896221015,9.84634375,0.8112691532258065,9.960697916666668,9.834466445852533,0.4635444721720118
PKG-001,2026-01-27,46.687225806451615,-0.7585161290322517,45.49245026881721,45.278581509216586,0.9309952415731483,0.9359375,0.10938508064516139,0.9984166666666666,0.9947678571428572,0.06268604823723685,61.5026875,3.1136028225806385,63.774520833333334,65.05350028801844,1.9964791848483674,10.657612903225807,0.1877620967741933,10.086433467741935,9.896165610599079,0.5457540780668979
PKG-001,2026-01-28,45.92870967741936,0.44363407258063603,45.590999327957,45.43985800691245,0.9320096805274347,1.0453225806451614,-0.05054838709677412,1.0111075268817205,1.0123362615207372,0.055867746819115036,64.61629032258064,1.0819909274193549,63.133430107526884,64.96010872695852,1.9999494920221434,10.845375,-1.37965625,10.449777217741937,10.132150057603686,0.5484069817023004
PKG-001,2026-01-29,46.37234375,-0.8901179435483826,46.32942641129032,45.481625864055296,0.9712044316203821,0.9947741935483873,-0.010430443548387291,0.9920114247311829,0.9976477534562213,0.04134519684601187,65.69828125,-0.07270060483870111,63.93908635752688,65.01670247695851,2.0167751237562648,9.46571875,0.7407006048387093,10.322902217741936,10.16094470046083,0.4982326804138276
PKG-001,2026-01-30,45.482225806451616,-0.4924758064516155,45.927759744623664,45.65076411290323,0.822477463559109,0.98434375,0.013623991935483803,1.0081468413978494,0.9993263248847927,0.04038589278841872,65.62558064516129,0.28263810483871055,65.31338407258063,64.89863335253456,1.9415276464697875,10.20641935483871,0.1289032258064502,10.17250436827957,10.151031394009218,0.4962526641910474
PKG-001,2026-01-31,44.98975,1.2024687500000013,45.61477318548387,45.60719714861751,0.8520269814535004,0.9979677419354838,0.0343447580645162,0.9923618951612904,1.0025226094470046,0.039058116975125075,65.90821875,1.472531250000003,65.74402688172044,64.73884763824886,1.7761837605045376,10.33532258064516,-0.6826350806451593,10.00248689516129,10.158876584101382,0.4990649255284406
PKG-001,2026-02-01,46.19221875,-0.21706250000000438,45.5547315188172,45.68707661290323,0.880588441396678,1.0323125,-0.007156249999999975,1.0048746639784947,1.0061029665898615,0.040678773471106,67.38075,-3.2783124999999984,66.30484979838711,64.85901728110599,1.9392851509737739,9.6526875,-0.0035937500000002842,10.064809811827956,10.144211405529955,0.514178627810742
PKG-001,2026-02-02,45.97515625,-1.7969062499999993,45.71904166666667,45.94680429147466,0.5660467355914885,1.02515625,-0.012218749999999945,1.0184788306451613,1.0022592165898616,0.03668765383993481,64.10243750000001,0.05662499999999682,65.79713541666668,64.97632085253456,1.8507611530794856,9.64909375,-0.372738911290325,9.879034610215053,10.116032834101384,0.5380731203681499
PKG-001,2026-02-03,44.17825,0.8894062500000004,45.44854166666667,45.58837917626728,0.7748907192646948,1.0129375,-0.03200201612903242,1.02346875,1.0132592165898617,0.022152348674706168,64.1590625,1.4567187499999932,65.21408333333335,65.35580299539171,1.165163561065106,9.276354838709675,1.2058014112903237,9.526045362903226,9.918710253456222,0.5592156495219069
PKG-001,2026-02-04,45.06765625,-0.6182368951612887,45.0736875,45.4653715437788,0.780186423575406,0.9809354838709676,-0.07018548387096768,1.0063430779569893,1.004061059907834,0.01986991481589066,65.61578125,0.4020252016129007,64.62576041666667,65.49858741359448,1.1197942305958135,10.48215625,-0.5843749999999996,9.802534946236557,9.866821860599078,0.4683748245017607
PKG-001,2026-02-05,44.44941935483871,1.0249556451612918,44.56510853494623,45.19066805875576,0.7453714250577839,0.91075,0.037843750000000065,0.9682076612903225,0.9920576036866359,0.04078604412931425,66.0178064516129,-2.751118951612895,65.26421673387097,65.54423387096774,1.1356907076680505,9.89778125,0.14678125000000009,9.885430779569893,9.928545074884791,0.43390789144506925
PKG-001,2026-02-06,45.474375,2.1116249999999965,44.997150201612904,45.18954651497695,0.7448653425286095,0.94859375,0.17524495967741938,0.9467597446236559,0.9869504608294931,0.04402278019344427,63.2666875,3.3648437499999915,64.96675840053764,65.2072491359447,1.4215279041503235,10.0445625,-0.7839687499999997,10.141499999999999,9.90542266705069,0.4207453221787822
PKG-001,2026-02-07,47.586,-3.8999375,45.836598118279575,45.56043937211982,1.1596756981391134,1.1238387096774194,-0.16946370967741942,0.9943941532258064,1.0049320276497695,0.06829066069414941,66.63153125,-1.3707187499999947,65.30534173387097,65.31057949308756,1.504821722292831,9.26059375,1.0014374999999998,9.7343125,9.751889976958525,0.4336173706698165
PKG-001,2026-02-08,43.6860625,0.34219556451613187,45.582145833333335,45.202417050691245,1.3093236133631396,0.954375,0.12540624999999994,1.008935819892473,0.993798099078341,0.06942652981015594,65.2608125,3.64934375,65.05301041666667,65.00773127880184,1.2015116891472337,10.26203125,-0.4323750000000004,9.855729166666666,9.838939084101382,0.4700184929916277
PKG-001,2026-02-09,44.02825806451613,1.621710685483869,45.100106854838714,44.92428873847927,1.3245128598439524,1.07978125,-0.10562499999999997,1.0526649865591398,1.0016016705069124,0.07627117932394069,68.91015625,-6.35846875,66.93416666666667,65.69454824308755,1.8151732271707064,9.82965625,0.45231250000000145,9.784093749999998,9.864733726958525,0.4627619397798256
PKG-001,2026-02-10,45.64996875,0.522750000000002,44.45476310483871,45.13453427419354,1.3029851161945127,0.97415625,0.05496875000000012,1.0027708333333332,0.9960614919354838,0.07671772046390805,62.5516875,3.4284062499999948,65.57421875,65.46492324308755,2.1181708605407845,10.28196875,-0.7131250000000016,10.124552083333333,10.008392857142857,0.4017298856136558
PKG-001,2026-02-11,46.17271875,-0.7557187499999998,45.28364852150538,45.29240034562212,1.3592598315672917,1.029125,-0.054750000000000076,1.0276875,1.0029457085253457,0.07729413968540523,65.98009375,0.6015000000000015,65.81397916666667,65.5169678859447,2.126952779825968,9.56884375,0.037968750000000995,9.893489583333333,9.877919642857142,0.36921318449445306
PKG-001,2026-02-12,45.417,-0.011600000000001387,45.7465625,45.430626152073735,1.3074585555151514,0.974375,0.06221874999999999,0.9925520833333333,1.0120349942396314,0.06780392698782264,66.58159375,-2.0636905241935466,65.03779166666668,65.59750892857143,2.1595041757457354,9.6068125,0.9170937499999994,9.819208333333334,9.836352678571428,0.38273580214415204
PKG-001,2026-02-13,45.4054,-1.0735875000000021,45.66503958333334,45.42077258064516,1.3073338003549362,1.03659375,0.03728124999999993,1.0133645833333333,1.0246064228110598,0.061989636754002445,64.51790322580645,0.09047177419354568,65.69319690860215,65.77625403225807,1.9786325651524668,10.52390625,-0.7284729166666679,9.899854166666666,9.904830357142856,0.46106297510295163
PKG-001,2026-02-14,44.3318125,-1.164187499999997,45.051404166666664,44.95588865207373,0.9344815678320821,1.073875,-0.09787499999999993,1.02828125,1.01746875,0.05046452833220234,64.608375,-0.29081250000000125,65.23595732526881,65.48723171082949,1.9806407198220317,9.795433333333332,0.6277541666666675,9.975384027777777,9.98123601190476,0.3722760034219653
PKG-001,2026-02-15,43.167625,2.7336249999999964,44.3016125,44.881826152073735,1.0635292237954235,0.976,0.022218750000000065,1.0288229166666667,1.0205580357142856,0.04646152862436921,64.3175625,0.6163125000000065,64.4812802419355,65.3524817108295,2.030081420055716,10.4231875,0.35921875000000014,10.247509027777776,10.00425833333333,0.39671599779689115
PKG-001,2026-02-16,45.90125,-1.0842812499999965,44.46689583333333,45.14939642857143,1.0484954292357929,0.99821875,0.03287802419354835,1.01603125,1.0089062500000001,0.03871551725137682,64.933875,3.472705645161284,64.6199375,64.78444153225806,1.2901472378971228,10.78240625,-0.6214999999999993,10.333675694444443,10.140365476190476,0.4812576769602556
PKG-001,2026-02-17,44.81696875,1.208656249999997,44.62861458333333,45.03039642857143,1.0293091941742671,1.0310967741935484,-0.07545161290322577,1.0017718413978496,1.0170406105990784,0.036090233590597876,68.40658064516128,-4.599180645161283,65.8860060483871,65.62085483870968,1.4846138680318677,10.16090625,0.01890625000000057,10.455499999999999,10.123070833333331,0.4774813108617126
PKG-001,2026-02-18,46.025625,0.3460312500000029,45.581281249999996,45.009383035714286,1.003274072546836,0.9556451612903226,-0.011988911290322646,0.9949868951612904,1.00654349078341,0.04216450288533183,63.8074,1.753068749999997,65.71595188172044,65.3104700172811,1.6181092215894495,10.1798125,0.3554455645161294,10.374374999999999,10.210352083333333,0.4104177249986323
PKG-001,2026-02-19,46.37165625,0.9683124999999961,45.73808333333333,45.1457625,1.1253735972780434,0.94365625,-0.041398185483870975,0.9767993951612904,1.0021550979262674,0.047350218465512975,65.56046875,-1.4611461693548335,65.92481646505377,65.1645950172811,1.527931713737107,10.53525806451613,-0.14000806451612924,10.291992271505377,10.342987163978494,0.3237323147273232
PKG-001,2026-02-20,47.33996875,-3.3087812499999956,46.57908333333333,45.42212946428572,1.4030486416013588,0.902258064516129,0.07812903225806456,0.9338531586021505,0.9829642857142857,0.05725330375677418,64.09932258064516,-0.23432258064516276,64.48906377688172,65.10479778225806,1.5651952517679928,10.39525,-2.0735312500000003,10.37010685483871,10.32460769969278,0.31529106261315876
PKG-001,2026-02-21,44.0311875,0.07362499999999983,45.91427083333334,45.379183035714284,1.445930533111751,0.9803870967741936,-0.026967741935483902,0.9421004704301076,0.9696088709677421,0.04115207357254615,63.865,1.3677499999999938,64.50826377688172,64.99860135368664,1.6284315689746922,8.32171875,1.7621249999999993,9.750742271505377,10.114077044930875,0.8183038620230059
PKG-001,2026-02-22,44.1048125,1.1697812499999998,45.15865625,45.51306696428571,1.2350335766127492,0.9534193548387097,0.029643145161290296,0.9453548387096773,0.966383064516129,0.04145152202123958,65.23275,-1.4655887096774194,64.39902419354839,65.1293424251152,1.6011503845169077,10.08384375,0.09476915322580659,9.600270833333333,10.065599366359448,0.8069119577192849
PKG-001,2026-02-23,45.27459375,0.6684062499999968,44.47019791666667,45.423544642857145,1.2248762722987534,0.9830625,0.05943750000000003,0.9722896505376343,0.9642178859447004,0.03987741377725262,63.767161290322576,-1.0848064516128986,64.28830376344087,64.96266903801843,1.6834966155282949,10.178612903225806,-0.37354838709677374,9.528058467741936,9.979343173963134,0.7476095773704137
PKG-001,2026-02-24,45.943,-0.3206451612903152,45.10746875,45.584406249999994,1.2057290776637906,1.0425,-0.03456451612903222,0.992993951612903,0.965846918202765,0.04316243784097007,62.68235483870968,3.0999576612903255,63.894088709677426,64.14492249423964,0.9715370080180049,9.805064516129033,0.9619354838709668,10.022507056451614,9.928508640552995,0.7453007594860741
PKG-001,2026-02-25,45.62235483870968,-1.7040423387096837,45.61331619623655,45.52679622695853,1.1906741339183635,1.0079354838709678,-0.05012298387096781,1.0111659946236558,0.9733169642857142,0.045560832299227486,65.7823125,-0.4954415322580701,64.07727620967742,64.4270528513825,1.130873318545377,10.767,-0.2684374999999992,10.250225806451612,10.012392569124426,0.8086509206006222
PKG-001,2026-02-26,43.9183125,0.6815937499999976,45.16122244623656,45.176318548387094,1.259617572798218,0.9578125,0.08228427419354833,1.002749327956989,0.9753392857142857,0.04432218893495481,65.28687096774193,2.9271290322580654,64.58384610215053,64.38796745391706,1.0891287566600134,10.4985625,0.2742500000000003,10.356875672043012,10.00715034562212,0.8048062269261893
PKG-001,2026-02-27,44.59990625,-0.1615312499999959,44.713524529569895,44.78488104838709,0.8264506746887548,1.0400967741935483,-0.025690524193548336,1.001948252688172,0.995030529953917,0.03634370719558208,68.214,-2.2230645161290283,66.42772782258065,64.97577851382489,1.7913572590484421,10.7728125,-0.822522177419355,10.679458333333335,10.06108784562212,0.84671234715709
PKG-001,2026-02-28,44.438375,0.9283437499999962,44.31886458333333,44.84305069124424,0.7774371176498903,1.01440625,-0.06956249999999997,1.0041051747311827,0.9998904089861751,0.03633375322127511,65.99093548387097,-1.4024979838709726,66.4972688172043,65.27948358294931,1.7514195367019956,9.950290322580646,0.628334677419355,10.407221774193548,10.293740927419353,0.3893391490693275
PKG-001,2026-03-01,45.36671875,0.4183750000000046,44.80166666666667,45.02332301267281,0.7220568619154788,0.94484375,-0.006687499999999957,0.999782258064516,0.9986653225806451,0.03825554355019153,64.5884375,-0.34134374999999295,66.26445766129031,65.18743894009216,1.7711049991592782,10.578625,-0.3264637096774212,10.433909274193548,10.36442396313364,0.389794669654247
PKG-001,2026-03-02,45.78509375,0.7260624999999976,45.196729166666664,45.09625158410138,0.7754702130677614,0.93815625,0.14124999999999988,0.9658020833333332,0.9922501440092166,0.04455471889203032,64.24709375,-1.813448588709683,64.942155577957,65.25600072004609,1.7153732809840196,10.25216129032258,-0.3785675403225799,10.260358870967742,10.374930875576037,0.38491204584170624
PKG-001,2026-03-03,46.51115625,-1.770833669354836,45.88765625,45.17741676267281,0.8987938342021963,1.07940625,-0.09362499999999985,0.9874687499999998,0.997522465437788,0.05289501398201607,62.43364516129032,4.132448588709686,63.75639213709678,65.22047076612903,1.7789619675916593,9.87359375,0.22121270161290418,10.234793346774193,10.384720766129032,0.3685249992326323
PKG-001,2026-03-04,44.74032258064516,0.3296774193548373,45.67885752688172,45.051412154377886,0.8877803258383047,0.98578125,0.040670362903225454,1.0011145833333333,0.9943575748847925,0.05283086926934191,66.56609375000001,-0.26534374999999955,64.41561088709678,65.33243951612903,1.843705967464822,10.094806451612904,-0.1357127016129045,10.073520497311828,10.288693116359449,0.3386807200562603
PKG-001,2026-03-05,45.07,0.8225624999999965,45.440492943548385,45.215938940092165,0.7366444959414179,1.0264516129032255,0.050419354838710184,1.0305463709677418,1.0041631624423963,0.05126409144984838,66.30075000000001,-0.8685625000000101,65.1001629704301,65.47727937788018,1.8790160886529679,9.95909375,0.20559375000000024,9.975831317204301,10.211626152073732,0.3442971454166532
PKG-001,2026-03-06,45.8925625,-0.4622187499999981,45.23429502688172,45.400604118663594,0.7182716813907278,1.0768709677419357,0.021254032258064326,1.0297012768817202,1.0094166186635944,0.05711107790260926,65.4321875,-1.8729687499999983,66.09967708333333,65.0798775921659,1.4486260747913535,10.1646875,-0.0963750000000001,10.072862567204302,10.124751152073731,0.24002965325038914
PKG-001,2026-03-07,45.43034375,-0.31908568548386995,45.46430208333334,45.54231394009217,0.5816518294435101,1.098125,-0.22973790322580645,1.067149193548387,1.0213764400921659,0.06634891422549957,63.55921875,3.2374062500000065,65.09738541666667,64.73248948732719,1.4848531011476864,10.0683125,-0.5566249999999986,10.06403125,10.141611463133641,0.22965345502671272
PKG-001,2026-03-08,45.11125806451613,-0.5859143145161312,45.47805477150538,45.50581955645161,0.6021580248010593,0.8683870967741936,0.18105040322580646,1.0144610215053762,1.010454061059908,0.08478056821727767,66.796625,-0.05118750000001171,65.26267708333334,65.04794484447005,1.6719276427276413,9.5116875,0.4669254032258028,9.914895833333333,9.989191820276497,0.24482830434779151
PKG-001,2026-03-09,44.52534375,0.6888125000000045,45.02231518817204,45.32585527073733,0.6870461464268752,1.0494375,-0.07409375000000007,1.0053165322580644,1.0263513824884793,0.07921503404319316,66.7454375,-2.142906249999996,65.70042708333334,65.40485109447005,1.7378385327825014,9.978612903225804,-0.398706653225803,9.852870967741934,9.950113479262672,0.21599172276339193
PKG-001,2026-03-10,45.21415625,-1.206188508064514,44.95025268817204,45.14056955645161,0.4471049713218258,0.97534375,0.14755947580645157,0.964389448924731,1.0114853110599078,0.07734133086322002,64.60253125,0.8135937499999955,66.04819791666667,65.71469196428572,1.2425873194906045,9.57990625,0.5887499999999992,9.690068884408602,9.908158122119815,0.25780836083378117
PKG-001,2026-03-11,44.00796774193549,0.7946885080645103,44.58248924731183,45.035947436635944,0.6117442065117403,1.1229032258064515,-0.1577096774193547,1.0492281586021504,1.0310741647465438,0.08656142270893176,65.416125,2.4030937500000107,65.58803124999999,65.55041071428572,1.185993142692892,10.16865625,-0.032249999999999446,9.909058467741934,9.91870809331797,0.26802781820032345
PKG-001,2026-03-12,44.80265625,-0.895343749999995,44.67492674731184,44.99775547235023,0.6175813931435008,0.9651935483870968,0.08825806451612883,1.0211468413978493,1.0223230126728111,0.09012961814002414,67.81921875,-1.5300624999999997,65.94595833333334,65.76733482142858,1.4545656160577556,10.13640625,0.5866875,9.961656249999999,9.944038450460829,0.2805659652623531
PKG-001,2026-03-13,43.9073125,0.8114294354838663,44.2393121639785,44.714148329493085,0.5935480662650401,1.0534516129032256,-0.0914828629032256,1.0471827956989246,1.0189773905529953,0.08818091860383864,66.28915625,-1.8126875000000098,66.50816666666667,65.88975892857142,1.4577166523192133,10.72309375,-0.8914687499999996,10.34271875,10.023810771889401,0.4053803479442448
PKG-001,2026-03-14,44.71874193548387,2.0250393145161283,44.47623689516129,44.61249092741936,0.5047344963589039,0.96196875,-0.08109375000000008,0.9935379704301073,0.9995264976958526,0.08265644441587265,64.47646875,0.6758538306451669,66.19494791666666,66.02079464285714,1.2379691788486078,9.831625,-0.18524999999999991,10.230375,9.989998271889402,0.41088346482803095
PKG-001,2026-03-15,46.74378125,-1.4434374999999946,45.12327856182796,44.84570852534562,0.9523163092419107,0.880875,0.2024687500000001,0.9654317876344085,1.0013104838709677,0.07942594454953178,65.15232258064516,-1.392885080645165,65.30598252688172,65.78589429723502,1.222121781973128,9.646375,0.3322321428571424,10.067031250000001,10.009239343317972,0.38722421512715205
PKG-001,2026-03-16,45.30034375,-0.3025625000000005,45.587622311827964,44.95642281105991,0.9539124823478782,1.08334375,-0.15340625000000008,0.9753958333333332,1.0061542338709677,0.0837654440261484,63.7594375,3.9412187499999973,64.46274294354838,65.3593228686636,1.3462015455354446,9.978607142857143,-0.2219404761904773,9.818869047619048,10.009238520408163,0.3872242910666992
PKG-001,2026-03-17,44.99778125,0.961281249999999,45.68063541666667,44.92551209677419,0.9476541064645407,0.9299375,0.03265625000000005,0.9647187499999998,0.9996676267281106,0.08819020143738682,67.70065625,-3.929075604838701,65.53747211021503,65.80191215437787,1.5498098337586164,9.756666666666666,0.019520833333334764,9.793882936507936,10.0344900085034,0.3593185190709555
PKG-001,2026-03-18,45.9590625,-1.2989687500000002,45.4190625,45.20423991935484,0.9193117201057442,0.96259375,0.04321874999999997,0.9919583333333332,0.9767662730414746,0.0697390675161012,63.77158064516129,1.1567943548387092,65.07722479838709,65.56697724654377,1.7319794339276924,9.7761875,0.27815624999999855,9.83715376984127,9.978423044217688,0.36546177707944244
PKG-001,2026-03-19,44.66009375,-0.747125000000004,45.205645833333335,45.18387384792627,0.9311933566143051,1.0058125,0.03360685483870962,0.9661145833333332,0.9825689804147465,0.07030324871899982,64.928375,3.440158333333329,65.46687063172043,65.15399956797235,1.4224324035317693,10.05434375,0.06509375000000084,9.862399305555556,9.966699829931972,0.3608363172366132
PKG-001,2026-03-20,43.91296875,1.7757500000000022,44.84404166666667,45.18468188364056,0.9299025689894751,1.0394193548387096,-0.020129032258064505,1.0026085349462364,0.9805643721198157,0.0681111456682,68.36853333333333,-2.329377083333327,65.68949632616487,65.45105343701997,1.8514338265150014,10.1194375,-0.21140524193548416,9.983322916666665,9.880463222789116,0.17337668705386416
PKG-001,2026-03-21,45.68871875,0.0197651209677403,44.75392708333334,45.323249999999994,0.9211277502913416,1.0192903225806451,-0.09810282258064507,1.0215073924731182,0.9887531682027649,0.06894354743008145,66.03915625,-2.1333497983871084,66.44535486111111,65.67429450844854,1.8080393090507922,9.908032258064516,-0.3531572580645168,10.027271169354838,9.891378545369761,0.17219065185339452
PKG-001,2026-03-22,45.70848387096774,0.15277419354838884,45.103390456989246,45.175350374423964,0.7151030231764077,0.9211875,0.033187499999999925,0.9932990591397847,0.9945120967741935,0.05946222881001815,63.9058064516129,0.5066451612903293,66.1044986783154,65.49622077572964,1.9255804489469976,9.554875,0.3399062500000003,9.860781586021504,9.87830711679833,0.19575051579436642
PKG-001,2026-03-23,45.86125806451613,-2.0431330645161268,45.75282022849462,45.255480990783404,0.7613730588197108,0.954375,0.06090624999999994,0.9649509408602149,0.9760879896313365,0.04574991764087364,64.41245161290323,-1.225354838709677,64.78580477150537,65.58950850614438,1.8413935682483942,9.89478125,-0.08462499999999906,9.785896169354839,9.866331989247312,0.19110078609679093
PKG-001,2026-03-24,43.818125,1.8840312499999996,45.12928897849463,45.086958669354836,0.937987054484432,1.01528125,-0.026636088709677486,0.963614583333333,0.9882799539170507,0.04266939925751866,63.18709677419355,0.9669657258064461,63.83511827956988,64.9447142953149,1.7677057613524898,9.81015625,0.8085437500000001,9.753270833333332,9.873973358294931,0.1870104986971231
PKG-001,2026-03-25,45.70215625,0.007062499999996419,45.12717977150538,45.0502577764977,0.9025327851231035,0.9886451612903224,0.08635483870967753,0.9861004704301073,0.9920015841013825,0.041165245017570955,64.1540625,0.8961310483871046,63.91787029569891,64.99935456029186,1.7309289771067753,10.6187,-1.1430749999999996,10.107879166666669,9.994332286866358,0.3300225635499478
PKG-001,2026-03-26,45.70921875,0.2379747983870999,45.0765,45.200132776497696,0.9139799922120473,1.075,-0.037218749999999856,1.0263088037634407,1.001885512672811,0.051932032054448206,65.0501935483871,-0.2954122983871059,64.1304509408602,65.01675721006144,1.7307087797549763,9.475625,1.3377499999999998,9.968160416666668,9.911658179723503,0.3810293454381646
PKG-001,2026-03-27,45.9471935483871,-0.43225604838709586,45.786189516129035,45.49073631912442,0.7441227709927299,1.03778125,-0.09350000000000014,1.0338088037634405,1.0016514976958526,0.051738037311838715,64.75478125,-0.1721249999999941,64.65301243279568,64.50050691244239,0.9074455829871865,10.813375,-0.8737943548387079,10.302566666666669,10.01079210829493,0.5118965390237842
PKG-001,2026-03-28,45.5149375,-1.418312499999999,45.72378326612903,45.46591042626728,0.7392999582247478,0.94428125,0.09128124999999998,1.0190208333333333,0.9909359158986175,0.055132262717157016,64.58265625,1.8071874999999977,64.79587701612901,64.29243548387096,0.6160351194639788,9.939580645161293,-0.11429939516129295,10.076193548387097,10.015299020737327,0.5109790765173404
PKG-001,2026-03-29,44.096625,0.6107499999999959,45.18625201612904,45.23564487327189,0.8873492076241156,1.0355625,-0.07004637096774191,1.0058749999999999,1.0072752016129032,0.04742587732188264,66.38984375,-2.080093750000003,65.24242708333333,64.64729795506912,0.9699779570060517,9.82528125,-0.012861895161289993,10.19274563172043,10.053928485023041,0.4796298096063477
PKG-001,2026-03-30,44.707375,1.1996572580645122,44.772979166666666,45.07080443548387,0.858467850501088,0.965516129032258,-0.02051612903225808,0.9817866263440859,1.0088667914746543,0.0455026368147956,64.30975,2.221406250000001,65.09408333333332,64.63262629608295,0.9748865264708669,9.81241935483871,0.9058618951612907,9.85909375,10.042162500000002,0.4851629063692774
PKG-001,2026-03-31,45.90703225806451,-0.9767822580645102,44.903677419354835,45.36921975806452,0.6986309912943014,0.945,0.06590624999999994,0.9820262096774192,0.9988266129032258,0.05124308931856981,66.53115625,-2.262027217741931,65.74358333333332,65.110349078341,0.9677938337110461,10.71828125,-0.7793780241935497,10.11866061827957,10.171894642857144,0.5319453192654383
PKG-001,2026-04-01,44.93025,0.48349193548386893,45.18155241935484,45.25894743663595,0.6982405768192574,1.01090625,0.030468750000000044,0.9738074596774192,1.0020067684331797,0.051196658693946254,64.26912903225806,-1.2482227822580612,65.03667842741935,65.12678715437788,0.9496512606412263,9.93890322580645,-0.1212258064516103,10.156534610215054,10.074780817972352,0.497732733584989
PKG-001,2026-04-02,45.41374193548387,-0.3526481854838721,45.417008064516125,45.21673646313364,0.6750289050537318,1.041375,-0.07096874999999991,0.9990937499999998,0.9972031970046084,0.04432251662791753,63.02090625,1.2768034274193596,64.60706384408601,64.836888968894,1.2417464984408986,9.81767741935484,-0.44367741935483984,10.158287298387098,10.123645449308755,0.4428745952097069
PKG-001,2026-04-03,45.06109375,-0.6494062499999984,45.13502856182796,45.090150777649775,0.5933624084145238,0.97040625,0.10771874999999997,1.0075625,0.9875781970046084,0.04125111410669841,64.29770967741936,-0.924709677419365,63.86258165322581,64.77159302995392,1.2586854195085173,9.374,1.8139062499999987,9.710193548387098,9.918020449308756,0.4014759031146949
PKG-001,2026-04-04,44.4116875,-0.035281249999997044,44.96217439516129,44.93254363479262,0.6080655482201947,1.078125,-0.08315625000000004,1.0299687499999999,1.0066987327188939,0.04826119939285352,63.373,0.7502580645161245,63.56387197580645,64.59878499423964,1.3673003174055667,11.18790625,-1.2761562499999997,10.126527889784947,10.09635267857143,0.626714424796232
PKG-001,2026-04-05,44.37640625,0.5969062499999964,44.616395833333335,44.97251238479263,0.5504253787645274,0.99496875,-0.04734374999999991,1.0144999999999997,1.000899625576037,0.04662604445365978,64.12325806451612,3.5367106854838823,63.93132258064515,64.27498703917051,1.118136808282848,9.91175,0.33128124999999997,10.157885416666666,10.108705357142856,0.6213099240527761
PKG-001,2026-04-06,44.9733125,-1.503093749999998,44.58713541666666,45.0105034562212,0.5381152513387322,0.947625,0.054187499999999944,1.00690625,0.99834375,0.04930245857840152,67.65996875,-4.044812500000006,65.0520756048387,64.75358971774195,1.7007277160025926,10.24303125,-0.7038377016129029,10.447562499999998,10.170221342165899,0.6082659322198647
PKG-001,2026-04-07,43.47021875,1.391187500000001,44.2733125,44.66238724078341,0.6400295474779834,1.0018125,0.06462499999999993,0.9814687499999999,1.0064598214285714,0.04337775310324071,63.61515625,1.2187187500000078,65.13279435483871,64.33701828917052,1.5425311602488947,9.539193548387097,-0.07378729838709752,9.897991599462365,10.001780241935483,0.5942985010377368
PKG-001,2026-04-08,44.86140625,-0.3676320564516118,44.434979166666665,44.65255241935483,0.6357420824170674,1.0664375,-0.18374999999999986,1.0052916666666665,1.014392857142857,0.04903535560521966,64.833875,0.7348024193548355,65.36966666666666,64.41769628456221,1.553121016391515,9.46540625,0.3147187500000008,9.749210349462366,9.934137816820277,0.6286041820777023
PKG-001,2026-04-09,44.49377419354839,0.7215161290322527,44.275133064516126,44.5211284562212,0.5400467898033072,0.8826875000000001,0.02531249999999996,0.9836458333333332,0.9917232142857142,0.06763587893031033,65.56867741935484,-0.6592711693548381,64.6725695564516,64.78166359447005,1.4673978727988601,9.780125,-0.7516088709677415,9.594908266129032,9.928773185483871,0.6299225845338646
PKG-001,2026-04-10,45.21529032258064,0.5380846774193557,44.85682358870968,44.54315653801843,0.5681556028896613,0.908,0.09446874999999999,0.9523749999999999,0.9828080357142858,0.07466198663901152,64.90940625,-0.4228750000000048,65.10398622311827,64.86904881912443,1.4519063705100295,9.028516129032258,1.3808276209677413,9.424682459677419,9.879418346774193,0.6911889460277294
PKG-001,2026-04-11,45.753375,1.4710937500000014,45.15414650537634,44.73482618087558,0.7219174223762417,1.00246875,0.02576458333333309,0.9310520833333333,0.9720000000000001,0.0631532501761589,64.48653125,2.1488437499999975,64.98820497311827,65.02812471198156,1.3152448628825046,10.40934375,-0.16192439516128943,9.739328293010752,9.768195132488481,0.4740849204852431
PKG-001,2026-04-12,47.22446875,-3.3394062500000032,46.06437802419355,45.141692252304146,1.1574443012496507,1.028233333333333,-0.15538958333333308,0.979567361111111,0.9767520833333333,0.0663407193660647,66.635375,0.7413437499999986,65.34377083333332,65.38699855990784,1.368828639360146,10.24741935483871,0.02539314516129032,9.89509307795699,9.816147897465438,0.5068679401657754
PKG-001,2026-04-13,43.8850625,1.4288437500000057,45.620968749999996,44.98622796658986,1.2529728945879839,0.87284375,0.16871874999999992,0.967848611111111,0.9660690476190477,0.07698074463151698,67.37671875,-5.153968749999997,66.16620833333332,65.34653427419354,1.292496454184654,10.2728125,0.4070584677419351,10.309858534946237,9.820402361751151,0.5111550827749132
PKG-001,2026-04-14,45.31390625,1.2664062499999957,45.47447916666666,45.249611895161294,1.0601208974497802,1.0415625,-0.10506249999999995,0.9808798611111108,0.9717476190476191,0.08139630828456632,62.22275,4.548437499999999,65.41161458333333,65.14761909562212,1.6586475462283095,10.679870967741936,-1.7391209677419361,10.40003427419355,9.983356278801844,0.5832962578134041
PKG-001,2026-04-15,46.5803125,-3.7721249999999955,45.259760416666666,45.495169930875576,1.1504424610930069,0.9365,0.042209677419354774,0.9503020833333332,0.953185119047619,0.07025715890467087,66.7711875,-1.591155241935482,65.45688541666665,65.42437802419354,1.7563238392545792,8.94075,1.7247500000000002,9.964477822580646,9.908405385944702,0.685667474333751
PKG-001,2026-04-16,42.8081875,0.9561874999999986,44.90080208333333,45.254371831797236,1.5139519051791304,0.9787096774193548,-0.03451612903225798,0.9855907258064515,0.9669025729646697,0.06322027530660958,65.18003225806451,-0.08067741935484207,64.72465658602148,65.36885728686636,1.7571447124085247,10.6655,-1.034374999999999,10.09537365591398,10.034887528801844,0.7377433589599002
PKG-001,2026-04-17,43.764375,1.8160937500000003,44.38429166666666,45.04709821428571,1.61607182977542,0.9441935483870968,0.023681451612903248,0.9531344086021504,0.972073079877112,0.05893480432130957,65.09935483870967,0.6104889112903322,65.68352486559138,65.39599279953917,1.7503203137340413,9.631125,0.20309374999999896,9.745791666666667,10.120974510368665,0.6276882969489277
PKG-001,2026-04-18,45.58046875,1.3749062499999951,44.05101041666668,45.02239732142857,1.6047593405001936,0.967875,-0.010031250000000047,0.9635927419354836,0.9671311155913979,0.057391394531719035,65.70984375,1.7438437499999964,65.32974361559138,65.5707517281106,1.7048618972039575,9.83421875,-0.29781249999999915,10.043614583333333,10.03881379608295,0.6212587968116782
PKG-001,2026-04-19,46.955375,10.42846875,45.43340625,44.98395535714286,1.5453400317585684,0.95784375,0.7131875,0.9566374327956989,0.9570754608294931,0.05067476984914633,67.4536875,-3.055000000000007,66.08762869623655,65.68765351382488,1.8145562703095055,9.53640625,5.1356562499999985,9.667250000000001,9.937240495391706,0.6393293453585381
PKG-001,2026-04-20,57.38384375,-0.5333124999999939,49.97322916666667,46.91235267857143,4.845050875572532,1.67103125,-0.013437499999999991,1.1989166666666664,1.0711022465437787,0.26678041112310574,64.3986875,4.5427125000000075,65.85407291666665,65.26222047811059,1.6979019350518956,14.6720625,0.12956250000000047,11.3475625,10.56570478110599,1.9145761675079647
PKG-001,2026-04-21,56.85053125,0.4465937499999981,53.72991666666667,48.560441964285715,6.028350827521886,1.65759375,-0.041031250000000075,1.4288229166666664,1.159106710829493,0.3454265270201076,68.9414,-0.3983062500000045,66.93125833333332,66.22202762096775,1.5888464784734948,14.801625,-0.04256249999999895,13.003364583333331,11.154526785714285,2.4998872680591164
PKG-001,2026-04-22,57.297125,0.015000000000000568,57.177166666666665,50.09141517857143,6.758299183094392,1.6165625,0.05228125000000006,1.648395833333333,1.2562584965437789,0.36732358089337774,68.54309375,-0.321893750000001,67.29439375,66.47515708525346,1.8158491363418656,14.7590625,-0.10054637096774499,14.744250000000001,11.985714285714286,2.606158717203168
PKG-001,2026-04-23,57.312125,-0.16199999999999903,57.153260416666676,52.163406249999994,6.365124547041404,1.66884375,-0.020714717741935562,1.6476666666666666,1.3548490783410139,0.3729861934710975,68.2212,-2.08310625,68.56856458333333,66.90960961981567,1.818145714014879,14.658516129032256,0.07017137096774384,14.73973454301075,12.55614516129032,2.704180214725931
PKG-001,2026-04-24,57.150125,0.3238749999999939,57.253125000000004,54.07565625,5.35125531241221,1.6481290322580644,-0.012612903225806216,1.644511760752688,1.4554112903225804,0.3369713293585053,66.13809375,-1.134999999999991,67.63412916666665,67.05800089285715,1.6831516865590965,14.7286875,-0.07237499999999919,14.715422043010753,13.284368375576037,2.4606089260943103
PKG-001,2026-04-25,57.474,-0.19493749999999466,57.312083333333334,55.77473214285715,3.894186219372611,1.6355161290322582,0.00826512096774179,1.650829637096774,1.550788594470046,0.2621597376848379,65.00309375,3.1010997983870965,66.45412916666665,66.95703660714285,1.7949817443268652,14.6563125,0.09956249999999933,14.681172043010752,13.973238911290322,1.957229234568683
PKG-001,2026-04-26,57.2790625,-0.23043750000000074,57.3010625,57.24954464285714,0.20189267197034766,1.64378125,-0.0024909274193547493,1.6424754704301074,1.6487796658986174,0.019212249646028308,68.1041935483871,0.6340000000000003,66.41512701612902,67.04996604262672,1.8412229881890085,14.755875,-0.10045564516128991,14.713625,14.718877304147465,0.05726626790990316
PKG-001,2026-04-27,57.048625,0.026468749999999375,57.26722916666666,57.20165625,0.2044681195546732,1.6412903225806452,0.01739717741935487,1.640195900537634,1.6445309619815667,0.016579405358547086,68.7381935483871,-2.452474798387101,67.28182694892472,67.6698954781106,1.4984024392205195,14.65541935483871,0.10038709677419355,14.689202284946235,14.716499711981568,0.05982233065994754
PKG-001,2026-04-28,57.07509375,0.21964818548386944,57.13426041666667,57.23373660714286,0.15075837570193126,1.6586875,0.004375000000000018,1.6479196908602152,1.644687211981567,0.016727523883674694,66.28571875,-0.11346068548387223,67.7093686155914,67.29051244239632,1.4584786748592369,14.755806451612903,-0.00015020161290379974,14.72236693548387,14.709954205069124,0.0507790425414655
PKG-001,2026-04-29,57.29474193548387,0.012508064516133288,57.13948689516129,57.23339616935483,0.15059397814292935,1.6630625,-0.012675403225806514,1.6543467741935485,1.651330069124424,0.012360011193663057,66.17225806451613,-1.6718518145161312,67.06539012096773,66.95182163018434,1.3929293430074494,14.75565625,-0.10849999999999937,14.722294018817204,14.709467597926267,0.050243509933843265
PKG-001,2026-04-30,57.30725,-0.24206250000000296,57.22569522849463,57.23269974078341,0.15017991540948633,1.6503870967741936,0.0033629032258064573,1.6573790322580644,1.6486934043778803,0.009679147968588432,64.50040625,-0.26615624999999454,65.6527943548387,66.42027966589862,1.5308968411543349,14.64715625,0.13187499999999908,14.719539650537635,14.707844758064514,0.05230468171563927
PKG-001,2026-05-01,57.0651875,0.4027499999999975,57.2223931451613,57.22056581221199,0.16100475116861074,1.65375,-0.028406249999999966,1.6557331989247313,1.6494963997695853,0.009856068051284401,64.23425,1.6813629032258035,64.96897143817203,66.14830198732719,1.7437108244157145,14.77903125,0.02537500000000037,14.727281249999999,14.71503672235023,0.05871641546014235
PKG-001,2026-05-02,57.4679375,-0.45374999999999943,57.280125,57.21969974078342,0.15942280954246676,1.62534375,0.018718749999999895,1.6431602822580647,1.6480432027649772,0.012622549365145163,65.9156129032258,-1.6627691532258098,64.88342305107525,66.27866186635944,1.6766460097317348,14.80440625,-0.1274999999999995,14.743531249999998,14.73619297235023,0.06067807738411187
PKG-001,2026-05-03,57.0141875,0.5068750000000009,57.18243749999999,57.18186045506913,0.17377305906503462,1.6440625,-0.0019687500000000746,1.6410520833333333,1.6480833813364058,0.012607160450594106,64.25284375,-1.4352499999999964,64.80090221774192,65.72846903801845,1.6082723200002413,14.67690625,0.006843749999999815,14.753447916666666,14.72491172235023,0.06367579534103947
PKG-001,2026-05-04,57.5210625,-0.0359687500000021,57.33439583333333,57.2493515264977,0.20273278146396548,1.64209375,0.0221562500000001,1.6371666666666664,1.6481981566820276,0.012538479376099575,62.81759375,4.64753125,64.32868346774193,64.88266906682028,1.2862315309204453,14.68375,0.012593750000000625,14.7216875,14.72895895737327,0.05927067703769793
PKG-001,2026-05-05,57.48509375,-0.36412499999999426,57.34011458333333,57.307922955069124,0.2032231210756208,1.66425,-0.019562499999999927,1.6501354166666664,1.6489927995391707,0.013456695608251605,67.465125,-1.5408991935483982,64.8451875,65.05115567396312,1.5507076547307237,14.69634375,0.12349999999999994,14.685666666666668,14.720464285714286,0.059042254103790534
PKG-001,2026-05-06,57.12096875,-0.049625000000006025,57.375708333333336,57.283098214285715,0.21535323032530929,1.6446875,0.02356249999999993,1.65034375,1.6463677995391706,0.011964117868466427,65.9242258064516,-1.1000070564516022,65.40231485215052,65.01572249423963,1.523414897371762,14.81984375,-0.08153125000000117,14.733312499999998,14.72963392857143,0.06948039740156352
PKG-001,2026-05-07,57.07134375,0.39865625000000193,57.22580208333333,57.24939732142857,0.22897178720147837,1.66825,-0.013056451612903253,1.6590624999999999,1.6489196428571429,0.014582714166273747,64.82421875,-2.8442812500000016,66.07118985215052,65.06198142281106,1.5100166296202322,14.7383125,-0.010602822580644045,14.7515,14.74265625,0.05923236430964176
PKG-001,2026-05-08,57.47,0.208406250000003,57.220770833333326,57.30722767857143,0.22579131516981518,1.6551935483870968,-0.02091229838709685,1.6560436827956988,1.6491258640552997,0.014672338855392125,61.9799375,4.311968749999998,64.2427940188172,64.73993677995391,1.90476453051527,14.727709677419355,-0.11899092741935569,14.761955309139784,14.735324596774193,0.05711804344805742
PKG-001,2026-05-09,57.67840625,-0.9523417338709592,57.40658333333332,57.337294642857145,0.2618867556888333,1.63428125,0.024437500000000112,1.652574932795699,1.6504026497695852,0.012483505851821678,66.29190625,-1.3498124999999987,64.36535416666665,64.79369297235023,1.9482870378801678,14.60871875,0.1846683467741972,14.691580309139786,14.707369239631337,0.06501419972861452
PKG-001,2026-05-10,56.72606451612904,0.18009173387095956,57.291490255376345,57.29613421658986,0.33387942285914735,1.65871875,-0.00290625000000011,1.6493978494623651,1.6524963997695852,0.012471975322156149,64.94209375,-0.1717270833333373,64.40464583333332,64.8921572580645,1.933760270060771,14.793387096774197,-0.1758709677419361,14.709938508064518,14.724009360599078,0.0705855268776059
PKG-001,2026-05-11,56.90615625,0.27884375000000006,57.10354233870968,57.208290466589865,0.3455254995177229,1.6558125,-0.005718749999999995,1.6496041666666665,1.6544562211981566,0.011613182946585041,64.77036666666666,3.901570833333338,65.33478888888887,65.17112481758832,1.712835446303722,14.61751612903226,0.15845262096773993,14.67320732526882,14.714547379032258,0.08060933384234245
PKG-001,2026-05-12,57.185,0.09151612903225725,56.93907358870968,57.16541993087558,0.3233636841087144,1.65009375,0.012375000000000025,1.6548749999999999,1.652433899769585,0.0108295942746194,68.6719375,-3.306679435483872,66.12813263888887,65.3435266033026,2.016102988734057,14.77596875,0.0858749999999997,14.728957325268818,14.725922379032259,0.08318920857664329
PKG-001,2026-05-13,57.27651612903226,-0.18639112903225907,57.12255745967742,57.187640985023044,0.3251395762422214,1.66246875,-0.01634374999999988,1.6561249999999996,1.6549740783410136,0.010795096359386457,65.36525806451613,0.07171068548387893,66.26918741039425,65.2636740687404,2.0002772002912828,14.86184375,-0.18034375000000047,14.751776209677422,14.731922379032257,0.09212678013019117
PKG-001,2026-05-14,57.090125,-0.01853125000000233,57.183880376344085,57.19032402073733,0.32409576617884805,1.646125,0.006249999999999867,1.6528958333333332,1.6518133640552992,0.009410365919816446,65.43696875,-1.3600655241935584,66.49138810483869,65.3512097830261,1.9912276710815873,14.6815,0.2644354838709688,14.773104166666668,14.723806307603686,0.09395437727623851
PKG-001,2026-05-15,57.07159375,-0.2754687499999946,57.14607829301075,57.1334088421659,0.3009516170639462,1.652375,-0.010729838709677475,1.6536562499999998,1.6514107142857142,0.009301297592521513,64.07690322580645,-1.1538094758064474,64.95971001344084,65.65077631528418,1.4955559430757728,14.945935483870969,0.0031582661290308067,14.829759744623656,14.75498142281106,0.1261529957710782
PKG-001,2026-05-16,56.796125,0.42556249999999807,56.98594791666667,57.00736866359448,0.20370181811514082,1.6416451612903225,0.007129032258064605,1.6467150537634405,1.6524627016129032,0.0072259435215774,62.92309375,4.717968750000004,64.14565524193547,65.16951738671274,1.7714428658898986,14.94909375,-0.29446875000000006,14.85884307795699,14.80360642281106,0.12597854432797645
PKG-001,2026-05-17,57.2216875,0.031999999999996476,57.029802083333344,57.07817194700461,0.17352972362387317,1.648774193548387,-0.00493548387096765,1.6475981182795696,1.6510420506912442,0.006753082823101159,67.6410625,-0.05256250000000762,64.88035315860213,65.55508435099846,1.9934994152458343,14.654625,0.06447177419354944,14.849884744623656,14.783783266129033,0.13818097355657336
PKG-001,2026-05-18,57.2536875,-0.24565524193548072,57.0905,57.127819268433186,0.1656490786461684,1.6438387096774194,-0.021258064516129105,1.6447526881720427,1.64933150921659,0.006858984811817173,67.5885,1.0478437499999984,66.05088541666665,65.95767482718894,2.0908006133369064,14.719096774193549,0.0488407258064516,14.77427184139785,14.79829478686636,0.12222205232011668
PKG-001,2026-05-19,57.00803225806452,-0.03296975806451741,57.161135752688175,57.10253816244239,0.1689393653985897,1.6225806451612903,0.05101310483870969,1.6383978494623654,1.6454010656682028,0.012173489277772417,68.63634375,-4.123031249999997,67.95530208333332,65.95259000576037,2.083128559864363,14.7679375,-0.04703124999999986,14.71388642473118,14.797147465437787,0.122503931201243
PKG-001,2026-05-20,56.9750625,0.3836250000000021,57.07892741935484,57.05947335829494,0.15504984427071275,1.67359375,0.001343749999999977,1.6466710349462363,1.6469903513824884,0.015138272936431184,64.5133125,3.773875000000004,66.91271874999998,65.83088349654378,2.1470685903582396,14.72090625,-0.01740625000000051,14.735980174731184,14.777013536866361,0.1216776938581284
PKG-001,2026-05-21,57.3586875,0.14603125000000006,57.11392741935484,57.0978394297235,0.19258271670864338,1.6749375,9.475806451653135e-05,1.6570372983870965,1.65110642281106,0.018424186186395092,68.2871875,-5.49128125,67.14561458333333,66.23805760368664,2.3229703128170294,14.7035,0.037983870967739364,14.73078125,14.780156394009216,0.11905532930569976
PKG-001,2026-05-22,57.50471875,-0.4984428879310343,57.27948958333334,57.1597144297235,0.24514993807831684,1.6750322580645165,-0.019751008064516462,1.6745211693548387,1.6543431739631338,0.020551578277323842,62.79590625,5.363312499999992,65.19880208333332,66.05505803571428,2.5599655677659934,14.74148387096774,-0.07876512096773958,14.721963373655912,14.750949020737327,0.09406238306343147
PKG-001,2026-05-23,57.00627586206897,-0.006775862068970184,57.289894037356326,57.18973598144765,0.20233141892307951,1.65528125,-0.003718749999999993,1.668417002688172,1.6562911866359449,0.019779119483822088,68.15921875,-5.54799294354838,66.41410416666666,66.80307589285714,2.236892162175283,14.66271875,0.15192641129032403,14.702567540322582,14.710038306451612,0.04060753744003521
PKG-001,2026-05-24,56.9995,0.2599062500000002,57.17016487068965,57.15799491001906,0.2135979003845261,1.6515625,-0.013218750000000057,1.6606253360215053,1.6566895161290323,0.01963001966741668,62.611225806451614,-0.33063205645161275,64.52211693548385,66.0845277937788,2.685681951557488,14.814645161290324,-0.0856774193548393,14.739615927419356,14.732898329493088,0.04849008069494254
PKG-001,2026-05-25,57.25940625,-11.92230947580645,57.08839403735632,57.15881187430478,0.21403539207999675,1.63834375,-0.6812147177419355,1.648395833333333,1.6559045218894008,0.02032706090236011,62.28059375,8.009115927419352,64.35034610215052,65.32625547235024,2.9286079937901563,14.728967741935485,-3.871561491935484,14.735443884408602,14.734308467741934,0.04816425838646314
PKG-001,2026-05-26,45.33709677419355,-0.27264516129032046,53.198667674731176,55.49153537660893,4.482306026134293,0.9571290322580644,0.08822580645161293,1.4156784274193548,1.5608400057603689,0.2665817588755101,70.28970967741935,-5.16002217741935,65.06050974462364,65.5624506048387,3.285045533511298,10.85740625,-0.7663437500000008,13.467006384408604,14.175661146313365,1.4639302613548006
PKG-001,2026-05-27,45.06445161290323,0.5023608870967706,49.22031821236559,53.7900195355951,5.870882015797258,1.0453548387096774,-0.09663608870967733,1.2136092069892472,1.4710915898617514,0.32223777672861587,65.1296875,-0.6249687500000078,65.89999697580645,65.65050417626728,3.2604054979212598,10.0910625,0.1970937500000005,11.89247883064516,13.514254896313362,2.088978903127048
PKG-001,2026-05-28,45.5668125,-0.5859687499999993,45.32278696236559,52.105465964166534,6.3485593067177035,0.94871875,0.05278125,0.9837342069892472,1.3673460541474654,0.3603242484176897,64.50471875,-1.9645312499999932,66.64137197580644,65.11015149769585,3.057731246037697,10.28815625,0.0024999999999995026,10.412208333333334,12.883491503456222,2.3234804532920372
PKG-001,2026-05-29,44.98084375,0.078125,45.20403595430108,50.316340964166535,6.338069695832235,1.0015,0.04171875000000003,0.9985245295698922,1.271127160138249,0.354346203189885,62.5401875,4.385562499999992,64.05819791666666,65.07362024769586,3.091331007709449,10.29065625,-1.0574949596774204,10.223291666666666,12.247658986175114,2.3392323022946075
PKG-001,2026-05-30,45.05896875,-0.7281874999999971,45.20220833333334,48.60958280529953,5.824092698802471,1.04321875,0.006490927419354975,0.9978124999999999,1.183689660138249,0.3173373741254478,66.92575,-1.0147812499999986,64.65688541666664,64.89741042626729,2.9163356456670275,9.23316129032258,0.5449949596774211,9.937324596774193,11.472007920506913,2.304896499857785
PKG-001,2026-05-31,44.33078125,1.9601562499999972,44.79019791666667,46.79976584101382,4.627989208638638,1.049709677419355,-0.022240927419355128,1.0314761424731183,1.097710685483871,0.24204579697918527,65.91096875,-0.11506552419353966,65.12563541666664,65.36880227534563,2.7469762170191476,9.77815625,-0.07484375000000121,9.767324596774193,10.752509504608295,1.823341767889508
PKG-001,2026-06-01,46.2909375,-3.2168437499999953,45.22689583333334,45.23284173387096,0.6024637449891757,1.02746875,-0.057242943548387104,1.040132392473118,1.0104428283410138,0.04253836274864046,65.79590322580646,-3.146746975806458,66.21087399193546,65.87098934331797,2.3859068991479297,9.7033125,0.7668437500000014,9.571543346774193,10.034558755760369,0.5208762668259653
PKG-001,2026-06-02,43.07409375,3.7435312499999966,44.56527083333333,44.9095555875576,1.0079270477739233,0.9702258064516128,-0.03181955645161283,1.0158014112903224,1.0123137960829494,0.04001586807515293,62.64915625,2.0548114919354887,64.78534274193547,64.7794817108295,1.6668686758981253,10.47015625,0.27912499999999874,9.983875,9.97923732718894,0.4318789311547947
PKG-001,2026-06-03,46.817625,-1.0824687499999968,45.39421875,45.16000892857143,1.2431914289213504,0.93840625,0.04559374999999999,0.9787002688172041,0.9970354262672811,0.04535826453069662,64.70396774193549,1.205265591397847,64.38300907258063,64.71866460253456,1.659712541187088,10.74928125,-0.7661562499999999,10.307583333333332,10.073268577188939,0.52244395377248
PKG-001,2026-06-04,45.73515625,0.4930050403225792,45.208958333333335,45.18405803571428,1.2539541693113496,0.984,0.016906250000000123,0.9642106854838707,1.0020756048387098,0.040828564958962275,65.90923333333333,-1.8742333333333363,64.42078577508958,64.91930954301075,1.713560943678919,9.983125,-0.2772187499999994,10.400854166666667,10.029692684331796,0.514189208449366
PKG-001,2026-06-05,46.22816129032258,-0.5838387096774227,46.260314180107535,45.362246255760375,1.3077337025316507,1.00090625,-0.06025000000000014,0.9744375,1.0019907834101383,0.04083057679144897,64.035,1.8992500000000092,64.88273369175626,65.1328541858679,1.4387679403503775,9.70590625,0.26371875000000067,10.146104166666666,9.946156970046081,0.5122225128524356
PKG-001,2026-06-06,45.64432258064516,-0.40904133064515946,45.86921337365592,45.44586823156682,1.3038178543619947,0.94065625,0.062156250000000135,0.9751875,0.9873389976958525,0.041956866728259455,65.93425,-2.086281250000006,65.29282777777776,64.99121132872503,1.2719827091853542,9.969625,-0.30003124999999997,9.88621875,10.051366071428571,0.40598371068856526
PKG-001,2026-06-07,45.23528125,-0.9798749999999998,45.702588373655914,45.57508251728111,1.2168058981773928,1.0028125,0.080125,0.9814583333333333,0.9806394009216589,0.033159733110467854,63.84796875,-0.2794203629032239,64.60573958333332,64.69649704301075,1.26231892319846,9.66959375,0.13669657258064305,9.781708333333333,10.035857142857143,0.41999195446512877
PKG-001,2026-06-08,44.25540625,1.172562499999998,45.04500336021505,45.284292338709676,1.2596880673075426,1.0829375,-0.06562500000000004,1.0088020833333333,0.9885635080645161,0.049040425877714136,63.568548387096776,3.5707419354838734,64.45025571236557,64.37830349462365,1.218984458415521,9.806290322580644,0.22174092741935603,9.815169690860214,10.050568260368664,0.40803584759235006
PKG-001,2026-06-09,45.42796875,-1.1056139112903196,44.972885416666664,45.62056019585253,0.802601682955389,1.0173125,-0.15290625000000002,1.0343541666666667,0.9952901785714285,0.04933436392905757,67.13929032258065,0.16430342741935533,64.85193581989246,65.01975121927804,1.3334448148476852,10.02803125,0.23640624999999993,9.834638440860216,9.987407546082949,0.3641172939480642
PKG-001,2026-06-10,44.32235483870968,0.41670766129032444,44.66857661290322,45.26409302995392,0.7334743679157241,0.86440625,0.12137500000000001,0.98821875,0.98471875,0.06796544771670605,67.30359375,-1.2917187500000011,66.00381081989245,65.39112636328726,1.5715826133191673,10.2644375,0.15084374999999994,10.032919690860213,9.918144153225807,0.20744499432732652
PKG-001,2026-06-11,44.7390625,12.43313104838709,44.82979536290323,45.12179392281106,0.7234087294635226,0.98578125,0.63421875,0.9558333333333332,0.9849732142857144,0.06796564271769033,66.011875,2.5819687500000015,66.81825302419354,65.40578945852535,1.5776892626010213,10.41528125,4.363906250000001,10.235916666666666,9.979880760368664,0.2812008404266091
PKG-001,2026-06-12,57.17219354838709,0.13724395161290914,48.74453696236559,46.68522710253456,4.655064274012949,1.62,0.03612903225806452,1.1567291666666666,1.0734151785714288,0.2503222127447971,68.59384375,-2.7469687500000077,67.30310416666664,66.0570528513825,1.8371281407682494,14.7791875,-0.22878750000000103,11.819635416666666,10.704635224654378,1.8145634640395973
PKG-001,2026-06-13,57.3094375,-0.418312499999999,53.07356451612903,48.351672091013825,6.087813406301689,1.6561290322580646,-0.03306236559139775,1.4206367607526882,1.1756255760368663,0.3226889642450623,65.846875,3.7419314516129134,66.81753124999999,66.04457070852536,1.8383979617811965,14.5504,0.12401379310344751,13.248289583333333,11.359031653225808,2.2733186925365927
PKG-001,2026-06-14,56.891125,0.40724999999999767,57.12425201612903,50.016792626728105,6.66046559610406,1.6230666666666669,0.031901075268817136,1.6330652329749105,1.2642333141321045,0.3512237789632816,69.58880645161291,-2.6577127016129083,68.00984173387094,66.86469038018434,1.9708972281162056,14.674413793103447,0.09474749721913334,14.668000431034484,12.074005945097728,2.434717913342908
PKG-001,2026-06-15,57.298375,-0.32447177419354745,57.166312500000004,51.88007387672811,6.604240575845938,1.654967741935484,-0.03856149193548397,1.6447211469534049,1.345951920122888,0.3681504593570774,66.93109375,-3.3225312500000044,67.45559173387095,67.34505400345623,1.3435790634077043,14.76916129032258,-0.11816129032258083,14.66465836114201,12.782987511918005,2.386414746747604
PKG-001,2026-06-16,56.97390322580645,-11.222403225806453,57.05446774193549,53.52949308755761,6.150464917951409,1.61640625,-0.599,1.63148021953405,1.4315367415514593,0.3481084382839179,63.6085625,-1.571468750000001,66.70948756720428,66.84066431451613,1.9565869753490668,14.651,-4.81203125,14.698191694475343,13.443411619060862,2.1219652330818075
PKG-001,2026-06-17,45.7515,0.34484375000000256,53.341259408602156,53.73365668202764,5.808087960841804,1.01740625,0.03168749999999987,1.4295934139784947,1.453393884408602,0.3091924523536866,62.03709375,3.031343750000005,64.19224999999999,66.08830717165898,2.6415618222882054,9.83896875,0.14968750000000064,13.086376680107527,13.38263036906086,2.2314677578763997
PKG-001,2026-06-18,46.09634375,-0.6387500000000017,49.607248991935485,53.92755400345622,5.47061796766453,1.04909375,-0.09544858870967754,1.2276354166666665,1.4624385272657452,0.29377548667542264,65.0684375,1.6754657258064611,63.57136458333332,65.9535303859447,2.6700259662394115,9.98865625,0.17243749999999913,11.492875,13.321683940489432,2.3296848278621276
PKG-001,2026-06-19,45.45759375,-0.4386562500000011,45.76847916666667,52.254039746543775,6.071435261819327,0.9536451612903224,0.01994858870967764,1.0067150537634406,1.3672449788786483,0.33873209901459866,66.74390322580646,-1.0728719758064642,64.61647815860213,65.68925316820277,2.4474057487203287,10.16109375,0.04859375000000021,9.996239583333333,12.661956261918005,2.496094210299539
PKG-001,2026-06-20,45.0189375,-0.9768749999999997,45.52429166666667,50.49825403225806,6.1425311094266215,0.97359375,-0.010750000000000037,0.992110887096774,1.2697399385560677,0.33994932781705534,65.67103125,-0.6607499999999931,65.82779065860213,65.66413263248849,2.4464204973953847,10.2096875,-0.05396874999999923,10.1198125,12.041854476203719,2.487925393991304
PKG-001,2026-06-21,44.0420625,0.9501955645161289,44.83953124999999,48.662673675115215,5.825407764553845,0.96284375,0.04646875000000006,0.963360887096774,1.175422379032258,0.3163511109539564,65.01028125,-1.5439687500000048,65.80840524193547,65.01005760368665,1.7291422508092882,10.15571875,-0.3140312499999993,10.1755,11.396326612903225,2.267481439137047
PKG-001,2026-06-22,44.99225806451613,-0.6871330645161322,44.6844193548387,46.90465697004608,4.488401868051019,1.0093125,0.0007187499999998792,0.9819166666666667,1.0831859158986175,0.23753734208930707,63.4663125,0.026687500000001307,64.71587499999998,64.51508885368663,1.5767798497031842,9.8416875,-0.01813911290322956,10.06903125,10.692401785714285,1.7521962568360323
PKG-001,2026-06-23,44.305125,0.970343750000005,44.44648185483871,45.09483150921659,0.7431999381306132,1.01003125,0.009187500000000126,0.9940625,0.9965609158986174,0.03426460610616296,63.493,-1.001156250000001,63.98986458333332,64.49857992511521,1.588415140342934,9.823548387096771,0.562482862903229,9.94031821236559,10.002765841013824,0.17145095868502735
PKG-001,2026-06-24,45.27546875,1.152687499999999,44.857617271505376,45.02682704493088,0.6931956126104984,1.01921875,-0.08079939516129031,1.0128541666666664,0.9968198444700461,0.03445470353472512,62.49184375,3.4123124999999987,63.15038541666666,64.5635442108295,1.4763078566550318,10.38603125,-0.13506250000000009,10.017089045698924,10.080917626728109,0.20562164397768593
PKG-001,2026-06-25,46.42815625,-2.339478830645163,45.33625,45.07422883064516,0.7839270796859958,0.9384193548387098,0.0903306451612903,0.9892231182795698,0.9810092165898617,0.03175684673174277,65.90415625,-2.767687500000001,63.96299999999999,64.68293260368664,1.555605863396683,10.25096875,-0.2169364919354848,10.153516129032257,10.118390841013824,0.2098638817584949
PKG-001,2026-06-26,44.08867741935484,0.4350725806451621,45.26410080645161,44.87866935483871,0.8410200513315814,1.02875,-0.06642741935483887,0.9954627016129032,0.9917384792626729,0.03360445213986451,63.13646875,2.746498991935489,63.84415624999999,64.16758482142858,1.3419093860474947,10.034032258064515,-0.3132197580645162,10.22367741935484,10.100239199308756,0.21104642088320702
PKG-001,2026-06-27,44.52375,0.6518951612903194,45.013527889784946,44.80792828341014,0.8480517733836347,0.9623225806451612,0.03902116935483879,0.9764973118279568,0.9901283122119816,0.034865146511630536,65.88296774193549,0.6809072580645079,64.97453091397848,64.19786146313365,1.383238680134797,9.7208125,0.10056250000000055,10.001937836021504,10.030399913594469,0.24667338710199865
PKG-001,2026-06-28,45.17564516129032,-1.2732784946236535,44.59602419354838,44.96986866359447,0.7831819029845013,1.00134375,-0.020510416666666753,0.9974721102150537,0.9956283122119816,0.032820368059438824,66.563875,-2.962187499999999,65.19443716397848,64.41980342741935,1.6367285447548785,9.821375,-0.0019687499999996305,9.85873991935484,9.982636520737326,0.2507002763230739
PKG-001,2026-06-29,43.902366666666666,0.11482688172042543,44.53392060931899,44.81416989247312,0.8803037199214149,0.9808333333333332,0.032533333333333525,0.9814998879928313,0.9915598598310292,0.032605796081145735,63.6016875,0.6743437500000056,65.34951008064515,64.43914271313365,1.6243374362857002,9.81940625,0.343375,9.787197916666665,9.979453485023042,0.25291973170502613
PKG-001,2026-06-30,44.01719354838709,-0.7010372983870923,44.36506845878136,44.77303682795699,0.9141306364837601,1.0133666666666667,-0.006804166666666722,0.9985145833333332,0.9920363479262673,0.03294334255397107,64.27603125,0.3870312499999926,64.81386458333331,64.5510043202765,1.5745190177340418,10.16278125,-0.15340624999999974,9.934520833333332,10.027915322580645,0.2505571012997122
PKG-001,2026-07-01,43.31615625,1.2107812500000037,43.74523882168459,44.493135042242706,1.027574574582252,1.0065625,-0.019187500000000024,1.0002541666666664,0.9902283122119816,0.031519375182396135,64.6630625,0.12046875000000057,64.18026041666666,64.86117842741935,1.2892904875360711,10.009375,0.03675403225806306,9.9971875,9.974107286866358,0.1951506935713376
PKG-001,2026-07-02,44.5269375,2.251156249999994,43.95342909946237,44.22153236367127,0.5882058121379357,0.987375,-0.02427822580645156,1.0024347222222223,0.9972219758064517,0.022145052436519274,64.78353125,1.2444375000000036,64.57420833333332,64.70108914170507,1.2050204740631505,10.046129032258063,0.21387096774193637,10.07276176075269,9.944844470046082,0.15866286801013635
PKG-001,2026-07-03,46.77809375,-2.868124999999999,44.873729166666664,44.60573469662058,1.1225708679877717,0.9630967741935484,0.009246975806451507,0.9856780913978493,0.9878429435483872,0.020400855526932972,66.02796875,-1.0231622983871063,65.15818749999998,65.1141605702765,1.0669756750214054,10.26,-0.12478124999999984,10.105168010752687,9.977125576036867,0.19795516833036042
PKG-001,2026-07-04,43.90996875,2.1564183467741955,45.07166666666666,44.518051660906295,1.153584463073055,0.97234375,0.07228124999999996,0.9742718413978494,0.989274539170507,0.018582066861833276,65.0048064516129,0.23075604838710717,65.2721021505376,64.98870895737326,1.0117105689819204,10.13521875,-0.6873749999999994,10.147115927419355,10.036326468894009,0.16826632199823646
PKG-001,2026-07-05,46.06638709677419,-0.6691058467741939,45.58481653225806,44.64530050883256,1.2803717042190164,1.044625,-0.13472177419354836,0.9933551747311826,0.9954575748847926,0.02805398784079073,65.2355625,0.2966250000000059,65.42277923387094,64.79895002880184,0.7603813851387338,9.44784375,0.9126250000000002,9.9476875,9.982964861751153,0.27387858604133225
PKG-001,2026-07-06,45.39728125,-0.7676038306451574,45.12454569892473,44.85885973502304,1.2603162133238646,0.9099032258064516,0.13644052419354835,0.9756239919354837,0.9853247023809523,0.043029272733100046,65.5321875,0.42071572580644556,65.25751881720429,65.07473574308756,0.5832201428364486,10.36046875,-0.1650816532258066,9.981177083333334,10.060259504608295,0.2955202792861375
PKG-001,2026-07-07,44.62967741935484,0.7175294771968836,45.36444858870968,44.94635743087557,1.2124983424067177,1.04634375,-0.004124999999999934,1.0002906586021503,0.9900357142857141,0.048115705770575744,65.95290322580645,-1.0400282258064522,65.57355107526881,65.31428888248847,0.5435107671902113,10.195387096774194,-0.18485584677419453,10.001233198924732,10.064917482718895,0.2976548038085899
PKG-001,2026-07-08,45.347206896551725,-1.113916573971082,45.12472185530219,45.23650752324011,0.9776441286194832,1.04221875,-0.019562499999999927,0.999488575268817,0.9951294642857142,0.051895788842767555,64.912875,0.1597056451612957,65.4659885752688,65.34997638248848,0.5000909658122041,10.01053125,0.2908437500000005,10.18879569892473,10.065082661290322,0.2976191630582706
PKG-001,2026-07-09,44.23329032258064,-1.023774193548391,44.73672487949574,45.19455792646591,1.018607301374146,1.02265625,-0.09259173387096764,1.0370729166666663,1.0001696428571427,0.05272381785122876,65.0725806451613,-0.6830806451612972,65.31278629032256,65.3912691532258,0.45546651927505605,10.301375,-0.5834717741935496,10.169097782258065,10.10154637096774,0.31027692247742084
PKG-001,2026-07-10,43.20951612903225,0.14392137096774604,44.26333778272154,44.68476112347052,0.986485409353916,0.9300645161290324,0.12215423387096758,0.9983131720430106,0.9954507488479264,0.05782626463638306,64.3895,-1.0940999999999974,64.79165188172041,65.15720218894009,0.4931771410145344,9.71790322580645,-0.11877419354838636,10.009936491935484,10.024103974654379,0.3310900805875484
PKG-001,2026-07-11,43.3534375,2.988820564516125,43.598747983870965,44.60525665918481,1.0775584614258036,1.05221875,-0.06078125000000001,1.0016465053763441,1.0068614631336406,0.060333107337865524,63.2954,2.8860687499999926,64.25249354838708,64.9130012672811,0.8645795176007146,9.599129032258064,0.6662459677419363,9.872802419354839,9.947519729262671,0.36169163446457536
PKG-001,2026-07-12,46.34225806451612,-2.94425806451612,44.30173723118279,44.64466679743366,1.1429634756658773,0.9914375,-0.025937499999999947,0.991240255376344,0.9992632488479263,0.058092149420875545,66.18146875,-1.0875312499999978,64.62212291666664,65.04813073156683,0.9884441186837869,10.265375,-0.13515625000000142,9.860802419354838,10.064309907834101,0.30022250050534954
PKG-001,2026-07-13,43.398,13.913656249999995,44.36456518817204,44.359055190290796,1.1729538708538378,0.9655,0.67090625,1.0030520833333332,1.0072056451612903,0.04647823610111929,65.0939375,2.869739919354842,64.85693541666664,64.98552358870968,0.9663057124235632,10.13021875,4.5234375,9.998240927419355,10.031417050691244,0.273819172138465
PKG-001,2026-07-14,57.31165625,-0.02997883064515605,49.01730477150537,46.17076645181154,5.049347790460581,1.63640625,0.015218749999999837,1.19778125,1.0915002880184332,0.2441256031788309,67.96367741935484,-3.754364919354842,66.41302788978493,65.27277704493088,1.4696062635455998,14.65365625,-0.031656249999999275,11.683083333333334,10.668312644009216,1.7771052630745057
PKG-001,2026-07-15,57.28167741935484,-0.24293548387097275,52.663777889784946,47.875690812211985,6.524341618367598,1.651625,0.005093750000000119,1.41784375,1.1785583237327188,0.32037508555611555,64.2093125,2.9571875000000034,65.75564247311826,65.17226811635945,1.5214668614222346,14.622,0.08140625000000057,13.135291666666667,11.327093894009215,2.277046218804764
PKG-001,2026-07-16,57.03874193548387,0.09669139784946879,57.210691868279575,49.705041042626725,7.102475742316656,1.65671875,-0.01462500000000011,1.6482499999999998,1.269138680875576,0.35654347598939073,67.1665,-1.4319516129032195,66.44649663978493,65.47139945276497,1.6945911395433522,14.70340625,-0.06193750000000087,14.659687499999999,11.955955501152074,2.539315994664671
PKG-001,2026-07-17,57.13543333333334,-0.19083958333333584,57.15195089605735,51.69445778609831,6.928027651713116,1.64209375,0.014968750000000197,1.6501458333333332,1.3708571428571428,0.34506935956300955,65.73454838709678,-1.734516129032258,65.70345362903224,65.66354922235023,1.6263520006135657,14.64146875,-0.16240625000000009,14.655625,12.659322004608295,2.4976250946258065
PKG-001,2026-07-18,56.94459375,-0.10146875000000222,57.039589672939066,53.636051536098314,6.049630939893306,1.6570625,-0.01968750000000008,1.6519583333333332,1.457263392857143,0.32725066290653604,64.00003225806452,2.5984838709677405,65.63369354838709,65.7642109735023,1.4696004793555275,14.4790625,0.2509375000000009,14.607979166666667,13.356455357142858,2.159224272119566
PKG-001,2026-07-19,56.843125,0.36200403225806355,56.974384027777774,55.136175384024575,5.178827137754164,1.637375,0.02356249999999993,1.6455104166666665,1.5495401785714285,0.257681770968156,66.59851612903226,-0.8506411290322546,65.44436559139784,65.82378917050691,1.4975239298655578,14.73,0.01649999999999885,14.616843750000001,13.994258928571428,1.705764251265862
PKG-001,2026-07-20,57.205129032258064,0.2364838709677457,56.99761592741935,57.108622388632874,0.17487170865835255,1.6609375,-0.01826008064516116,1.6517916666666668,1.648888392857143,0.010126942604625473,65.74787500000001,1.5485312499999964,65.44880779569891,65.91720881336406,1.4644371168792223,14.7465,-0.02804838709677604,14.651854166666666,14.653727678571428,0.08996016500216313
PKG-001,2026-07-21,57.44161290322581,-0.8058197997775309,57.16328897849462,57.127187624807995,0.20442111148399505,1.6426774193548388,0.022789247311828076,1.6469966397849458,1.6497842741935482,0.009059836984019418,67.29640625,-0.6427500000000066,66.54759912634408,65.82188436059907,1.3240091245036643,14.718451612903223,-0.02774193548386883,14.731650537634408,14.662984158986175,0.09322588453943866
PKG-001,2026-07-22,56.63579310344828,-10.98069935344828,57.09417834631072,57.034918436821336,0.26100261894065957,1.6654666666666669,-0.5977479166666668,1.656360528673835,1.6517616551459293,0.01086019330116911,66.65365625,-1.8149374999999992,66.56597916666665,66.1710763248848,1.1369485656472407,14.690709677419354,-4.2589909274193545,14.718553763440859,14.672799827188939,0.09179775322021959
PKG-001,2026-07-23,45.65509375,0.34765625,53.24416658555803,55.408682981752214,4.308840470454169,1.06771875,-0.054343750000000135,1.4586209453405017,1.5676187980030722,0.220691739082668,64.83871875,-0.014299395161287975,66.26292708333331,65.83853614631336,1.1376979584074007,10.43171875,-0.6540937499999995,13.280293346774192,14.062558755760367,1.6036226571080883
PKG-001,2026-07-24,46.00275,-1.4072187499999984,49.43121228448276,53.81829964841888,5.464755432936582,1.013375,0.06706250000000002,1.248853472222222,1.4778018337173577,0.2992766618118346,64.82441935483871,-1.5337631048387124,65.43893145161287,65.70851771313365,1.201764378549611,9.777625,0.675675,11.633351142473117,13.367723934331796,2.2388831391521533
PKG-001,2026-07-25,44.59553125,-0.2708437499999974,45.417791666666666,52.054147862704596,6.227378168363735,1.0804375,-0.05037499999999984,1.0538437499999997,1.395426833717358,0.3203289103122379,63.29065625,4.088956653225807,64.31793145161288,65.60717828341015,1.3856809080683918,10.4533,-0.5922687500000006,10.22088125,12.792615005760368,2.415889338252248
PKG-001,2026-07-26,44.3246875,-0.3358750000000015,44.974322916666665,50.26579964841888,6.4174808562133645,1.0300625,-0.09573991935483894,1.0412916666666663,1.3086679051459293,0.32606902747427446,67.3796129032258,-0.9348316532257996,65.16489616935482,65.71876353686636,1.5051181764094046,9.86103125,0.4295624999999994,10.030652083333335,12.097048041474654,2.4655343118202913
PKG-001,2026-07-27,43.9888125,1.2280937499999993,44.303010416666666,48.37775442952487,5.9637465204778755,0.9343225806451612,0.05523991935483885,1.0149408602150534,1.204865773809524,0.3105217226151248,66.44478125,-4.510468750000008,65.70501680107525,65.81832157258064,1.530204560122546,10.29059375,-0.1032066532258078,10.201641666666667,11.460490005760368,2.231606116432934
PKG-001,2026-07-28,45.21690625,0.8871249999999975,44.510135416666664,46.631367764778325,4.470011213001687,0.9895625,0.040437500000000015,0.9846491935483869,1.1115636424731183,0.2490923155678695,61.9343125,2.1253749999999982,65.25290221774192,65.0523081797235,1.9511753940863887,10.187387096774192,0.7543941532258085,10.113004032258063,10.813195074884792,1.7298331925312416
PKG-001,2026-07-29,46.10403125,-0.8031874999999999,45.10325,45.12683035714286,0.8396556071926683,1.03,-0.07625000000000004,0.9846283602150536,1.020782690092166,0.04905386224371707,64.0596875,0.9704062500000106,64.14626041666665,64.68174121543778,1.8394860494816394,10.94178125,-0.29349999999999987,10.473254032258064,10.277633870967742,0.39318603176939226
PKG-001,2026-07-30,45.30084375,0.5120312499999997,45.54059375,45.07622321428572,0.8127545858010781,0.95375,0.11944354838709692,0.9911041666666666,1.004501440092166,0.049787084196165676,65.03009375,1.2522812499999958,63.67469791666665,64.70908050115207,1.843625461041395,10.64828125,-0.497990927419357,10.59248319892473,10.30857137096774,0.4152326578286598
PKG-001,2026-07-31,45.812875,-2.066531249999997,45.73925,45.04909821428571,0.7791527139377205,1.073193548387097,-0.11347479838709695,1.018981182795699,1.0130469470046084,0.05627493280666344,66.282375,-2.172343749999996,65.12405208333331,64.91735987903226,1.938728942623027,10.150290322580643,0.02349092741935621,10.580117607526882,10.361809274193547,0.3553913058916565
PKG-001,2026-08-01,43.74634375,0.9559374999999974,44.953354166666664,44.92778571428572,0.9156876154335521,0.95971875,0.05062500000000014,0.9955540994623654,0.9958014112903226,0.0503682420158372,64.11003125,0.18606249999999136,65.14083333333332,65.03441345046083,1.846696308106473,10.17378125,-0.19316834677419337,10.324117607526881,10.321878024193548,0.3590822407443409
PKG-001,2026-08-02,44.70228125,-0.6610000000000014,44.753833333333326,44.98172767857143,0.884840806125739,1.01034375,0.006856250000000008,1.014418682795699,0.9929844470046083,0.048655025817246206,64.29609375,3.7398437500000057,64.89616666666666,64.59391071428571,1.535609564583332,9.980612903225806,0.28300000000000125,10.101561491935483,10.33896111751152,0.33557901272060503
PKG-001,2026-08-03,44.04128125,2.5065937500000004,44.16330208333333,44.98922321428572,0.8751976124374435,1.0172,-0.008450000000000069,0.9957541666666666,1.0048240783410138,0.04156883763607529,68.0359375,-4.090906250000003,65.48068749999999,64.82121875,1.9239163383117177,10.263612903225807,0.20285584677419344,10.13933568548387,10.335106710829493,0.33638113271287323
PKG-001,2026-08-04,46.547875,-1.9834375000000009,45.097145833333336,45.17936160714286,1.0583251493269474,1.00875,0.029562499999999936,1.0120979166666666,1.0075651497695852,0.04102379869024037,63.94503125,-2.103031250000001,65.42568749999998,65.10846428571429,1.5310470989538383,10.46646875,-0.8926945564516124,10.236898185483872,10.374975518433178,0.3324710129949637
PKG-001,2026-08-05,44.5644375,-1.6153124999999946,45.051197916666666,44.95941964285714,0.9920357155645703,1.0383125,-0.04853830645161272,1.0214208333333332,1.0087526497695853,0.04189255761557346,61.842,3.43359375,64.60765624999998,64.7916517857143,1.9549891891341857,9.573774193548388,0.10774193548387245,10.101285282258067,10.179545938940093,0.34557382924772334
PKG-001,2026-08-06,42.949125,2.9224999999999994,44.68714583333334,44.62345982142857,1.227425509253397,0.9897741935483872,0.09181955645161266,1.0122788978494623,1.0138989631336406,0.03577572927656806,65.27559375,0.5530624999999958,63.68754166666665,64.8267232142857,1.9621685111350358,9.68151612903226,0.19673387096773887,9.90725302419355,10.041436635944702,0.3191993294350975
PKG-001,2026-08-07,45.871625,-0.6425625000000039,44.461729166666665,44.63185267857143,1.2370768670688155,1.08159375,-0.04343750000000002,1.0365601478494624,1.0150989919354838,0.03815772677594796,65.82865625,-2.6276249999999948,64.31541666666665,64.76190625,1.9129458352380284,9.87825,0.3564062500000009,9.711180107526884,10.002573732718895,0.32029615144884216
PKG-001,2026-08-08,45.2290625,0.22406250000000227,44.68327083333333,44.843669642857144,1.1860736046537013,1.03815625,-0.009031249999999824,1.0365080645161289,1.026304349078341,0.029782037170010867,63.20103125,0.8823881048387108,64.76842708333331,64.63204910714286,1.9937201499738184,10.23465625,-0.13150000000000084,9.931474126344087,10.011270161290323,0.3264859960147161
PKG-001,2026-08-09,45.453125,0.7557459677419303,45.517937499999995,44.95093303571428,1.204957169399408,1.029125,0.003093749999999895,1.0496249999999998,1.0289873847926267,0.02893856427027447,64.08341935483871,1.529455645161292,64.37103561827955,64.60166705069125,2.001299050454913,10.10315625,0.25984374999999993,10.072020833333333,10.028776353686636,0.327850716023604
PKG-001,2026-08-10,46.20887096774193,-1.5559022177419308,45.63035282258064,45.260588709677414,1.2107343291834753,1.03221875,-0.041476814516128946,1.0331666666666666,1.0311329205069124,0.028471971681210392,65.612875,1.71619166666666,64.29910853494623,64.25551526497695,1.4387939348975205,10.363,0.30290000000000106,10.233604166666666,10.042974510368664,0.34158031734047173
PKG-001,2026-08-11,44.65296875,0.006031250000006594,45.43832157258064,44.98988781682028,1.0796920011103786,0.990741935483871,0.11853931451612898,1.0173618951612904,1.028560339861751,0.031485521463512064,67.32906666666666,-0.6244537634408545,65.67512034050178,64.73894889592934,1.8318992552862585,10.6659,-0.3926499999999997,10.377352083333333,10.071464688940093,0.387958254170213
PKG-001,2026-08-12,44.659000000000006,-0.040093750000004036,45.17361323924731,45.003396745391704,1.07405852112055,1.10928125,-0.07350705645161293,1.0440806451612903,1.0386987327188941,0.0440629852390879,66.70461290322581,-2.6414879032258085,66.54885152329747,65.43360788210445,1.4276316999112544,10.27325,-0.006968750000000412,10.434050000000001,10.171389804147465,0.32305725083042053
PKG-001,2026-08-13,44.61890625,1.309156250000001,44.64362500000001,45.24193692396314,0.6391531976414492,1.035774193548387,-0.024961693548387176,1.0452657930107525,1.0452701612903226,0.03864784748449368,64.063125,2.8612499999999983,66.03226818996414,65.26039806067588,1.5205282520706465,10.26628125,0.00021875000000015632,10.401810416666669,10.254927678571429,0.24026861966239885
PKG-001,2026-08-14,45.9280625,-0.7610302419354795,45.068656250000004,45.24999942396313,0.6487047435694329,1.0108125,0.027054166666666823,1.0519559811827957,1.0351585541474655,0.03677442912060088,66.924375,-3.60546875,65.8973709677419,65.41692931067588,1.6404483457962005,10.2665,-0.787366666666669,10.268677083333335,10.310391964285715,0.17468442676607854
PKG-001,2026-08-15,45.16703225806452,-0.3321572580645267,45.238000336021514,45.241137960829505,0.6494616466873451,1.0378666666666667,-0.11438279569892473,1.0281511200716844,1.0351171850998464,0.03677065754122036,63.31890625,2.8956249999999955,64.76880208333331,65.43376859639017,1.614307708605047,9.479133333333332,-0.021520430107525357,10.003971527777777,10.202460119047618,0.3621228898975504
PKG-001,2026-08-16,44.834875,1.2642187500000048,45.30998991935484,45.152816532258065,0.6578131635019147,0.923483870967742,0.04785987903225797,0.9907210125448027,1.0200255952380952,0.05619057673970112,66.21453125,-4.350982862903223,65.48593749999998,65.73821315284178,1.5151060523833904,9.457612903225806,0.34385584677419345,9.73441541218638,10.11023964093702,0.46047108572916357
PKG-001,2026-08-17,46.09909375,-0.5211875000000035,45.367000336021505,45.13713407258064,0.6291233283678577,0.97134375,0.06972291666666663,0.9775647625448028,1.0113291666666666,0.05864602775621138,61.86354838709677,3.221514112903236,63.798995295698894,65.20259506528417,2.111965448901717,9.80146875,0.28903125000000074,9.579404995519711,10.03002089093702,0.45800437657498183
PKG-001,2026-08-18,45.57790625,0.4402812500000053,45.50395833333334,45.26926800115207,0.6072376526834848,1.0410666666666666,0.0831333333333335,0.9786314292114694,1.0185184139784946,0.0587860914808874,65.0850625,-1.076843750000009,64.3877140456989,64.88202304147465,1.8945076677683306,10.0905,-0.38296874999999986,9.783193884408602,9.94782089093702,0.36756533547596426
PKG-001,2026-08-19,46.0181875,-1.6781875,45.89839583333333,45.46343764400922,0.5967922352171602,1.1242,-0.0873250000000001,1.0455368055555554,1.0206496639784945,0.06276110385821812,64.00821875,2.008031250000002,63.6522765456989,64.4968238767281,1.7290656040854722,9.70753125,1.047210685483872,9.8665,9.867003926651305,0.34562527626582235
PKG-001,2026-08-20,44.34,0.7604999999999933,45.31203125,45.423593894009215,0.6676740753921212,1.036875,-0.08503125,1.0673805555555553,1.0208069220430107,0.06280667953944133,66.01625,-2.0130000000000052,65.03651041666666,64.77584173387096,1.803404717728982,10.754741935483873,-0.4012580645161279,10.184257728494623,9.936784024577573,0.46749555193646364
PKG-001,2026-08-21,45.1005,-1.5956612903225746,45.15289583333333,45.30537067972351,0.6359764168646164,0.95184375,0.04237500000000005,1.0376395833333332,1.0123828149001537,0.06810206253215376,64.00325,0.5143306451612943,64.67590624999998,64.35853816244239,1.542471952854443,10.353483870967745,-1.0196451612903257,10.271919018817206,9.949210291858678,0.4787410224023896
PKG-001,2026-08-22,43.50483870967742,2.408451612903228,44.31511290322581,45.06791445852535,0.9358486054733632,0.99421875,0.0018437499999999218,0.9943124999999998,1.006147398233487,0.06737419032610721,64.51758064516129,-0.45979939516128354,64.84569354838708,64.52977736175114,1.4727818522746512,9.33383870967742,0.4672237903225813,10.14735483870968,9.92845391705069,0.5049507973949792
PKG-001,2026-08-23,45.91329032258065,1.7335221774193528,44.83954301075269,45.221973790322586,0.9788674316524743,0.9960625,-0.010218749999999943,0.9807083333333332,1.0165157738095238,0.05737539118291618,64.05778125,1.5605312499999968,64.1928706317204,64.221670218894,1.2737342011789756,9.8010625,-0.1906250000000007,9.829461693548389,9.977518145161293,0.4668222485087989
PKG-001,2026-08-24,47.6468125,-2.3504576612903207,45.688313844086025,45.443076468894006,1.3239704978765479,0.98584375,0.06971874999999994,0.9920416666666666,1.0185872023809524,0.05571032022225027,65.6183125,1.3618810483870902,64.73122479838707,64.7580650921659,0.8276701998971551,9.6104375,0.1210312499999997,9.581779569892474,9.950227966589864,0.4840935866488035
PKG-001,2026-08-25,45.29635483870968,0.5535161290322534,46.285485887096776,45.40285483870968,1.3234683591251746,1.0555625,-0.11893749999999992,1.0124895833333332,1.0206580357142856,0.056941002420893665,66.98019354838709,-1.5781290322580617,65.55209576612901,65.02879809907834,1.1851920240184737,9.73146875,0.96446875,9.714322916666667,9.898937788018433,0.48577158184476465
PKG-001,2026-08-26,45.849870967741936,-1.9132459677419362,46.26434610215054,45.37880961981567,1.311904017915412,0.936625,-0.07815625000000004,0.9926770833333333,0.9938616071428571,0.042363386656612975,65.40206451612903,-2.6610332661290315,66.00019018817203,65.22791892281107,1.0991119669993505,10.6959375,-0.47193749999999923,10.012614583333333,10.040138680875575,0.5589949927421385
PKG-001,2026-08-27,43.936625,-1.126156250000001,45.02761693548388,45.32118461981567,1.372593620387567,0.85846875,0.14515625,0.9502187499999999,0.968375,0.06151157474918756,62.74103125,4.315750000000001,65.04109643817203,64.76003052995392,1.3710695501888883,10.224,-3.125000000103739e-05,10.217135416666666,9.96431840437788,0.47570274057454504
PKG-001,2026-08-28,42.81046875,2.9065312500000076,44.19898823924731,44.994037298387106,1.6738127318822957,1.003625,-0.016468750000000032,0.9329062499999999,0.9757723214285713,0.06230072323277839,67.05678125,-0.10053125000000307,65.06662567204299,65.19624927995392,1.5625475877172295,10.22396875,-0.1674526209677385,10.381302083333333,9.945816244239632,0.4603134469083552
PKG-001,2026-08-29,45.717000000000006,-1.6426774193548397,44.15469791666667,45.31006033986176,1.5500410242192535,0.98715625,0.051156250000000014,0.9497499999999999,0.9747633928571428,0.06200870669592347,66.95625,-1.1423750000000013,65.58468749999999,65.54463061635946,1.655131128395757,10.05651612903226,-0.6842580645161309,10.168161626344087,10.049055875576036,0.37292980299309725
PKG-001,2026-08-30,44.074322580645166,1.2864899193548354,44.20059711021506,45.0473506624424,1.5861804140665545,1.0383125,-0.06446874999999996,1.0096979166666664,0.9807991071428572,0.06633288068724075,65.813875,-0.10584374999999113,66.60896874999997,65.79550115207374,1.5197573070044,9.37225806451613,0.7371612903225806,9.884247647849463,9.987798099078342,0.4480972335365427
PKG-001,2026-08-31,45.3608125,-1.615812500000004,45.05071169354839,44.72077923387098,1.1321310310488448,0.97384375,0.1415229166666666,0.9997708333333332,0.9790848214285715,0.06633584187609726,65.70803125,1.0664687499999985,66.15938541666664,65.80831811635944,1.5183916313262855,10.10941935483871,-0.6484506048387111,9.846064516129033,10.059081221198158,0.4166470344389319
PKG-001,2026-09-01,43.745,1.719437500000005,44.39337836021505,44.4991571140553,1.1523430708205993,1.1153666666666666,-0.13411666666666666,1.0425076388888888,0.9876282738095238,0.08022430583078663,66.7745,-3.003343750000006,66.09880208333331,65.77893332373272,1.4937229784619463,9.46096875,0.06456250000000097,9.647548723118279,10.0204383640553,0.46215513483057485
PKG-001,2026-09-02,45.4644375,-0.3684052419354913,44.85675,44.44409519009217,1.0842418947406194,0.98125,0.05190625000000004,1.0234868055555555,0.9940032738095238,0.07721236897748253,63.77115625,0.4742812499999971,65.41789583333332,65.54594642857143,1.6781144401159893,9.52553125,1.0487354166666663,9.698639784946236,9.853237471198158,0.38176458949998127
PKG-001,2026-09-03,45.09603225806451,0.2209364919354897,44.768489919354835,44.6097247983871,1.0823544316766942,1.03315625,-0.126625,1.0432576388888888,1.018958630952381,0.04928566219516217,64.2454375,-0.5967187499999937,64.93036458333331,65.76086160714286,1.3163626033636566,10.574266666666666,-0.3606999999999978,9.853588888888888,9.903275566436252,0.45448813367449703
PKG-001,2026-09-04,45.31696875,-1.6636139112903194,45.292479502688174,44.96779622695853,0.752142754440309,0.90653125,0.16992036290322576,0.9736458333333332,1.0050880952380952,0.06536119186325715,63.64871875,-0.07284374999999699,63.88843749999998,65.27399553571429,1.3856005165561385,10.213566666666669,-0.1619416666666691,10.104454861111114,9.90178955453149,0.4532802248028344
PKG-001,2026-09-05,43.65335483870968,0.9087076612903218,44.68878528225807,44.67298977534562,0.8116224800316226,1.0764516129032258,-0.13301411290322573,1.005379704301075,1.0178445756528416,0.06983864551307847,63.575875,1.0666733870967775,63.823343749999985,64.79108482142857,1.2871510345387354,10.051625,-0.609718749999999,10.279819444444446,9.901090821812597,0.4530056481351282
PKG-001,2026-09-06,44.5620625,-0.5234687500000064,44.51079536290323,44.742666906682025,0.7716113478237494,0.9434375,0.04588508064516117,0.9754734543010751,1.0042910042242703,0.07427000329142515,64.64254838709678,-0.8790171370967812,63.955714045698905,64.62375244815668,1.2055779509715638,9.44190625,1.1689969758064507,9.902365972222222,9.911040562596005,0.44003373125691536
PKG-001,2026-09-07,44.03859375,0.3664687500000028,44.08467036290323,44.55377851382489,0.7567658921655742,0.9893225806451612,-0.0669354838709676,1.0030705645161289,1.0065022657450078,0.07343817241451524,63.76353125,1.097906249999994,63.99398487903224,64.34596673387098,1.1361246148945017,10.610903225806451,-0.47659072580645123,10.034811491935484,9.982681115591399,0.5125597734530154
PKG-001,2026-09-08,44.4050625,0.7517500000000013,44.33523958333333,44.64807315668203,0.6760080255826908,0.9223870967741936,0.05722580645161279,0.9517157258064515,0.9789337557603687,0.06091351200547886,64.8614375,-1.0441874999999925,64.42250571236558,64.07267209101383,0.5147461181255639,10.1343125,-0.027602822580643505,10.062373991935484,10.078873079877113,0.45868347011636085
PKG-001,2026-09-09,45.1568125,-0.2775544354838715,44.533489583333335,44.6041267281106,0.6219280588383417,0.9796129032258064,0.07944959677419361,0.963774193548387,0.9786998847926267,0.06090627916937222,63.81725,-0.44290625000000006,64.14740624999997,64.07925691244239,0.5105236722939346,10.106709677419357,-0.22145967741935735,10.283975134408603,10.16189856950845,0.3891611119915991
PKG-001,2026-09-10,44.87925806451613,0.972460685483874,44.81371102150538,44.57315898617512,0.5983004062636558,1.0590625,-0.027288306451612954,0.9870208333333332,0.9824007776497695,0.06538887138921798,63.37434375,0.7333981854838711,64.01767708333331,63.95481494815668,0.5663762708970178,9.88525,0.05178125000000122,10.042090725806451,10.063467617127497,0.35292696205449037
PKG-001,2026-09-11,45.85171875,-1.4656875000000014,45.29592977150537,44.64955184331797,0.7289708820619581,1.031774193548387,0.03035080645161292,1.023483198924731,1.0002926267281107,0.05787191048188183,64.10774193548387,1.5824516129032276,63.766445228494604,64.02038968894009,0.5514048627425342,9.93703125,-0.009812500000000668,9.976330309139785,10.023962557603685,0.34877799181190033
PKG-001,2026-09-12,44.38603125,-1.6247499999999988,45.03900268817205,44.754219902073736,0.6039782135711239,1.062125,-0.13668749999999996,1.0509872311827955,0.9982459677419355,0.05490700874373983,65.6901935483871,-1.2558497983871035,64.39075974462364,64.32243519585253,0.7933384249019814,9.92721875,0.3827499999999997,9.9165,10.006190236175115,0.3502997980686592
PKG-001,2026-09-13,42.76128125,1.8567187499999989,44.33301041666667,44.49696543778801,0.9712842943584664,0.9254375,0.07676249999999996,1.006445564516129,0.9956745391705069,0.05822298626764567,64.43434375,1.5179687500000085,64.74409307795696,64.29269167626728,0.7831744664225282,10.30996875,-0.16803326612903113,10.058072916666667,10.130199164746545,0.2589971553935134
PKG-001,2026-09-14,44.618,12.478749999999998,43.92177083333333,44.57973775921659,0.9501706025346229,1.0022,0.6632193548387095,0.9965874999999998,0.9975141705069124,0.05819226944260874,65.9523125,-2.6001250000000056,65.35894993279568,64.60537471198157,0.9548219053147302,10.141935483870968,4.529595766129031,10.12637432795699,10.063203773041476,0.15281788088587217
PKG-001,2026-09-15,57.09675,-0.15693749999999795,48.15867708333334,46.39283597350231,4.814054997102123,1.6654193548387095,-0.018669354838709573,1.1976856182795697,1.1036616359447005,0.25228961811605566,63.3521875,1.9648125000000078,64.57961458333331,64.38976756912442,1.052743572902256,14.67153125,-0.06611189516128846,11.70781182795699,10.711377880184331,1.7526569259250748
PKG-001,2026-09-16,56.9398125,0.28634375000000034,52.88485416666666,48.07612168778802,6.176940414999971,1.64675,-0.004416666666666513,1.4381231182795695,1.1989669354838708,0.31566741218572925,65.31700000000001,2.5577096774193535,64.87383333333332,64.60401756912442,1.0692891998997622,14.60541935483871,0.05395564516128992,13.139628696236558,11.35405069124424,2.248613453379758
PKG-001,2026-09-17,57.22615625,0.1424062500000005,57.087572916666666,49.83996428571429,6.839258827227069,1.6423333333333334,0.0020416666666664973,1.6515008960573476,1.2822913402457756,0.34791649078662457,67.87470967741936,-1.037865927419361,65.5146323924731,65.2469269873272,1.4805560826854078,14.659375,0.09643749999999862,14.64544186827957,12.036068548387096,2.44435845671697
PKG-001,2026-09-18,57.3685625,-0.05082056451613681,57.17817708333334,51.485227678571434,7.10021378822135,1.644375,-0.008749999999999813,1.6444861111111109,1.3698057411674347,0.3514279562628612,66.83684375,-1.374781249999998,66.67618447580644,65.63679867511522,1.4898753350070997,14.7558125,-0.041999999999999815,14.67353561827957,12.724465869815669,2.433212659113018
PKG-001,2026-09-19,57.317741935483866,0.0779354838709736,57.30415356182795,53.33261491935484,6.610698025857683,1.635625,0.01896874999999998,1.6407777777777774,1.451734312596006,0.33416963128158295,65.4620625,-1.8707812500000003,66.72453864247309,65.60420852534563,1.4910073762696594,14.7138125,-0.1326874999999994,14.709666666666665,13.408264976958524,2.174970616660147
PKG-001,2026-09-20,57.39567741935484,-12.073396169354837,57.360660618279574,55.423242943548395,4.767393993153558,1.65459375,-0.65415625,1.644864583333333,1.5558994911674344,0.24434503617925177,63.59128125,-0.7210479166666701,65.29672916666665,65.48377102534563,1.62892470973621,14.581125,-4.52644758064516,14.683583333333333,14.018430155529954,1.7104109354034265
PKG-001,2026-09-21,45.32228125,-0.0045000000000001705,53.34523353494624,55.52385455069125,4.501362129265732,1.0004375,0.0259999999999998,1.4302187499999999,1.555647705453149,0.2450106914581936,62.87023333333333,2.805516666666662,63.97452569444443,65.0434740015361,1.8785806756610872,10.05467741935484,0.30344758064515887,13.116538306451615,14.005964717741936,1.7433717576316599
PKG-001,2026-09-22,45.31778125,0.4110624999999999,49.34524663978495,53.84114472926267,5.822984799273579,1.0264375,-0.0036310483870967136,1.22715625,1.4643645833333332,0.3081846852760759,65.67575,-1.4756532258064397,64.04575486111109,65.37541150153609,1.7292791133116492,10.358125,-0.6052812499999991,11.66464247311828,13.389763824884794,2.1772268878405177
PKG-001,2026-09-23,45.72884375,-0.1927469758064575,45.456302083333334,52.23957776497696,6.346855912871701,1.0228064516129032,0.025943548387096893,1.0165604838709676,1.3752297907066051,0.3356488408321459,64.20009677419355,1.0246219758064399,64.24869336917561,65.21585389784946,1.7861588167980469,9.75284375,0.6539999999999999,10.055215389784946,12.696538738479262,2.4774766614256625
PKG-001,2026-09-24,45.536096774193545,-0.06565927419354267,45.52757392473118,50.56956926843318,6.354049543786063,1.04875,-0.02362096774193545,1.0326646505376342,1.2904321716589864,0.3318812950425812,65.22471875,-2.6035624999999953,65.03352184139783,64.83728376536098,1.3582793665465727,10.40684375,-0.9619687500000005,10.172604166666666,12.08903427419355,2.4370025604996113
PKG-001,2026-09-25,45.4704375,-1.2851375000000047,45.57845934139785,48.86983712557604,5.79935174475055,1.0251290322580646,-0.03906451612903217,1.0322284946236557,1.201968461981567,0.30309530913767035,62.62115625,0.2511562500000011,64.01532392473116,64.23504269393241,1.2545688436589624,9.444875,0.3824375,9.8681875,11.330328917050691,2.2907176571348953
PKG-001,2026-09-26,44.1853,2.049075000000002,45.06394475806451,46.993773991935484,4.614025469331646,0.9860645161290325,-0.026377016129032427,1.0199811827956988,1.1091741071428571,0.2413440053003858,62.8723125,1.239493951612907,63.57272916666665,63.86507840821812,1.2136033721197532,9.8273125,0.34928125000000065,9.893010416666668,10.632257488479265,1.774086406500526
PKG-001,2026-09-27,46.234375,-1.815249999999999,45.296704166666665,45.39930221774193,0.6213019172861506,0.9596875,0.12659375000000006,0.9902936827956988,1.0099017857142858,0.029889450910936408,64.1118064516129,2.8396310483870906,63.20175840053762,63.93943915130568,1.2099725941582358,10.17659375,0.02543749999999889,9.816260416666667,10.003038738479262,0.3480796455649541
PKG-001,2026-09-28,44.419125,-0.497468750000003,44.946266666666666,45.27027989631336,0.7250729006177374,1.08628125,-0.04134375000000001,1.010677755376344,1.0221651785714285,0.04093040818359503,66.9514375,-2.2768437499999976,64.64518548387095,64.52246831797234,1.5456214488433595,10.20203125,-0.06293447580645051,10.068645833333333,10.024089285714284,0.356086652713972
PKG-001,2026-09-29,43.92165625,-0.27362499999999557,44.858385416666664,45.070833467741934,0.8843511258700211,1.0449375,-0.05016330645161282,1.0303020833333332,1.0248080357142857,0.04183942104476843,64.67459375,-0.2020453629032204,65.24594590053762,64.37944599654378,1.465353756875172,10.139096774193549,-0.522315524193548,10.172573924731182,9.992799539170507,0.33054998405757335
PKG-001,2026-09-30,43.64803125,0.1447429435483869,43.996270833333334,44.773574539170504,0.9717089763153802,0.9947741935483873,-0.0634516129032261,1.0419976478494624,1.020803427419355,0.043376241660093365,64.47254838709678,0.5590182795698979,65.36619321236559,64.41836765552995,1.4634131018234124,9.61678125,0.8410312499999986,9.985969758064515,9.973362039170508,0.35041547006215773
PRS-001,2026-01-01,,,,,,,,,,,,,,,,,,,,
PRS-001,2026-01-02,60.22328125,-1.0210624999999993,,,,2.08996875,0.12303124999999993,,,,152.16932258064514,-4.389572580645137,,,,27.346419354838712,0.47564516129031986,,,
PRS-001,2026-01-03,59.20221875,1.5722187499999976,,,,2.213,0.10487499999999983,,,,147.77975,2.367153225806419,,,,27.822064516129032,-1.7095957661290306,,,
PRS-001,2026-01-04,60.7744375,-0.30137500000000017,60.06664583333333,,,2.317875,-0.11196874999999995,2.206947916666667,,,150.14690322580643,-1.8306532258064294,150.03199193548386,,,26.11246875,0.38149999999999906,27.093650873655918,,
PRS-001,2026-01-05,60.4730625,-2.0466431451612763,60.149906249999994,,,2.20590625,0.26203125000000016,2.24559375,,,148.31625,-0.38368750000000773,148.74763440860215,,,26.49396875,1.0045473790322568,26.80950067204301,,
PRS-001,2026-01-06,58.42641935483872,2.7214243951612787,59.891306451612905,,,2.4679375,-0.2879687500000001,2.3305729166666667,,,147.9325625,2.6456249999999955,148.79857190860213,,,27.498516129032257,-0.479297379032257,26.70165120967742,,
PRS-001,2026-01-07,61.14784375,-0.22075000000000244,60.015775201612904,,,2.17996875,0.07587499999999991,2.2846041666666665,,,150.57818749999998,0.6336250000000234,148.94233333333332,,,27.01921875,0.17524791666666673,27.00390120967742,,
PRS-001,2026-01-08,60.92709375,-1.4686098790322575,60.167118951612906,60.16776526497696,0.9971658891884043,2.25584375,0.22231250000000014,2.30125,2.2472142857142856,0.11966009726090023,151.2118125,-5.358651209677419,149.90752083333334,149.73354118663593,1.7355187113095003,27.194466666666667,1.1591895833333332,27.237400515232974,27.069588988095237,0.5905339912092185
PRS-001,2026-01-09,59.45848387096774,0.6683286290322599,60.511140456989246,60.05850849654377,1.0313807609640544,2.47815625,-0.3626078629032259,2.3046562500000003,2.302669642857143,0.1244937676981645,145.8531612903226,6.174322580645139,149.2143870967742,148.8312324308756,1.8928523753448219,28.35365625,-0.319688508064516,27.522447222222223,27.21347997311828,0.7659029247440452
PRS-001,2026-01-10,60.1268125,-0.5046875000000028,60.17079670698925,60.19059331797235,0.9601897513000729,2.115548387096774,0.134951612903226,2.2831827956989246,2.288747983870968,0.1405994431940288,152.02748387096773,-0.10620262096773558,149.69748588709675,149.43805155529952,2.1614093591364405,28.033967741935484,-0.09751612903226103,27.860696886200714,27.2437518625192,0.7975017306732122
PRS-001,2026-01-11,59.622125,1.0324750000000051,59.73580712365591,60.02597724654378,0.9420172675215778,2.2505,-0.07181250000000006,2.281401545698925,2.2791229838709675,0.14057931414059377,151.92128125,-9.475410282258053,149.9339754704301,149.6915341301843,2.3538736734032577,27.936451612903223,1.1414546370967784,28.108025201612904,27.504320842933947,0.6507447235271944
PRS-001,2026-01-12,60.6546,-2.117051612903225,60.1345125,60.05191117511521,0.9587276773237676,2.1786875,-0.030655241935483968,2.1815786290322583,2.2752345910138247,0.14329225409050173,142.44587096774194,7.592254032258069,148.79821202956987,148.85290855414746,3.62697086307113,29.07790625,-2.9403437500000003,28.34944186827957,27.873454771505376,0.7120806195307885
PRS-001,2026-01-13,58.53754838709678,0.8569516129032237,59.60475779569892,60.06778675115207,0.92774451531186,2.148032258064516,0.19718649193548377,2.1924065860215056,2.229533842165899,0.12084572379222867,150.038125,-2.6599959677419633,148.13509240591398,149.15370319700463,3.625232523423731,26.1375625,3.546953629032256,27.71730678763441,27.67903282450077,0.970437752647499
PRS-001,2026-01-14,59.3945,-0.13346774193548328,59.52888279569893,59.81730907258064,0.8177079521877187,2.34521875,-0.1445624999999997,2.2239795026881723,2.2531409850230415,0.12559681055878316,147.37812903225804,-1.7279102822580512,146.62070833333334,148.69655198732718,3.617422253917003,29.684516129032257,-2.0002348790322557,28.29999495967742,28.05978959293395,1.1706319693134897
PRS-001,2026-01-15,59.26103225806452,-1.3246774193548347,59.06436021505376,59.57930028801843,0.6699704426139673,2.20065625,0.03334374999999978,2.2313024193548388,2.2452570564516128,0.12712172716148598,145.65021875,3.6410937500000102,147.68882426075268,147.90203859447004,3.5835111414419556,27.68428125,0.5744999999999969,27.835453293010755,28.12976310483871,1.1239976236469469
PRS-001,2026-01-16,57.93635483870968,2.878129032258059,58.8639623655914,59.36185328341014,0.9171380401318755,2.234,0.04864516129032248,2.2599583333333335,2.210377592165899,0.07563977003046812,149.2913125,-1.4951250000000016,147.43988676075267,148.3932030529954,3.490291265423228,28.25878125,-0.8480393145161216,28.54252620967742,28.11620953341014,1.1214169306451296
PRS-001,2026-01-17,60.81448387096774,0.8260161290322614,59.33729032258065,59.460092050691244,1.0411748285010738,2.2826451612903225,0.04203225806451627,2.2391004704301074,2.234248559907834,0.06654511072464087,147.7961875,0.7176562500000045,147.57923958333333,147.78873214285713,3.100632560278396,27.410741935483877,0.3777893145161215,27.784601478494626,28.027177275345622,1.15332051144017
PRS-001,2026-01-18,61.6405,-1.9009516129032278,60.130446236559145,59.74843133640553,1.3323048627578362,2.3246774193548387,-0.11386491935483889,2.2804408602150534,2.2448453341013823,0.0749407972121792,148.51384375,1.107833669354818,148.53378125,147.30195535714284,2.5649138026207075,27.78853125,-0.19956249999999898,27.819351478494625,28.006045794930877,1.156610292765582
PRS-001,2026-01-19,59.739548387096775,-0.4778921370967737,60.731510752688166,59.61770967741935,1.2721070237326852,2.2108125,0.05002620967741933,2.272711693548387,2.2494346198156685,0.07109932313460818,149.62167741935482,2.0261935483871127,148.64390288978495,148.32707056451613,1.5229479866068518,27.58896875,-0.9483881048387097,27.596080645161294,27.79334043778802,1.0594690226361898
PRS-001,2026-01-20,59.26165625,0.08247708333333748,60.213901545698924,59.72115365783411,1.1968471574277706,2.260838709677419,-0.09915120967741897,2.265442876344086,2.26554982718894,0.05531786546447584,151.64787096774194,-3.2672459677419283,149.92779737903228,148.55703427419354,1.8993879848499682,26.64058064516129,1.3054193548387119,27.339360215053762,27.86520017281106,0.9386120488219387
PRS-001,2026-01-21,59.34413333333334,-0.42275833333334134,59.44844599014337,59.713958419738866,1.1992871509226593,2.1616875,0.11128124999999978,2.2111129032258066,2.23933107718894,0.054755035116363766,148.380625,2.4202499999999816,149.88339112903225,148.70024798387095,1.8322927257962898,27.946,-0.2384062500000006,27.391849798387096,27.61684072580645,0.5083956183033018
PRS-001,2026-01-22,58.921375,-1.1848124999999996,59.175721527777775,59.66543595430108,1.2272125178604214,2.27296875,-0.1356562499999998,2.2318316532258065,2.2496614343317973,0.053036811189214085,150.800875,0.9478750000000105,150.27645698924732,149.43605601958527,1.3822590853085013,27.70759375,0.8079374999999978,27.431391465053764,27.62017108294931,0.5089870457431211
PRS-001,2026-01-23,57.7365625,1.505625000000002,58.66735694444444,59.636894191628265,1.2755020094624945,2.1373125,0.051124999999999865,2.19065625,2.235848934331797,0.06821403383607279,151.74875,3.58889516129031,150.31008333333332,149.78711851958525,1.6293521044548296,28.51553125,-1.9799374999999984,28.056375,27.656849654377883,0.5684535361358484
PRS-001,2026-01-24,59.2421875,0.8018124999999969,58.633375,59.41228042434716,1.1674294243636947,2.1884375,-0.06092137096774186,2.199572916666667,2.2223906970046086,0.06671958065577298,155.3376451612903,-4.6736139112903174,152.62909005376343,150.86446961405528,2.403069970266798,26.53559375,2.175562499999998,27.586239583333334,27.531828485023045,0.7101725471985894
PRS-001,2026-01-25,60.044,1.6629354838709602,59.00758333333332,59.184208995775734,0.7356788106285433,2.127516129032258,0.2274516129032258,2.151088709677419,2.1942247983870966,0.057292233070979366,150.66403125,-10.462031249999995,152.5834754704301,151.17163925691244,2.179553966241601,28.71115625,-3.026937499999999,27.920760416666667,27.66363205645161,0.8395815106722948
PRS-001,2026-01-26,61.70693548387096,-1.8859354838709592,60.331040994623656,59.4652642953149,1.2076245552625327,2.354967741935484,-0.006342741935483787,2.2236404569892474,2.2148184043778802,0.08395322668350565,140.202,8.033406250000013,148.73455880376343,149.82597105414746,4.721538878655601,25.68421875,1.6099191810344813,26.976989583333335,27.39152491359447,1.1272081312137905
PRS-001,2026-01-27,59.821,0.628870967741932,60.523978494623655,59.545170545314896,1.2104089524334072,2.348625,-0.11034375000000018,2.277036290322581,2.2273593029953918,0.09744595355769307,148.23540625,-2.048468750000012,146.36714583333335,149.33847609447005,4.67804435718958,27.29413793103448,1.855636262513908,27.229837643678156,27.484890240147784,1.0807510017814437
PRS-001,2026-01-28,60.44987096774193,-0.770419354838701,60.65926881720429,59.70313306451612,1.2512620818076203,2.23828125,-0.00782963709677409,2.313957997311828,2.238301267281106,0.09304362805453646,146.1869375,6.0129374999999925,144.87478124999998,149.0250921658986,4.824103447506225,29.14977419354839,-1.8119616935483904,27.376043624860955,27.656857982083267,1.2490224447479383
PRS-001,2026-01-29,59.67945161290323,1.167387096774192,59.98344086021505,59.81142972350229,1.2042465666340096,2.230451612903226,-0.04838911290322612,2.272452620967742,2.2322273905529957,0.09178256842081987,152.199875,-3.050218749999999,148.87407291666668,149.22494930875578,4.937578449341456,27.3378125,0.5690000000000026,27.92724154152762,27.604032089226127,1.2543274613448743
PRS-001,2026-01-30,60.84683870967742,0.8203800403225827,60.32538709677419,60.25575489631336,0.825255770315277,2.1820625,0.1560312500000003,2.2169317876344086,2.2386202476958528,0.08540671190827552,149.14965625,-3.968500000000006,149.17882291666666,148.8536502016129,4.812295772068733,27.9068125,-0.5833437500000009,28.131466397849465,27.51707226779755,1.2005509474792506
PRS-001,2026-01-31,61.66721875,-2.1107812500000023,60.73116969086022,60.60218793202764,0.8377631849541448,2.33809375,-0.2065776209677419,2.2502026209677424,2.2599997119815667,0.08938953860886799,145.18115625,-2.2158749999999827,148.8435625,147.40272321428571,3.9928653228155144,27.32346875,-0.04137499999999861,27.52269791666667,27.629625839226126,1.127936135978465
PRS-001,2026-02-01,59.5564375,-0.0668125000000046,60.69016498655915,60.53253614631336,0.9091336099312208,2.131516129032258,0.154140120967742,2.2172241263440857,2.2605711405529956,0.08840888275352352,142.96528125,9.901906249999996,145.7653645833333,146.30290178571428,4.005108233581871,27.28209375,0.24513205645160951,27.504125000000002,27.425474053511838,1.0241064742347372
PRS-001,2026-02-02,59.489625,0.49859375000000483,60.23776041666667,60.215777505760364,0.8129412775772314,2.28565625,0.010781249999999964,2.2517553763440863,2.2506694988479263,0.0795078927974789,152.8671875,-8.015312499999993,147.00454166666665,148.1122142857143,3.6331555168448415,27.52722580645161,0.9631491935483893,27.377596102150537,27.68876077586207,0.6814088987132649
PRS-001,2026-02-03,59.98821875,-0.7754687500000017,59.678093749999995,60.23966589861751,0.8017876117161744,2.2964375,-0.04640624999999998,2.2378699596774196,2.2432141417050695,0.07075707664865498,144.851875,5.803781249999986,146.89478125,147.6288526785714,3.8335814619528237,28.490375,-0.5280524193548395,27.766564852150537,27.859651785714284,0.7151154379324611
PRS-001,2026-02-04,59.21275,-1.0232661290322582,59.563531250000004,60.06293433179724,0.8802378476470288,2.25003125,-0.15790625000000036,2.2773750000000006,2.2448927131336407,0.07075992239705912,150.65565625,-0.11803125000000136,149.45823958333332,148.26724107142857,3.924447376158941,27.96232258064516,-0.34026008064516233,27.99330779569892,27.690015841013825,0.449635320048585
PRS-001,2026-02-05,58.18948387096774,3.7433911290322612,59.130150873655914,59.85008179723503,1.1324403026051417,2.092125,0.05640625000000021,2.2128645833333334,2.2251317684331795,0.0916858440162764,150.537625,-1.3011562499999911,148.68171875,148.0297767857143,3.690122667506701,27.6220625,0.5035504032258089,28.024920026881716,27.730622983870965,0.42466838218929864
PRS-001,2026-02-06,61.932875,-1.0742298387096838,59.77836962365592,60.005229838709674,1.3460146738523429,2.14853125,0.05828124999999984,2.1635625,2.2203415898617513,0.09512257077362624,149.23646875,-0.5280937500000107,150.14325,148.04217857142856,3.6946567422788896,28.125612903225807,-0.9148387096774222,27.90333266129032,27.7618801843318,0.4472498577829615
PRS-001,2026-02-07,60.85864516129032,-1.3640826612903183,60.32700134408602,59.88971932603687,1.207148488184227,2.2068125,-0.04159374999999965,2.1491562499999994,2.201587125576037,0.07973411687629478,148.708375,4.1963750000000175,149.49415624999997,148.54606696428573,3.4733263362886118,27.210774193548385,1.1580645161290342,27.65281653225806,27.745780961981563,0.4672425395023813
PRS-001,2026-02-08,59.4945625,-1.49140120967742,60.76202755376344,59.88088004032259,1.2102183030309224,2.16521875,0.14140624999999973,2.1735208333333333,2.2064017857142857,0.0757139615966229,152.90475,0.0681874999999934,150.28319791666667,149.96599107142856,2.772593020888137,28.36883870967742,-1.7308387096774176,27.90174193548387,27.90103024193548,0.4680406496322222
PRS-001,2026-02-09,58.00316129032258,1.4104324596774163,59.452122983870964,59.66852808179724,1.4050423340860023,2.306625,-0.07059375000000001,2.22621875,2.2093973214285714,0.0796829486328631,152.9729375,-11.442531250000002,151.5286875,149.9810982142857,2.7912607928930413,26.638,0.5925624999999997,27.405870967741937,27.773997983870967,0.6654481662987638
PRS-001,2026-02-10,59.41359375,0.2661250000000024,58.97043918010752,59.58643879608295,1.4000287257667494,2.23603125,-0.1677187499999997,2.235958333333333,2.200767857142857,0.07154058720446482,141.53040625,6.8417187500000125,149.13603125,149.50660267857143,3.8789187213929854,27.2305625,0.6854062499999998,27.41246706989247,27.594024769585253,0.6072233475765115
PRS-001,2026-02-11,59.67971875,1.924968749999998,59.03215793010752,59.65314861751152,1.3903470207944524,2.0683125,0.34133266129032247,2.2036562500000003,2.174808035714286,0.08277327181844309,148.372125,-0.3712812500000098,147.62515625,149.18038392857144,3.862163630795597,27.91596875,-0.9731249999999996,27.261510416666667,27.587402793778804,0.6027739844531081
PRS-001,2026-02-12,61.6046875,-1.9758810483870946,60.23266666666667,60.14103485023041,1.3903445446150573,2.4096451612903227,-0.24114516129032282,2.237996303763441,2.2201680587557604,0.11181663299557511,148.00084375,4.471781249999992,145.96779166666667,148.81798660714284,3.8324869306818545,26.94284375,0.07884374999999721,27.363125,27.490371543778803,0.6491492482917702
PRS-001,2026-02-13,59.6288064516129,0.6979122983870951,60.30440423387097,59.81188220046083,1.1468539763571024,2.1685,0.07798387096774206,2.2154858870967744,2.223020737327189,0.10992311554632093,152.472625,-3.672374999999988,149.6151979166667,149.28029464285714,4.078661747079461,27.0216875,0.9738437500000003,27.293499999999998,27.332667914746544,0.6014438994644175
PRS-001,2026-02-14,60.32671875,-0.837781249999999,60.52007090053763,59.73589271313364,1.081709096738713,2.246483870967742,0.08817237903225816,2.2748763440860214,2.2286880760368666,0.10997085111904838,148.80025,-0.16768749999999955,149.75790625000002,149.29341964285715,4.076661927042979,27.99553125,-0.42862802419355006,27.32002083333333,27.444776065668204,0.6463952151034833
PRS-001,2026-02-15,59.4889375,0.7325000000000017,59.81482090053763,59.73508914170507,1.0819203224850684,2.33465625,-0.08574999999999999,2.2498800403225805,2.252893433179724,0.11229509630114567,148.6325625,2.7168041666666625,149.96847916666664,148.68310714285715,3.752836495809128,27.56690322580645,-1.0740645161290274,27.52804065860215,27.330213853686637,0.5125284406650744
PRS-001,2026-02-16,60.2214375,-0.004312499999997499,60.01236458333333,60.05198574308755,0.7699898220847555,2.24890625,-0.10237500000000033,2.276682123655914,2.244647897465438,0.10978313946286668,151.34936666666667,0.9973520833333396,149.59405972222223,148.45116845238095,3.4840689107211955,26.49283870967742,-0.2166774193548413,27.351757728494622,27.309476526497697,0.546982521100933
PRS-001,2026-02-17,60.217125,1.6678427419354804,59.975833333333334,60.16677592165898,0.7170303455160015,2.14653125,0.19601713709677426,2.2433645833333333,2.231862183179724,0.11599018258002229,152.34671875,-3.668750000000017,150.77621597222222,149.99635595238095,1.9747383301846242,26.27616129032258,0.28215120967741925,26.778634408602148,27.173133496543777,0.6741075917282598
PRS-001,2026-02-18,61.88496774193548,-2.2726552419354817,60.774510080645165,60.48181149193549,0.9224082309701958,2.342548387096774,-0.03236088709677398,2.2459952956989246,2.2710387384792625,0.09616102311842646,148.67796875,1.777906250000001,150.7913513888889,150.04004791666668,1.9358118258553967,26.5583125,1.3333125000000017,26.4424375,26.979182603686635,0.6177119438550587
PRS-001,2026-02-19,59.6123125,0.8790937499999956,60.571468413978494,60.19718649193549,0.819869898264785,2.3101875,0.039618951612903075,2.266422379032258,2.256830501152074,0.07787749057719277,150.455875,-0.4771653225806176,150.49352083333335,150.39076666666665,1.7145328610344042,27.891625,-0.20433467741935374,26.908699596774195,27.114722782258063,0.7061681702139341
PRS-001,2026-02-20,60.49140625,0.5505614919354826,60.66289549731183,60.32041503456221,0.7842546759245762,2.349806451612903,-0.14774395161290332,2.3341807795698926,2.28273142281106,0.07363838102786247,149.97870967741937,1.8855715725806306,149.70418447580644,150.03449304915515,1.448267827324334,27.687290322580647,-0.24794657258064845,27.37907594086022,27.209808899769587,0.7357455792167666
PRS-001,2026-02-21,61.04196774193548,-0.3872489919354791,60.381895497311824,60.42259346198157,0.8304464598172002,2.2020625,-0.015687499999999854,2.287352150537634,2.2763855126728108,0.07900143777901723,151.86428125,-2.1048749999999927,150.7662886424731,150.47221179915513,1.4758310215393893,27.43934375,0.03839818548387797,27.67275302419355,27.13035354262673,0.6632073460828933
PRS-001,2026-02-22,60.65471875,1.3049375000000012,60.72936424731182,60.589133640552994,0.7217879665780499,2.186375,0.021044354838709367,2.246081317204301,2.2552024769585253,0.08063573398869218,149.75940625,5.698531250000002,150.5341323924731,150.63318947772657,1.2916945421205641,27.477741935483877,-0.09364818548387532,27.534792002688175,27.117616215437785,0.6542210758438896
PRS-001,2026-02-23,61.95965625,-2.565375000000003,61.21878091397849,60.83745060483871,0.8599776915851427,2.2074193548387093,0.1069243951612906,2.1986189516129033,2.2492757776497694,0.08267449577318262,155.4579375,-6.520406250000008,152.36054166666668,151.22012816820276,2.2496167550900448,27.38409375,-0.07090625000000017,27.433726478494624,27.244938364055297,0.5965481448148412
PRS-001,2026-02-24,59.39428125,0.37131250000000193,60.669552083333336,60.71990149769585,1.0032097788881722,2.31434375,-0.16978124999999977,2.236046034946236,2.2732489919354837,0.07148989619703194,148.93753125,-1.333500000000015,151.38495833333334,150.73310138248848,2.3325711847181387,27.3131875,-0.6649939516129031,27.391674395161292,27.39308496543779,0.4178746127630018
PRS-001,2026-02-25,59.76559375,0.7430937499999999,60.37317708333333,60.41713378456221,0.9083157554666339,2.1445625,-0.02591733870967783,2.2221085349462366,2.244965293778802,0.0783399275769676,147.60403125,3.112468750000005,150.6665,150.57968173963133,2.5182029518380795,26.6481935483871,1.7001064516128999,27.115158266129033,27.405925115207374,0.3882823757634243
PRS-001,2026-02-26,60.5086875,-0.7349133064516096,59.889520833333336,60.54518735599078,0.8362700752359024,2.1186451612903223,0.16226108870967781,2.192517137096774,2.217602102534562,0.08493575568103613,150.7165,-0.7104666666666901,149.08602083333332,150.6169138824885,2.5179940475252667,28.3483,-1.0893625,27.436560349462365,27.471164400921662,0.504472020130569
PRS-001,2026-02-27,59.77377419354839,1.1072883064516077,60.01601848118279,60.44266849078341,0.886444289298006,2.28090625,-0.0789707661290322,2.181371303763441,2.2077592165898614,0.06968469930540395,150.0060333333333,3.588185416666704,149.4421881944444,150.62081726190476,2.5168607405393004,27.2589375,-2.2549062499999977,27.41847701612903,27.409971140552994,0.4998449179875258
PRS-001,2026-02-28,60.8810625,-1.0280937499999965,60.38784139784946,60.41968202764978,0.8702520650792391,2.201935483870968,0.042814516129031865,2.2004956317204303,2.2077410714285715,0.0696864464127891,153.59421875,-3.5963749999999948,151.4389173611111,150.8679511904762,2.734803935469814,25.00403125,2.4520937499999995,26.870422916666666,27.06206935483871,1.0359781281051772
PRS-001,2026-03-01,59.85296875,-0.24521874999999937,60.1692684811828,60.305146313364055,0.8867660918501273,2.24475,0.024875000000000203,2.2425305779569893,2.216080357142857,0.07019443337853074,149.99784375000002,-4.737843750000025,151.1993652777778,150.9020136904762,2.7201411938947815,27.456125,-0.09184374999999889,26.57303125,27.05898122119816,1.0345637963792145
PRS-001,2026-03-02,59.60775,1.2948437499999983,60.11392708333333,59.969159706221205,0.5286577494217354,2.269625,-0.11775000000000002,2.2387701612903226,2.2249668778801843,0.07280427520194102,145.26,-0.3984999999999843,149.61735416666667,149.44516547619045,2.6017314227710244,27.36428125,0.48774999999999835,26.608145833333335,27.0561508640553,1.0335527213953997
PRS-001,2026-03-03,60.90259375,-0.6925312500000018,60.12110416666667,60.18463292050692,0.5616474321549697,2.151875,0.04150000000000009,2.2220833333333334,2.201757056451613,0.06504626762670121,144.8615,2.1680624999999907,146.7064479166667,148.86287529761904,3.1356259902131427,27.85203125,-0.6925312499999983,27.557479166666667,27.133128542626732,1.0751175271374611
PRS-001,2026-03-04,60.2100625,-0.10524999999999807,60.24013541666667,60.2481284562212,0.530647102442261,2.193375,0.11634374999999997,2.2049583333333334,2.2087302707373273,0.060338991198790715,147.0295625,-0.646281249999987,145.71702083333332,148.78080833333334,3.181249876864421,27.1595,0.36684374999999747,27.458604166666664,27.20617232142857,1.0538383757106886
PRS-001,2026-03-05,60.1048125,0.2292500000000004,60.405822916666665,60.19043202764977,0.5194330863074947,2.30971875,-0.144625,2.2183229166666667,2.236026497695853,0.055845801259413394,146.38328125,6.008999999999986,146.09144791666665,148.16177708333333,3.1633563594669036,27.52634375,-1.1367812499999985,27.512625,27.08875,0.9456029849827778
PRS-001,2026-03-06,60.3340625,-1.0182560483871015,60.216312499999994,60.27047321428572,0.4866628209668491,2.16509375,0.02734375,2.222729166666667,2.2194818548387096,0.057465507317788024,152.39228125,-2.4048124999999914,148.60170833333333,148.50266964285714,3.5053143218648977,26.3895625,0.44509374999999807,27.025135416666668,26.964553571428574,0.9761246621342947
PRS-001,2026-03-07,59.3158064516129,0.886516129032259,59.91822715053763,60.04686520737327,0.5179462286286798,2.1924375,-0.03665625000000006,2.2224166666666667,2.218125,0.0580579334183762,149.98746875,0.18307963709676756,149.58767708333335,147.98741964285713,2.8327180443010485,26.83465625,-0.17037499999999994,26.916854166666667,27.22607142857143,0.4850086855276003
PRS-001,2026-03-08,60.20232258064516,-0.45712903225805945,59.95073051075269,60.096772897465435,0.5129563806202876,2.15578125,0.14096068548387075,2.1711041666666664,2.2054151785714287,0.06092538799044154,150.17054838709677,-3.3035161290322606,150.8500994623656,148.01209173387096,2.8538200757893977,26.66428125,1.8952348790322588,26.629499999999997,27.11295089285714,0.5138920638995318
PRS-001,2026-03-09,59.7451935483871,-0.39258064516128854,59.754440860215055,60.11640769009216,0.49337468172387283,2.2967419354838707,-0.06174193548387086,2.21498689516129,2.2092890264976957,0.06631244966907217,146.8670322580645,5.617592741935482,149.0083497983871,148.24166777073734,2.653109821336768,28.559516129032257,-1.5641098790322587,27.352817876344087,27.283698732718893,0.7538579199027021
PRS-001,2026-03-10,59.35261290322581,1.1946683467741863,59.76670967741936,59.89498185483871,0.42477437372164994,2.235,0.02184374999999994,2.2291743951612903,2.221164026497696,0.06159223467212593,152.484625,-0.03684375000000273,149.84073521505374,149.3306856278802,2.5983771532512923,26.99540625,0.0981098790322612,27.406401209677416,27.16132373271889,0.7147367582332096
PRS-001,2026-03-11,60.54728125,0.640156250000004,59.881695900537636,59.94315596198157,0.48176292357742034,2.25684375,-0.02823084677419363,2.26286189516129,2.23023099078341,0.061491143017293706,152.44778125,-4.492124999999987,150.5998128360215,150.10471687788018,2.6056550622049794,27.09351612903226,-0.8983598790322596,27.549479502688172,27.15189746543779,0.7151997815215705
PRS-001,2026-03-12,61.1874375,-0.6840625000000031,60.362443884408606,60.09781667626728,0.6766630428025797,2.228612903225806,0.009387096774193804,2.2401522177419353,2.2186444412442397,0.0507141358465001,147.95565625,6.695750000000004,150.9626875,150.32934187788018,2.278625811559835,26.19515625,0.765617943548385,26.76135954301075,26.96172782258065,0.7736339193243613
PRS-001,2026-03-13,60.503375,-1.0176562500000017,60.746031249999994,60.12200417626728,0.6894209478000446,2.238,-0.014687499999999964,2.2411522177419356,2.229059619815668,0.04505398790568215,154.65140625,-4.320922379032282,151.6849479166667,150.6520740207373,2.733991065155887,26.960774193548385,-0.02049294354838338,26.749815524193547,27.04332949308756,0.7322422836071096
PRS-001,2026-03-14,59.48571875,0.27200000000000557,60.39217708333333,60.14627736175115,0.65860806748027,2.2233125,0.013937499999999936,2.229975134408602,2.2334703341013826,0.04229822667686187,150.33048387096773,-3.139546370967736,150.97918212365593,150.7010761808756,2.723146294355202,26.94028125,1.1325312499999995,26.698737231182793,27.058418778801844,0.7283031859091046
PRS-001,2026-03-15,59.75771875,0.6430624999999992,59.91560416666667,60.082762528801844,0.6735707472707934,2.23725,0.03000000000000025,2.2328541666666664,2.245108726958525,0.025051169792234273,147.1909375,2.082375000000013,150.7242758736559,150.2754174827189,3.03492094818946,28.0728125,-0.7231249999999996,27.324622647849463,27.259637528801843,0.7929670565001854
PRS-001,2026-03-16,60.40078125,0.07209375000000051,59.88140625,60.176417914746544,0.6643253571296653,2.26725,0.031620967741935235,2.2426041666666667,2.240895593317972,0.015627758058016465,149.2733125,7.632913306451599,148.93157795698923,150.6191718029954,2.7026044937658873,27.3496875,0.2516249999999971,27.45426041666667,27.08680486751152,0.5600754765330506
PRS-001,2026-03-17,60.472875,-0.08084274193548424,60.21045833333333,60.33645535714287,0.5594517117026004,2.2988709677419354,-0.14799596774193535,2.267790322580645,2.250020017281106,0.02648572307846238,156.9062258064516,-5.065007056451606,151.12349193548388,151.2508290610599,3.5841926675529425,27.6013125,-0.5957187499999996,27.67460416666667,27.173362903225808,0.5896362689914885
PRS-001,2026-03-18,60.39203225806452,0.57771774193548,60.42189616935483,60.314276929723505,0.5527379371033029,2.150875,0.032156249999999886,2.2389986559139787,2.2348816244239633,0.045438485371811096,151.84121875,-1.6699520833333281,152.67358568548386,151.16417727534562,3.557666093271162,27.00559375,1.3870729166666678,27.318864583333333,27.160802563364054,0.592549888859454
PRS-001,2026-03-19,60.96975,-2.544718749999994,60.61155241935484,60.283178715437785,0.4989290588398768,2.18303125,0.2689062500000001,2.210925739247312,2.228369959677419,0.04956525620390276,150.17126666666667,0.9464833333333331,152.9729037410394,151.48069304915515,3.314913695420491,28.392666666666667,1.3684895833333321,27.666524305555555,27.474732622887863,0.5776163685509192
PRS-001,2026-03-20,58.42503125,1.9207812499999974,59.928937836021504,59.986272465437786,0.8446630082547153,2.4519375,-0.3027812500000002,2.2619479166666667,2.2589324596774194,0.09839675663766816,151.11775,-2.276330645161295,151.04341180555556,150.97588501344086,3.0062824283208642,29.76115625,-0.9011874999999989,28.38647222222222,27.87478720238095,0.9870087879397261
PRS-001,2026-03-21,60.3458125,-1.2402500000000032,59.913531250000005,60.10914300115208,0.821965978581319,2.14915625,0.1586875000000001,2.2613749999999997,2.248338709677419,0.10652697014618513,148.8414193548387,2.1026129032258325,150.04347867383512,150.76316151113673,3.110440650106334,28.85996875,-1.8736139112903203,29.00459722222222,28.149028273809524,0.950082648575646
PRS-001,2026-03-22,59.1055625,0.8046250000000015,59.29213541666667,60.01597782258064,0.9015435822500937,2.30784375,-0.04146874999999994,2.302979166666667,2.258423531105991,0.10862315375486317,150.94403225806454,-4.370594758064527,150.30106720430106,151.29931790514593,2.6866562339488285,26.98635483870968,0.22602016129032165,28.535826612903225,27.993820036482333,1.048277613414586
PRS-001,2026-03-23,59.9101875,0.27712499999999807,59.787187499999995,59.94589300115207,0.8855713526130352,2.266375,0.00490624999999989,2.2411250000000003,2.2582985311059907,0.10861180654004376,146.5734375,1.9742187499999773,148.78629637096776,150.9136214765745,3.1753384563294818,27.212375,0.8670624999999994,27.68623286290323,27.974203965053764,1.0635139724357765
PRS-001,2026-03-24,60.1873125,-1.549187499999995,59.73435416666666,59.90509835829493,0.8635530914509161,2.27128125,-0.10711995967741927,2.281833333333333,2.2543571428571427,0.107387797029704,148.54765625,-2.510937499999983,148.68837533602152,149.71954011136714,1.8349531567690431,28.0794375,-0.35956250000000267,27.426055779569893,28.042507536482336,1.0508520530562178
PRS-001,2026-03-25,58.638125,0.14881249999999824,59.578541666666666,59.65454017857143,0.9489471980767572,2.1641612903225806,0.01558870967741921,2.2339391801075266,2.2562551843317973,0.10535207140774155,146.03671875,-0.02400000000000091,147.05260416666667,148.89032582565284,2.018695830559222,27.719875,-0.08062499999999773,27.6705625,28.14454771505376,0.9645168385582562
PRS-001,2026-03-26,58.7869375,0.47146250000000123,59.204125,59.34270982142857,0.7900733131021815,2.17975,0.16503125000000018,2.205064180107527,2.255786434331797,0.10573876164403848,146.01271875,2.6916249999999877,146.86569791666668,148.29624755184332,2.184037057594873,27.63925,1.218406250000001,27.812854166666668,28.03691676267281,0.9742029395434446
PRS-001,2026-03-27,59.2584,0.09838124999999565,58.894487500000004,59.461762500000006,0.6844772268018964,2.34478125,-0.195394153225807,2.229564180107527,2.2404783986175114,0.07625461651065858,148.70434375,-2.179988911290309,146.91792708333332,147.95147523041473,1.8254541891594733,28.85765625,-0.09800000000000253,28.072260416666666,27.907845334101385,0.7391914124203577
PRS-001,2026-03-28,59.35678125,0.10112500000000324,59.13403958333333,59.32047232142857,0.5628485146243164,2.149387096774193,0.06825806451612948,2.2246394489247314,2.2405113767281106,0.07620857570469226,146.52435483870968,2.8777741935483903,147.08047244623654,147.62046601382488,1.84713292870649,28.75965625,-0.30728124999999906,28.418854166666666,27.893514976958524,0.718334762786673
PRS-001,2026-03-29,59.45790625,-0.3316250000000025,59.35769583333333,59.370807142857146,0.5561410786433001,2.2176451612903225,-0.042082661290322676,2.237271169354839,2.2276258640552995,0.07032477316678791,149.40212903225807,8.215193548387077,148.21027587365595,147.40019412442396,1.4294516974730955,28.452375,-0.8885937499999983,28.689895833333335,28.102946428571432,0.6162228042707923
PRS-001,2026-03-30,59.12628125,0.005492943548389917,59.31365625,59.258820535714285,0.5061014617441871,2.1755625,0.06840524193548436,2.1808649193548386,2.2146526497695853,0.07036146038342946,157.61732258064515,-8.430666330645153,151.1812688172043,148.97789199308755,4.0526178032198885,27.56378125,-0.09559375000000259,28.258604166666668,28.153147321428573,0.5413446191214952
PRS-001,2026-03-31,59.13177419354839,1.3983820564516094,59.23865389784945,59.108029349078336,0.2976882342940437,2.243967741935484,-0.05819354838709723,2.2123918010752686,2.2107507200460828,0.06739239759226366,149.18665625,-1.4708497983871212,152.06870262096774,149.06917770737326,4.0485061957622985,27.4681875,0.22065120967742047,27.82811458333333,28.06582589285714,0.6012051197238375
PRS-001,2026-04-01,60.53015625,-1.0809687499999967,59.59607056451613,59.378319527649765,0.5510515810157551,2.185774193548387,-0.001258064516128865,2.20176814516129,2.2138382776497694,0.06536682689463469,147.71580645161288,1.0509747983871307,151.506595094086,149.30904737903225,3.8853455169145286,27.68883870967742,0.22609879032258107,27.57360248655914,28.061392137096778,0.6042881879499563
PRS-001,2026-04-02,59.4491875,2.3320624999999993,59.70370598118279,59.47292667050691,0.4855551901621728,2.184516129032258,0.09220262096774201,2.2047526881720434,2.214519153225806,0.06497623275117365,148.76678125,-1.6432812500000011,148.55641465053762,149.70248487903226,3.6267565255592875,27.9149375,-0.06993750000000176,27.690654569892473,28.100776065668207,0.580714015183253
PRS-001,2026-04-03,61.78125,-2.0618437500000013,60.58686458333333,59.83333381336405,0.9821460173964951,2.27671875,-0.1526875000000003,2.2156696908602154,2.204795938940092,0.043913275604213625,147.1235,4.903843749999993,147.86869590053763,149.47665005760368,3.7465104897967985,27.845,-0.9162187499999987,27.81625873655914,27.956110887096774,0.4777430079164546
PRS-001,2026-04-04,59.71940625,-0.2766875000000013,60.316614583333326,59.88513738479263,0.9621812607198572,2.12403125,0.23193750000000035,2.195088709677419,2.2011736751152076,0.04988520867727999,152.02734375,-8.055937499999999,149.30587500000001,150.26279133064514,3.598191898848081,26.92878125,1.1179606854838688,27.562906249999997,27.6945573156682,0.4655246910034571
PRS-001,2026-04-05,59.44271875,-0.5873124999999959,60.314458333333334,59.88296774193548,0.963321642833397,2.35596875,-0.1435493951612905,2.2522395833333335,2.2209341877880187,0.07733914984531846,143.97140625,9.520687500000008,147.70741666666666,149.48697379032257,4.326458256965895,28.04674193548387,0.05575806451613019,27.606841061827954,27.63660973502304,0.3711514373391468
PRS-001,2026-04-06,58.85540625,-0.3941250000000025,59.33917708333333,59.844271313364054,1.0033907350287457,2.2124193548387097,-0.08225806451612927,2.2308064516129034,2.2261994527649773,0.07495322520663335,153.49209375,-1.5391905241935717,149.83028124999998,148.89765538594472,3.1574458945627706,28.1025,-0.08999999999999986,27.69267439516129,27.71356955645161,0.40759669376374563
PRS-001,2026-04-07,58.46128125,3.388687500000003,58.91980208333334,59.74848660714286,1.1091696746400037,2.1301612903225804,0.03967741935483904,2.2328497983870967,2.209941388248848,0.08242699772712928,151.95290322580644,-1.6812580645161006,149.80546774193547,149.29283352534563,3.3658739576589474,28.0125,-0.02440624999999841,28.05391397849462,27.791328485023037,0.4048934609347675
PRS-001,2026-04-08,61.84996875,-2.4296875,59.722218749999996,59.937031250000004,1.3501802591122323,2.1698387096774194,0.2371290322580646,2.170806451612903,2.207664890552995,0.08341977599511184,150.27164516129034,0.757645161290327,151.90554737903224,149.6579533410138,3.3043535792925214,27.98809375,-0.04859375000000199,28.034364583333332,27.834079205069123,0.4080545991339592
PRS-001,2026-04-09,59.42028125,0.5351250000000007,59.910510416666675,59.93290178571429,1.351964007369598,2.406967741935484,-0.26765524193548407,2.2356559139784946,2.2394436923963137,0.11095770203514174,151.02929032258066,-1.7131653225806645,151.0846129032258,149.98116892281107,3.313296814777666,27.9395,-0.008156249999998977,27.980031249999996,27.837588133640548,0.40897037939459435
PRS-001,2026-04-10,59.95540625,-0.7110312500000049,60.408552083333326,59.67206696428572,1.0858722887237553,2.1393125,0.18678427419354815,2.238706317204301,2.2198142281105993,0.11533233468247057,149.316125,-4.652899193548365,150.205686827957,150.2944010656682,3.094533508638813,27.93134375,-0.3656104166666694,27.952979166666665,27.849922955069125,0.4105303018518118
PRS-001,2026-04-11,59.244375,-0.18289112903225657,59.54002083333334,59.60420535714286,1.0972051455693794,2.326096774193548,0.03484072580645181,2.2907923387096774,2.2486807315668202,0.11261879660568705,144.66322580645163,4.658211693548367,148.33621370967742,149.24238421658987,3.6151692932731705,27.56573333333333,0.9941053763440841,27.812192361111112,27.94091610983103,0.17583808519073169
PRS-001,2026-04-12,59.06148387096774,-0.5736088709677389,59.42042170698924,59.54974323156682,1.1158599534437794,2.3609375,-0.03956249999999972,2.2754489247311827,2.2493905529953917,0.1134205274836362,149.3214375,-0.704718750000012,147.7669294354839,150.0066743951613,2.7854011821180618,28.559838709677415,-0.940935483870966,28.01897193100358,28.014215649001535,0.2943270616588822
PRS-001,2026-04-13,58.487875,1.5802217741935394,58.931244623655914,59.49723876728111,1.1616815312330173,2.321375,-0.04053125000000035,2.336136424731183,2.26495564516129,0.11496686681133096,148.61671875,-1.7365574596774138,147.5337940188172,149.31019225230415,2.3430384639490196,27.61890322580645,-0.171621975806449,27.91482508960573,27.945130395545313,0.3252790840016924
PRS-001,2026-04-14,60.06809677419354,-1.7155483870967672,59.2058185483871,59.7267838421659,1.0786456150087094,2.28084375,-0.06297708333333318,2.3210520833333335,2.286481710829493,0.09844084183187146,146.88016129032258,1.030807459677419,148.27277251344086,148.58551483294931,2.1673333504996277,27.44728125,-0.7659374999999997,27.875341061827953,27.864384859831027,0.3724949915290094
PRS-001,2026-04-15,58.352548387096775,1.4349516129032267,58.969506720430104,59.22715236175115,0.6600562850027225,2.2178666666666667,-0.004366666666666852,2.2733618055555556,2.2933428475422426,0.09029258388905467,147.91096875,3.3141250000000184,147.80261626344085,148.24827534562215,2.041236012171284,26.68134375,0.14384979838709455,27.249176075268817,27.677706288402455,0.5734188793418915
PRS-001,2026-04-16,59.7875,1.5499062499999994,59.40271505376344,59.27961218317972,0.6917938366298374,2.2135,0.012187500000000018,2.2374034722222222,2.2657045986943163,0.07856383637345613,151.22509375,2.7447127016129116,148.6720745967742,148.27624726382487,2.0865359353654855,26.825193548387094,-0.7685685483870941,26.984606182795698,27.51851965245776,0.6394938879206213
PRS-001,2026-04-17,61.33740625,1.079281250000001,59.82581821236559,59.477040754608296,1.0308932040849474,2.2256875,0.1275937500000004,2.2190180555555554,2.278043884408602,0.05999202458976883,153.96980645161293,-6.949806451612915,151.03528965053763,148.9410588997696,3.0100731496391004,26.056625,2.214987903225804,26.52105409946236,27.250702688172037,0.8081197674216232
PRS-001,2026-04-18,62.4166875,-2.1389687500000036,61.18053125,59.93022825460829,1.5014538539141604,2.35328125,-0.19957157258064528,2.2641562499999996,2.281927380952381,0.06434317916827872,147.02,1.6626874999999757,150.73830006720434,149.27774092741933,2.5482140806510793,28.271612903225805,0.6369677419354858,27.051143817204302,27.351542626728108,0.8935115983522471
PRS-001,2026-04-19,60.27771875,-0.3063749999999956,61.3439375,60.10397609447005,1.4537822343738611,2.153709677419355,0.17322782258064517,2.2442261424731185,2.252323406298003,0.06940542919792843,148.6826875,0.11573185483874227,149.8908313172043,149.18649092741936,2.5578071095666703,28.90858064516129,-1.3439243951612916,27.7456061827957,27.401362903225806,0.9778540625150797
PRS-001,2026-04-20,59.97134375,1.1487499999999997,60.88858333333334,60.3159002016129,1.2762133122915256,2.3269375,-0.09446875000000032,2.2779761424731184,2.253118049155146,0.07035315889399685,148.79841935483873,-0.9055756048387309,148.16703561827958,149.21244815668203,2.5519765550622995,27.56465625,0.26821471774193384,28.248283266129032,27.393613335253455,0.9760560041983068
PRS-001,2026-04-21,61.12009375,-1.991255040322585,60.45638541666667,60.466185483870966,1.303811308753661,2.23246875,-0.011343749999999986,2.2377053091397854,2.2462073348694314,0.06954707645769244,147.89284375,-1.7188437499999907,148.45798353494624,149.3571170794931,2.4231795953552586,27.832870967741933,-0.019548387096772757,28.102035954301073,27.44869758064516,0.9903651720437029
PRS-001,2026-04-22,59.12883870967742,2.6442237903225845,60.073425403225805,60.57708410138249,1.113140352563242,2.221125,0.034687500000000426,2.2601770833333332,2.246672811059908,0.06933636423816932,146.174,4.265281249999987,147.62175436827957,149.10897868663596,2.672098951039346,27.81332258064516,0.4161149193548397,27.736949932795696,27.610408842165896,0.9350583590061575
PRS-001,2026-04-23,61.7730625,-2.207610887096777,60.67399831989247,60.86073588709677,1.1312383771085517,2.2558125,0.08767137096774169,2.2364687500000002,2.2527174539170507,0.06778953090758312,150.43928125,-0.9053437499999859,148.16870833333334,148.9967197580645,2.583415836454458,28.2294375,-0.4747812499999995,27.958543682795696,27.811015120967742,0.8879694135551102
PRS-001,2026-04-24,59.565451612903225,1.1071935483870945,60.15578427419356,60.607599510368665,1.2027885748404747,2.343483870967742,-0.014608870967741883,2.2734737903225803,2.2695455069124426,0.07427220597928202,149.5339375,-1.250937499999992,148.71573958333332,148.3630241935484,1.4600368411763094,27.75465625,-1.1404687500000001,27.932472110215055,28.05359101382488,0.45539877317868765
PRS-001,2026-04-25,60.67264516129032,-0.1835451612903185,60.670386424731184,60.35845060483871,0.9107787397962165,2.328875,0.01793749999999994,2.3093904569892474,2.266058899769585,0.07014435420401989,148.28300000000002,1.455967741935467,149.41873958333335,148.54345276497696,1.3394684310660316,26.6141875,-0.31041330645161125,27.532760416666665,27.8168159562212,0.692367940682167
PRS-001,2026-04-26,60.4891,-1.5653666666666695,60.242398924731184,60.388647926267275,0.9111600629334011,2.3468125,-0.002749999999999808,2.3397237903225805,2.2936450172811056,0.054913904723895554,149.73896774193548,0.06021975806450541,149.18530174731185,148.69434994239631,1.4151286224555837,26.30377419354839,1.365475806451613,26.890872647849463,27.444700748847925,0.7076130461362322
PRS-001,2026-04-27,58.92373333333333,0.14375053763440349,60.02849283154122,60.2389892953149,1.0642935066700137,2.3440625,-0.06746875000000019,2.339916666666667,2.2960914458525346,0.05698663536448249,149.7991875,-3.861703629032263,149.27371841397851,148.8373168202765,1.476611718171484,27.66925,-0.23240625000000037,26.862403897849465,27.45964271313364,0.7116609148361422
PRS-001,2026-04-28,59.067483870967735,0.46914112903226624,59.49343906810035,59.945759312596,1.0638387369875295,2.27659375,-0.12707762096774156,2.322489583333333,2.302395017281106,0.05089044980431835,145.93748387096772,3.081096774193554,148.49187970430106,148.55797969470046,1.8281634747651299,27.43684375,-0.7295937500000029,27.136622647849464,27.403067396313364,0.6925294992033794
PRS-001,2026-04-29,59.536625,0.06772983870968119,59.17594740143369,60.0040144969278,1.0219909571233294,2.1495161290322584,0.10729032258064475,2.256724126344086,2.292165178571429,0.07254150404063545,149.01858064516128,4.2359818548387125,148.25175067204302,148.96434835829493,1.4958796608435334,26.70725,0.18209374999999994,27.271114583333333,27.24505702764977,0.7093029724203492
PRS-001,2026-04-30,59.60435483870968,-0.5395735887096791,59.402821236559134,59.69419911674347,0.6614493071144446,2.256806451612903,0.05693548387096792,2.2276387768817205,2.2923071716589862,0.07245941398398685,153.2545625,-3.1485937500000034,149.40354233870968,149.3665313940092,2.180374117190674,26.88934375,0.8573437500000018,27.01114583333333,27.053615063364052,0.5656325488381604
PRS-001,2026-05-01,59.06478125,0.7337812499999998,59.40192036290323,59.622674779185864,0.7034287372674991,2.313741935483871,-0.01399193548387112,2.2400215053763444,2.2880583237327192,0.06978087803570387,150.10596875,1.8856118951612757,150.79303729838708,149.44825014400922,2.198339709337129,27.7466875,1.4746028225806462,27.114427083333336,27.052476670506913,0.5639921198219285
PRS-001,2026-05-02,59.7985625,-1.0681431451612937,59.48923286290323,59.49780582757297,0.5459280831728595,2.29975,-0.04578225806451597,2.2900994623655913,2.283897609447005,0.06778119093261549,151.99158064516126,-1.8176118951612636,151.78403729838706,149.97804737903223,2.3145233934945417,29.221290322580646,-1.993196572580647,27.95244052419355,27.424919930875575,0.9529935337667037
PRS-001,2026-05-03,58.73041935483871,-0.18707560483871077,59.19792103494624,59.24656573540707,0.3984535955515479,2.253967741935484,-0.03445161290322574,2.2891532258064515,2.2706340725806453,0.062278678414026935,150.17396875,0.07054737903226282,150.75717271505374,150.04019038018433,2.3128735761956074,27.22809375,-0.006718750000000995,28.065357190860215,27.556965581797236,0.8275365506597245
PRS-001,2026-05-04,58.54334375,0.7651723790322649,59.02410853494624,59.19222436635944,0.46943602990700595,2.2195161290322583,-0.0011290322580652656,2.2577446236559138,2.252841733870968,0.05519230274232663,150.24451612903226,-0.7590161290322612,150.8033551747312,150.10380875576035,2.311263745810637,27.221375,0.01150000000000162,27.890253024193544,27.49298343894009,0.8346913303585641
PRS-001,2026-05-05,59.30851612903226,0.12860887096773865,58.86075974462366,59.226657546082954,0.4675976177696294,2.218387096774193,0.02642540322580711,2.2306236559139787,2.2445264976958526,0.05540171984506243,149.4855,-1.7022096774193756,149.9679949596774,150.61066820276497,1.4875784458236236,27.232875,1.401187499999999,27.227447916666666,27.463845046082948,0.8405176099305296
PRS-001,2026-05-06,59.437125,1.1562812499999993,59.09632829301075,59.212443260368666,0.4580188493400918,2.2448125,0.01686491935483847,2.2275719086021506,2.258140264976958,0.036723907738198024,147.78329032258063,1.5749677419354953,149.17110215053762,150.43419815668202,1.7568280574661577,28.6340625,-2.364625,27.696104166666668,27.739103974654377,0.8665467478259891
PRS-001,2026-05-07,60.59340625,-1.7443437499999987,59.77968245967742,59.35373631912442,0.6919062547810466,2.2616774193548386,-0.09420866935483874,2.2416256720430106,2.2588361175115206,0.0367405664199123,149.35825806451612,3.147259176863173,148.8756827956989,149.87758323732717,1.261818780882981,26.2694375,1.0714375000000018,27.378791666666668,27.650545938940095,0.9906520600508661
PRS-001,2026-05-08,58.8490625,1.8258749999999964,59.626531250000006,59.32291935483871,0.7114490409431101,2.16746875,0.10628125000000033,2.224652889784946,2.237939948156682,0.04158527998375795,152.5055172413793,-4.144162402669622,149.88235520949203,150.2203758789528,1.611647678408639,27.340875,-0.936812500000002,27.414791666666662,27.592572724654378,0.9959480960485867
PRS-001,2026-05-09,60.6749375,-1.9120624999999976,60.03913541666666,59.44811578341013,0.8688072350806019,2.27375,-0.125362903225807,2.2342987231182794,2.234225662442396,0.035919630063845846,148.36135483870967,-0.8478548387096794,150.07504338153504,149.70177219231684,1.5286483056173261,26.4040625,1.1303891129032273,26.671458333333334,27.190111607142857,0.772170808250973
PRS-001,2026-05-10,58.762875,2.3621874999999974,59.428958333333334,59.45275230414746,0.8644142869368172,2.148387096774193,0.08951915322580684,2.1965352822580644,2.2191427131336403,0.046774923976154945,147.5135,1.13509375000001,149.46012402669632,149.32170522803113,1.7114809946744227,27.534451612903226,0.03207963709677486,27.093129704301077,27.233877016129036,0.7832843312951249
PRS-001,2026-05-11,61.1250625,0.7460000000000022,60.187625,59.82156926843318,0.9574870023090162,2.23790625,-0.011281250000000131,2.220014448924731,2.221769873271889,0.047312750503798955,148.64859375,1.515954637096769,148.17448286290323,149.0937163167408,1.6739499030706777,27.56653125,-1.3989374999999988,27.16834845430108,27.283185051843322,0.7931676603045208
PRS-001,2026-05-12,61.8710625,-1.6882187499999972,60.586333333333336,60.18764732142857,1.1902237292304267,2.226625,0.03462500000000013,2.204306115591398,2.222946716589862,0.04731703801443276,150.16454838709677,-3.1852903225806415,148.77554737903225,149.19072322918322,1.7194943127242084,26.16759375,1.7307187499999976,27.08952553763441,27.13100201612903,0.8994984473800908
PRS-001,2026-05-13,60.18284375,1.194062499999994,61.059656249999996,60.294178571428574,1.144340575942402,2.26125,-0.04684374999999985,2.241927083333333,2.225294930875576,0.04896230315642935,146.97925806451613,-1.972726814516136,148.59746673387096,149.07586147803116,1.8510052396715657,27.8983125,0.421300403225807,27.210812500000003,27.025894873271888,0.7195863072119857
PRS-001,2026-05-14,61.37690625,-1.8840624999999989,61.14360416666667,60.40610714285714,1.214643851031808,2.21440625,-0.16850000000000032,2.23409375,2.2185419066820278,0.04629524333962101,145.00653125,7.753000000000014,147.38344590053762,148.45418621881456,2.392058463646089,28.319612903225806,-0.6938941532258056,27.461839717741938,27.31877707373272,0.7754402428282153
PRS-001,2026-05-15,59.49284375,1.0276562499999997,60.35086458333333,60.49807589285714,1.0956438257285974,2.04590625,0.12834374999999998,2.1738541666666666,2.2011758352534563,0.07952257216432372,152.75953125,-1.2877187500000105,148.24844018817205,148.4904739343318,2.4645877733771497,27.62571875,-0.3119687500000019,27.9478813844086,27.359469038018435,0.7842171727023215
PRS-001,2026-05-16,60.5205,-1.3040312500000013,60.46341666666666,60.47601339285715,1.0930407046628707,2.17425,0.20211666666666694,2.1448541666666667,2.1869615495391703,0.07301450391149078,151.4718125,1.4340312500000039,149.74595833333333,148.93482502880184,2.7060035104765867,27.31375,-0.38431250000000006,27.753027217741934,27.48942439516129,0.665964120325488
PRS-001,2026-05-17,59.21646875,1.2936250000000058,59.743270833333334,60.5408125,0.9823988477669382,2.3763666666666667,-0.12346041666666663,2.198840972222222,2.2195300595238097,0.09911950848872073,152.90584375,-0.6183125000000018,152.3790625,149.7051598502304,2.986905998943251,26.9294375,0.21659375000000125,27.28963541666667,27.40299380760369,0.6976526600586351
PRS-001,2026-05-18,60.51009375,-1.0507187500000015,60.08235416666667,60.45295982142857,0.9483506650793929,2.25290625,-0.038281250000000266,2.2678409722222224,2.2216729166666664,0.09974317406504266,152.28753125,-8.706431250000009,152.22172916666668,150.22500806451612,3.0873467476151277,27.14603125,0.7576250000000009,27.129739583333333,27.342922379032256,0.6993259409068789
PRS-001,2026-05-19,59.459375,0.7136874999999989,59.72864583333333,60.10843303571429,0.7682793059405024,2.214625,0.039000000000000146,2.2812993055555553,2.2199586309523807,0.09974699929224683,143.5811,8.914900000000017,149.59149166666666,149.28451543778803,3.981968398725652,27.90365625,-1.4873750000000001,27.326375,27.590931307603686,0.48935445861892873
PRS-001,2026-05-20,60.1730625,-0.18675000000000352,60.047510416666675,60.107035714285715,0.7681302946464273,2.253625,0.03563306451612913,2.240385416666667,2.218869345238095,0.0992613760485394,152.496,-4.109258064516183,149.45487708333334,150.07262142857144,3.995582521945085,26.41628125,1.3335624999999993,27.155322916666666,27.379212557603687,0.6335551112176122
PRS-001,2026-05-21,59.9863125,2.058343750000006,59.87291666666667,59.908379464285716,0.5269246743550958,2.289258064516129,-0.01325806451612932,2.252502688172043,2.229562461597542,0.10267357504121029,148.38674193548383,-0.09155443548382891,148.1546139784946,150.55550866935482,3.4480124104246226,27.74984375,-0.02734375,27.356593750000002,27.297816964285715,0.5188112126373746
PRS-001,2026-05-22,62.04465625,-0.4081250000000054,60.73467708333334,60.272924107142856,0.9243607406877997,2.276,-0.10616129032258037,2.272961021505376,2.262432997311828,0.06339652219426554,148.2951875,1.5134576612903459,149.72597647849463,149.9177452764977,3.3846929631901412,27.7225,0.8021562499999995,27.296208333333336,27.311642857142857,0.5301711136833376
PRS-001,2026-05-23,61.63653125,-2.7477812499999956,61.2225,60.43235714285714,1.0604130516562034,2.1698387096774194,0.049761290322580365,2.245032258064516,2.2618028129800307,0.06443264612439543,149.80864516129034,-3.0638326612903484,148.83019153225806,149.68014994239633,3.3150790797727145,28.52465625,-0.9923125000000006,27.999,27.484629464285714,0.7010010634977177
PRS-001,2026-05-24,58.88875,-0.23450000000000415,60.856645833333324,60.38554017857143,1.1281142577562246,2.2196,0.010931250000000059,2.2218129032258065,2.2394075748847926,0.040936473846776664,146.7448125,-0.5687499999999943,148.28288172043008,148.80000262096772,3.1285509435753385,27.53234375,-0.8844405241935505,27.9265,27.57075892857143,0.6570800927431877
PRS-001,2026-05-25,58.65425,0.6032187500000035,59.72651041666666,60.120419642857144,1.2990817572666131,2.23053125,-0.006434475806451179,2.2066566532258065,2.236211146313364,0.04057877969734862,146.1760625,7.87062499999999,147.5765067204301,147.92693565668202,2.831768304743304,26.64790322580645,-0.40193447580644914,27.568301075268817,27.499597782258064,0.7332970266366736
PRS-001,2026-05-26,59.25746875,1.9174687499999976,58.93348958333333,60.091575892857136,1.318304527452581,2.2240967741935487,0.03609072580645112,2.2247426747311825,2.2375642569124428,0.039891110353681876,154.0466875,-6.2051562499999875,148.98918749999999,149.42201958525348,2.9163794273347494,26.24596875,2.001156250000001,26.808738575268816,27.26278528225807,0.8408436794590778
PRS-001,2026-05-27,61.1749375,0.174062499999998,59.69555208333333,60.234700892857134,1.3814967672735963,2.2601875,0.023070564516129544,2.2382718413978497,2.2385017569124424,0.040405270751520235,147.84153125,2.7566687499999887,149.35476041666666,148.75709547811059,2.6135969178795686,28.247125,1.113062499999998,27.04699899193548,27.524334389400924,0.8180880774588845
PRS-001,2026-05-28,61.349,-1.7931874999999948,60.59380208333334,60.429370535714284,1.4356120486542059,2.2832580645161293,-0.009508064516129178,2.2558474462365594,2.2376446140552995,0.03919459333172298,150.5982,-3.0346999999999866,150.82880624999999,149.07301805875576,2.6937949584849,29.3601875,-1.0191874999999975,27.95109375,27.754383496543774,1.0773928906531878
PRS-001,2026-05-29,59.5558125,-0.003812500000002217,60.69325,60.07382142857143,1.2672109305677,2.27375,0.004406249999999723,2.2723985215053766,2.237323185483871,0.03883520080115896,147.5635,3.424531250000001,148.66774375,148.96849127304148,2.742758074129192,28.341,-1.5198125000000005,28.6494375,27.84274063940092,1.0994776120881533
PRS-001,2026-05-30,59.552,-0.4528064516129007,60.152270833333326,59.77603125,1.0680530526346566,2.27815625,0.03100000000000014,2.27838810483871,2.252797119815668,0.02734386922319598,150.98803125,1.8457499999999811,149.71657708333333,149.13697500000004,2.837554901614245,26.8211875,0.7189374999999991,28.174125,27.599387960829493,1.111839642991464
PRS-001,2026-05-31,59.0991935483871,1.7120877016129015,59.40233534946236,59.806094614055304,1.0415484111142794,2.30915625,0.06519858870967754,2.287020833333333,2.2655908698156684,0.0300407102174495,152.83378125,-4.50209375,150.46177083333336,150.00682767857143,2.9142676657197146,27.540125,-0.010843749999999375,27.5674375,27.60049956797235,1.111765328429803
PRS-001,2026-06-01,60.81128125,0.27052520161290516,59.820824932795695,60.11424193548387,0.9598532277034659,2.3743548387096776,-0.2296673387096777,2.3205557795698923,2.2861370967741936,0.04665486311656395,148.3316875,-4.572937499999995,150.71783333333335,150.31477410714288,2.530653799224486,27.52928125,-0.9164999999999992,27.29686458333333,27.726410714285713,1.0330206365587216
PRS-001,2026-06-02,61.081806451612906,-2.9778377016129056,60.33076041666667,60.37486160714286,0.9358215482589822,2.1446875,0.020377016129032643,2.276066196236559,2.274792914746544,0.06870008619000918,143.75875,1.459062500000016,148.30807291666665,148.84506875000002,2.9540731646640253,26.61278125,1.3207187499999975,27.227395833333333,27.778812499999997,0.9514927182609739
PRS-001,2026-06-03,58.10396875,1.8982570564516124,59.9990188172043,59.93615178571429,1.1849149479660939,2.1650645161290325,0.07509173387096757,2.22803561827957,2.2612039170506915,0.08047006521028768,145.2178125,2.614593749999983,145.76941666666667,148.47025178571428,3.2538637460044444,27.9335,-1.8589838709677444,27.358520833333333,27.73400892857143,0.9329693155308532
PRS-001,2026-06-04,60.00222580645161,0.2390554435483878,59.72933366935484,59.74375547235023,1.0143349145552134,2.24015625,-0.0254465725806452,2.183302755376344,2.2550465149769585,0.08014966420750397,147.83240625,1.000812499999995,145.6029895833333,148.07513839285713,3.1174684397658377,26.074516129032254,1.0695776209677454,26.873599126344086,27.264627304147467,0.7947553399687821
PRS-001,2026-06-05,60.24128125,0.9366562499999986,59.44915860215054,59.84167957949308,1.0261852770143833,2.214709677419355,-0.10149092741935473,2.206643481182796,2.2466121831797237,0.08095583824688428,148.83321875,2.1304375000000277,147.29447916666666,148.25652678571427,3.119675639576796,27.14409375,0.5881562500000008,27.050703293010752,27.09364069700461,0.637849449451872
PRS-001,2026-06-06,61.1779375,0.1772560483871004,60.47381485215053,60.07395636520737,1.1285935769529298,2.11321875,0.11734374999999986,2.189361559139785,2.2230496831797235,0.09330552546848006,150.96365625,-6.685187500000012,149.20976041666665,148.25304464285713,3.116130212239009,27.73225,1.005218750000001,26.983619959677423,27.223792482718892,0.6653478046653813
PRS-001,2026-06-07,61.3551935483871,-0.5630997983870998,60.92480409946237,60.396242079493085,1.125956657744496,2.2305625,0.025156250000000213,2.1861636424731183,2.211822004608295,0.08563021536620123,144.27846875,9.5450625,148.02511458333333,147.03085714285712,2.6651927593122493,28.73746875,-1.9808881048387121,27.87127083333333,27.394841589861752,0.8796278766518589
PRS-001,2026-06-08,60.79209375,0.8632610887096774,61.10840826612903,60.39350100806452,1.1248006348085975,2.25571875,0.020093749999999577,2.1998333333333338,2.194873991935484,0.05399777597584332,153.82353125,-5.228886088709686,149.68855208333332,147.81540625,3.713918762863468,26.75658064516129,0.8558881048387121,27.7420997983871,27.284455789170504,0.9079720117428779
PRS-001,2026-06-09,61.65535483870968,-2.301073588709677,61.26754737903226,60.475436491935476,1.2015667237729186,2.2758125,0.07265625000000009,2.25403125,2.213606134792627,0.05637769172406278,148.59464516129032,1.8650110887096787,148.89888172043013,148.50624841589863,3.254972312371117,27.61246875,-0.11546875000000156,27.702172715053763,27.427268289170506,0.8621829841994996
PRS-001,2026-06-10,59.35428125,0.9010187500000058,60.60057661290322,60.65405256336406,0.8238506608948389,2.34846875,-0.16324999999999967,2.2933333333333334,2.2398067396313364,0.07082490042997071,150.45965625,-0.6074999999999875,150.95927755376343,149.2550832373272,2.9621440655569002,27.497,0.7827187500000008,27.28868313172043,27.364911146313364,0.8348183498070741
PRS-001,2026-06-11,60.255300000000005,1.0785437499999944,60.421645362903234,60.690206019585254,0.7955454572939702,2.18521875,0.004937499999999595,2.269833333333333,2.2319585253456222,0.07376264220193395,149.85215625,6.420999999999992,149.6354858870968,149.5436189516129,2.8981459922378736,28.27971875,-0.4819999999999993,27.796395833333335,27.6799400921659,0.6656551981709312
PRS-001,2026-06-12,61.33384375,-0.7313437500000006,60.314474999999995,60.846286376728116,0.7999545801473017,2.19015625,0.1509375000000004,2.24128125,2.228450892857143,0.0752876122803205,156.27315625,-4.0130624999999895,152.19498958333332,150.60646716589864,3.813790342769351,27.79771875,-0.40184375000000117,27.858145833333335,27.773315092165898,0.6223998356583861
PRS-001,2026-06-13,60.6025,0.10662903225806275,60.730547916666666,60.764081019585255,0.7896939561734939,2.34109375,-0.01164213709677453,2.238822916666667,2.261004464285714,0.0658295384633715,152.26009375,-1.6540614919354937,152.79513541666668,150.79167252304146,3.865159986754519,27.395875,0.0788346774193549,27.8244375,27.725261520737327,0.638866182369965
PRS-001,2026-06-14,60.70912903225806,-1.5766774193548372,60.88182426075269,60.67178608870968,0.7456179188933425,2.3294516129032257,-0.03992036290322565,2.2869005376344087,2.2751314804147467,0.06875373890091194,150.60603225806452,-3.8836260080645104,153.04642741935484,151.69561016705072,2.6308961213582975,27.474709677419355,-1.0547096774193534,27.556101142473114,27.54486736751152,0.4581336034113247
PRS-001,2026-06-15,59.132451612903225,1.5064858870967726,60.148026881720426,60.434694354838705,0.9396156793250222,2.28953125,-0.0005312499999998721,2.3200255376344088,2.279961837557604,0.06834914348181768,146.72240625,3.922312500000004,149.8628440860215,150.68116373847926,3.014705197817546,26.42,1.3421874999999979,27.096861559139786,27.496784418202765,0.5608126899430406
PRS-001,2026-06-16,60.6389375,-2.315156249999994,60.16017271505376,60.289491877880174,0.7854279809184201,2.289,-0.09159375000000036,2.302660954301075,2.2818457661290323,0.06839744093448856,150.64471875,-3.5618437500000084,149.3243857526882,150.97403139400922,2.8745449726037755,27.7621875,-1.5462187500000013,27.218965725806452,27.51817281105991,0.5687587254961324
PRS-001,2026-06-17,58.32378125,2.1745937499999997,59.36505678763441,60.1422775921659,1.0439570323126286,2.19740625,0.030687500000000423,2.258645833333333,2.260265408986175,0.06770116537852447,147.082875,3.211576612903201,148.15,150.49163407258064,3.2358826426222684,26.21596875,0.44528125000000074,26.799385416666667,27.335168346774193,0.7529687485813681
PRS-001,2026-06-18,60.498375,0.45462500000000006,59.82036458333334,60.1770025921659,1.0523519873524971,2.22809375,0.050531249999999694,2.238166666666667,2.266390408986175,0.061428945407950124,150.2944516129032,-2.119483870967713,149.3406817876344,150.55481912442397,3.2256167741570825,26.66125,0.11365322580645199,26.87980208333333,27.10395852534562,0.656957155027475
PRS-001,2026-06-19,60.953,0.10515625000000028,59.925052083333334,60.12259634216589,0.9906091109296807,2.278625,0.05931249999999988,2.2347083333333333,2.2790288018433182,0.051415022782683895,148.1749677419355,-3.443623991935482,148.5174314516129,149.3979350518433,2.082597307114283,26.77490322580645,0.8462217741935483,26.550707325268817,26.9578420218894,0.5869526008712551
PRS-001,2026-06-20,61.05815625,-0.743562500000003,60.83651041666667,60.1876900921659,1.041084603531492,2.3379375,-0.0676874999999999,2.281552083333333,2.278577908986175,0.05079006005887773,144.73134375,4.835343749999993,147.7335877016129,148.32239933755758,2.291686122984412,27.621125,-0.6889959677419348,27.01909274193548,26.990020593317972,0.6202020275606063
PRS-001,2026-06-21,60.31459375,12.427499999999995,60.77525,60.13132790898617,1.018586603300514,2.27025,1.0115625000000001,2.2956041666666667,2.2701205357142857,0.045567370240718184,149.5666875,1.39681250000001,147.4909996639785,148.17392151497694,2.1482514512450743,26.932129032258064,9.797839717741933,27.109385752688173,26.912509072580644,0.5822764239900082
PRS-001,2026-06-22,72.74209375,0.47329334677419865,64.70494791666665,62.075562500000004,4.792327830993374,3.2818125,0.02280040322580623,2.63,2.4118749999999998,0.38620846467951003,150.9635,1.990718749999985,148.42051041666667,148.77979205069124,2.2655096411173568,36.72996875,-0.22480745967741456,30.427740927419354,28.385361751152068,3.7190760332230117
PRS-001,2026-06-23,73.2153870967742,-0.985709677419365,68.75735819892473,63.87219815668203,6.28801689875968,3.3046129032258063,-0.02641935483870972,2.952225134408602,2.5569625576036863,0.5048880687459044,152.95421875,-2.8705625000000055,151.16146875,149.1097206221198,2.707431754829858,36.50516129032258,-0.03569254032258584,33.389086357526885,29.634358006912443,4.789085092270644
PRS-001,2026-06-24,72.22967741935483,1.0760725806451745,72.72905275537634,65.85875475230414,6.437813019145905,3.2781935483870965,-0.0003548387096770078,3.288206317204301,2.7113607430875573,0.5406005268427041,150.08365625,-1.8209062499999789,151.33379166666666,149.5384036578341,2.5669431774632097,36.46946875,0.07933770161289999,36.5681995967742,31.099143721198157,5.125527445429745
PRS-001,2026-06-25,73.30575,-0.7818125000000009,72.916938172043,67.68837975230414,6.4802776748997495,3.2778387096774195,0.09609879032258073,3.2868817204301073,2.86132430875576,0.5296886476292941,148.26275,1.8785312499999804,150.43354166666666,149.2481605702765,2.5820269832441887,36.5488064516129,0.013537298387099383,36.50781216397849,32.511651785714285,5.060695925981608
PRS-001,2026-06-26,72.5239375,-0.14065625000000637,72.68645497311827,69.34137082373272,5.9281055772596165,3.3739375000000003,-0.10193750000000046,3.3099899193548388,3.0177975230414753,0.4890922054267043,150.14128125,-1.0713125000000048,149.49589583333332,149.5290625,2.5526052213407557,36.56234375,0.5935937500000037,36.526872983870966,33.90985757488479,4.536460163301259
PRS-001,2026-06-27,72.38328125,-10.917055443548385,72.73765625,70.95924582373272,4.711219820251439,3.272,-1.1406562499999997,3.307925403225806,3.1512350230414747,0.390093449482106,149.06996875,-3.972906249999994,149.158,150.14886607142859,1.5054527056223435,37.1559375,-9.644468750000001,36.75569590053763,35.27197364631336,3.6850640206294556
PRS-001,2026-06-28,61.46622580645161,-2.5650322580645195,68.79114818548388,71.12376468894008,4.2777116009807905,2.13134375,0.06218749999999984,2.9257604166666664,3.131391273041475,0.44240339304708176,145.0970625,8.157743951612929,148.10277083333332,149.5103482142857,2.4469770177108585,27.51146875,0.5966249999999995,33.743249999999996,35.35473646313364,3.4665703822127214
PRS-001,2026-06-29,58.90119354838709,1.346212701612906,64.25023353494623,69.14649323156682,6.180587063135681,2.19353125,-0.11701512096774191,2.5322916666666666,2.9759225230414748,0.5570885215102911,153.25480645161292,-3.6125064516129157,149.1406125672043,149.83767770737327,2.8013533738379164,28.10809375,-1.2157812499999991,30.925166666666666,34.12304003456221,4.322531962729153
PRS-001,2026-06-30,60.24740625,-1.6661804435483845,60.20494186827957,67.2939245391705,6.680964440967609,2.076516129032258,0.1945776209677419,2.133797043010753,2.800480126728111,0.6255024619430424,149.6423,-2.5688483870967787,149.33138965053763,149.36454645737328,2.4441718594360626,26.8923125,0.7339062500000004,27.503958333333333,32.74977592165898,4.9246596184966025
PRS-001,2026-07-01,58.58122580645161,0.5549616935483854,59.2432752016129,65.3441457373272,6.985099811371015,2.27109375,0.025968750000000096,2.1803803763440857,2.6566087269585252,0.613007197389966,147.07345161290323,4.3406733870967855,149.99018602150537,148.9345172235023,2.5586903280576787,27.62621875,0.504999999999999,27.542208333333335,31.48645449308756,4.945646069678176
PRS-001,2026-07-02,59.1361875,1.6750383064516114,59.3216065188172,63.31992252304148,6.314255854032582,2.2970625,-0.04822379032258084,2.2148907930107526,2.5164978398617515,0.5568656806060868,151.414125,4.569281249999989,149.3766255376344,149.38471365207374,2.6944332404045377,28.13121875,0.009232862903228778,27.54991666666667,30.283941964285713,4.514134009703458
PRS-001,2026-07-03,60.81122580645161,1.0549929435483918,59.50954637096774,61.646677995391705,4.851123559130239,2.248838709677419,-0.032869959677419125,2.272331653225806,2.3557694412442394,0.41154174145507805,155.98340625,-6.066503024193537,151.49032762096775,150.219302937788,3.68904679338876,28.140451612903227,0.9167817204301052,27.96596303763441,29.080814516129035,3.5895228896846945
PRS-001,2026-07-04,61.86621875,-1.7766875000000013,60.6045440188172,60.144240495391706,1.3020956392110925,2.21596875,-0.183875,2.2539566532258064,2.2049078341013826,0.07847595668490207,149.91690322580646,0.5266592741935483,152.43814482526884,150.34029357718896,3.6588341228161,29.057233333333333,-1.5328583333333334,28.442967898745522,27.923856778033798,0.6746769432839742
PRS-001,2026-07-05,60.08953125,-0.5171562499999993,60.9223252688172,59.94756984447004,1.165998202274969,2.03209375,0.15215625,2.16563373655914,2.190729262672811,0.0999972204992906,150.4435625,-0.6414375000000234,152.1146239919355,151.10407929147465,2.8506728693967847,27.524375,0.15262500000000045,28.24068664874552,27.925700528033794,0.6733785310174166
PRS-001,2026-07-06,59.572375,-1.3899687500000013,60.509375,60.043452908986175,1.090781350694412,2.18425,0.04400000000000004,2.1441041666666667,2.189403369815668,0.10001540582515582,149.802125,-2.789874999999995,150.05419690860217,150.61083908410137,2.7118404326962096,27.677,-1.0782187500000013,28.086202777777782,27.864115706605222,0.6736304265969836
PRS-001,2026-07-07,58.18240625,2.708500000000001,59.2814375,59.748452908986174,1.2878629864850561,2.22825,0.07321875000000011,2.1481979166666667,2.2110796370967742,0.08707754783000093,147.01225,8.489093749999995,149.08597916666668,150.23511765553,3.031723395749352,26.59878125,0.5943125000000009,27.26671875,27.822182670890935,0.7491137951092771
PRS-001,2026-07-08,60.89090625,-1.635834821428567,59.5485625,60.07840725806451,1.2337097073408105,2.30146875,-0.0987268145161293,2.237989583333333,2.21541892281106,0.09122471174414692,155.50134375,-8.523562499999997,150.77190625,151.4391022465438,3.2336262754372447,27.19309375,0.7803749999999994,27.156291666666664,27.76030767089094,0.7850244445089939
PRS-001,2026-07-09,59.25507142857143,-0.4363940092165919,59.442794642857145,60.09539067643186,1.21931145953126,2.202741935483871,0.08466431451612921,2.244153561827957,2.2019445564516134,0.08382105012742258,146.97778125,5.357187500000009,149.83045833333333,150.80533885368664,3.647583726241869,27.97346875,0.8144687500000032,27.255114583333334,27.737771956605222,0.7747997460604954
PRS-001,2026-07-10,58.81867741935484,1.5591975806451615,59.65488503264209,59.81074090684661,1.256365192411345,2.28740625,-0.09482560483870994,2.263872311827957,2.207454205069124,0.08855126248766607,152.33496875,1.5384062500000084,151.60469791666665,150.28413349654377,2.9848227956446434,28.7879375,-0.9125937500000028,27.98483333333333,27.83026994047619,0.8643584810683256
PRS-001,2026-07-11,60.377875,0.12880241935484804,59.483874615975424,59.598120371132325,0.9354963433642393,2.19258064516129,0.04565268817204293,2.2275762768817207,2.204113047235023,0.08861766047483861,153.873375,-4.436000000000007,151.06204166666666,150.84934374999997,3.2651329940371743,27.87534375,-0.33111794354838864,28.21225,27.66142857142857,0.6806533783001971
PRS-001,2026-07-12,60.50667741935485,2.101290322580631,59.90107661290324,59.65771268104017,0.9840437833155127,2.238233333333333,-0.05126458333333295,2.239406742831541,2.233561559139785,0.04586500084771886,149.437375,4.9792500000000075,151.88190625000001,150.70560267857144,3.3078423902225205,27.54422580645161,-0.56797580645161,28.069169018817206,27.66426440092166,0.6800282643051621
PRS-001,2026-07-13,62.60796774193548,-1.908592741935479,61.164173387096774,60.091368787030945,1.4826986703071172,2.18696875,0.06143749999999981,2.2059275761648744,2.233949951996928,0.045386844408607845,154.416625,-1.0105000000000075,152.57579166666667,151.3648169642857,3.5488119632808717,26.97625,1.348343749999998,27.46527318548387,27.564157258064515,0.7277456265250373
PRS-001,2026-07-14,60.699375,0.6850312499999944,61.271340053763446,60.450935751316656,1.2254854042490546,2.24840625,0.07553125000000005,2.224536111111111,2.236829416282642,0.04560381886312535,153.406125,-7.765000000000015,152.42004166666666,152.27822767857145,3.0261709439385465,28.32459375,-0.7308195564516105,27.615023185483874,27.810701900921657,0.6322585410557369
PRS-001,2026-07-15,61.38440625,-1.123156250000001,61.56391633064516,60.521435751316666,1.2684562952900187,2.3239375,-0.14851814516129025,2.2531041666666667,2.2400392377112133,0.05134150997595663,145.641125,5.2629062500000146,151.154625,150.869625,3.5289230582213755,27.593774193548388,0.30787096774193046,27.631539314516132,27.867941964285713,0.5832649490285234
PRS-001,2026-07-16,60.26125,0.2648790322580652,60.781677083333335,60.66517554723502,1.1527704572837383,2.1754193548387097,0.10992439516129027,2.24925436827957,2.2361360119047617,0.0555183125746404,150.90403125,-2.7446764112902997,149.98376041666666,151.43051785714286,3.092256946534517,27.90164516129032,-0.8630201612903186,27.94000436827957,27.857681451612905,0.5817288974448575
PRS-001,2026-07-17,60.52612903225806,-0.6275161290322586,60.723928427419345,60.9090972062212,0.8333239196256168,2.28534375,-0.04512500000000008,2.2615668682795698,2.235841369047619,0.05520545664459133,148.1593548387097,4.032270161290285,148.2348370295699,150.83400158410137,3.2854216514753563,27.038625,0.15846875000000082,27.51134811827957,27.60777966589862,0.4828339774325605
PRS-001,2026-07-18,59.8986129032258,-0.1590322580645065,60.228663978494616,60.840631192396316,0.901169689810165,2.24021875,0.1605231854838709,2.23366061827957,2.242646812596006,0.05181590402509676,152.191625,-0.6986249999999927,150.4183370295699,150.5937515841014,3.081268210453924,27.19709375,1.6140624999999993,27.37912130376344,27.51088680875576,0.48821557749273886
PRS-001,2026-07-19,59.7395806451613,-0.22623689516129986,60.05477419354839,60.7310459389401,0.9907375661266822,2.400741935483871,-0.2453981854838707,2.3087681451612903,2.26586232718894,0.07885767318049675,151.493,-4.183612903225793,150.61465994623657,150.8874122983871,3.0504936024616787,28.81115625,-1.7055937499999985,27.682291666666668,27.691876872119817,0.6940718034961004
PRS-001,2026-07-20,59.51334375,-0.2542187499999997,59.71717909946236,60.28895679723502,0.6430693393799051,2.15534375,0.007462701612903633,2.265434811827957,2.2613444700460827,0.08481202535284502,147.3093870967742,2.779548387096753,150.3313373655914,149.87209259792627,2.8566842872785037,27.1055625,1.2183340517241383,27.70460416666667,27.71035008640553,0.6732592264229675
PRS-001,2026-07-21,59.259125,0.7712187500000027,59.50401646505376,60.083206797235015,0.7161247614113191,2.1628064516129037,0.17978729838709606,2.2396307123655914,2.249115927419355,0.09278475146099385,150.08893548387096,-0.03631048387094893,149.63044086021503,149.39820838133642,2.4134878898339553,28.32389655172414,-1.3027030033370401,28.080205100574716,27.710250486651837,0.6731532556038216
PRS-001,2026-07-22,60.03034375,-1.2792187499999983,59.60093749999999,59.88976929723502,0.43296575393477305,2.34259375,-0.1707227822580637,2.220247983870968,2.2517811059907835,0.0955197832696845,150.052625,3.138536290322577,149.15031586021504,150.0284226670507,1.7550848992422974,27.0211935483871,0.4841290322580605,27.48355086670375,27.628453251628795,0.7226351150354622
PRS-001,2026-07-23,58.751125,0.3918437499999996,59.346864583333335,59.67403715437788,0.5711810112023372,2.171870967741936,0.18006451612903174,2.2257570564516134,2.251274193548387,0.0960007711858728,153.19116129032258,0.23971370967740313,151.11090725806454,150.35515552995392,2.1201761988092818,27.50532258064516,-1.424385080645159,27.616804226918802,27.57183574010806,0.7131266368664426
PRS-001,2026-07-24,59.14296875,0.7583124999999953,59.308145833333334,59.476442828341014,0.4546344581738284,2.351935483870968,-0.0809979838709678,2.2888000672043014,2.260787298387097,0.10298491390861185,153.430875,-5.553406249999995,152.2248870967742,151.10822983870966,2.146297038513048,26.0809375,1.6417076612903223,26.869151209677426,27.435023240108055,0.8998831265917834
PRS-001,2026-07-25,59.90128125,-0.38756249999999426,59.265125000000005,59.47682402073733,0.4550483561465437,2.2709375,0.07738508064516125,2.264914650537635,2.26517569124424,0.10261620276832104,147.87746875,5.5652409274193815,151.49983501344084,150.4919218029954,2.389029399769964,27.722645161290323,0.5026673387096778,27.1029684139785,27.51010201314953,0.8986467623876867
PRS-001,2026-07-26,59.51371875,-0.9489445564516146,59.51932291666666,59.44455803571428,0.44110591310027414,2.3483225806451613,0.004239919354838584,2.3237318548387096,2.2576872119815667,0.09248708721732678,153.44270967741937,-4.788870967741957,151.58368447580645,150.77045175691245,2.6269979004723694,28.2253125,-1.7053125000000016,27.342965053763447,27.42641004886382,0.7762247870700374
PRS-001,2026-07-27,58.56477419354839,0.8817258064516125,59.32659139784946,59.30904809907834,0.548967833512579,2.3525625,-0.11775000000000002,2.3239408602150537,2.2858613191244244,0.08592035234719858,148.65383870967742,1.9540675403225691,149.99133904569894,150.96251627304147,2.36817681547408,26.52,-0.14493750000000105,27.489319220430108,27.34275826314953,0.8450643169475939
PRS-001,2026-07-28,59.4465,12.854124999999996,59.174997647849466,59.335815956221204,0.5506933773892427,2.2348125,1.0340937500000003,2.311899193548387,2.296147897465438,0.07189880312258365,150.60790624999998,5.208500000000015,150.90148487903227,151.03665495391706,2.344273079987111,26.3750625,10.61571875,27.040125000000003,27.06435339861751,0.786981582505104
PRS-001,2026-07-29,72.300625,0.21898790322580908,63.4372997311828,61.088713277649774,4.965127402266395,3.26890625,0.010718749999999666,2.618760416666667,2.428478254608295,0.3769480420871383,155.81640625,-2.0607610887096826,151.69271706989247,151.86005227534562,2.8897959299623914,36.99078125,-0.4972500000000011,29.96194791666667,28.48858021313364,3.830778707802895
PRS-001,2026-07-30,72.5196129032258,0.11179334677419206,68.0889126344086,63.05564012096774,6.403572955387949,3.279625,0.029468750000000377,2.9277812500000002,2.586728830645161,0.4718473848265526,153.75564516129032,-4.245707661290311,153.3933192204301,151.940692828341,2.940561850762043,36.49353125,0.44609375000000284,33.286458333333336,29.772610023041473,4.823907660645281
PRS-001,2026-07-31,72.63140625,0.34190625000000807,72.4838813844086,64.98255976382488,7.028864821818509,3.30909375,-0.01593245967741952,3.2858750000000003,2.723465725806452,0.5278326816556219,149.5099375,4.0855312500000025,153.02732963709676,151.38055889976957,2.9825353427610586,36.939625,-0.36918750000000244,36.80797916666667,31.323851094470047,5.172261374250043
PRS-001,2026-08-01,72.9733125,0.06238749999998561,72.70811055107526,66.84999279953917,7.188546898317714,3.2931612903225806,0.048838709677419434,3.2939600134408598,2.8694976958525342,0.5231535666977761,153.59546875,-2.0219687500000134,152.28701713709677,152.1974160426267,2.6247697781357893,36.5704375,0.03921875000000341,36.66786458333333,32.587821428571424,5.226349331998037
PRS-001,2026-08-02,73.03569999999999,0.14173750000000496,72.88013958333333,68.78170440668202,6.687958427447276,3.342,-0.07323333333333348,3.314751680107527,3.0114516129032256,0.4920563062026256,151.5735,-2.9257187499999873,151.55963541666668,151.93038608870967,2.5715066383561855,36.60965625,0.1599062499999988,36.706572916666666,33.78558482142857,5.0164658077602695
PRS-001,2026-08-03,73.1774375,-0.6489687499999945,73.06214999999999,70.86922773617512,5.046537731504334,3.2687666666666666,-0.01411041666666657,3.3013093189964153,3.142337922427035,0.40101413991865226,148.64778125,1.1327671370967778,151.27224999999999,151.92952073732718,2.572793711930847,36.7695625,-0.035272177419358286,36.64988541666667,35.24980803571429,3.9178507680154246
PRS-001,2026-08-04,72.52846875,0.6475937499999986,72.91386874999999,72.73808041474653,0.3243860664730948,3.25465625,0.06467708333333277,3.2884743055555554,3.2880298867127498,0.02973218694610709,149.7805483870968,-3.733419354838702,150.00060987903225,151.81132675691245,2.6611161034048347,36.73429032258064,0.2458763440860281,36.70450302419355,36.72969772465438,0.1868121779378033
PRS-001,2026-08-05,73.1760625,-0.2965463709677465,72.96065625,72.86314291474655,0.29505213818902887,3.319333333333333,-0.019895833333333002,3.2809187499999997,3.2952337557603686,0.03042734468645325,146.04712903225808,10.376620967741928,148.1584862231183,150.41571572580645,2.7700913374457388,36.98016666666667,-0.29204166666666964,36.828006496415775,36.72818135560676,0.1843668114725973
PRS-001,2026-08-06,72.87951612903225,0.0013505376344085107,72.86134912634408,72.91455766129033,0.2536682432150977,3.2994375,0.05456250000000029,3.291142361111111,3.298064112903226,0.02964484661893743,156.42375,-7.967169354838717,150.75047580645165,150.79687355990785,3.4147917030458865,36.688125,-0.09259166666666374,36.80086066308244,36.75598046274962,0.15549975031763652
PRS-001,2026-08-07,72.88086666666666,0.3043833333333339,72.97881509856632,72.95019486367127,0.22291842893132305,3.354,-0.04590625000000026,3.3242569444444445,3.304479291474654,0.03649655359175558,148.4565806451613,5.358294354838705,150.30915322580645,150.6463940092166,3.503024219381362,36.595533333333336,0.3553416666666678,36.754608333333344,36.70682451036866,0.14153023574944099
PRS-001,2026-08-08,73.18525,-0.05340624999999477,72.98187759856631,72.98047164938556,0.24029685164952067,3.30809375,0.0033125000000002736,3.3205104166666666,3.3066125,0.03615960834623856,153.814875,-4.381343750000013,152.89840188172045,150.6777377592166,3.5346481446063547,36.950875,-0.46106854838710376,36.74484444444445,36.76117272465438,0.15300760978211814
PRS-001,2026-08-09,73.13184375,-0.03826310483871964,73.06598680555555,72.99420647081413,0.24664356413359947,3.31140625,-0.03233958333333353,3.3245000000000005,3.3022419642857144,0.03286867166042191,149.43353125,4.376562500000006,150.56832896505375,150.37202793778803,3.5368035337517627,36.4898064516129,-0.008587701612903231,36.67873826164875,36.744051324884786,0.17752858344956984
PRS-001,2026-08-10,73.09358064516128,0.021731854838719755,73.13689146505375,72.98222692012288,0.23815097991206574,3.2790666666666666,0.07751397849462371,3.299522222222222,3.303713392857143,0.031314109213701216,153.81009375,0.29771270161290886,152.35283333333334,151.10950115207373,3.6536301152502957,36.48121875,0.3330312500000048,36.64063340053764,36.70285936059908,0.20234091881544636
PRS-001,2026-08-11,73.1153125,-0.05540927419355057,73.11357896505376,73.06606174155145,0.13096608277764166,3.3565806451612903,-0.06470564516129018,3.315684520609319,3.318274020737327,0.028248010331447963,154.1078064516129,-2.7343689516129075,152.4504771505376,151.72768087557603,3.7559458226976985,36.81425,-0.43175000000000097,36.595091733870966,36.71428217165898,0.20662271956796058
PRS-001,2026-08-12,73.05990322580645,-0.5494032258064436,73.08959879032258,73.0494675595238,0.12173939470954269,3.291875,0.027124999999999844,3.3091741039426523,3.3143514016897084,0.02993264131757086,151.3734375,-7.561343749999992,153.09711256720428,152.48858208525346,2.841560566148396,36.3825,0.1465625000000017,36.559322916666666,36.62890121927803,0.20187173526312924
PRS-001,2026-08-13,72.51050000000001,0.32181249999999295,72.89523857526882,72.99675096966205,0.2349014512910394,3.319,0.021468749999999925,3.3224852150537636,3.3171460445468512,0.02921270528162194,143.81209375,11.385937500000011,149.76444590053765,150.68691690668203,3.7753745975585002,36.5290625,0.09774999999999778,36.57527083333334,36.60617800499232,0.20304313473604463
PRS-001,2026-08-14,72.8323125,-11.914860887096772,72.80090524193548,72.98981466013825,0.23956425818807586,3.34046875,-1.0996562499999998,3.3171145833333333,3.3152130088325653,0.026707898540906484,155.19803125,-5.755687500000022,150.12785416666668,151.64998127880185,3.966611105978849,36.6268125,-9.5075,36.51279166666668,36.61064645737327,0.2031140038104075
PRS-001,2026-08-15,60.91745161290323,-2.7649828629032314,68.75342137096774,71.23727203341015,4.556099595880453,2.2408125,-0.005656249999999918,2.9667604166666663,3.162744258832565,0.40739796319942484,149.44234375,0.4030433467742114,149.48415624999998,151.02533395737328,3.9127916440346646,27.1193125,0.0822812500000012,33.4250625,35.20613752880184,3.568582335404693
PRS-001,2026-08-16,58.15246875,2.93713125,63.96741095430107,69.09736131912442,6.58427939724521,2.23515625,0.02267708333333296,2.6054791666666666,3.008994258832565,0.5273651947064031,149.8453870967742,-1.8270000000000266,151.49525403225806,151.08417050691244,3.8878836842912765,27.20159375,-0.06731249999999989,30.31590625,33.87925,4.591825724627585
PRS-001,2026-08-17,61.0896,-1.6490374999999986,60.05317345430107,67.38250694124424,6.924423017682376,2.257833333333333,-0.04336458333333315,2.2446006944444443,2.863103782642089,0.5789357628079734,148.01838709677418,2.9218941532258214,149.10203931451613,150.2567838421659,3.8268835622723474,27.13428125,0.4585624999999993,27.151729166666673,32.543973214285714,5.045671318290849
PRS-001,2026-08-18,59.4405625,-0.4754334677419294,59.56087708333333,65.42897122695852,6.9663610083414085,2.21446875,0.12898286290322591,2.2358194444444446,2.69994494047619,0.577618969280888,150.94028125,4.549976814516128,149.6013518145161,149.8042802419355,3.465874199622073,27.59284375,0.6830624999999984,27.30957291666667,31.22662946428571,4.947784884322763
PRS-001,2026-08-19,58.96512903225807,1.8198709677419274,59.831763844086026,63.415432056451614,6.407688961968865,2.343451612903226,-0.06398286290322597,2.2719178987455195,2.5644558851766512,0.5244151266781475,155.49025806451613,-6.0689032258064515,151.4829754704301,150.3923974654378,4.072685846463754,28.27590625,-2.4005624999999995,27.66767708333334,30.068544642857145,4.465032566139395
PRS-001,2026-08-20,60.785,-0.11934374999999875,59.73023051075268,61.740360627880186,5.015122611830436,2.27946875,-0.05915625000000002,2.2791297043010754,2.415951420890937,0.4097912405817707,149.42135483870968,-4.556948588709673,151.95063138440858,151.1937204781106,2.962777886403283,25.87534375,0.7327187500000001,27.248031250000007,28.54658482142857,3.634308869629549
PRS-001,2026-08-21,60.66565625,-1.2666249999999977,60.13859509408602,60.00226687788018,1.1464098198321926,2.2203125,0.13559374999999996,2.281077620967742,2.255929099462366,0.04446994715904962,144.86440625,3.025496975806476,149.92533971774193,149.71748833525345,3.199979200141379,26.6080625,0.41562500000000213,26.919770833333335,27.115334821428572,0.7502954168007271
PRS-001,2026-08-22,59.39903125,1.1010624999999976,60.28322916666667,59.785349683179724,1.0864691656979026,2.35590625,-0.010468749999999805,2.285229166666667,2.27237106374808,0.05735853456589566,147.88990322580648,1.9665806451612582,147.39188810483873,149.49571111751152,3.2751404076094603,27.0236875,0.07631250000000023,26.502364583333335,27.101674107142856,0.7510810407481231
PRS-001,2026-08-23,60.50009375,2.561125000000004,60.18826041666667,60.12072468317972,0.8306338636659554,2.3454375,0.06293749999999987,2.30721875,2.288125528033794,0.06049290406737116,149.85648387096774,-2.04098387096775,147.53693111559141,149.49729637096775,3.27534054807794,27.1,-0.11899999999999977,26.91058333333334,27.087160714285716,0.7498089508032639
PRS-001,2026-08-24,63.06121875,9.609999999999992,60.98678125,60.40238450460829,1.3718707352385264,2.408375,0.8917583333333337,2.36990625,2.3096314804147466,0.07332703592891592,147.8155,1.6986562500000275,148.52062903225809,149.4683125,3.291466749388274,26.981,9.845500000000001,27.034895833333337,27.06526339285714,0.750441434512556
PRS-001,2026-08-25,72.67121875,-0.4827499999999958,65.41084375,62.29247825460829,4.758924727482182,3.3001333333333336,0.022460416666666205,2.684648611111111,2.464726420890937,0.3732555015523762,149.51415625,3.502812499999976,149.06204670698924,149.26458035714288,3.2287092963023984,36.8265,-0.407625000000003,30.30250000000001,28.38435714285714,3.7903894896206243
PRS-001,2026-08-26,72.18846875,0.9883125000000064,69.30696875,64.18152678571428,5.741138562142841,3.32259375,0.03756250000000039,3.0103673611111113,2.6046038690476188,0.48651599638230103,153.01696875,-2.602517137096754,150.11554166666667,148.91125331221198,2.483104845758794,36.418875,0.19065625000000352,33.40879166666667,29.547638392857145,4.852344238141223
PRS-001,2026-08-27,73.17678125,-0.5921875000000085,72.67882291666668,65.95178125,6.3927776244140695,3.36015625,-0.0726401209677423,3.327627777777778,2.758987797619047,0.5351779550348721,150.41445161290324,4.691048387096771,150.98185887096773,149.05312427995392,2.544712426897334,36.60953125,0.07384374999999466,36.61830208333334,31.081093750000004,5.183236651100851
PRS-001,2026-08-28,72.58459375,0.3256320564516244,72.64994791666668,67.65448660714286,6.337221788016763,3.287516129032258,-0.01395362903225772,3.3234220430107526,2.91144545890937,0.5074380771369226,155.1055,-2.2223064516129227,152.84564012096772,150.51613767281106,2.6757056334738,36.683375,0.004593750000005059,36.57059375000001,32.52042410714286,5.132762358768831
PRS-001,2026-08-29,72.91022580645162,-0.4016129032258249,72.89053360215054,69.58465725806451,5.3906341638175865,3.2735625,0.04359879032257963,3.3070782930107527,3.0425392089093704,0.4559178201824773,152.88319354838708,-3.9765997983870705,152.80104838709678,151.22946486175115,2.5199338688451616,36.68796875,-0.0674687500000033,36.66029166666667,33.90103571428572,4.6883400179421155
PRS-001,2026-08-30,72.5086129032258,0.15923084677420718,72.66781081989247,71.30015999423964,3.6463039539317013,3.31716129032258,0.002088709677420031,3.292746639784946,3.1813568932411678,0.3419893763487183,148.90659375,5.28995463709677,152.29842909946237,151.09376627304147,2.6293901343603254,36.6205,0.07291935483871015,36.66394791666667,35.26110714285714,3.6532184878906486
PRS-001,2026-08-31,72.66784375,0.4723175403225781,72.69556081989246,72.67253499423963,0.3108346806346328,3.31925,0.0002661290322580889,3.303324596774193,3.311481893241168,0.02806627112809399,154.19654838709678,1.972232862903212,151.99544522849462,152.0053446140553,2.399498435775337,36.69341935483871,0.31161189516129184,36.66729603494624,36.64859562211982,0.1234948962422988
PRS-001,2026-09-01,73.14016129032258,-0.5269425403225796,72.77220598118278,72.73952678571429,0.3575300713520276,3.319516129032258,-0.08090322580645148,3.318642473118279,3.3142508640552992,0.02771396214724212,156.16878125,-7.905812499999996,153.09064112903226,152.956005328341,2.5608413676058306,37.00503125,-0.6201562500000009,36.77298353494624,36.67410008640553,0.17433157184479955
PRS-001,2026-09-02,72.61321875,0.30065625000000296,72.8070745967742,72.80020535714286,0.2749187908796509,3.2386129032258064,0.08238709677419376,3.292459677419355,3.3022536002304146,0.03926902762772699,148.26296875,4.584499999999991,152.8760994623656,152.27686247119817,3.112867962299322,36.384875,0.15481249999999847,36.694441868279576,36.66924294354839,0.1828911992915027
PRS-001,2026-09-03,72.913875,-0.0923588709677432,72.88908501344086,72.76264732142857,0.22902663301148266,3.321,-0.00012500000000015277,3.293043010752688,3.296659850230415,0.03170704329090377,152.84746875,-9.69065624999999,152.42640624999999,152.62443634792626,3.0041927874800733,36.5396875,-0.12456249999999613,36.64319791666667,36.65926526497696,0.18851056238691508
PRS-001,2026-09-04,72.82151612903226,-0.18089112903226123,72.78286995967743,72.79649337557603,0.21543087302435715,3.320875,-0.004937500000000039,3.293495967741935,3.3014254032258066,0.03259808772269236,143.1568125,7.886606854838703,148.08908333333332,150.9174809907834,4.420320391240761,36.415125,0.5092499999999944,36.446562500000006,36.62094383640554,0.20895009740543388
PRS-001,2026-09-05,72.640625,-0.5130937499999959,72.7920053763441,72.75797897465438,0.21580822406153227,3.3159375,-0.04832459677419365,3.319270833333333,3.307478974654378,0.030423541943658417,151.0434193548387,-2.054075604838715,149.0159002016129,150.6546561059908,4.3378890860891754,36.924375,-0.20253124999999983,36.62639583333334,36.6547161578341,0.23859135335326725
PRS-001,2026-09-06,72.12753125,0.594562499999995,72.52989079301075,72.70353873847927,0.3146357306934585,3.2676129032258063,0.018645161290322676,3.301475134408602,3.3004006336405527,0.03341254120904955,148.98934375,2.924522916666689,147.72985853494626,150.66647753456223,4.3324407162444984,36.72184375,0.018843750000002046,36.68711458333333,36.66919383640553,0.23924295507043333
PRS-001,2026-09-07,72.72209375,0.19828124999999375,72.49675,72.71128873847927,0.31427789638154296,3.286258064516129,-0.000967741935483879,3.289936155913978,3.2956874999999997,0.03262822323431338,151.91386666666668,-2.5929604166666707,150.6488765905018,150.34038014592934,4.102244471698892,36.7406875,-0.11096874999999784,36.79563541666667,36.67594642857143,0.24070328726085516
PRS-001,2026-09-08,72.92037499999999,-0.08646874999999454,72.58999999999999,72.67989069700461,0.27249101419344074,3.285290322580645,0.024897177419354932,3.2797204301075262,3.2907980990783408,0.03098537223619316,149.32090625,-4.604595905172403,150.07470555555554,149.36211228878648,3.1974070178250598,36.62971875,0.1346038306451547,36.69741666666667,36.62233035714286,0.19207022663272694
PRS-001,2026-09-09,72.83390625,0.026319556451610993,72.82545833333332,72.71141748271889,0.2762324478350991,3.3101875,0.004624999999999879,3.2939119623655913,3.3010230414746546,0.02113988264146924,144.7163103448276,9.238408405172407,148.65036108716475,148.85544680233326,3.649631479188858,36.76432258064516,-0.13279133064515491,36.71157627688172,36.676537154377876,0.1656069335235372
PRS-001,2026-09-10,72.86022580645161,-0.15416129032257686,72.87150235215053,72.70375331221199,0.27036083473862976,3.3148125,-0.020156249999999876,3.3034301075268817,3.3001391129032256,0.02027711688510676,153.95471875,-0.24510584677418024,149.33064511494254,149.01362537376187,3.868894147464522,36.63153125,0.1255625000000009,36.675190860215054,36.68965769009217,0.15633649761008658
PRS-001,2026-09-11,72.70606451612903,0.33123548387096946,72.80006552419354,72.68726022465437,0.2654565227556777,3.29465625,-0.025250000000000217,3.306552083333333,3.29639357718894,0.01811468245397545,153.70961290322583,2.7534183467741684,150.79354733268448,150.5211682885084,3.205497722811872,36.75709375,0.1188124999999971,36.71764919354839,36.7385103686636,0.09926390560131518
PRS-001,2026-09-12,73.0373,-0.17167500000000757,72.86786344086022,72.74392808179724,0.29458368102418964,3.26940625,0.059875000000000345,3.2929583333333334,3.289746255760368,0.018284296801651435,156.46303125,-4.914264583333306,154.70912096774194,151.29539855924574,3.9261570608270655,36.87590625,-0.1986562499999991,36.754843750000006,36.73158626152074,0.08477057463105106
PRS-001,2026-09-13,72.865625,0.4002187500000076,72.869663172043,72.84937004608295,0.11381000364498801,3.32928125,-0.04675000000000029,3.29778125,3.2985560195852535,0.02055780452667532,151.5487666666667,8.041014583333293,153.90713693996418,151.66103040448385,3.7925091889262563,36.67725,0.1674062499999991,36.77008333333334,36.72521572580645,0.08726370823351165
PRS-001,2026-09-14,73.26584375,-0.7477187500000042,73.05625624999999,72.92704861751152,0.17922503028019493,3.28253125,-0.019628024193548033,3.2937395833333336,3.298023617511521,0.020973432954348926,159.58978125,-2.108281249999976,155.86719305555553,152.75758963067432,4.842224429046619,36.84465625,-0.17837500000000261,36.79927083333334,36.74006840437788,0.09846503376469151
PRS-001,2026-09-15,72.518125,1.063062500000001,72.88319791666667,72.86958433179724,0.23692074896225163,3.262903225806452,0.03587802419354835,3.291571908602151,3.294825460829493,0.02462727826998842,157.4815,-10.677500000000009,156.2066826388889,153.92338873781713,4.859248023759262,36.66628125,-0.16615625000000023,36.729395833333335,36.74529161866359,0.09241996664072655
PRS-001,2026-09-16,73.5811875,-0.1415937499999984,73.12171875,72.97633879608296,0.35639846185930973,3.29878125,-9.375000000000355e-05,3.281405241935484,3.293195996543779,0.02380506582431933,146.804,4.835499999999996,154.62509375,154.2216301171275,4.222292350560731,36.500125,0.5735846774193618,36.67035416666667,36.70754910714286,0.1297572827532145
PRS-001,2026-09-17,73.43959375,-0.2819999999999965,73.17963541666667,73.05910564516128,0.39057428839194547,3.2986875,-0.039718750000000025,3.2867906586021505,3.2908924251152074,0.022082516661574278,151.6395,3.9884999999999877,151.975,153.89088458141322,4.335837523088484,37.07370967741936,-0.46342842741935897,36.74670530913979,36.77071745391705,0.18320520505083593
PRS-001,2026-09-18,73.15759375,-0.4064062500000034,73.39279166666667,73.12360982142857,0.3585214998741887,3.25896875,0.09412500000000001,3.2854791666666667,3.2857942108294935,0.02499612431767755,155.628,4.721161290322584,151.35716666666667,154.1649398809524,4.382843227964258,36.61028125,0.08734375000000227,36.72803864247312,36.74974423963134,0.19315793328383152
PRS-001,2026-09-19,72.7511875,0.678531250000006,73.11612500000001,73.08273660714285,0.38530954178276683,3.35309375,-0.09615625000000039,3.3035833333333335,3.2977495679723505,0.03417841947523186,160.34916129032257,-7.249973790322571,155.87222043010752,154.72010131528418,4.9339272650007855,36.697625,-0.4516895161290364,36.79387197580646,36.72427548963133,0.1853460209250241
PRS-001,2026-09-20,73.42971875,-0.6306864919354922,73.11283333333334,73.16332142857142,0.39127620707245053,3.2569375,0.08250000000000002,3.2896666666666667,3.287414746543779,0.033991921417480905,153.0991875,-7.85196169354839,156.35878293010754,154.9415900057604,4.800840672925664,36.245935483870966,0.4670645161290352,36.51794724462366,36.66265913018434,0.26017321762359585
PRS-001,2026-09-21,72.79903225806451,0.42774899193548777,72.9933128360215,73.09663407258064,0.4102129062125683,3.3394375,-0.025593749999999638,3.316489583333333,3.295544210829493,0.03905680764727596,145.2472258064516,9.42912903225806,152.8985248655914,152.89265351382488,5.496611943594952,36.713,-0.2260624999999976,36.552186827956994,36.643851094470044,0.24935773335788156
PRS-001,2026-09-22,73.22678125,-0.5705625000000083,73.15184408602151,73.1978706797235,0.32149944450231877,3.31384375,0.00390625,3.30340625,3.3028214285714284,0.036631815146835535,154.67635483870967,-0.4693893214682703,151.0075893817204,152.49191849078338,5.200583550312627,36.4869375,0.08237499999999898,36.48195766129033,36.61823055875576,0.25579925606247284
PRS-001,2026-09-23,72.65621875,0.18931249999999977,72.89401075268817,73.06573228686635,0.3277200281464554,3.31775,-0.08450000000000024,3.323677083333333,3.30553125,0.03698305143913283,154.2069655172414,-8.953371767241407,151.3768487208009,153.54948499324647,4.565016553053895,36.5693125,-0.11425000000000551,36.58975000000001,36.628114487327196,0.25178024994297143
PRS-001,2026-09-24,72.84553125,-0.3373054435483738,72.90951041666666,72.98086621543779,0.28945432960208173,3.23325,0.090072580645161,3.2882812500000003,3.296183035714286,0.0461383697473805,145.25359375,3.287312500000013,151.37897136865035,152.63721267181788,5.5435298637867145,36.4550625,0.32916330645161196,36.50377083333334,36.53973631912442,0.16180068919741797
PRS-001,2026-09-25,72.50822580645162,0.39902419354838514,72.66999193548388,72.88809936635946,0.32522283905832317,3.323322580645161,-0.028489247311827892,3.291440860215054,3.3053764400921657,0.0438416012996784,148.54090625,6.075937499999981,149.33382183908046,151.62477070753218,5.553437170585687,36.78422580645161,-0.1579133064516114,36.602866935483874,36.56458554147465,0.18598965622221542
PRS-001,2026-09-26,72.90725,0.40313709677418785,72.7536690188172,72.91039400921659,0.31957312678761524,3.294833333333333,0.020854166666667062,3.283801971326165,3.2970535234254994,0.03847474251489714,154.61684375,-0.3941663306451346,149.47044791666664,150.8058682017718,4.343333729188788,36.6263125,0.1872500000000059,36.62186693548387,36.554398041474656,0.1793214697688061
PRS-001,2026-09-27,73.31038709677419,-1.1140645161290337,72.90862096774195,72.89334663018433,0.28897055558478296,3.3156875,-0.010937500000000266,3.311281137992831,3.3054463805683563,0.03446419460804369,154.22267741935485,0.3145100806451353,152.46014247311828,150.96636676167964,4.4613570545717165,36.8135625,-0.5986915322580657,36.741366935483875,36.63548761520737,0.14078681961421732
PRS-001,2026-09-28,72.19632258064516,0.051333669354846734,72.80465322580646,72.80724524769586,0.39286916404667815,3.30475,-0.07925000000000004,3.3050902777777775,3.3004910234254994,0.031090952742648503,154.5371875,-1.9736562499999764,154.45890288978492,152.29350414647226,3.8108479507609303,36.21487096774194,0.4064727822580636,36.55158198924732,36.564326324884796,0.20590785200695766
PRS-001,2026-09-29,72.24765625,0.32524999999999693,72.58478864247313,72.66737024769586,0.3929061296056512,3.2255,0.05287500000000023,3.2819791666666664,3.2878704877112135,0.041089935690091915,152.56353125,-7.656789314516118,153.77446538978495,151.99167220522804,3.6717977475338825,36.62134375,0.0883749999999992,36.54992573924732,36.58352721774194,0.2037439151045808
PRS-001,2026-09-30,72.57290625,0.003562500000001023,72.33896169354838,72.65546846198157,0.3945585895503232,3.278375,0.002687499999999954,3.2695416666666666,3.2822454877112137,0.03895765125396526,144.9067419354839,1.4754143145161152,150.66915356182798,150.66306883640553,4.355551941299174,36.70971875,0.04547479838709734,36.515311155913984,36.603585253456224,0.20895592385676456
ROB-001,2026-01-01,,,,,,,,,,,,,,,,,,,,
ROB-001,2026-01-02,45.5088125,-0.4992499999999964,,,,0.9755625,0.03793750000000007,,,,85.04578125,-1.97052318548387,,,,11.906875,-0.27884375000000006,,,
ROB-001,2026-01-03,45.0095625,-1.0056875000000005,,,,1.0135,0.10050000000000003,,,,83.07525806451613,-0.9759455645161381,,,,11.62803125,-0.1986562499999991,,,
ROB-001,2026-01-04,44.003875,-0.839500000000001,44.84074999999999,,,1.114,-0.06506451612903219,1.0343541666666667,,,82.0993125,5.8824294354838855,83.40678393817204,,,11.429375,0.2049798387096775,11.654760416666667,,
ROB-001,2026-01-05,43.164375,0.6673346774193618,44.05927083333333,,,1.048935483870968,-0.0797419354838711,1.0588118279569894,,,87.98174193548388,-1.500225806451624,84.38543750000001,,,11.634354838709678,-0.1198709677419334,11.563920362903225,,
ROB-001,2026-01-06,43.83170967741936,0.5327590725806388,43.66665322580646,,,0.9691935483870968,5.6451612903130055e-05,1.0440430107526881,,,86.48151612903226,-1.1422661290322509,85.52085685483871,,,11.514483870967744,-0.1081713709677441,11.52607123655914,,
ROB-001,2026-01-07,44.36446875,0.2048760775862064,43.78685114247312,,,0.96925,0.08768548387096775,0.9957930107526883,,,85.33925,2.0935937499999966,86.60083602150537,,,11.4063125,0.5267812499999991,11.518383736559139,,
ROB-001,2026-01-08,44.56934482758621,-0.9638609566184684,44.255174418335194,44.350306893572224,0.7767801013503289,1.0569354838709677,-0.09343548387096767,0.9984596774193548,1.0210538594470047,0.055081027116475674,87.43284375,-6.136031250000002,86.41786995967743,85.35081480414748,2.174806984189434,11.93309375,-0.5387187499999992,11.617963373655916,11.63607517281106,0.21288515596672802
ROB-001,2026-01-09,43.60548387096774,2.7069848790322624,44.17976581618465,44.07840280371048,0.6212121499422449,0.9635,-0.03193750000000006,0.9965618279569893,1.0193306451612905,0.05690007904186533,81.2968125,1.9230625000000003,84.68963541666666,84.81524783986175,2.6681072539384036,11.394375,-0.21103124999999956,11.577927083333334,11.562860887096775,0.191261009917789
ROB-001,2026-01-10,46.31246875,-1.870281249999998,44.82909914951798,44.26453226799619,1.0162767209660255,0.9315625,0.04571875000000003,0.9839993279569893,1.0076252880184333,0.06599981963483785,83.219875,1.5754374999999925,83.98317708333333,84.83590740207374,2.6529053340441093,11.18334375,-0.2519687500000014,11.503604166666667,11.49933410138249,0.23488336010152933
ROB-001,2026-01-11,44.4421875,2.1390624999999943,44.786713373655914,44.32714833942476,1.011029508698585,0.97728125,-0.09696874999999994,0.9574479166666666,0.9880940380184332,0.0466739584050037,84.7953125,0.7428124999999994,83.104,85.2210502592166,2.3700137627434223,10.931375,0.3899153225806451,11.169697916666669,11.428191244239631,0.3197069698008174
ROB-001,2026-01-12,46.58125,-1.4451874999999959,45.77863541666667,44.81527333942476,1.1686284234600233,0.8803125,0.15417137096774192,0.92971875,0.9640050403225805,0.05310990192266196,85.538125,-0.4651562499999926,84.51777083333333,84.87196212557603,2.0545831531014667,11.321290322580644,0.2995221774193553,11.145336357526881,11.383467741935485,0.30773319531525256
ROB-001,2026-01-13,45.1360625,1.2185937499999966,45.386500000000005,45.00160945693627,1.0867853606096156,1.034483870967742,-0.044390120967741975,0.9640258736559139,0.9733322292626728,0.059519380417800576,85.07296875,1.8945796370967827,85.13546875,84.67074107142857,1.9362412807053513,11.6208125,0.06483266129032295,11.291159274193546,11.398657546082948,0.3177395458698443
ROB-001,2026-01-14,46.35465625,0.5787187500000002,46.02398958333333,45.28592195693627,1.1507654467355855,0.99009375,0.009468750000000026,0.9682967069892473,0.9763099078341012,0.059801836462694005,86.96754838709678,-3.9116733870967835,85.85954737903226,84.90335512672812,2.1191128784356943,11.685645161290322,0.22251108870967684,11.542582661290323,11.438562211981566,0.3358836927908802
ROB-001,2026-01-15,46.933375,-0.9789375000000007,46.141364583333335,45.62364055299539,1.2481859153939319,0.9995625,-0.017468750000000033,1.0080467069892474,0.968113767281106,0.050045846243337536,83.055875,-1.140625,85.0321307123656,84.27807387672813,1.880685601117064,11.90815625,-0.7956874999999997,11.738204637096773,11.434999711981567,0.32984223731476553
ROB-001,2026-01-16,45.9544375,-0.5945312499999957,46.41415625,45.95920535714286,0.875219261936099,0.98209375,-0.008124999999999938,0.9905833333333334,0.970770017281106,0.05025316536817948,81.91525,2.8131249999999994,83.97955779569894,84.36642209101383,1.7254105506027497,11.11246875,0.3322187500000009,11.568756720430107,11.394727390552996,0.3520885883319016
ROB-001,2026-01-17,45.35990625,-0.5168739919354834,46.08257291666666,45.823125,0.8851357606484422,0.97396875,0.028031249999999952,0.9852083333333334,0.9768280529953917,0.0472023793181716,84.728375,2.1883437500000014,83.23316666666666,84.58192209101382,1.6509394969329367,11.4446875,0.6037187499999987,11.488437499999998,11.432062211981568,0.33957178696266455
ROB-001,2026-01-18,44.84303225806452,-0.6064385080645209,45.38579200268817,45.880388536866356,0.7886096947560575,1.002,-0.03109375000000003,0.9860208333333333,0.9803593029953918,0.048156898298374044,86.91671875,-3.918312499999999,84.52011458333334,84.88498012672811,1.876008088836857,12.04840625,-0.3474707661290317,11.5351875,11.59163810483871,0.3273110194949689
ROB-001,2026-01-19,44.23659375,0.034664314516135164,44.81317741935484,45.54543764400921,0.9270869529896698,0.97090625,-0.07018749999999996,0.9822916666666668,0.993301267281106,0.021687390601628734,82.99840625,0.13181955645160315,84.88116666666666,84.5221631624424,1.9717820964863586,11.700935483870968,0.5503548387096782,11.731343077956991,11.645873127880185,0.30579485239789905
ROB-001,2026-01-20,44.27125806451613,1.061419354838712,44.45029469086021,45.42189415322581,1.0413169501390975,0.90071875,0.09365625,0.957875,0.9741919642857144,0.034499794442753945,83.1302258064516,1.3195483870967877,84.3484502688172,84.2446284562212,2.017526209320119,12.251290322580646,-0.46677419354838534,12.000210685483871,11.735941388248847,0.38082779450531223
ROB-001,2026-01-21,45.332677419354845,-1.7613336693548476,44.613509744623656,45.27589717741936,0.9569704472704068,0.994375,0.0244637096774194,0.9553333333333334,0.9748035714285714,0.03486470182054808,84.4497741935484,-0.7769354838709717,83.52613541666666,83.88494642857142,1.640358991615644,11.78451612903226,0.22254637096773955,11.91224731182796,11.750065812211982,0.38048481221036967
ROB-001,2026-01-22,43.57134375,3.40534375,44.39175974462366,44.79560699884792,0.8203935729116699,1.0188387096774194,-0.05858870967741936,0.971310819892473,0.9775573156682028,0.03778511987419407,83.67283870967742,3.9458487903225716,83.75094623655913,83.97308410138248,1.6045725408659932,12.0070625,-0.4873750000000001,12.014289650537634,11.764195276497697,0.38907355187752474
ROB-001,2026-01-23,46.9766875,-2.023781249999999,45.293569556451615,44.941642713133646,1.1032688324569482,0.96025,0.01474999999999993,0.9911545698924732,0.9744367799539171,0.038247203472119976,87.6186875,-2.192468749999989,85.2471001344086,84.78786088709678,1.8191862975349622,11.5196875,0.45512500000000067,11.770422043010754,11.822369383640552,0.2942834157909603
ROB-001,2026-01-24,44.95290625,0.04509374999999949,45.166979166666664,44.883499855990785,1.0881736257110763,0.975,-0.01745161290322561,0.9846962365591397,0.9745841013824885,0.038247086338233684,85.42621875,-1.8947671370967782,85.57258165322581,84.88755285138248,1.834440218295421,11.9748125,-0.6254375000000003,11.833854166666667,11.898101526497696,0.24497080408371513
ROB-001,2026-01-25,44.998,-0.8671562500000007,45.64253124999999,44.90563810483871,1.0887893108265545,0.9575483870967744,0.07063911290322566,0.9642661290322581,0.9682338709677419,0.036590854413277536,83.53145161290323,1.2423870967741948,85.52545262096776,84.40394326036866,1.6469858406721412,11.349375,-0.3172812500000006,11.614625000000002,11.798239919354838,0.3078871752302499
ROB-001,2026-01-26,44.13084375,-0.2749082661290245,44.69391666666667,44.890530961981575,1.1002924871302948,1.0281875,0.02403124999999995,0.9869119623655914,0.9764169066820276,0.04311207346381959,84.77383870967742,-0.031119959677425868,84.57716969086022,84.657576468894,1.5267805933227874,11.03209375,0.9381562500000005,11.452093749999998,11.702691100230414,0.4247296861588032
ROB-001,2026-01-27,43.85593548387097,1.6058770161290283,44.32825974462366,44.83119916474654,1.1493554998390685,1.05221875,-0.09570262096774196,1.012651545698925,0.9980597638248848,0.036259989286405364,84.74271875,-1.6920624999999916,84.3493363575269,84.88793260368664,1.371699396186784,11.97025,-0.9194062499999998,11.450572916666667,11.662542482718894,0.37454753047140343
ROB-001,2026-01-28,45.4618125,-0.6313286290322608,44.482863911290316,44.849647033410136,1.159735520266639,0.956516129032258,0.071577620967742,1.0123074596774193,0.9926513536866359,0.0395732669531566,83.05065625,-0.12143749999999898,84.18907123655913,84.68805861175115,1.5380349865911493,11.05084375,0.8779687499999991,11.3510625,11.557732142857144,0.43284262600371154
ROB-001,2026-01-29,44.83048387096774,0.432703629032261,44.71607728494624,45.02952419354839,1.0173278933109264,1.02809375,0.020375000000000032,1.0122762096774194,0.9939735023041474,0.04073166263885465,82.92921875,0.31720060483870327,83.57419791666666,84.5818271889401,1.6420089384268246,11.9288125,-0.28615624999999945,11.64996875,11.546553571428571,0.4201278717461288
ROB-001,2026-01-30,45.2631875,-1.0184978448275857,45.18516129032258,44.78473847926267,0.5850141782345059,1.04846875,0.045781249999999885,1.0110262096774194,1.0065761808755762,0.042180317114945305,83.24641935483871,-0.8461693548387075,83.0754314516129,83.95721745391704,1.0005825311729517,11.64265625,0.22328124999999943,11.540770833333333,11.564120535714284,0.42138626838540894
ROB-001,2026-01-31,44.244689655172415,-0.35137715517241475,44.77945367538005,44.683564680001595,0.6117146532630484,1.09425,-0.08699999999999997,1.0569375,1.0236118951612903,0.05055229856974488,82.40025,1.8458166666666642,82.85862936827957,83.52493620391705,0.9096799529764296,11.8659375,-0.06403124999999932,11.81246875,11.548566964285714,0.4054073092613522
ROB-001,2026-02-01,43.8933125,0.8254374999999996,44.4670632183908,44.52575218000158,0.6578328490254132,1.00725,0.10707258064516112,1.0499895833333335,1.0307121255760368,0.042590376369920774,84.24606666666666,2.8314172043010757,83.29757867383512,83.6270240687404,0.9497489905079428,11.80190625,-0.6846250000000005,11.770166666666668,11.613214285714287,0.4044294211788131
ROB-001,2026-02-02,44.71875,0.8402187499999982,44.285584051724136,44.60973878714445,0.6361844049649454,1.114322580645161,-0.06160383064516117,1.0719408602150537,1.0430171370967742,0.05292775305212063,87.07748387096774,-0.00539012096774627,84.57460017921147,83.95611623463901,1.593973876843327,11.11728125,0.13637500000000102,11.595041666666667,11.625383928571429,0.38483562242495495
ROB-001,2026-02-03,45.55896875,-0.6261945564516154,44.723677083333335,44.853029253734306,0.6254158519398417,1.05271875,-0.016406249999999956,1.0580971102150538,1.0430885656682027,0.05294257605729547,87.07209375,-3.135249999999999,86.13188142921148,84.28888409178187,1.9815796540548447,11.25365625,0.7831874999999986,11.390947916666667,11.523013392857141,0.3729346483053326
ROB-001,2026-02-04,44.93277419354838,1.3742258064516193,45.07016431451613,44.777452352812645,0.5690092362998909,1.0363125,-0.07537499999999997,1.0677846102150539,1.0544880472350229,0.037547723362862585,83.93684375,0.6215312500000039,86.02880712365591,84.41548230606759,1.9165281983854987,12.03684375,-1.5131340725806428,11.469260416666666,11.663870535714285,0.35039830499692404
ROB-001,2026-02-05,46.307,0.11453124999999886,45.59958098118279,44.988383228388685,0.8132127529299201,0.9609375,0.09631250000000002,1.01665625,1.044894297235023,0.051429166281414626,84.558375,-1.6069233870967707,85.18910416666667,84.64821891321044,1.8014233574683292,10.523709677419356,0.8185161290322558,11.271403225806452,11.46314156105991,0.5298429834010538
ROB-001,2026-02-06,46.42153125,-2.171968749999998,45.887101814516136,45.15386090696011,0.9793369966957285,1.05725,-0.10168750000000004,1.0181666666666667,1.0461487615207372,0.05163756026406046,82.95145161290323,1.76861088709677,83.8155567876344,84.60608066436251,1.842656801216821,11.342225806451612,0.1487116935483872,11.300926411290321,11.420222926267282,0.5250242143679299
ROB-001,2026-02-07,44.2495625,2.6144687499999932,45.659364583333335,45.15455702764977,0.9785844853875533,0.9555625,0.04937500000000006,0.99125,1.0263362615207372,0.056484542604535254,84.7200625,1.5166875000000033,84.07662970430107,84.9374824500768,1.5679507569018696,11.4909375,0.19859375000000057,11.118957661290324,11.366651497695853,0.4899238610951276
ROB-001,2026-02-08,46.86403125,-2.297468749999993,45.84504166666667,45.57894542050691,0.9845973265467255,1.0049375,0.004468750000000021,1.0059166666666666,1.0260059043778802,0.05662137256129807,86.23675,-4.545137096774198,84.63608803763441,85.22186578341014,1.6018083882082272,11.68953125,-0.02573124999999976,11.507564852150537,11.350597926267282,0.4748952433568032
ROB-001,2026-02-09,44.5665625,0.1293124999999975,45.226718749999996,45.55720434907835,1.0081555493096248,1.00940625,0.01778124999999986,0.9899687500000001,1.0110178571428572,0.04110778775261106,81.6916129032258,4.5508064516129,84.21614180107527,84.4524556451613,1.8380317307971463,11.6638,-0.2084129032258062,11.61475625,11.428672033410137,0.4750689172987586
ROB-001,2026-02-10,44.695875,1.857093749999997,45.37548958333334,45.43390524193548,1.0593812750327622,1.0271875,-0.09505416666666677,1.0138437500000002,1.0073705357142857,0.0377899314044181,86.2424193548387,-1.2034193548387009,84.7235940860215,84.33393073156682,1.6589802618950398,11.455387096774194,0.29633165322580624,11.602906115591397,11.457490725806451,0.46875942800266907
ROB-001,2026-02-11,46.55296875,-1.0506249999999966,45.271802083333334,45.66536160714286,1.107542217389427,0.9321333333333331,0.08961666666666679,0.9895756944444444,0.9924877976190477,0.044424095500490944,85.039,1.6509062499999914,84.3243440860215,84.49138162442397,1.6672933241670762,11.75171875,-0.7234999999999996,11.623635282258064,11.41675858294931,0.41986483130384217
ROB-001,2026-02-12,45.50234375,-0.7572812499999984,45.58372916666667,45.55041071428571,1.0710024603129127,1.02175,-0.051620967741935586,0.9936902777777776,1.0011752976190476,0.04315388777542485,86.68990624999999,0.397968750000004,85.99044186827958,84.79588608870968,1.8645447973690734,11.02821875,0.594843749999999,11.411774865591397,11.488831307603686,0.24992811301156045
ROB-001,2026-02-13,44.7450625,0.6482812499999966,45.600125,45.31091517857143,1.0304129914018565,0.9701290322580643,-0.0033790322580643517,0.9746707885304658,0.9887294450844853,0.03630599539417579,87.087875,-3.0727416666666585,86.27226041666665,85.38680371543778,1.837849873777574,11.6230625,0.18196875000000112,11.467666666666666,11.528950835253456,0.24496332194613613
ROB-001,2026-02-14,45.39334375,1.4166885080645173,45.21358333333334,45.474312499999996,0.9186892624481523,0.96675,-0.014687499999999964,0.9862096774193546,0.9903276593701997,0.034818389650285594,84.01513333333334,1.490554166666655,85.93097152777779,85.28609954877113,1.8987758967185628,11.80503125,-0.8339687500000004,11.485437500000002,11.57382137096774,0.2648030719597245
ROB-001,2026-02-15,46.81003225806452,-2.2493135080645175,45.64947950268817,45.46659835829494,0.9052027652899864,0.9520625,0.08587499999999992,0.9629805107526881,0.9827740879416282,0.03679968622182255,85.5056875,0.36821875000001114,85.53623194444445,85.18166204877113,1.8574279566026997,10.9710625,1.0194536290322578,11.466385416666668,11.4711829781106,0.3408105544439624
ROB-001,2026-02-16,44.56071875,0.5849909274193621,45.58803158602151,45.46576353686636,0.9061733386197875,1.0379375,-0.01718749999999991,0.9855833333333334,0.9868499807987712,0.0415185522629855,85.87390625,-0.11200302419355523,85.13157569444445,85.77913252688172,1.04084852197087,11.990516129032258,-0.2867348790322577,11.58886995967742,11.517856710829493,0.3903561509198322
ROB-001,2026-02-17,45.14570967741936,-0.09174193548387422,45.50548689516129,45.530025633640555,0.8570977688229818,1.02075,-0.014812500000000117,1.0035833333333333,0.9859303379416282,0.04053582106755884,85.76190322580645,0.31306552419354716,85.71383232526883,85.71048736559139,1.0208551097658836,11.70378125,-0.5697187499999998,11.55511995967742,11.553341589861754,0.3949934160783972
ROB-001,2026-02-18,45.05396774193549,-1.5153427419354841,44.920132056451614,45.315882632488474,0.7378931081440028,1.0059375,-0.08790624999999996,1.0215416666666666,0.9964737903225805,0.0331334042163042,86.07496875,-3.2436249999999944,85.90359274193548,85.85848290130568,0.9816231097951019,11.1340625,0.19635685483870802,11.609453293010754,11.465104982718895,0.4119183491344473
ROB-001,2026-02-19,43.538625,2.9782499999999956,44.57943413978495,45.035351382488486,0.9865689621602209,0.91803125,0.05349999999999999,0.9815729166666666,0.9816568260368663,0.04196125830624389,82.83134375,-0.05317708333333826,84.88940524193548,85.30725968701996,1.4216704383074428,11.330419354838709,-0.1204818548387081,11.389421034946237,11.508276497695855,0.3724434046944188
ROB-001,2026-02-20,46.516875,-1.6464062499999983,45.03648924731183,45.28846745391705,1.1181890327092456,0.97153125,-0.05887500000000001,0.9651666666666666,0.9818571428571429,0.04190035712801724,82.77816666666666,2.479145833333334,83.89482638888889,84.69158706797235,1.4548328773900023,11.2099375,0.057749999999998636,11.224806451612904,11.449258640552996,0.3837822987908809
ROB-001,2026-02-21,44.87046875,1.4211562500000028,44.97532291666667,45.21377102534563,1.127441592066922,0.91265625,0.17325000000000013,0.9340729166666666,0.9741294642857142,0.04945765572508928,85.2573125,0.5009062499999999,83.62227430555556,84.86904123463901,1.4341814127039911,11.2676875,-0.10809374999999832,11.269348118279568,11.372495247695852,0.35328900286207604
ROB-001,2026-02-22,46.291625,-1.3594959677419425,45.89298958333333,45.13971284562212,1.0167000730175744,1.08590625,-0.06009979838709678,0.99003125,0.99325,0.06340911208013957,85.75821875,-2.2499284274193485,84.59789930555556,84.90511712749617,1.4558769318169893,11.15959375,0.17496874999999967,11.21240625,11.399428283410137,0.32351707713006095
ROB-001,2026-02-23,44.93212903225806,0.9415584677419417,45.364740927419355,45.192771457373276,0.9908098197671802,1.0258064516129033,-0.07236895161290324,1.0081229838709678,0.9915169930875576,0.0621372401267462,83.50829032258065,1.3408971774193503,84.84127385752687,84.56717199500768,1.4680253298575856,11.3345625,0.15256250000000016,11.253947916666666,11.305720622119816,0.19206537224443646
ROB-001,2026-02-24,45.8736875,-0.3134062499999999,45.699147177419356,45.296768289170515,1.0227372628139848,0.9534375,-0.014375000000000027,1.0217167338709678,0.9819009216589861,0.06206772773355493,84.8491875,-0.46392943548386256,84.70523219086022,84.43678403417819,1.3822525760225535,11.487125,0.6540624999999984,11.327093750000001,11.274769729262673,0.12184978714077464
ROB-001,2026-02-25,45.56028125,-0.7035000000000053,45.45536592741936,45.36909879032259,1.0206055488041244,0.9390625,0.06645362903225804,0.9727688172043011,0.9723473502304147,0.06289262693756174,84.38525806451614,1.532335685483858,84.24757862903226,84.19539679339479,1.1814443325743185,12.1411875,-0.8113437499999989,11.654291666666666,11.418644729262672,0.33542643094653246
ROB-001,2026-02-26,44.85678125,-0.4700312499999981,45.43025,45.55740682603687,0.696829686073643,1.005516129032258,-0.0122661290322581,0.966005376344086,0.9848451900921659,0.05886347519633777,85.91759375,-0.7910776209677408,85.05067977150537,84.63628965053763,1.1632913319271434,11.32984375,0.5179999999999989,11.65271875,11.418562499999998,0.33545173357712055
ROB-001,2026-02-27,44.38675,0.18831451612903294,44.93460416666667,45.25310325460829,0.6726915155763098,0.99325,-0.00462499999999999,0.9792762096774194,0.9879478686635945,0.0586166156786695,85.12651612903225,-0.9837036290322487,85.14312264784947,84.97176814516128,0.8285892199158322,11.84784375,0.16862500000000047,11.772958333333333,11.509691964285713,0.35538550418499204
ROB-001,2026-02-28,44.57506451612903,0.01968548387096547,44.606198588709674,45.21090264976959,0.7089833543168867,0.988625,-0.08862499999999995,0.9957970430107527,0.9988005472350231,0.04851565390394537,84.1428125,0.7892187499999892,85.06230745967741,84.81255385944701,0.8705887025264498,12.01646875,-0.7605000000000004,11.731385416666667,11.616660714285715,0.38208932092240655
ROB-001,2026-03-01,44.59475,0.06295000000000073,44.51885483870968,44.96849193548387,0.5501949637654823,0.9,0.04315625000000001,0.960625,0.9722425115207374,0.04351140060397004,84.93203125,0.1753750000000025,84.7337866263441,84.69452707373271,0.7713655251572167,11.25596875,-0.10715624999999918,11.706760416666667,11.63042857142857,0.3641920512139307
ROB-001,2026-03-02,44.6577,-1.3397000000000006,44.609171505376345,44.92928778801843,0.5628495357107355,0.94315625,0.09299999999999986,0.9439270833333334,0.9604353398617512,0.037328500523677595,85.10740625,0.7349485887096705,84.72741666666667,84.92297220622119,0.5727172040536636,11.1488125,0.4757812500000007,11.47375,11.603892857142856,0.3948213520297512
ROB-001,2026-03-03,43.318,1.5223125000000053,44.190149999999996,44.56418957373272,0.667342762554435,1.03615625,-0.09815624999999994,0.9597708333333334,0.9722523041474656,0.0466685184090987,85.84235483870967,0.29186391129033495,85.29393077956989,85.06485325460831,0.6667006566823176,11.62459375,-0.5634687500000002,11.343125,11.62353125,0.39144976887140803
ROB-001,2026-03-04,44.8403125,-1.2635625000000061,44.27200416666667,44.46133689516129,0.529476581927674,0.938,0.06018750000000006,0.9724375,0.9721005184331798,0.046796010568466634,86.13421875,1.0378437499999933,85.69465994623654,85.31470478110599,0.6966169484264031,11.061125,0.17819758064515945,11.278177083333333,11.469236607142857,0.36539532666026703
ROB-001,2026-03-05,43.57675,1.8793145161290354,43.9116875,44.278475288018434,0.5879515102750114,0.9981875,-0.016000000000000014,0.9907812500000001,0.9710535714285715,0.04599901180114166,87.1720625,-1.3004999999999995,86.38287869623655,85.49391460253456,0.9809128829357161,11.23932258064516,-0.2859999999999996,11.308347110215053,11.456305011520739,0.37267992886469753
ROB-001,2026-03-06,45.45606451612903,-0.8193770161290317,44.624375672043016,44.43123450460829,0.7400188285604021,0.9821875,0.004906250000000001,0.9727916666666667,0.9694732142857143,0.04529395607823723,85.8715625,-3.752281249999996,86.39261458333334,85.60034979838709,0.9748057621197106,10.95332258064516,0.7928649193548392,11.08459005376344,11.328516273041474,0.36939612580000025
ROB-001,2026-03-07,44.6366875,1.0687187500000022,44.55650067204301,44.44003778801844,0.742377776276252,0.98709375,-0.004545362903225825,0.9891562500000001,0.9692544642857143,0.045189623007165974,82.11928125,1.8416219758064472,85.05430208333333,85.31127390552994,1.5869229556352429,11.7461875,-0.4462197580645171,11.312944220430106,11.289904665898618,0.2913919572125283
ROB-001,2026-03-08,45.70540625,-1.6161250000000038,45.26605275537634,44.59870296658986,0.8857903796475546,0.9825483870967742,0.05404536290322581,0.9839432123655915,0.9810470910138249,0.033315905634156276,83.96090322580645,0.16025302419355114,83.98391565860214,85.17254133064516,1.6660780139935794,11.299967741935482,0.5173135080645181,11.333159274193548,11.296190236175113,0.29101222675471555
ROB-001,2026-03-09,44.08928125,0.04049294354839361,44.81045833333334,44.51750028801843,0.9053194915230076,1.03659375,-0.0635,1.002078629032258,0.9943953052995391,0.0343078929908122,84.12115625,0.916468750000007,83.40044690860215,85.0316484735023,1.713529890848711,11.81728125,-0.5938125000000003,11.621145497311828,11.391685771889401,0.34012462493030077
ROB-001,2026-03-10,44.12977419354839,0.5594445564516093,44.6414872311828,44.63346802995392,0.7675731510827145,0.97309375,0.038718750000000024,0.9974119623655914,0.9853863767281107,0.029450080154624275,85.037625,-0.8526572580645251,84.37322815860215,84.91668706797235,1.6766726054869856,11.22346875,0.4091249999999995,11.446905913978496,11.334382200460828,0.3279160227864117
ROB-001,2026-03-11,44.68921875,0.8253437499999947,44.30275806451613,44.61188320852535,0.7628972659061599,1.0118125,-0.09306250000000005,1.0071666666666668,0.9959310195852533,0.021902770629734704,84.18496774193548,2.2577822580645233,84.44791633064517,84.63822263824885,1.600917386008661,11.63259375,-0.3877872983870958,11.55778125,11.41602059331797,0.3195779373791668
ROB-001,2026-03-12,45.5145625,-1.0749687499999965,44.77785181451613,44.888713565668205,0.6706908437545304,0.91875,0.13593750000000004,0.9678854166666667,0.984582805299539,0.03635182818783739,86.44275,-0.31026612903225725,85.22178091397849,84.53403513824885,1.4222990876959525,11.244806451612904,0.24038709677419234,11.366956317204304,11.41680400345622,0.3190789209778424
ROB-001,2026-03-13,44.43959375,0.6561804435483864,44.881125,44.743503456221205,0.6365501975511808,1.0546875,-0.02043750000000011,0.9950833333333335,0.994939948156682,0.044882755318741856,86.13248387096775,-0.7554213709677526,85.58673387096775,84.57130961981566,1.4659434600300707,11.485193548387096,-0.256693548387096,11.454197916666667,11.492785570276498,0.24505708789448205
ROB-001,2026-03-14,45.09577419354839,2.010967741935481,45.0166434811828,44.80908726958525,0.6472703314510744,1.03425,-0.04593749999999985,1.0025625,1.001676555299539,0.046997898126480774,85.3770625,-2.1251592741935355,85.98409879032256,85.03670694124425,1.0012137032975221,11.2285,-0.10084375000000101,11.3195,11.41883021313364,0.2336901148536346
ROB-001,2026-03-15,47.10674193548387,-2.430773185483865,45.54736995967742,45.00927808179723,1.0574377847637224,0.9883125,0.009816532258064337,1.0257500000000002,1.0025,0.04665615232184506,83.25190322580646,2.532378024193548,84.92048319892473,84.93542122695852,1.1526008542340564,11.12765625,0.4231562499999999,11.2804499327957,11.394214285714286,0.2562807058840114
ROB-001,2026-03-16,44.67596875,1.6498749999999944,45.62616162634409,45.09309058179724,0.9936948899543638,0.9981290322580644,-0.09472278225806441,1.006897177419355,0.9970050403225806,0.044170387504561086,85.78428125,-2.784468750000002,84.80441565860215,85.17301051267282,1.1279278626682314,11.5508125,-0.24271572580645184,11.302322916666668,11.35614732142857,0.1955643497285391
ROB-001,2026-03-17,46.32584375,0.8545000000000016,46.03618481182796,45.406814804147466,0.9855048538650076,0.90340625,0.13221875000000005,0.9632825940860217,0.9870496831797234,0.05657054384849256,82.9998125,3.1793165322580563,84.0119989919355,84.88189444124423,1.3990799343517886,11.308096774193547,0.3135594758064517,11.328855174731181,11.368237039170507,0.18848280741939452
ROB-001,2026-03-18,47.18034375,-2.9125000000000014,46.06071875,45.76268980414746,1.123332142735979,1.035625,-0.03837500000000005,0.9790534274193549,0.9904514688940091,0.05897275906845969,86.17912903225806,-1.002347782258056,84.98774092741935,85.16677462557604,1.4360572005886023,11.62165625,-0.005333669354838477,11.493521841397849,11.366674539170507,0.1859544514880297
ROB-001,2026-03-19,44.26784375,-1.2330437500000002,45.924677083333336,45.584587125576036,1.259775392358979,0.99725,-0.028346774193548363,0.9787604166666668,1.001665754608295,0.04981886494750878,85.17678125,-1.5617167338709663,84.78524092741935,84.98592194700461,1.323920619293614,11.61632258064516,0.4311461693548395,11.515358534946236,11.419748271889402,0.1980020682903131
ROB-001,2026-03-20,43.0348,0.4895750000000021,44.8276625,45.38390230414746,1.5508432119300368,0.9689032258064516,0.06461290322580648,1.000592741935484,0.9894108582949308,0.04491160995314086,83.61506451612904,0.33202923387095495,84.9903249327957,84.62629061059909,1.3022991080249253,12.04746875,-0.471937500000001,11.761815860215053,11.500073300691243,0.3108627931373349
ROB-001,2026-03-21,43.524375,-0.05978125000000034,43.60900624999999,45.15941670506913,1.7055182743736275,1.033516129032258,-0.0475161290322581,0.9998897849462368,0.9893060195852534,0.04479018789753457,83.94709375,1.4030937500000107,84.246313172043,84.42200936059908,1.2768079953799432,11.57553125,0.09287500000000115,11.746440860215053,11.549649193548387,0.2870979848240955
ROB-001,2026-03-22,43.46459375,2.3245937499999982,43.341256249999994,44.639109821428576,1.5619469703550224,0.986,0.0029687499999999645,0.9961397849462367,0.9889756624423962,0.0448072619203957,85.3501875,2.1432499999999948,84.30411525537635,84.72176425691245,1.2003351788238785,11.66840625,-0.21121875000000045,11.763802083333331,11.626899193548386,0.219394535746586
ROB-001,2026-03-23,45.7891875,-2.2955745967741947,44.25938541666667,44.79814107142857,1.6218484077334068,0.98896875,0.008718749999999997,1.0028282930107528,0.9876670506912443,0.04462878917733551,87.4934375,-4.9113749999999925,85.59690625,84.96592943548387,1.5695403262310688,11.4571875,-0.14031250000000028,11.567041666666666,11.613524193548386,0.22750985821486774
ROB-001,2026-03-24,43.4936129032258,1.1852308467741963,44.2491313844086,44.39353666474654,1.5277619105616953,0.9976875,-0.06324999999999992,0.9908854166666669,1.0011358006912443,0.0247690977695079,82.5820625,2.112843749999996,85.14189583333334,84.90625086405531,1.6619775396033283,11.316875,0.7000250000000001,11.480822916666668,11.61477822580645,0.22556161053044074
ROB-001,2026-03-25,44.67884375,3.043062500000005,44.6538813844086,44.0361795218894,0.9509220299090801,0.9344375,0.09593750000000001,0.9736979166666667,0.986680443548387,0.030214528020860814,84.69490625,1.734593750000002,84.92346875,84.69421903801843,1.564329531615733,12.0169,-0.11883749999999971,11.5969875,11.671241618663595,0.27221500442471835
ROB-001,2026-03-26,47.72190625,-4.428500000000007,45.29812096774193,44.52961702188939,1.6956840053833557,1.030375,-0.11256250000000001,0.9875000000000002,0.9914125864055299,0.034443801399082964,86.4295,-2.810906250000002,84.56882291666666,84.87317885944701,1.6949389716493095,11.8980625,-0.5580937499999994,11.743945833333333,11.711490178571427,0.28334255982657813
ROB-001,2026-03-27,43.29340625,1.9240937500000044,45.23138541666666,44.5665607718894,1.6601330637248282,0.9178125,0.08171874999999995,0.9608750000000001,0.9841139112903227,0.04407504873163781,83.61859375,-2.022874999999999,84.91433333333333,84.8736830357143,1.6945028288715194,11.33996875,0.31129791666666584,11.75164375,11.61041875,0.26936238693401954
ROB-001,2026-03-28,45.2175,-1.960250000000002,45.410937499999996,44.80843577188939,1.6054229360630539,0.99953125,-0.016124999999999945,0.9825729166666668,0.9792589285714285,0.03934416250398413,81.59571875,1.1703124999999943,83.88127083333335,84.53777232142856,2.094622842762525,11.651266666666666,-0.3572354166666667,11.629765972222222,11.621238095238095,0.2692485159317949
ROB-001,2026-03-29,43.25725,0.6040937500000041,43.92271875,44.778815236175106,1.6359717350853082,0.98340625,0.034045362903225795,0.966916666666667,0.9788883928571429,0.039282260400120644,82.76603125,-1.4905624999999958,82.66011458333332,84.16860714285714,2.154442565911224,11.29403125,0.2565937500000004,11.428422222222222,11.567755952380953,0.2943313573462525
ROB-001,2026-03-30,43.86134375,0.7123749999999944,44.11203125,44.50340898617511,1.5993948181865767,1.0174516129032258,-0.027516129032257863,1.0001297043010755,0.9829573732718895,0.04188911557462008,81.27546875,3.5320937500000014,81.87907291666666,83.28032589285715,1.8093361776074193,11.550625,0.34828124999999943,11.498640972222224,11.581104166666666,0.29057602292657786
ROB-001,2026-03-31,44.57371875,-0.5557499999999962,43.897437499999995,44.65770982142857,1.5366075624614552,0.989935483870968,0.06516129032258045,0.9969311155913981,0.9818499423963134,0.041535768910343586,84.8075625,3.074856854838714,82.9496875,83.59825446428572,1.8609815633276756,11.89890625,-0.19974999999999987,11.581187499999999,11.664251488095237,0.2855968378756397
ROB-001,2026-04-01,44.01796875,1.6684062499999968,44.15101041666666,44.56329910714286,1.5552815994118518,1.0550967741935484,0.08684072580645164,1.0208279569892478,0.9990869815668203,0.04356732459200449,87.88241935483872,-2.694700604838715,84.65515020161291,84.05361347926268,2.465747862108803,11.69915625,0.300437500000001,11.716229166666666,11.618859523809522,0.2421527339409168
ROB-001,2026-04-02,45.686375,-0.8467812499999994,44.75935416666666,44.27250892857143,0.9314856416273865,1.1419375,-0.12984375000000004,1.0623232526881725,1.0150244815668203,0.06956768144288675,85.18771875,-1.8460312499999958,85.95923353494624,83.8762161578341,2.30580949108649,11.99959375,-0.6119485887096783,11.865885416666666,11.633363988095239,0.2637420684494908
ROB-001,2026-04-03,44.83959375,0.7348901209677408,44.84797916666667,44.49339285714286,0.8393855067397857,1.01209375,-0.07143750000000004,1.0697093413978498,1.0284932315668203,0.05526684215311705,83.3416875,4.245441532258056,85.47060853494624,83.83665812211983,2.3133288485358015,11.387645161290322,0.6418548387096781,11.695465053763442,11.640174903993856,0.25538582840539914
ROB-001,2026-04-04,45.57448387096774,-3.081796370967737,45.36681754032258,44.54439055299539,0.899409940322836,0.94065625,0.08203125,1.0315625000000004,1.020082517281106,0.06417151652717755,87.58712903225806,-4.495535282258061,85.37217842741934,84.69257387672812,2.4503408774487743,12.0295,-0.46520000000000117,11.805579637096775,11.694208237327189,0.29505517097233924
ROB-001,2026-04-05,42.4926875,2.036187499999997,44.302255040322585,44.43516733870968,1.1047530708445006,1.0226875,-0.09959072580645156,0.9918125000000003,1.025694124423963,0.06211428661561046,83.09159375,-0.5905937499999965,84.67347009408603,84.73908280529953,2.4104443506228783,11.5643,-0.4854874999999996,11.660481720430107,11.73281805875576,0.24787255605420405
ROB-001,2026-04-06,44.528875,0.8584999999999994,44.198682123655914,44.53052894585254,1.0753857329077265,0.9230967741935484,0.05259072580645163,0.9621468413978498,1.0122148617511522,0.07341156951656368,82.501,4.01761290322581,84.39324092741936,84.9141586981567,2.1470632325026973,11.0788125,0.45987500000000026,11.5575375,11.665416273041474,0.3491353079326605
ROB-001,2026-04-07,45.387375,-1.1424062500000005,44.1363125,44.6467655529954,1.1237192714889677,0.9756875,0.02387499999999998,0.9738239247311831,1.010179435483871,0.0743240965753551,86.51861290322582,-2.815645161290334,84.03706888440861,85.15859447004608,2.2287497155295477,11.5386875,0.07887500000000003,11.393933333333335,11.613956451612903,0.3352557728803699
ROB-001,2026-04-08,44.24496875,1.0922812499999992,44.720406249999996,44.679194124423965,1.1056795777876458,0.9995625,-0.014249999999999985,0.9661155913978497,1.0022459677419355,0.07164612180697418,83.70296774193548,2.256376008064521,84.24086021505377,84.56152995391706,1.9152100267972882,11.6175625,-0.4796250000000004,11.4116875,11.602300201612904,0.33321202466523125
ROB-001,2026-04-09,45.33725,-0.9773124999999965,44.989864583333336,44.62931912442396,1.0595891957341306,0.9853125,-0.06889870689655164,0.9868541666666669,0.9798709677419355,0.03666863871221058,85.95934375,-0.7482499999999987,85.39364146505376,84.67176209677419,1.9784206581436452,11.1379375,0.6842237903225801,11.431395833333333,11.479206451612905,0.32091213136018126
ROB-001,2026-04-10,44.3599375,-0.4192041666666739,44.64738541666666,44.56079680299539,1.0592339577872152,0.9164137931034484,0.055973303670745156,0.9670962643678166,0.9662024024709995,0.04030763362509145,85.21109375,1.379593749999998,84.95780174731182,84.93882013248847,1.893296509685675,11.82216129032258,-0.22181754032257928,11.525887096774193,11.541280184331796,0.3416065206681639
ROB-001,2026-04-11,43.94073333333333,1.1014541666666702,44.545973611111116,44.32740386904762,0.9753179709967279,0.9723870967741935,0.014425403225806432,0.958037796625881,0.9707353805815986,0.03870839976547266,86.5906875,-0.9094062500000035,85.92037499999999,84.7964713421659,1.6872420082308954,11.60034375,-0.2725312500000001,11.520147513440861,11.479972148617511,0.27049007358693455
ROB-001,2026-04-12,45.0421875,1.4173437500000006,44.447619444444435,44.6916181547619,0.5662211037649576,0.9868125,0.02921874999999996,0.9585377966258809,0.9656103805815986,0.03257205590725361,85.68128125,-2.0959687499999973,85.82768749999998,85.16642669930876,1.5274666265211605,11.3278125,0.011864919354835024,11.583439180107527,11.446188220046082,0.2729594520543829
ROB-001,2026-04-13,46.45953125,-1.0677570564516046,45.14748402777777,44.96742619047619,0.8650798518088224,1.01603125,-0.08522479838709673,0.9917436155913982,0.9788867342682346,0.0312694188477403,83.5853125,3.541343749999996,85.28576041666668,85.32132848502305,1.2400528517070863,11.339677419354835,-0.22919354838709083,11.42261122311828,11.483454637096774,0.22865523716610042
ROB-001,2026-04-14,45.39177419354839,-0.34808669354839594,45.63116431451613,44.96805464669739,0.8654373037587986,0.9308064516129032,0.06888104838709674,0.9778834005376348,0.9724751559272207,0.03624081367051344,87.12665625,-3.3980312500000025,85.46441666666668,85.40819182027649,1.353962587986795,11.110483870967744,0.5242903225806419,11.259324596774192,11.422282690092166,0.2656946174467226
ROB-001,2026-04-15,45.0436875,-0.500687499999998,45.63166431451614,45.08215732526882,0.8047382106540041,0.9996875,0.06090625000000005,0.9821750672043014,0.9724930130700778,0.03625641249462082,83.728625,3.5281875000000014,84.81353125,85.41185714285713,1.3486011049911322,11.634774193548386,0.040882056451613025,11.36164516129032,11.42474150345622,0.2678736931784245
ROB-001,2026-04-16,44.543,0.7737499999999997,44.99282056451613,44.96869303955453,0.8186493822022279,1.06059375,-0.14237500000000003,0.997029233870968,0.9832474773557921,0.04945529255435437,87.2568125,-2.224499999999992,86.03736458333333,85.59720982142858,1.5152546001125837,11.67565625,0.12100000000000044,11.473638104838711,11.501558467741935,0.2483054720172965
ROB-001,2026-04-17,45.31675,0.5050564516129015,44.9678125,45.10538053955453,0.7789840496936881,0.91821875,0.10440624999999992,0.9928333333333336,0.9835053283410139,0.04905181680406715,85.0323125,0.9487187499999976,85.33924999999999,85.57166964285715,1.5243269704509794,11.79665625,-1.2060756048387091,11.702362231182795,11.497914890552995,0.24294623762821263
ROB-001,2026-04-18,45.8218064516129,-1.1006502016129005,45.22718548387096,45.374105270737324,0.618097754206154,1.022625,0.0734687500000002,1.0004791666666668,0.9906821716589862,0.05079807815940981,85.98103125,-0.24228931451612823,86.09005208333333,85.48457589285715,1.4729516036555423,10.59058064516129,0.5779193548387092,11.354297715053763,11.35366301843318,0.41256126607827354
ROB-001,2026-04-19,44.72115625,-1.5829999999999984,45.28657090053763,45.32824366359447,0.6574849821619052,1.09609375,-0.0775776209677419,1.0123125000000004,1.0062937788018433,0.06438586673933473,85.73874193548387,-0.37880443548387177,85.58402856182796,85.49278456221198,1.4743899452652955,11.1685,0.48631250000000037,11.185245631720429,11.33090408986175,0.4185753818793447
ROB-001,2026-04-20,43.13815625,3.0257792338709635,44.56037298387097,44.85376152073733,0.8693347225903996,1.0185161290322582,-0.05148487903225818,1.0457449596774198,1.0066487615207373,0.06445531323503287,85.3599375,-1.6040987903225812,85.69323689516129,85.74630241935483,1.2228555250439845,11.6548125,-0.175062500000001,11.13796438172043,11.375923387096774,0.4362500484958482
ROB-001,2026-04-21,46.163935483870965,0.2918457661290361,44.674415994623665,44.964070276497694,0.9896446488339651,0.96703125,0.04171875000000003,1.0272137096774197,1.011823732718894,0.05853339984428381,83.75583870967742,1.108442540322585,84.9515060483871,85.2647570564516,1.252039758208855,11.47975,0.027531250000000895,11.434354166666667,11.428675691244239,0.4208576201341441
ROB-001,2026-04-22,46.45578125,0.17259374999999721,45.252624327956994,45.165797955069124,1.140934084998674,1.00875,-0.10221666666666662,0.9980991263440865,1.013118375576037,0.05832006568828038,84.86428125,2.3946249999999907,84.6600191532258,85.42699366359446,1.0818237299908908,11.50728125,0.4344687500000006,11.54728125,11.410462413594471,0.413139805914397
ROB-001,2026-04-23,46.628375,-1.6709375000000009,46.41603057795698,45.46370866935484,1.2206816594009813,0.9065333333333334,0.1950291666666666,0.9607715277777782,0.991109744623656,0.06598381312830745,87.25890625,-1.0168124999999861,85.29300873655914,85.42729277073734,1.0824140936304782,11.94175,0.07281666666666808,11.642927083333333,11.448475806451613,0.45201965254685234
ROB-001,2026-04-24,44.9574375,-0.24734374999999886,46.01386458333334,45.41237831221198,1.235357727479376,1.1015625,-0.055659274193548436,1.005615277777778,1.0173017089093703,0.06856598122818208,86.24209375000001,-1.2315604166666816,86.12176041666667,85.60011866359447,1.1051795719385777,12.014566666666669,-0.08609791666666844,11.821199305555558,11.479605865975424,0.4862057647812702
ROB-001,2026-04-25,44.71009375,0.0021249999999994884,45.43196875,45.25356221198157,1.245369196811342,1.0459032258064516,-0.04054838709677444,1.0179996863799285,1.0206271697388634,0.06942629329413504,85.01053333333333,1.551935416666666,86.17051111111111,85.46147610407067,1.1102924138396888,11.92846875,-0.29001713709677723,11.96159513888889,11.67073273809524,0.30924153206577853
ROB-001,2026-04-26,44.71221875,-0.21873487903225453,44.79325,45.25228542626728,1.2460104228030835,1.0053548387096771,-0.03115483870967717,1.0509401881720433,1.0076644681259601,0.06093969577978661,86.56246875,-0.09281249999999375,85.93836527777778,85.57915136328725,1.1856694075555796,11.638451612903223,-0.9647328629032224,11.860495676523298,11.737868682795698,0.22024064613493158
ROB-001,2026-04-27,44.493483870967744,0.3308286290322542,44.63859879032258,45.4459036578341,0.927278574792801,0.9742,0.05341290322580661,1.0084860215053766,1.0013335925499232,0.06191853695785946,86.46965625,1.2939243951612838,86.01421944444444,85.73768261328725,1.2250095781186958,10.67371875,1.093375,11.413546370967742,11.5977124327957,0.4617080575301639
ROB-001,2026-04-28,44.8243125,1.7918750000000045,44.67667170698925,45.254528945852535,0.8919556447503457,1.0276129032258066,-0.0002066532258064857,1.002389247311828,1.0099881144393241,0.06054347960386194,87.76358064516128,-2.4163618951612875,86.93190188172042,86.31021717549923,1.0712825336701302,11.76709375,0.09674999999999834,11.359754704301075,11.638761539938557,0.46224554676345336
ROB-001,2026-04-29,46.6161875,-1.9763437500000052,45.31132795698925,45.27744412442396,0.9292416635096141,1.02740625,-0.025718750000000012,1.0097397177419358,1.0126532930107526,0.06088953634325787,85.34721875,-1.9734187499999933,86.5268185483871,86.37920824692779,0.9737551448718886,11.86384375,0.00893044354838679,11.434885416666667,11.689699039938557,0.464979964678753
ROB-001,2026-04-30,44.63984375,-0.3801437499999949,45.360114583333335,44.99336823156682,0.7300190216443484,1.0016875,0.03543750000000001,1.018902217741936,1.026246745391705,0.04043625221169479,83.3738,3.6068666666666616,85.49486646505375,85.82419306835638,1.4018744420695217,11.872774193548386,-0.2038709677419348,11.834570564516127,11.67984535330261,0.4594462907919811
ROB-001,2026-05-01,44.2597,3.5447062499999973,45.17191041666666,44.89369144585253,0.7815578947463971,1.037125,-0.015968750000000087,1.0220729166666669,1.0170413882488478,0.024709128838615403,86.98066666666666,-2.1242473118279577,85.2338951388889,85.92970348502304,1.4649445254377815,11.668903225806451,-0.57167741935484,11.801840389784944,11.630464861751152,0.4354227269080012
ROB-001,2026-05-02,47.80440625,-3.899562500000002,45.56798333333334,45.33573608870967,1.337642500212761,1.02115625,0.1313437500000001,1.0199895833333337,1.0135061059907833,0.021446387276571076,84.8564193548387,0.40789314516129593,85.07029534050179,85.90768720238096,1.4821182372480373,11.097225806451611,0.47430544354838844,11.546301075268815,11.511715869815665,0.45357579626295974
ROB-001,2026-05-03,43.90484375,1.9135312500000055,45.32298333333333,45.22039680299539,1.4318567030116007,1.1525,-0.20353125000000005,1.070260416666667,1.0345268433179724,0.056153724709359046,85.2643125,1.919343749999996,85.70046617383512,85.72223630952381,1.4676792742302454,11.57153125,0.0194687499999997,11.445886760752687,11.502155817972351,0.4511581738011222
ROB-001,2026-05-04,45.818375,-0.3378232758620783,45.84254166666667,45.40966696428571,1.4071066569036497,0.94896875,0.05828124999999995,1.0408750000000002,1.0309223790322581,0.061249978177402346,87.18365625,-3.9831401209677466,85.76812936827957,85.82423630952381,1.550740596566156,11.591,-0.06625000000000014,11.419919018817202,11.633195996543778,0.2654074857694254
ROB-001,2026-05-05,45.480551724137925,-0.354989224137924,45.067923491379304,45.50341542487684,1.3832665594341695,1.00725,0.04100806451612904,1.0362395833333335,1.0280133928571427,0.06191331635891947,83.20051612903225,1.6358387096774294,85.21616162634409,85.1723699500768,1.5586918268390222,11.52475,-0.03006249999999966,11.562427083333333,11.598575460829492,0.2607964264672194
ROB-001,2026-05-06,45.1255625,0.14246874999999903,45.4748297413793,45.29046899630542,1.2953536272814845,1.048258064516129,-0.05313306451612898,1.0014922715053765,1.0309922235023041,0.06237910512797431,84.83635483870968,-1.213854838709679,85.07350907258063,85.09938939132105,1.5610985546972442,11.4946875,-0.53553125,11.536812499999998,11.545838853686634,0.23418157178555496
ROB-001,2026-05-07,45.26803125,-0.8609999999999971,45.29138182471264,45.38021006773399,1.264150712289287,0.995125,0.01781250000000001,1.0168776881720432,1.0300547235023043,0.06293972658804738,83.6225,2.371124999999992,83.88645698924732,85.13491796274961,1.517502320476512,10.95915625,0.6773598790322559,11.326197916666667,11.415322004608296,0.2729814637017117
ROB-001,2026-05-08,44.40703125,1.2160937499999989,44.93354166666666,45.40125738916256,1.2434424937451372,1.0129375,0.021625000000000005,1.0187735215053766,1.026599366359447,0.06315046737442515,85.993625,-1.4634374999999977,84.81749327956989,84.99391201036867,1.3545165498849516,11.636516129032255,-0.14496774193548134,11.363453293010751,11.410695276497693,0.2681998122646132
ROB-001,2026-05-09,45.623125,-2.3658750000000026,45.09939583333334,45.08964578201971,0.6917711139962894,1.0345625,-0.06687500000000002,1.0142083333333336,1.0285145449308755,0.06316116659863302,84.5301875,0.5814687499999991,84.71543750000001,84.94730745967742,1.3656026023731207,11.491548387096774,0.28123286290322547,11.362406922043009,11.46702707373272,0.23008985671439947
ROB-001,2026-05-10,43.25725,1.593104838709671,44.42913541666667,44.997132389162566,0.8911875033569883,0.9676875,-0.01618750000000002,1.0050625000000004,1.00211275921659,0.035081225037059335,85.11165625,0.04640625000000398,85.21182291666666,84.92549942396313,1.3609072955194264,11.77278125,0.004656250000000028,11.633615255376343,11.495777073732716,0.25639377557599924
ROB-001,2026-05-11,44.85035483870967,1.0863951612903335,44.57690994623656,44.85884379469251,0.8143022650073161,0.9515,0.0893124999999999,0.9845833333333337,1.0024743663594469,0.03444949071328427,85.1580625,-1.0798750000000013,84.93330208333333,84.63612888824885,0.9557787563700586,11.7774375,-0.5343437499999997,11.680589045698923,11.522411002304148,0.2768050565243883
ROB-001,2026-05-12,45.93675,-0.7249687500000022,44.681451612903224,44.924014976958524,0.8873330011609447,1.0408125,-0.05624999999999991,0.9866666666666669,1.0072690092165897,0.037431470885489,84.0781875,1.012187499999996,84.78263541666666,84.7615105126728,0.7768900525882045,11.24309375,0.4071562499999999,11.597770833333334,11.482174395161291,0.2961998200958154
ROB-001,2026-05-13,45.21178125,-0.8141250000000042,45.33296202956989,44.93633194124424,0.8911869613318387,0.9845625,0.035792338709677685,0.9922916666666669,0.998169642857143,0.03332312436671544,85.090375,0.9930937499999999,84.77554166666665,84.79779910714285,0.7868376649737225,11.65025,-0.10292741935483818,11.556927083333333,11.504397609447006,0.303051627319403
ROB-001,2026-05-14,44.39765625,0.11215020161290568,45.1820625,44.81199265552995,0.8978873781820731,1.0203548387096777,-0.09116733870967764,1.0152432795698927,1.001773905529954,0.03428936133444063,86.08346875,-0.058312499999999545,85.08401041666666,85.14936607142856,0.7212378471306514,11.547322580645162,0.17308366935483832,11.480222110215053,11.58842137096774,0.18537178791359996
ROB-001,2026-05-15,44.5098064516129,-0.32490020161290545,44.70641465053763,44.82667482718894,0.8909755198758925,0.9291875,0.09390927419354833,0.9780349462365595,0.9898096198156683,0.04319859816791648,86.02515625,0.6029375000000101,85.733,85.15387053571429,0.7274610481922761,11.72040625,0.0600000000000005,11.63932627688172,11.600405673963134,0.1916062526978981
ROB-001,2026-05-16,44.18490625,1.5617812500000028,44.36412298387097,44.62121500576036,0.8411363468006394,1.0230967741935484,0.09068447580645156,0.9908797043010756,0.9881716589861752,0.04139876659609895,86.62809375,-4.884562500000001,86.24557291666667,85.45357142857142,0.8495887868127354,11.78040625,0.18599999999999994,11.682711693548386,11.641671082949307,0.19532374708660163
ROB-001,2026-05-17,45.7466875,11.233247983870967,44.813800067204305,44.97684893433179,0.6789724446725784,1.11378125,0.5715937500000001,1.0220218413978497,1.0090421947004609,0.061362666462530274,81.74353125,5.418812500000001,84.79892708333334,84.97241071428572,1.651145528945522,11.96640625,3.8733749999999993,11.82240625,11.669331797235023,0.22796763076787538
ROB-001,2026-05-18,56.97993548387097,0.07184576612903015,48.970509744623655,46.70964616935485,4.5790465463042445,1.685375,-0.02965625000000016,1.2740843413978495,1.1138814804147465,0.25812409469160985,87.16234375,-0.27387500000000387,85.17798958333333,85.25873660714285,1.8504572337430365,15.83978125,0.04115625000000023,13.19553125,12.249666618663595,1.5987108194014275
ROB-001,2026-05-19,57.05178125,0.4630252016129077,53.25946807795699,48.297507776497696,5.979398824198597,1.65571875,0.005468750000000133,1.4849583333333334,1.2017252304147465,0.3250643960500992,86.88846875,2.534593749999999,85.26478125,85.66020535714286,1.8564860357662984,15.8809375,-0.23676508620689773,14.562375000000001,12.912215725806451,2.0180600314207893
ROB-001,2026-05-20,57.514806451612905,0.15941935483871106,57.18217439516129,50.05508280529954,6.687459141181606,1.6611875,-0.004406249999999945,1.6674270833333338,1.298385944700461,0.34941475817051776,89.4230625,-0.6611249999999984,87.82462500000001,86.27916071428571,2.303326923844801,15.644172413793102,0.18445258620689842,15.7882970545977,13.482776070634037,2.161313406426933
ROB-001,2026-05-21,57.67422580645162,-0.08310080645161833,57.41360450268817,51.95173559907834,6.698214696123574,1.65678125,-0.019468750000000146,1.6578958333333336,1.3893040034562212,0.34780916330440226,88.7619375,-7.442843750000009,88.35782291666668,86.66179910714287,2.4810243097568847,15.828625,-0.11021875000000136,15.784578304597702,14.094390701970443,2.1278382469636723
ROB-001,2026-05-22,57.591125,-0.2294062499999967,57.59338575268817,53.82049539170507,6.071395253341135,1.6373125,-0.0015937499999998384,1.6517604166666668,1.4904647177419357,0.2898257727418913,81.31909375,4.2541875000000005,86.50136458333333,85.98950446428572,3.212169971416491,15.71840625,-0.014999999999998792,15.730401221264367,14.665533559113301,1.909815384211945
ROB-001,2026-05-23,57.36171875,-10.593492943548384,57.5423565188172,55.70289717741935,4.398156267485407,1.63571875,-0.5996875000000002,1.6432708333333335,1.5779821428571428,0.2053633822486435,85.57328125,-0.5582489919354856,85.21810416666666,85.8388169642857,3.2019450854469285,15.70340625,-4.61146875,15.750145833333335,15.225962130541873,1.4398511298984118
ROB-001,2026-05-24,46.76822580645162,-1.7773195564516158,53.90702318548387,55.84883122119816,4.0128093955449575,1.03603125,0.02662500000000012,1.436354166666667,1.566875,0.23466622878525348,85.01503225806451,-1.394501008064509,83.96913575268816,86.30617425115209,2.704718417468757,11.0919375,0.35953124999999986,14.17125,15.101038023399015,1.7698983274636666
ROB-001,2026-05-25,44.99090625,-0.6555000000000035,49.7069502688172,54.13611275921659,5.667114809537668,1.06265625,-0.02462500000000012,1.2448020833333338,1.4779151785714286,0.29303207521961816,83.62053125,1.780687499999999,84.7362815860215,85.80020103686637,2.8454818036853164,11.45146875,0.4885312499999994,12.748937499999998,14.474136237684728,2.1915677007308134
ROB-001,2026-05-26,44.33540625,-1.053503024193546,45.364846102150544,52.31948775921659,6.546614674574999,1.03803125,-0.10293750000000002,1.045572916666667,1.389674107142857,0.32212449364589296,85.40121875,0.8419687500000066,84.67892741935484,85.58773675115208,2.8059304134719394,11.94,-0.907375,11.494468750000001,13.911145166256157,2.2745643529863178
ROB-001,2026-05-27,43.28190322580645,1.2589092741935488,44.20273857526882,50.28621586981567,6.866539861695737,0.93509375,0.049281250000000054,1.0119270833333336,1.2859464285714284,0.33669791008319405,86.2431875,-1.2572842741935517,85.0883125,85.13346889400921,2.291827872886547,11.032625,0.2988437500000014,11.474697916666665,13.252352678571429,2.3553591406720957
ROB-001,2026-05-28,44.5408125,-0.7769737903225789,44.05270732526882,48.41001396889401,6.280688020703378,0.984375,0.07315833333333321,0.9858333333333335,1.1898883928571427,0.30795825856111997,84.98590322580645,1.8705030241935532,85.5434364919355,84.59403542626728,1.6499455512515568,11.33146875,1.0576249999999998,11.434697916666666,12.609901785714285,2.1389138222487336
ROB-001,2026-05-29,43.76383870967742,0.9094737903225791,43.86218481182795,46.43468735599078,4.94407035853379,1.0575333333333332,-0.15040833333333326,0.9923340277777779,1.1070627976190477,0.23746533418555357,86.85640625,-2.001438508064524,86.02849899193548,85.38508006912443,1.028489126886504,12.38909375,-0.5968034274193563,11.584395833333334,12.134285714285713,1.645812650657416
ROB-001,2026-05-30,44.6733125,0.3293437499999996,44.32598790322581,44.622057891705076,1.1080040263818403,0.907125,0.06606250000000002,0.9830111111111112,1.002977976190476,0.061915488376440904,84.85496774193548,-2.218561491935489,85.56575907258065,85.28246385368665,1.042323373207013,11.792290322580644,0.15520967741935543,11.837617607526882,11.575554867511519,0.4907942579661112
ROB-001,2026-05-31,45.00265625,1.03176310483871,44.47993581989247,44.36983366935483,0.6402521011989586,0.9731875,0.04690625000000004,0.9792819444444446,0.9940002976190475,0.060871351745250164,82.63640625,1.2523437500000085,84.78259341397849,84.94266013824884,1.4514626711536835,11.9475,-1.1505312500000002,12.042961357526883,11.697778081797235,0.45555128627590646
ROB-001,2026-06-01,46.03441935483871,-1.4274193548387117,45.23679603494623,44.51890697004609,0.8840334580370697,1.02009375,-0.06284374999999998,0.9668020833333335,0.9879199404761904,0.05468144419985683,83.88875,0.08221874999999557,83.7933746639785,84.98097710253455,1.4137944080035452,10.79696875,0.4930625000000006,11.512253024193548,11.604278081797235,0.5678549201290165
ROB-001,2026-06-02,44.607,1.4368750000000006,45.21469186827957,44.55770607718894,0.8805908246018077,0.95725,-0.019000000000000017,0.9835104166666668,0.9763797619047618,0.050724145951560155,83.97096875,-0.09881249999999397,83.49870833333334,84.77665567396312,1.445923630724401,11.29003125,-0.06571875000000027,11.344833333333332,11.511425403225806,0.5568431537689397
ROB-001,2026-06-03,46.043875,-1.2998750000000001,45.561764784946234,44.95227347350231,0.8310517775823547,0.93825,0.07006249999999992,0.9718645833333336,0.9768306547619047,0.05030830734650821,83.87215625,-1.3730000000000047,83.910625,84.43793692396314,1.3170966647189732,11.2243125,-0.1593750000000007,11.103770833333334,11.538809331797236,0.5336010719094605
ROB-001,2026-06-04,44.744,0.6493749999999991,45.13162499999999,44.98130025921659,0.8177267442085709,1.0083125,0.05684375000000008,0.9679375000000002,0.9802502976190475,0.05170088081463629,82.49915625,1.2018114919354872,83.44742708333332,84.08268735599079,1.4710341821458124,11.0649375,0.19073991935483647,11.193093750000001,11.500733438940092,0.5597315732340412
ROB-001,2026-06-05,45.393375,-0.8052782258064539,45.39374999999999,45.214091157834105,0.621867338370921,1.06515625,-0.05162500000000003,1.0039062500000002,0.9813392857142856,0.05364379171450533,83.70096774193549,1.565657258064519,83.35742674731182,83.63191042626728,0.8178675390329149,11.255677419354836,0.117791330645165,11.181642473118279,11.338816820276495,0.4014860053855551
ROB-001,2026-06-06,44.588096774193545,-0.21706552419354352,44.90849059139785,45.20191748271889,0.6349152098528833,1.01353125,-0.03512499999999996,1.0290000000000001,0.9965401785714286,0.043160612236865105,85.266625,2.123750000000001,83.8222496639785,83.69071860599078,0.9278701053641103,11.37346875,0.20581249999999862,11.23136122311828,11.27898516705069,0.3506303435647838
ROB-001,2026-06-07,44.37103125,1.71713004032258,44.78416767473118,45.11168533986175,0.7085640359017336,0.97840625,-0.03412500000000007,1.0190312500000003,0.9972857142857144,0.042732953124473054,87.390375,-1.9124062500000036,85.4526559139785,84.36985699884792,1.5552565590999616,11.57928125,-0.5498437499999991,11.402809139784944,11.226382488479262,0.24547443518670442
ROB-001,2026-06-08,46.08816129032258,-1.2935675403225844,45.015763104838705,45.119362759216585,0.7204203145730683,0.94428125,-0.014593749999999961,0.9787395833333337,0.9864553571428571,0.04550608381782407,85.47796875,0.37953124999999943,86.04498958333335,84.59688824884792,1.5889505539351865,11.0294375,0.7833749999999995,11.327395833333334,11.259592309907834,0.18628701600779088
ROB-001,2026-06-09,44.79459375,-1.4616260080645063,45.08459543010753,45.14616186635944,0.7014229044363178,0.9296875,0.029312499999999964,0.9507916666666669,0.9825178571428571,0.049473783228441565,85.8575,-1.0892741935483912,86.24194791666666,84.86639271313365,1.6246805507196764,11.8128125,-0.1913931451612889,11.47384375,11.334275345622117,0.28115839927156117
ROB-001,2026-06-10,43.33296774193549,3.158844758064511,44.73857426075269,44.75888940092165,0.8547795885819531,0.959,0.031774193548387064,0.944322916666667,0.9854821428571429,0.04693589397893148,84.76822580645161,-0.14216330645160724,85.36789818548387,84.99440264976958,1.5675855181946212,11.62141935483871,0.73942439516129,11.487889784946235,11.391004896313364,0.29499503782434544
ROB-001,2026-06-11,46.4918125,-1.8258437500000042,44.8731246639785,45.00857690092166,1.0762808423613153,0.990774193548387,-0.006430443548387066,0.9598205645161294,0.9829766705069123,0.045972288234277375,84.6260625,-0.80090120967742,85.08392943548387,85.2982463997696,1.155214182204012,12.36084375,-1.2729687500000004,11.93169186827957,11.57613436059908,0.4313717382568692
ROB-001,2026-06-12,44.66596875,-1.2672590725806359,44.8302496639785,44.90466172235023,1.0680203593147426,0.98434375,0.03788205645161302,0.9780393145161294,0.9714320276497695,0.028856373885040924,83.82516129032258,1.6326199596774131,84.40648319892473,85.31598833525346,1.1272086493909699,11.087875,0.9743124999999999,11.690046034946237,11.55216258640553,0.456101503636274
ROB-001,2026-06-13,43.39870967741936,3.3937419354838667,44.85216364247312,44.73474927995392,1.2117199522529323,1.022225806451613,-0.00810080645161304,0.9991145833333336,0.9726741071428572,0.031072511954475274,85.45778125,-0.767647916666661,84.63633501344087,85.34329637096775,1.1281285702195656,12.0621875,-0.9511562500000004,11.836968750000002,11.650550979262672,0.48452786023960903
ROB-001,2026-06-14,46.79245161290323,-2.34767036290323,44.95237668010753,45.080666474654386,1.4185572836931166,1.014125,-0.004687499999999956,1.0068981854838712,0.9777767857142857,0.034871343898351344,84.69013333333334,-1.3625708333333364,84.6576919578853,84.95754756144393,0.686843074947717,11.11103125,0.7867812500000007,11.420364583333333,11.583658122119816,0.5265110109148724
ROB-001,2026-06-15,44.44478125,-0.10031250000000114,44.87864751344086,44.845897897465434,1.3587567125992306,1.0094375,-0.020000000000000018,1.0152627688172047,0.9870848214285715,0.03309087730767171,83.3275625,2.7609687500000035,84.49182569444444,84.65034666858678,0.8713903473423474,11.8978125,-0.3943437500000009,11.690343749999998,11.707711693548388,0.4738302302788608
ROB-001,2026-06-16,44.34446875,1.6990473790322582,45.19390053763441,44.781594326036874,1.3721742633191214,0.9894375,0.059239919354838744,1.0043333333333335,0.9956205357142858,0.021490736867553904,86.08853125,0.49084374999999625,84.70207569444445,84.68335113287252,0.92731309767177,11.50346875,0.2362645833333339,11.504104166666666,11.663519729262674,0.4768104122320244
ROB-001,2026-06-17,46.043516129032255,-0.44114112903225333,44.94425537634408,45.168815524193555,1.2742003450588895,1.0486774193548387,-0.08587096774193548,1.0158508064516132,1.00843159562212,0.02271642981256012,86.579375,-1.4587187500000027,85.33182291666667,84.94208673195085,1.1746312548746667,11.739733333333334,-0.9107958333333332,11.713671527777779,11.680421726190476,0.4771661738316825
ROB-001,2026-06-18,45.602375,0.18006249999999824,45.330119959677425,45.04175302419355,1.1594652348398855,0.9628064516129032,-0.0341814516129032,1.0003071236559145,1.0044362039170507,0.028149437336897603,85.12065625,1.3407812500000063,85.92952083333334,85.01274298195085,1.167306095783389,10.8289375,0.5420958333333363,11.357379861111113,11.461577976190474,0.46420693899430043
ROB-001,2026-06-19,45.7824375,-1.0516099137931079,45.809442876344086,45.20124855990783,1.1758320228242622,0.928625,0.03659374999999998,0.9800362903225809,0.9964763824884793,0.04011330944758057,86.4614375,1.8652812499999953,86.05382291666666,85.38935386904761,1.1453628491948615,11.371033333333337,-0.06147083333333647,11.313234722222225,11.502029166666668,0.43780110010571816
ROB-001,2026-06-20,44.73082758620689,0.14829741379310946,45.37188002873563,45.391551118306054,0.914159878328978,0.96521875,0.009937499999999932,0.9522167338709681,0.9883325172811059,0.03979994669126389,88.32671875,-5.13553125,86.63627083333334,85.79920208333333,1.5978494695480887,11.3095625,0.96875,11.169844444444445,11.39451130952381,0.3634015803638215
ROB-001,2026-06-21,44.879125,12.64603125,45.130796695402296,45.118218745034156,0.6820574176574139,0.97515625,0.6746179435483872,0.9563333333333337,0.9827655529953916,0.03828759319264845,83.1911875,4.409231854838708,85.99311458333334,85.58506696428572,1.851551925376686,12.2783125,3.563848790322579,11.652969444444446,11.561265773809524,0.4651986121164639
ROB-001,2026-06-22,57.52515625,-0.40357560483871424,49.04503627873563,46.98684374503416,4.687349613301838,1.6497741935483872,0.015788306451612888,1.1967163978494626,1.0742422235023041,0.25638802098935953,87.6004193548387,-2.648606854838704,86.3727752016129,86.19547508640552,1.6796130267210105,15.84216129032258,0.16145161290322463,13.143345430107525,12.124744172427034,1.697483719937767
ROB-001,2026-06-23,57.12158064516129,0.12654435483871396,53.175287298387104,48.812145444342924,5.834325735819109,1.6655625,-0.03731250000000008,1.4301643145161294,1.17083150921659,0.33455699596792166,84.9518125,0.973937499999991,85.2478064516129,86.03308669354838,1.745339949261182,16.003612903225804,-0.17008165322580382,14.708028897849461,12.76762190860215,2.200579577872289
ROB-001,2026-06-24,57.248125,-0.07981250000000273,57.298287298387095,50.412803854481176,6.452413399988292,1.62825,0.02865625000000005,1.6478622311827962,1.2536275921658986,0.3692095195334798,85.92575,-1.4248124999999874,86.15932728494623,85.93971169354839,1.7286472190976039,15.83353125,-0.0045312499999994316,15.893101814516129,13.352450182411674,2.4153805521030085
ROB-001,2026-06-25,57.1683125,-0.23684374999999847,57.17933938172043,52.065080640195454,6.49600355815628,1.65690625,-0.014648185483870924,1.6502395833333336,1.3527847062211982,0.37128736020373704,84.5009375,1.6831592741935424,85.12616666666666,85.85118044354839,1.7922835589173134,15.829,-0.13578125000000085,15.888714717741934,14.066744825268817,2.280279374399395
ROB-001,2026-06-26,56.93146875,0.6525312500000027,57.11596875,53.65779939019546,6.0503612930340305,1.642258064516129,-0.005976814516129192,1.6424714381720433,1.4547322868663595,0.3312239996003305,86.18409677419355,-0.7683548387096835,85.53692809139785,85.81156033986176,1.7795651844078904,15.69321875,0.1381250000000005,15.78525,14.684199884792625,1.9961565519026916
ROB-001,2026-06-27,57.584,-0.58203125,57.227927083333334,55.49396687788019,4.68623656745434,1.63628125,0.01175000000000015,1.6451485215053765,1.5505983582949308,0.2540539395315131,85.41574193548387,1.9645806451612913,85.3669254032258,85.39570650921658,1.3917149489783769,15.83134375,-0.10725000000000051,15.784520833333334,15.330168634792626,1.3487449762051082
ROB-001,2026-06-28,57.00196875,-12.303484879032261,57.17247916666667,57.22580169930876,0.24809863959351844,1.64803125,-0.6265000000000001,1.6421901881720433,1.646723358294931,0.012515751149302418,87.38032258064516,-1.469291330645163,86.32672043010753,85.99415437788018,1.1685490236242277,15.72409375,-4.226480846774196,15.749552083333333,15.82242309907834,0.09985655602435614
ROB-001,2026-06-29,44.69848387096774,0.38814112903225606,53.09481754032259,55.393419930875574,4.7206997330560805,1.02153125,-0.04759374999999999,1.4352812500000003,1.5569743663594469,0.23643588206441055,85.91103125,-2.137093749999991,86.23569858870967,85.75281322004606,0.9320357933587086,11.497612903225804,0.2420433467741958,14.351016801075268,15.201773329493088,1.6364075831548022
ROB-001,2026-06-30,45.086625,-0.631218749999995,48.92902587365592,53.67414055299539,6.003638716871999,0.9739375,-0.04743750000000002,1.2145000000000004,1.4581707949308758,0.3149648505899439,83.7739375,2.3794062500000024,85.68843044354838,85.58454536290323,1.1753221388376989,11.73965625,-0.18965624999999875,12.987120967741935,14.592636664746545,2.0335910071014536
ROB-001,2026-07-01,44.45540625,1.7979374999999962,44.74683837365592,51.84660930299539,6.646987677262191,0.9265,0.053016129032258164,0.9739895833333336,1.3579207949308754,0.36023455398956333,86.15334375,-1.8065937500000047,85.2794375,85.61705875576037,1.1893978824062004,11.55,-0.31771875000000094,11.595756384408602,13.980703629032257,2.232694132117169
ROB-001,2026-07-02,46.25334375,-1.5222187500000004,45.265125000000005,50.2873280529954,6.468375112849133,0.9795161290322582,0.022983870967741793,0.9599845430107531,1.2611507776497697,0.35750532360773113,84.34675,1.9060625000000044,84.75801041666666,85.59503197004608,1.2146717909524063,11.23228125,0.06578125000000057,11.5073125,13.3240295218894,2.274079243827139
ROB-001,2026-07-03,44.731125,0.3173124999999999,45.146625,48.54442180299539,6.006968050989531,1.0025,0.034016129032258036,0.9695053763440864,1.1697567684331798,0.32404931329419323,86.2528125,-1.5970791666666742,85.58430208333334,85.60484850230414,1.2204895664155506,11.2980625,0.4143245967741933,11.360114583333333,12.696150057603687,2.1118899461035165
ROB-001,2026-07-04,45.0484375,-0.8374687499999993,45.34430208333333,46.75362716013825,4.556338169526062,1.036516129032258,-0.05595362903225798,1.006177419354839,1.0840760368663596,0.2512526638109623,84.65573333333333,0.3935333333333375,85.0850986111111,85.49627584485407,1.2727994635913673,11.712387096774194,-0.2993870967741934,11.414243615591397,12.107727678571427,1.6059856095222484
ROB-001,2026-07-05,44.21096875,-0.6065937500000018,44.66351041666667,44.926341445852536,0.661450422330513,0.9805625,0.039968749999999886,1.0065262096774197,0.9887233582949309,0.036037117789339435,85.04926666666667,1.2851204301075256,85.31927083333333,85.16326785714286,0.9655771771927569,11.413,0.026066666666666904,11.47448319892473,11.491857142857144,0.19347955767208572
ROB-001,2026-07-06,43.604375,3.5681875000000005,44.28792708333333,44.77004017857143,0.8316415066660845,1.02053125,0.03415625000000011,1.0125366263440865,0.9885805011520736,0.03588705549085757,86.3343870967742,-0.5392258064516113,85.34646236559139,85.22374726382488,1.0312453298482045,11.439066666666667,0.017589583333332826,11.52148458781362,11.483493394777266,0.19445225422851548
ROB-001,2026-07-07,47.1725625,-2.053656249999996,44.995968749999996,45.06803125,1.2382825726858404,1.0546875,0.012625000000000108,1.0185937500000002,1.000116215437788,0.042722931773993916,85.79516129032258,-0.753536290322586,85.7262716845878,85.51249351958526,0.8187130570687696,11.45665625,0.012718749999999446,11.436240972222222,11.443064823348694,0.1583927677625895
ROB-001,2026-07-08,45.11890625,-0.35959375000000193,45.298614583333325,45.16281696428571,1.2086115265375315,1.0673125,-0.07500000000000007,1.047510416666667,1.0202322868663596,0.03467682360438864,85.041625,-0.3536562500000002,85.72372446236558,85.35367655529954,0.7806209885713413,11.469375,0.1882701612903226,11.45503263888889,11.431546966205838,0.1521282788936132
ROB-001,2026-07-09,44.7593125,-0.6978750000000034,45.68359375,44.94938392857142,1.1119908939731158,0.9923125,0.08153124999999994,1.038104166666667,1.0220603398617512,0.032437655888779116,84.68796875,-0.02271874999999568,85.17491834677419,85.40242209101382,0.7151745323454766,11.657645161290322,0.32954838709677325,11.527892137096773,11.492313239247311,0.14400455318308789
ROB-001,2026-07-10,44.0614375,0.7016249999999999,44.646552083333326,44.85371428571428,1.1615998755908028,1.07384375,-0.13093750000000004,1.0444895833333339,1.0322523041474654,0.036251415685880535,84.66525,-1.0311532258064489,84.79828125,85.17562744815667,0.6492374814819986,11.987193548387095,-0.3747872983870959,11.704737903225805,11.59076053187404,0.2096639981502864
ROB-001,2026-07-11,44.7630625,-1.995406249999995,44.5279375,44.81294642857142,1.1586308093805282,0.94290625,0.03325,1.003020833333334,1.0188794642857142,0.049324939774723145,83.63409677419355,0.7364969758064461,84.32910517473118,85.02967936827956,0.8646749753683046,11.61240625,0.00253125000000054,11.752414986559138,11.576477553763441,0.20330660109794943
ROB-001,2026-07-12,42.76765625,1.5914374999999978,43.86405208333334,44.60675892857142,1.3891120609729575,0.97615625,0.035531250000000125,0.9976354166666671,1.0182499999999999,0.049919948939112876,84.37059375,-0.9778840725806504,84.22331350806452,84.93272609447004,0.8994616451909098,11.6149375,-0.24049999999999905,11.738179099462364,11.605325768049154,0.19014475402866057
ROB-001,2026-07-13,44.35909375,-1.984031250000001,43.96327083333333,44.71457589285715,1.3262093175379803,1.0116875,0.08374999999999999,0.9769166666666672,1.016986607142857,0.04996448236265598,83.39270967741935,1.1997903225806539,83.79913340053764,84.51248646313364,0.8190416220805736,11.3744375,-0.4216875000000009,11.533927083333333,11.596093029953916,0.20083192154502355
ROB-001,2026-07-14,42.3750625,3.5859999999999985,43.16727083333333,44.02921875,1.0564571915253618,1.0954375,-0.041593750000000096,1.0277604166666672,1.0228080357142857,0.05697171672590477,84.5925,0.23196874999999295,84.11860114247311,84.34067770737327,0.6027015273041357,10.95275,0.24278125000000017,11.314041666666666,11.52410642281106,0.31627358979202363
ROB-001,2026-07-15,45.9610625,0.03321875000000318,44.23173958333333,44.14952678571428,1.2342267517025798,1.05384375,-0.005718749999999995,1.0536562500000004,1.0208839285714286,0.0554245913260623,84.82446875,-0.7852429435483828,84.26989280913978,84.3096553859447,0.5650198759019907,11.19553125,-0.00724092741935678,11.174239583333334,11.484985887096773,0.34020266091025125
ROB-001,2026-07-16,45.99428125,-2.8478125000000034,44.77680208333334,44.32595089285714,1.4114588318944457,1.048125,0.015584677419354875,1.065802083333334,1.028857142857143,0.05463828993421037,84.03922580645161,2.097867943548394,84.48539818548386,84.21697782258066,0.5454924383481506,11.188290322580643,0.17049092741935645,11.112190524193549,11.417935195852534,0.34669236353639094
ROB-001,2026-07-17,43.14646875,3.398531250000005,45.0339375,44.195241071428576,1.4807043140112834,1.0637096774193548,0.009258064516129094,1.0552261424731186,1.0274094182027649,0.05336710809426402,86.13709375,0.12878124999998875,85.00026276881721,84.42724121543779,0.9093765603258773,11.35878125,0.0962510080645167,11.247534274193548,11.328162010368663,0.23951447874217738
ROB-001,2026-07-18,46.545,-1.7224687500000044,45.228583333333326,44.449803571428575,1.727244577161482,1.072967741935484,-0.1883114919354839,1.0616008064516134,1.0459896313364054,0.04001352800920177,86.265875,-1.3018749999999955,85.48073151881721,84.80320953341014,1.0586016898913555,11.455032258064517,0.598623991935483,11.334034610215054,11.305680011520737,0.21446301283447816
ROB-001,2026-07-19,44.82253125,-0.26659576612902924,44.838,44.743357142857135,1.560252831664224,0.88465625,0.07899999999999996,1.0071112231182802,1.032918202764977,0.07019285055323837,84.964,3.1682258064516162,85.78898958333333,84.8879818548387,1.041810760148959,12.05365625,-0.5508124999999993,11.62248991935484,11.368354118663595,0.34455242863030355
ROB-001,2026-07-20,44.55593548387097,1.8153145161290354,45.30782224462365,44.771477390552995,1.5539340760979914,0.96365625,0.05378125,0.9737600806451617,1.02605659562212,0.07480989395970997,88.13222580645161,-2.9938820564516107,86.45403360215055,85.5650555875576,1.389993765934474,11.50284375,0.0012812499999999005,11.670510752688173,11.386697868663594,0.34832773305952347
ROB-001,2026-07-21,46.37125,-2.0517812500000048,45.24990557795699,45.34236131912443,1.226334343488505,1.0174375,-0.049124999999999974,0.9552500000000004,1.0149137384792628,0.06827707944530892,85.13834375,0.8433124999999961,86.07818985215054,85.64303326612902,1.340780308188405,11.504125,-0.20131854838709629,11.686875,11.465465725806451,0.29155931613035013
ROB-001,2026-07-22,44.31946875,2.965015120967742,45.08221807795699,45.10784792626729,1.2451183256263676,0.9683125,-0.013151209677419229,0.9831354166666672,1.0026949884792626,0.06780069091996169,85.98165625,-1.0524493534482673,86.41740860215054,85.80834576612902,1.2935397886227513,11.302806451612904,0.43206854838709674,11.43659173387097,11.480790754608295,0.27748586499502065
ROB-001,2026-07-23,47.28448387096774,-1.62822580645161,45.99173420698924,45.29216258640553,1.4728710403838763,0.9551612903225808,0.022651209677419182,0.9803037634408608,0.9894144585253457,0.06651135406583236,84.92920689655173,2.7654060066740698,85.34973563218391,85.93548592185763,1.1231962201965542,11.734875,-0.1593750000000007,11.513935483870966,11.558874279953915,0.25765399089324625
ROB-001,2026-07-24,45.65625806451613,1.0451935483870898,45.75340356182795,45.65070391705069,1.1287747698821848,0.9778125,-0.0014374999999999805,0.9670954301075274,0.9771434331797236,0.05788399428729258,87.6946129032258,-4.441644153225809,86.20182534992584,86.15798865803274,1.3087365562094808,11.5755,0.4789375000000007,11.537727150537634,11.58983410138249,0.24215803870956704
ROB-001,2026-07-25,46.70145161290322,-0.7144203629032191,46.547397849462364,45.67305414746544,1.1507681053322074,0.976375,0.119,0.9697829301075274,0.963344470046083,0.03997656276702504,83.25296875,2.0017500000000013,85.29226284992585,85.7275734794613,1.7033031078380758,12.0544375,-0.04660416666666656,11.788270833333334,11.675463421658987,0.2881554013253627
ROB-001,2026-07-26,45.98703125,1.5831562500000018,46.11491364247312,45.83941129032257,1.0898832446983542,1.095375,-0.16540725806451595,1.0165208333333338,0.9934471486175116,0.04913549207660976,85.25471875,-2.875557459677424,85.40076680107528,85.76910472946132,1.6850282928671372,12.007833333333334,-0.652739583333334,11.879256944444444,11.668917290706604,0.278490332520001
ROB-001,2026-07-27,47.5701875,-2.5355625000000046,46.75289012096774,46.270018721198156,1.0937237423901556,0.929967741935484,0.04290322580645156,1.0005725806451617,0.9886345046082949,0.053953353503143106,82.37916129032257,4.225213709677433,83.62894959677419,84.94723837001432,1.74236655123072,11.35509375,-0.44554536290322844,11.805788194444446,11.647810147849464,0.2980848327977199
ROB-001,2026-07-28,45.034625,-1.0897862903225786,46.19728125,46.07907229262673,1.185897399474766,0.9728709677419356,-0.010558467741935584,0.9994045698924735,0.9822678571428572,0.05260057553038924,86.604375,1.8837812499999984,84.74608501344086,85.15667140572859,1.8537166433109071,10.909548387096772,0.5449516129032279,11.42415849014337,11.562870631720429,0.40967657185064627
ROB-001,2026-07-29,43.94483870967742,-0.5334324596774209,45.51655040322581,46.02555371543779,1.2830182218191495,0.9623125,-0.010312500000000058,0.955050403225807,0.9814107142857144,0.05291383673063932,88.48815625,-1.597187500000004,85.82389751344085,85.51474283430001,2.2412153548445306,11.4545,0.6232187500000013,11.239714045698923,11.584541138632874,0.39745710483341734
ROB-001,2026-07-30,43.41140625,2.222077620967738,44.13028998655914,45.47225691244239,1.47098124360561,0.952,0.07138709677419364,0.9623944892473123,0.9809591013824884,0.05318799188137551,86.89096875,-4.443187499999993,87.32783333333333,85.79499452764978,2.278143833475583,12.07771875,-0.8960000000000008,11.480589045698922,11.633518817204301,0.43811434896000123
ROB-001,2026-07-31,45.63348387096774,-1.2754516129032254,44.329909610215054,45.469003456221195,1.47053156645175,1.0233870967741936,0.010144153225806418,0.9792331989247316,0.9874697580645161,0.05547865658959795,82.44778125,2.9943155241935386,85.94230208333333,85.04544714861751,2.408394132866928,11.18171875,-0.027031250000000284,11.5713125,11.577264352918586,0.47086272962499404
ROB-001,2026-08-01,44.35803225806451,1.999248991935488,44.46764079301075,45.13422926267281,1.40863945867096,1.03353125,-0.029718750000000016,1.002972782258065,0.9956349366359447,0.0577338208462026,85.44209677419354,-0.7841592741935415,84.92694892473118,85.3581797235023,2.275299037766524,11.1546875,0.6194375000000001,11.471375,11.448728638632874,0.44073749486851616
ROB-001,2026-08-02,46.35728125,-2.0537328629032245,45.44959912634408,45.18712211981567,1.4522736255556652,1.0038125,-0.043625000000000025,1.0202436155913983,0.9825545794930876,0.03855793588619395,84.6579375,1.4164062499999943,84.18260517473118,85.27292525921659,2.290948529915813,11.774125,-0.29971875000000026,11.370177083333331,11.415341733870969,0.3981162248191819
ROB-001,2026-08-03,44.303548387096775,1.2223891129032225,45.00628729838709,44.720459389400915,1.0191397768148902,0.9601875,0.08371875000000006,0.9991770833333339,0.9868716877880185,0.03297659602241223,86.07434375,1.1184999999999974,85.39145934139786,85.80080846774194,1.906499755972513,11.47440625,-0.6169062499999995,11.467739583333334,11.43238637672811,0.39766072837277766
ROB-001,2026-08-04,45.5259375,-0.2870312499999983,45.39558904569893,44.79064688940092,1.0604626559349226,1.04390625,-0.045875,1.0026354166666671,0.9970195852534562,0.03842915055760094,87.19284375,-2.623843749999992,85.97504166666666,85.88487543202766,1.9600603813418596,10.8575,0.7577499999999997,11.368677083333333,11.424950892857144,0.40938004086318885
ROB-001,2026-08-05,45.23890625,-0.8693437499999987,45.02279737903226,44.97551368087557,0.9994832941026771,0.99803125,-0.08262500000000006,1.0007083333333338,1.0021222638248848,0.03529631254115663,84.569,3.025099999999995,85.94539583333334,85.32499596774194,1.6233310519179054,11.61525,-1.0110937499999988,11.31571875,11.44791517857143,0.4157726138689931
ROB-001,2026-08-06,44.3695625,1.5280624999999972,45.04480208333333,45.1123931451613,0.794081649372872,0.91540625,0.18565625000000008,0.9857812500000005,0.9968945852534563,0.04526054837280317,87.5941,-0.7712562499999933,86.45198125,85.4254432891705,1.7529573548951904,10.60415625,0.44399999999999906,11.025635416666667,11.237406250000001,0.41678926061071475
ROB-001,2026-08-07,45.897625,-0.7106562499999995,45.168697916666666,45.150127592165894,0.828500683677169,1.1010625,-0.004375000000000018,1.0048333333333337,1.0079910714285716,0.059969826707501055,86.82284375,-4.183718750000011,86.32864791666667,86.05045221774195,1.21030028170272,11.04815625,0.47281249999999986,11.0891875,11.218325892857143,0.4227776742775922
ROB-001,2026-08-08,45.18696875,0.5961925403225834,45.15138541666666,45.26854709101382,0.7521369894922654,1.0966875,-0.11601008064516127,1.0377187500000005,1.017013392857143,0.06858476558744546,82.63912499999999,0.812156250000001,85.68535625,85.65002767857142,1.7764026847893493,11.52096875,0.04651512096774191,11.057760416666667,11.270651785714284,0.4360471365377216
ROB-001,2026-08-09,45.78316129032258,-1.5032237903225791,45.62258501344086,45.18652995391705,0.6359583759333708,0.9806774193548388,0.07351008064516129,1.0594758064516132,1.0137083813364056,0.06987226215766645,83.45128125,2.7725625000000065,84.30441666666667,85.47764821428571,1.939754244225569,11.567483870967742,-0.44973387096774253,11.378869623655914,11.241131624423963,0.4019424837732726
ROB-001,2026-08-10,44.2799375,2.132249999999999,45.08335584677419,45.183156970046085,0.641460849225221,1.0541875,-0.05993750000000009,1.0438508064516134,1.027136952764977,0.06683884438040502,86.22384375,0.9509895833333246,84.10475000000001,85.49900535714285,1.9482234852239138,11.11775,0.4992822580645164,11.402067540322582,11.190180731566821,0.38986762315309303
ROB-001,2026-08-11,46.4121875,-1.020381048387101,45.49176209677419,45.30976411290323,0.7905318987891156,0.99425,0.02065624999999993,1.0097049731182801,1.0200432027649768,0.06739520262058693,87.17483333333332,-3.025489583333325,85.61665277777779,85.49643244047618,1.9456238526341045,11.617032258064516,0.4659364919354836,11.434088709677418,11.298685339861752,0.387533565829497
ROB-001,2026-08-12,45.3918064516129,-1.3196502016129017,45.361310483870966,45.331606998847924,0.790360089343222,1.01490625,-0.03477721774193532,1.0211145833333337,1.0224539170506912,0.06677557117343437,84.14934375,2.5663437500000015,85.84934027777778,85.43648154761904,1.9850302809240865,12.08296875,-0.8517499999999991,11.605917002688171,11.365502304147466,0.48040422635912583
ROB-001,2026-08-13,44.07215625,-1.3225624999999965,45.29205006720431,45.28912039170507,0.8559658495392001,0.9801290322580646,0.06133971774193536,0.9964284274193552,1.0317000288018432,0.05242076593510802,86.7156875,-2.7461250000000064,86.01328819444444,85.31099404761905,1.8490038755625404,11.23121875,0.29159375000000054,11.643739919354838,11.455082661290321,0.35752414843147523
ROB-001,2026-08-14,42.74959375,1.6933094758064442,44.07118548387097,44.839401641705074,1.2287699974884427,1.04146875,-0.11231249999999993,1.0121680107526885,1.0231866359447004,0.04332926398500235,83.9695625,0.7966562500000123,84.94486458333334,84.9033824404762,1.7731145154542387,11.5228125,0.1532499999999999,11.612333333333334,11.522890697004609,0.30923395112328317
ROB-001,2026-08-15,44.44290322580645,2.317930107526891,43.75488440860215,44.733106566820275,1.225871923625157,0.92915625,-0.025511088709677443,0.9835846774193553,0.9992536002304148,0.04221839208097368,84.76621875000001,0.6572187499999984,85.15048958333334,85.20725297619047,1.4781295338700409,11.6760625,-0.20421875000000078,11.476697916666666,11.545046947004607,0.31458317146610326
ROB-001,2026-08-16,46.76083333333334,-2.734208333333335,44.6511101030466,44.872774001536094,1.4076625903626034,0.9036451612903226,0.07204233870967747,0.9580900537634413,0.9882489919354838,0.05574128490024566,85.4234375,1.7544657258064404,84.71973958333332,85.48898958333334,1.2594226155873216,11.47184375,0.18406249999999957,11.556906249999999,11.531384072580645,0.3155217911518756
ROB-001,2026-08-17,44.026625,0.13963306451612567,45.07678718637993,44.8365865015361,1.4285441352994848,0.9756875,0.06931249999999989,0.9361629704301079,0.9770347062211983,0.04756071183109311,87.17790322580645,-2.43158064516129,85.78918649193548,85.62528379416283,1.3963797125687656,11.65590625,0.037545362903227186,11.601270833333333,11.608263536866358,0.2583161714571587
ROB-001,2026-08-18,44.16625806451613,-0.24941431451613028,44.984572132616485,44.515739439324115,1.2576864954350215,1.045,0.028562500000000046,0.9747775537634412,0.9842847062211982,0.05404798050163399,84.74632258064516,0.1663548387096796,85.78255443548386,85.27835368663595,1.240174944245545,11.693451612903226,-0.09403225806451765,11.607067204301075,11.619180587557604,0.2603553054560083
ROB-001,2026-08-19,43.91684375,2.4095312500000006,44.03657560483871,44.305030481950844,1.2090662174068219,1.0735625,-0.07562499999999994,1.031416666666667,0.9926641705069124,0.06333567023465042,84.91267741935484,-0.05361491935484253,85.61230107526882,85.38740135368663,1.1549905694861842,11.599419354838709,-0.02088810483870951,11.649592405913978,11.550102102534563,0.162582029306179
ROB-001,2026-08-20,46.326375,-2.062052419354842,44.80315893817204,44.62706173195084,1.4187271924364515,0.9979375,0.11075000000000002,1.0388333333333337,0.9952082373271889,0.0631054872489403,84.8590625,-2.172812499999992,84.83935416666667,85.1221692108295,1.0021959658841726,11.57853125,0.09737500000000132,11.62380073924731,11.599718173963131,0.08214503394786347
ROB-001,2026-08-21,44.26432258064516,2.180614919354845,44.83584711021505,44.84345156490015,1.1800877671713312,1.1086875,-0.20600000000000007,1.0600625000000004,1.0048109158986176,0.07526159168675982,82.68625,4.418975806451613,84.15266330645161,84.93883885368663,1.3163276287393457,11.67590625,-0.482906250000001,11.617952284946236,11.62158870967742,0.07855861668125635
ROB-001,2026-08-22,46.4449375,-1.9245625000000004,45.678545026881714,45.12945646121352,1.3030329653498258,0.9026875,0.03143750000000001,1.003104166666667,1.0010296658986175,0.08019904585984843,87.10522580645161,-2.15190322580645,84.8835127688172,85.272982718894,1.542626571112751,11.193,-0.0670645161290313,11.482479166666666,11.552579781105992,0.17531590544027623
ROB-001,2026-08-23,44.520375,1.531979838709681,45.07654502688172,44.80939098502305,1.0939123835186821,0.934125,0.02470833333333322,0.9818333333333337,1.0053839285714286,0.07466714705747565,84.95332258064516,0.8453336693548437,84.91493279569893,85.20582344470047,1.545215940328662,11.125935483870968,0.2584193548387077,11.331613911290324,11.503164314516129,0.23903550345727503
ROB-001,2026-08-24,46.05235483870968,-1.9340735887096798,45.6725557795699,45.09878096198157,1.1199610454391915,0.9588333333333332,0.0991354166666667,0.9318819444444447,1.0029761904761905,0.07604340506819376,85.79865625000001,-0.7816239919355041,85.95240154569893,85.0087881624424,1.3239301069345033,11.384354838709676,-0.2605735887096756,11.234430107526881,11.46437125576037,0.23204852736410456
ROB-001,2026-08-25,44.11828125,-0.30041028225806343,44.89700369623656,45.09192713133641,1.1267451919684774,1.05796875,-0.10618749999999988,0.9836423611111115,1.004828869047619,0.0773840539528391,85.0170322580645,-1.5089697580645094,85.25633702956989,85.04746097350231,1.318929884891734,11.12378125,0.23384375000000013,11.211357190860214,11.38298977534562,0.23813239973622383
ROB-001,2026-08-26,43.81787096774194,0.570472782258058,44.66283568548388,45.0777881624424,1.1444305095806981,0.95178125,0.21556249999999988,0.989527777777778,0.9874315476190476,0.07291641464667555,83.5080625,0.45157083333333503,84.77458366935484,84.84680169930876,1.4437906295048895,11.357625,0.5636330645161269,11.288587029569891,11.348447724654378,0.21820929361200048
ROB-001,2026-08-27,44.38834375,2.403817540322585,44.108165322580646,44.80092655529955,1.0196506924687876,1.16734375,-0.20662499999999995,1.0590312500000005,1.0116324404761905,0.10004920803793584,83.95963333333333,3.474429166666667,84.16157603046594,84.71831181835637,1.4820334075677164,11.921258064516127,-0.419508064516128,11.467554771505377,11.397408698156681,0.30113252709421445
ROB-001,2026-08-28,46.79216129032258,-4.0937862903225835,44.999458669354844,45.162046370967744,1.2249043842536238,0.96071875,0.146507056451613,1.0266145833333338,0.9904940476190476,0.09138176505259296,87.4340625,-4.105843749999991,84.96725277777777,85.3965707469278,1.483482301815459,11.50175,-0.7431249999999991,11.593544354838711,11.372529233870967,0.2807959223144455
ROB-001,2026-08-29,42.698375,3.5596875000000026,44.62629334677419,44.62682315668203,1.3796717154687068,1.107225806451613,-0.10856955645161293,1.0784294354838715,1.0197138056835637,0.09132680857839594,83.32821875,1.2868437499999885,84.90730486111111,84.85699831029186,1.4448141408105415,10.758625,0.8269374999999997,11.393877688172042,11.310475662442396,0.36303609609138804
ROB-001,2026-08-30,46.2580625,-1.1520302419354778,45.249532930107534,44.8750642281106,1.5077140220162109,0.99865625,-0.01734374999999999,1.0222002688172047,1.0289325556835638,0.0842284545376243,84.6150625,-1.9210302419354832,85.12578125,84.80867544162827,1.4467109987086788,11.5855625,-0.5169958333333327,11.281979166666666,11.376136664746543,0.36565223972986716
ROB-001,2026-08-31,45.10603225806452,-0.37629892473118787,44.687489919354846,44.73987528801843,1.4246993914213986,0.9813125,0.11506250000000007,1.0290648521505383,1.0321438652073733,0.08149455655642952,82.69403225806451,2.1406451612903226,83.54577116935484,84.36515772849462,1.563784636840666,11.068566666666667,1.1392075268817212,11.137584722222222,11.3310240687404,0.3835133860383258
ROB-001,2026-09-01,44.729733333333336,-0.6231395833333337,45.364609363799296,44.827225585637485,1.39874487340049,1.096375,-0.11703125000000014,1.025447916666667,1.0376304723502305,0.0847507821857615,84.83467741935483,-0.0204274193548315,84.04792405913979,84.33910703725039,1.552594184513818,12.207774193548389,-0.43786794354838854,11.620634453405017,11.485880203533027,0.4899614511493785
ROB-001,2026-09-02,44.10659375,13.334499999999998,44.64745311379929,44.868471697388635,1.367938115736601,0.97934375,0.666625,1.0190104166666671,1.0415679723502305,0.08063797303073564,84.81425,0.5530080645161206,84.11431989247312,84.52570525153611,1.514083098107627,11.76990625,4.007031250000001,11.682082370071685,11.5447775249616,0.49670790850233
ROB-001,2026-09-03,57.44109375,-0.05918750000000017,48.75914027777778,46.733150268817205,4.911358388803845,1.64596875,0.004750000000000032,1.2405625000000005,1.1099429723502305,0.24350553230275074,85.36725806451612,-1.0947580645161281,85.00539516129032,84.72679449884791,1.519835588181434,15.7769375,0.06990120967742008,13.25153931451613,12.095588872887864,1.6894772835029852
ROB-001,2026-09-04,57.38190625,-13.579,52.97653125,48.24597097734255,6.352175264069783,1.65071875,-0.7089375,1.4253437500000006,1.208514400921659,0.3049387788323727,84.2725,1.0424687500000118,84.81800268817204,84.27514271313363,0.9406167660517799,15.84683870967742,-4.719026209677422,14.464560819892474,12.716315831413212,2.1659531381748036
ROB-001,2026-09-05,43.80290625,1.195187500000003,52.87530208333334,48.403761155913976,6.203379487197728,0.94178125,0.11549999999999994,1.4128229166666673,1.1848794642857143,0.32013093046362956,85.31496875,-0.05140624999999943,84.98490893817204,84.55896414170506,0.90638939160094,11.1278125,0.6394062500000004,14.250529569892473,12.769056902841783,2.114215223939258
ROB-001,2026-09-06,44.99809375,0.176593749999995,48.727635416666665,48.22376562019969,6.293637811058183,1.05728125,-0.06321874999999999,1.2165937500000004,1.1932544642857141,0.31517564156410083,85.2635625,1.8429062499999986,84.95034375,84.65160699884792,0.9453820482651157,11.76721875,-0.42812499999999964,12.913956653225805,12.795007795698925,2.0983224497945248
ROB-001,2026-09-07,45.1746875,0.08581250000000296,44.658562499999995,48.23357351190476,6.288020410314885,0.9940625,-0.08959374999999992,0.9977083333333338,1.1950758928571428,0.313780424662556,87.10646875,-4.94321875,85.895,85.28195506912444,0.8921285246250846,11.33909375,-0.13218750000000057,11.411375,12.8336545218894,2.0634265341175713
ROB-001,2026-09-08,45.2605,-1.4120483870967746,45.14442708333333,48.30939732142857,6.241757624296792,0.90446875,0.04098286290322595,0.9852708333333338,1.1676607142857143,0.33171233283387663,82.16325,2.123008064516114,84.84442708333334,84.90032258064515,1.487846337555139,11.20690625,0.9294375000000006,11.437739583333334,12.690673387096775,2.147007719693758
ROB-001,2026-09-09,43.848451612903226,1.092516129032262,44.761213037634406,48.27251987327189,6.271419145269578,0.945451612903226,0.028548387096773986,0.9479942876344092,1.1628189804147466,0.335148708166947,84.28625806451612,0.18022580645161668,84.51865893817204,84.82489516129033,1.5062072686471837,12.13634375,-0.9482187500000006,11.56078125,12.74302160138249,2.12517214077596
ROB-001,2026-09-10,44.94096774193549,-0.6994677419354858,44.68330645161291,46.486787586405526,4.842499400141303,0.974,0.011343749999999986,0.9413067876344091,1.066823444700461,0.26193537590116656,84.46648387096774,0.2713286290322685,83.63866397849462,84.69621313364054,1.4905451855673784,11.188125,0.26503124999999983,11.510458333333332,12.087476958525345,1.6981865856081901
ROB-001,2026-09-11,44.2415,-0.526656250000002,44.34363978494624,44.609586693548394,0.6284008737883733,0.98534375,-0.0018921370967739382,0.9682651209677425,0.9717698732718895,0.04851080618320172,84.7378125,1.7906068548386997,84.49685147849463,84.76268634792628,1.4788292988852234,11.45315625,0.005093750000000341,11.592541666666667,11.459808035714286,0.36851280525853125
ROB-001,2026-09-12,43.71484375,2.1079687499999977,44.29910383064516,44.597006336405535,0.6478232382876837,0.983451612903226,0.008985887096773948,0.9809317876344091,0.9777227822580645,0.04674197887793552,86.5284193548387,-1.3323548387096764,85.24423857526882,84.9360364343318,1.6188505183365003,11.45825,0.2826500000000003,11.366510416666666,11.507013392857143,0.3388689760013551
ROB-001,2026-09-13,45.8228125,1.1700000000000017,44.59305208333333,44.71482330069125,0.7918978749646479,0.9924375,-0.01524395161290315,0.9870776209677424,0.9684593894009217,0.03264755104330723,85.19606451612903,-1.5318770161290303,85.48743212365592,84.92639386520737,1.6167741766640322,11.7409,-0.22506129032258038,11.550768749999998,11.503253571428571,0.33563131078907976
ROB-001,2026-09-14,46.9928125,-1.149250000000002,45.51015625,44.97455544354839,1.1738929305499393,0.9771935483870968,-0.022318548387096793,0.9843608870967747,0.966049539170507,0.031024963466720477,83.6641875,0.651531250000005,85.1295571236559,84.43463940092167,1.3435918069995643,11.51583870967742,-0.0584949596774198,11.571662903225805,11.528502851382488,0.3277797828974797
ROB-001,2026-09-15,45.8435625,-0.20253124999999983,46.21972916666667,45.05785008640553,1.2174420360239147,0.954875,0.05602499999999988,0.9748353494623659,0.9732504320276499,0.01705382104739028,84.31571875,0.3260877016129058,84.39199025537634,84.74213493663594,0.915103950582014,11.45734375,0.15681754032257977,11.57136081989247,11.564279637096774,0.29925376950407295
ROB-001,2026-09-16,45.64103125,-2.0242187499999957,46.159135416666665,45.31393289170507,1.1038868787259355,1.0109,-0.0282870967741935,0.9809895161290326,0.9826002016129032,0.01721329504873755,84.64180645161291,-0.18068145161291227,84.2072375672043,84.79292756336406,0.8952350052815268,11.61416129032258,-0.12706754032257983,11.529114583333333,11.489682142857143,0.170095188254183
ROB-001,2026-09-17,43.6168125,0.9027499999999975,45.033802083333335,45.12476785714286,1.2781515425952417,0.9826129032258064,0.04416834677419357,0.9827959677419359,0.983830616359447,0.016798930566250134,84.461125,1.4767500000000098,84.47288340053763,84.79216201036866,0.895562918163616,11.48709375,0.594125,11.519532930107525,11.532391964285713,0.107931556898762
ROB-001,2026-09-18,44.5195625,1.2047187499999978,44.59246875,45.16449107142857,1.2501395972458424,1.02678125,-0.053749999999999964,1.0067647177419359,0.98975025921659,0.02341792961541838,85.937875,1.4978024193548265,85.01360215053764,84.96359951036867,0.9929892843351998,12.08121875,-0.8524374999999988,11.727491263440859,11.622115178571429,0.22674364448068948
ROB-001,2026-09-19,45.72428125,-2.660055443548387,44.62021875,45.45155357142857,1.0810602520032928,0.97303125,-0.06753125000000004,0.9941418010752692,0.9882616359447004,0.024203088280632095,87.43567741935483,-1.9445836693548273,85.94489247311827,85.09320780529954,1.2557259642980148,11.22878125,0.3350624999999994,11.599031250000001,11.58933392857143,0.2673367389737043
ROB-001,2026-09-20,43.06422580645161,0.024430443548389746,44.43602318548386,45.05746975806451,1.3836265098443974,0.9055,0.09996874999999994,0.9684375000000004,0.9758419930875576,0.03930024329157594,85.49109375,-0.6952872983871003,86.28821538978495,85.13535483870967,1.2646729023429764,11.56384375,0.34854334677419097,11.624614583333335,11.564040178571428,0.25884765490613926
ROB-001,2026-09-21,43.08865625,2.723117943548388,43.95905443548387,44.49973315092166,1.2543071229839027,1.00546875,0.11249899193548374,0.9613333333333337,0.9798813076036866,0.04088349366953637,84.7958064516129,0.9670685483870898,85.90752587365591,85.29701468894008,1.1078814405568413,11.912387096774191,-0.7102620967741906,11.568337365591397,11.62068994815668,0.28826216937648486
ROB-001,2026-09-22,45.81177419354839,-2.767242943548389,43.98821875000001,44.49519196428571,1.248675843581859,1.1179677419354836,-0.02218649193548372,1.0096454973118283,1.003180270737327,0.0641241198413182,85.762875,-0.8048749999999956,85.34992506720431,85.50375129608294,1.0262643953104564,11.202125,0.19415624999999892,11.559451948924732,11.58423012672811,0.32603166387248594
ROB-001,2026-09-23,43.04453125,0.7263124999999988,43.98165389784946,44.124263392857145,1.2371675295906293,1.09578125,-0.10815624999999995,1.0730725806451618,1.01530616359447,0.0732091782383182,84.958,0.6443124999999981,85.17222715053764,85.5489218029954,0.9882581135425635,11.39628125,-0.5218124999999993,11.503597782258064,11.553104406682026,0.33302329939893227
ROB-001,2026-09-24,43.77084375,1.8656875,44.209049731182795,44.14626785714285,1.2279733057492577,0.987625,-0.014531249999999996,1.067124663978495,1.0160221774193547,0.07285981000502229,85.6023125,0.5923125000000056,85.4410625,85.71194858870967,0.8653928920624676,10.87446875,0.7837812500000005,11.157625000000001,11.46558654953917,0.4219005467618784
ROB-001,2026-09-25,45.63653125,11.527437500000005,44.15063541666666,44.30583482142857,1.3509759074376217,0.97309375,0.6829375000000001,1.0188333333333337,1.008352534562212,0.07434899659804659,86.194625,-1.0956572580645059,85.58497916666666,85.74862716013824,0.8818489758528876,11.65825,4.022459677419356,11.309666666666667,11.405162442396314,0.3417014091227874
ROB-001,2026-09-26,57.16396875,0.21237499999999443,48.85711458333333,45.94007589285714,5.092072697052543,1.65603125,0.004531249999999876,1.205583333333334,1.1059239631336406,0.2532342391754291,85.0989677419355,-0.38800000000001944,85.6319684139785,85.41481149193548,0.4935980445413323,15.680709677419356,0.06229032258064393,12.737809475806452,12.041152217741937,1.639022675837225
ROB-001,2026-09-27,57.37634375,-0.14774999999999494,53.392281249999996,47.98466417050691,6.439856964218095,1.6605625,-0.02420766129032259,1.4298958333333338,1.213790034562212,0.3084298935375686,84.71096774193548,4.147126008064518,85.33485349462366,85.30336491935483,0.5574448925213866,15.743,-0.039843750000001066,14.360653225806452,12.638174539170507,2.125212775821701
ROB-001,2026-09-28,57.22859375,-0.10365625000000023,57.25630208333333,50.00465524193548,6.852582716634832,1.6363548387096774,2.016129032256231e-05,1.6509828629032262,1.3039166186635944,0.3289066846730305,88.85809375,-3.8174808467741883,86.22267641129032,85.88369167626729,1.4074501943178674,15.70315625,0.14178125000000108,15.708955309139784,13.179712989631337,2.3774522174651964
ROB-001,2026-09-29,57.1249375,0.07793749999999733,57.243291666666664,51.620821428571425,7.030665630871933,1.636375,0.033062499999999995,1.644430779569893,1.3779747983870967,0.338289061802746,85.0406129032258,-0.19917540322580862,86.2032247983871,85.78051137672811,1.4437888941780002,15.8449375,-0.09127083333333275,15.763697916666667,13.842971918202766,2.3814160656917522
ROB-001,2026-09-30,57.202875,0.021187500000003467,57.185468750000005,53.643441964285714,6.131220206254905,1.6694375,-0.03212499999999996,1.647389112903226,1.4599256912442393,0.3278573373211544,84.8414375,-1.9524374999999878,86.24671471774194,85.76385959101383,1.455481136545809,15.753666666666668,-0.08608602150537692,15.767253472222222,14.465455549155147,2.197684879136832
ROB-002,2026-01-01,,,,,,,,,,,,,,,,,,,,
ROB-002,2026-01-02,45.69503125,-1.3591925403225815,,,,1.0033125,0.07003124999999999,,,,87.4279375,0.7638749999999987,,,,11.33271875,0.32103125000000077,,,
ROB-002,2026-01-03,44.33583870967742,1.306411290322579,,,,1.07334375,-0.06268750000000001,,,,88.1918125,-0.5172500000000042,,,,11.65375,-0.09403125000000045,,,
ROB-002,2026-01-04,45.64225,-0.656718749999996,45.22437331989247,,,1.01065625,-0.0739788306451612,1.0291041666666667,,,87.6745625,-1.3134687499999984,87.76477083333333,,,11.55971875,-0.10699999999999932,11.515395833333335,,
ROB-002,2026-01-05,44.98553125,0.40474999999999994,44.98787331989248,,,0.9366774193548388,0.0695413306451611,1.0068924731182796,,,86.36109375,0.2542187500000068,87.40915625000001,,,11.45271875,-0.029906250000001577,11.555395833333336,,
ROB-002,2026-01-06,45.39028125,-1.555374999999998,45.33935416666666,,,1.00621875,-0.040437499999999904,0.9845174731182796,,,86.6153125,-2.609812500000004,86.88365624999999,,,11.4228125,0.43996875000000024,11.478416666666666,,
ROB-002,2026-01-07,43.83490625,2.675093749999995,44.736906250000004,,,0.96578125,0.0993477822580644,0.9695591397849462,,,84.0055,3.3717333333333386,85.66063541666666,,,11.86278125,-0.019265120967741467,11.5794375,,
ROB-002,2026-01-08,46.51,-0.7371249999999989,45.245062499999996,45.199119815668205,0.8989989857905403,1.0651290322580644,-0.15197278225806443,1.0123763440860214,1.0087312788018434,0.04904304766108769,87.37723333333334,-0.3428895833333314,85.9993486111111,86.80763601190476,1.3823335152789344,11.843516129032258,-0.8161935483870977,11.709703293010753,11.589716589861752,0.20682195875634055
ROB-002,2026-01-09,45.772875,-0.6581874999999968,45.37259375,45.21024035138249,0.9066050458863097,0.91315625,0.12612499999999993,0.9813555107526882,0.9958518145161291,0.06106742436041119,87.03434375,-4.058437500000011,86.13902569444444,86.75140833333333,1.360733091896721,11.02732258064516,0.8166461693548399,11.577873319892474,11.546088565668203,0.28681214414860773
ROB-002,2026-01-10,45.1146875,-0.5733649193548445,45.799187499999995,45.32150446428572,0.8255796400114803,1.03928125,0.015000000000000124,1.005855510752688,0.9909857430875577,0.05491014956493746,82.97590625,-0.6730000000000018,85.79582777777779,86.00627886904762,1.7982720257872264,11.84396875,-0.11548487903226068,11.571602486559138,11.57326267281106,0.30701244037465764
ROB-002,2026-01-11,44.54132258064516,2.122612903225807,45.142961693548386,45.16422911866359,0.8585013865748172,1.05428125,-0.02503125000000006,1.0022395833333333,0.9972178859447005,0.05977494217539452,82.30290624999999,1.4896250000000038,84.10438541666666,85.2388994047619,2.0901512488784655,11.72848387096774,0.051922379032260935,11.533258400537633,11.597371975806452,0.31235161926490135
ROB-002,2026-01-12,46.663935483870965,-2.942129032258066,45.43998185483871,45.404001152073725,1.0195505253169528,1.02925,-0.0035166666666666124,1.0409374999999998,1.0104425403225807,0.054121668680334536,83.79253125,1.8255312500000116,83.02378125,84.8719619047619,2.085767334716031,11.78040625,-0.05265625000000007,11.784286290322578,11.644184475806451,0.3116136290996793
ROB-002,2026-01-13,43.7218064516129,3.444593548387104,44.975688172043014,45.165647609447,1.2019985813643246,1.0257333333333334,0.0002666666666666373,1.0364215277777777,1.0132303379416283,0.05436986812827889,85.61806250000001,-2.661385080645161,83.9045,84.72949761904762,1.9781251451302548,11.72775,-0.5721249999999998,11.745546706989247,11.687746975806451,0.29645464193857646
ROB-002,2026-01-14,47.1664,-2.6998193548387164,45.85071397849462,45.64157528801843,1.2460197305526493,1.026,-0.02722580645161299,1.0269944444444445,1.021833016513057,0.050216367076362796,82.95667741935485,1.8564475806451526,84.12242372311829,84.5796658218126,2.0792405053525713,11.155625,0.2507620967741939,11.55459375,11.58672465437788,0.34360596676220767
ROB-002,2026-01-15,44.46658064516129,1.5745443548387144,45.1182623655914,45.34965823732718,1.2480206323435945,0.998774193548387,0.06503830645161301,1.0168358422939068,1.0123537538402458,0.04682995929507637,84.813125,2.972778225806451,84.46262163978496,84.2133646313364,1.6945171262017675,11.406387096774194,0.48670665322580575,11.429920698924732,11.524277649769585,0.3285505381984632
ROB-002,2026-01-16,46.041125,-2.354406250000004,45.8913685483871,45.38797966589862,1.2671534453905933,1.0638125,-0.09100000000000008,1.0295288978494623,1.0338760752688172,0.02130593061390155,87.78590322580645,-1.5062903225806394,85.18523521505377,84.32073027073731,1.9127966830150693,11.89309375,-0.3223937499999998,11.485035282258066,11.647959245391704,0.26759850282786174
ROB-002,2026-01-17,43.68671875,2.246797379032266,44.7314747983871,45.18398413018433,1.423749039851867,0.9728125,0.07303124999999999,1.0117997311827958,1.0243805395545316,0.031069931866606147,86.27961290322581,-1.7036129032258174,86.2928803763441,84.7926883640553,1.9331410248390726,11.5707,-0.6030548387096761,11.623393615591398,11.608920852534562,0.25381589278382577
ROB-002,2026-01-18,45.93351612903226,-0.24564112903226487,45.220453293010756,45.382868922811056,1.4162312779432304,1.04584375,-0.03545665322580627,1.0274895833333333,1.0231751824116742,0.02985657580769309,84.576,-1.703718749999993,86.21383870967742,85.11741604262673,1.608933795329982,10.967645161290324,0.6942923387096762,11.477146303763442,11.500229608294932,0.34175472085530095
ROB-002,2026-01-19,45.687875,-0.603874999999995,45.102703293010755,45.2434317108295,1.3133966281115228,1.0103870967741937,-0.10560584677419371,1.0096811155913978,1.0204804819508448,0.03006740362720647,82.87228125,0.7283437499999934,84.57596471774194,84.98595175691244,1.7652355018018877,11.6619375,-0.0076875000000011795,11.40009422043011,11.483305501152074,0.32823346600293385
ROB-002,2026-01-20,45.084,-0.66148387096775,45.56846370967742,45.43803078917051,1.1398141404268587,0.90478125,0.04256250000000006,0.9870040322580645,1.0032016129032257,0.052746401429708295,83.600625,1.115000000000009,83.68296875,84.69774639976958,1.8089807534272158,11.65425,0.31035000000000146,11.427944220430108,11.472805501152076,0.32018755126101456
ROB-002,2026-01-21,44.42251612903225,1.7762963709677493,45.06479704301075,45.04604737903225,0.8910210049478101,0.94734375,0.12750000000000006,0.9541706989247313,0.9919650057603686,0.05539194014178181,84.715625,-3.923754032258074,83.72951041666666,84.94902462557604,1.641213038174978,11.9646,-0.15840000000000032,11.760262500000001,11.58837335829493,0.3323871386022168
ROB-002,2026-01-22,46.1988125,-1.2503124999999997,45.23510954301076,45.29350907258065,0.9423317964486668,1.07484375,-0.1099405241935485,0.9756562500000001,1.0028320852534562,0.06377756853244797,80.79187096774193,4.010097782258072,83.03604032258063,84.37455976382489,2.277237731147019,11.8062,-0.9570437500000004,11.808349999999999,11.645489487327188,0.33024761935397995
ROB-002,2026-01-23,44.9485,-1.6443125000000052,45.189942876344084,45.13741978686636,0.8867064449426815,0.9649032258064516,-0.015069892473118185,0.9956969086021505,0.9887021889400922,0.05877624108284428,84.80196875,-0.20374999999999943,83.43648823924731,83.94828341013825,1.7506333912249221,10.84915625,0.9062187500000007,11.539985416666667,11.496355558755763,0.42259775870087857
ROB-002,2026-01-24,43.3041875,0.9996875000000003,44.81716666666667,45.08277246543779,0.9960582921434399,0.9498333333333334,0.04816666666666658,0.9965267697132617,0.9854194508448542,0.060430056305788314,84.59821875,-1.5535937500000045,83.39735282258066,83.70808424539169,1.4703600971800979,11.755375,-0.2564717741935496,11.47024375,11.522737701612906,0.43363291824623107
ROB-002,2026-01-25,44.303875,0.13568750000000307,44.18552083333333,44.84996658986175,0.9536176014425654,0.998,0.03431249999999997,0.9709121863799283,0.9785846294162825,0.0549104134502369,83.044625,1.6480312500000025,84.14827083333334,83.48931638824885,1.4331572185355406,11.498903225806451,0.37044052419354934,11.367811491935484,11.598631710829492,0.36063511018546146
ROB-002,2026-01-26,44.4395625,1.180374999999998,44.015875,44.67163623271889,0.8850657393597369,1.0323125,-0.01040624999999995,0.9933819444444444,0.9817168298771121,0.057586939232459194,84.69265625,-0.30531249999999943,84.11183333333332,83.74936995967742,1.467284176020407,11.86934375,-0.18953124999999993,11.707873991935486,11.628261175115208,0.3749395829826512
ROB-002,2026-01-27,45.6199375,-0.8913568548387047,44.787791666666664,44.74819873271889,0.9476503293275181,1.02190625,-0.012357862903225936,1.01740625,0.998448972734255,0.04766880046672969,84.38734375,0.1354999999999933,84.04154166666666,83.86175835253457,1.4840263113887908,11.6798125,-0.019625000000001336,11.682686491935485,11.631912960829494,0.37535914282843613
ROB-002,2026-01-28,44.728580645161294,0.29670060483870486,44.92936021505377,44.791922235023044,0.9371215127974285,1.009548387096774,-0.030485887096774134,1.0212557123655914,1.0073353494623656,0.04201699377755205,84.52284374999999,2.6849627016129176,84.53428124999999,83.83421817396314,1.4672332794755383,11.6601875,0.22587500000000027,11.736447916666668,11.588425460829495,0.3469504195051753
ROB-002,2026-01-29,45.02528125,-1.074343749999997,45.1245997983871,44.624274913594476,0.7242878364291463,0.9790625,0.018324596774193624,1.0035057123655913,0.9936523137480798,0.030342374675471174,87.20780645161291,-1.35024395161291,85.37266465053763,84.75078038594471,1.2356683955973797,11.8860625,-0.6670947580645148,11.742020833333333,11.599834389400922,0.35648713702510293
ROB-002,2026-01-30,43.9509375,0.6406562499999993,44.56826646505377,44.48176598502304,0.7476247970326486,0.9973870967741936,-0.0013245967741936093,0.9953326612903227,0.9982928667434715,0.027570073230876766,85.8575625,-3.640368951612899,85.8627375672043,84.90157949308755,1.3054004562867318,11.218967741935485,0.44087600806451555,11.588405913978496,11.65266460253456,0.23255930692515228
ROB-002,2026-01-31,44.59159375,-1.0144062500000004,44.52260416666667,44.66568116359447,0.5388652463026047,0.9960625,-0.11764314516129037,0.9908373655913979,1.0048970334101381,0.01785122154405576,82.2171935483871,4.206462701612892,85.0941875,84.56143303571427,1.659740189510364,11.65984375,-0.16831250000000075,11.588291330645163,11.63901728110599,0.22829124532806797
ROB-002,2026-02-01,43.5771875,1.1450625000000016,44.03990625,44.561868663594474,0.6733906780382899,0.8784193548387096,0.19454939516129044,0.9572896505376344,0.9878140841013824,0.05134562732282755,86.42365625,1.455279233870968,84.83280409946236,85.04415178571428,1.6362799231519745,11.49153125,0.4762500000000003,11.456780913978493,11.63796414170507,0.22906104474621722
ROB-002,2026-02-02,44.72225,1.8194062500000001,44.297010416666666,44.6022525921659,0.6733099057664307,1.07296875,-0.040593749999999984,0.9824835349462365,0.9936221198156681,0.05895381783771952,87.87893548387096,0.05393548387097269,85.50659509408602,85.49933453341013,1.9376352464008504,11.96778125,-0.663656249999999,11.706385416666668,11.652026641705069,0.2478817923147163
ROB-002,2026-02-03,46.54165625,-1.4574062500000053,44.94703125000001,44.73392669930876,0.9420115761994919,1.032375,-0.15984375000000006,0.9945877016129033,0.9951176555299538,0.059915848124190145,87.93287096774193,-2.551970967741923,87.41182090053763,86.00583842165898,2.0581680706282577,11.304125,-0.02281250000000057,11.5878125,11.598356998847928,0.27951528944345005
ROB-002,2026-02-04,45.08425,-0.21773387096773433,45.449385416666665,44.78473660714286,0.951222123177739,0.87253125,0.15537500000000004,0.9926250000000002,0.9755437788018433,0.07491848614180159,85.38090000000001,-0.8554000000000173,87.06423548387097,86.1284178859447,1.979159316518272,11.2813125,0.20071875000000006,11.517739583333332,11.544231998847925,0.3013747324616382
ROB-002,2026-02-05,44.86651612903226,3.66651612903226,45.49747412634409,44.76205587557604,0.9464113289719701,1.02790625,-0.0642610887096774,0.9776041666666667,0.9825214573732718,0.07752989573712854,84.5255,1.8493125000000106,85.94642365591397,85.74523124999999,1.9949466028186693,11.48203125,0.1521945564516134,11.355822916666668,11.486513248847928,0.2609792581561368
ROB-002,2026-02-06,48.53303225806452,-3.0915947580645238,46.16126612903226,45.41664084101383,1.6297824978038968,0.9636451612903226,0.11857358870967738,0.9546942204301075,0.9777011808755761,0.07750052715785592,86.3748125,-4.973031250000005,85.42707083333335,85.81912410714287,2.009328447054485,11.634225806451614,-0.06194455645161412,11.465856518817205,11.545835829493088,0.23603151643737078
ROB-002,2026-02-07,45.4414375,-1.0312116935483857,46.28032862903226,45.53804709101383,1.5892284170848718,1.08221875,-0.10709374999999999,1.024590053763441,0.9900092165898619,0.08714390423523061,81.40178125,2.3285735887096877,84.10069791666666,85.7026366359447,2.2608417938046834,11.57228125,-0.3383124999999989,11.562846102150537,11.53332690092166,0.2312543699694445
ROB-002,2026-02-08,44.41022580645161,1.2828054435483836,46.12823185483871,45.65705256336406,1.4423219801831162,0.975125,0.026552419354838763,1.0069963037634408,1.0038243087557606,0.07302694197936015,83.73035483870969,-1.2553860887096846,83.83564952956989,85.31787929147465,2.3452857823255666,11.23396875,0.6823749999999986,11.480158602150539,11.496532258064518,0.2579609168285508
ROB-002,2026-02-09,45.69303125,0.18162500000000392,45.18156485215054,45.79573559907834,1.3829053902184592,1.0016774193548388,0.04466633064516112,1.0196737231182798,0.9936398329493088,0.06645198275960532,82.47496875,2.644750000000002,82.53570161290322,84.5458840437788,2.2492030919725154,11.91634375,-0.47673084677419375,11.574197916666668,11.489184043778803,0.2425733944791155
ROB-002,2026-02-10,45.87465625,0.010249999999999204,45.32597110215053,45.700449884792626,1.3454143841219544,1.04634375,-0.08737600806451606,1.0077153897849465,0.9956353686635945,0.06800074833243815,85.11971875,3.6341249999999974,83.77501411290324,84.14400515552995,1.7359217846655373,11.439612903225806,0.9360870967741945,11.529975134408602,11.508539458525346,0.23044852425435217
ROB-002,2026-02-11,45.88490625,-1.5381320564516159,45.81753125,45.814829349078344,1.3180530091583702,0.9589677419354838,0.04662600806451622,1.0023296370967743,1.0079834389400921,0.046309066037670515,88.75384375,-4.553343749999996,85.44951041666667,84.6258542626728,2.455470074862329,12.3757,-1.1059187500000007,11.910552217741936,11.664880529953917,0.37591593335212165
ROB-002,2026-02-12,44.346774193548384,-0.6127116935483841,45.36877889784947,45.740580501152074,1.392891485731743,1.00559375,0.040019153225806514,1.0036350806451615,1.0047959389400922,0.04546949289109418,84.2005,0.4554062499999958,86.02468749999998,84.57942569124425,2.460750756587967,11.26978125,0.6311875000000011,11.695031384408601,11.63455910138249,0.40085545863692723
ROB-002,2026-02-13,43.7340625,3.135562499999999,44.65524764784946,45.05501339285714,0.8736124236540912,1.0456129032258066,0.031324596774193525,1.0033914650537634,1.016505616359447,0.04362275965231654,84.65590625,-1.3529062500000038,85.87008333333334,84.33386765552996,2.3342418453956304,11.90096875,-0.2982187500000002,11.848816666666666,11.672665236175115,0.4133037703560769
ROB-002,2026-02-14,46.869625,-0.37356249999999847,44.9834872311828,45.259040178571425,1.112901252713732,1.0769375,-0.02821875000000018,1.0427147177419356,1.0157511520737328,0.04232312817494688,83.303,2.5160000000000053,84.05313541666668,84.60547033410138,2.0265443199960655,11.60275,0.6552499999999988,11.591166666666666,11.677017914746543,0.4122294293305381
ROB-002,2026-02-15,46.4960625,-1.847531250000003,45.69991666666667,45.557016849078344,1.1269060077620692,1.04871875,-0.028009072580645,1.0570897177419356,1.0262645449308756,0.03960248591988364,85.819,-1.7924375000000055,84.59263541666667,84.90384821428572,2.0299800035759006,12.258,-0.9714999999999989,11.920572916666666,11.823308093317973,0.41049574115020393
ROB-002,2026-02-16,44.64853125,2.112920362903232,46.00473958333333,45.40780256336406,1.174059534764425,1.020709677419355,-0.01699092741935493,1.0487886424731183,1.028983438940092,0.03826383075166581,84.0265625,-0.880062499999994,84.38285416666668,85.12550446428573,1.7912364077093281,11.2865,0.7376874999999998,11.71575,11.733330414746543,0.45348207207569835
ROB-002,2026-02-17,46.76145161290323,-0.8172641129032314,45.96868178763441,45.534487615207375,1.2762291078992887,1.00371875,0.02240624999999996,1.0243823924731184,1.0228941532258065,0.038431958850077275,83.1465,0.49296875000000284,84.33068750000001,84.84361607142857,1.9412781417921785,12.0241875,-0.05296874999999979,11.856229166666667,11.816841071428572,0.4441068935095817
ROB-002,2026-02-18,45.9441875,-1.424420833333329,45.78472345430108,45.542956365207374,1.279135329887584,1.026125,0.07950000000000013,1.0168511424731184,1.032488047235023,0.026273070690101586,83.63946875,-0.647500000000008,83.60417708333334,84.11299107142858,0.9160390259029595,11.97121875,-0.6626250000000002,11.760635416666666,11.759058035714286,0.3811217233944564
ROB-002,2026-02-19,44.51976666666667,0.6866708333333307,45.741801926523294,45.56766957565285,1.2535890691006006,1.105625,-0.1578750000000001,1.04515625,1.0467782258064517,0.03497115876375836,82.99196875,1.4000625000000042,83.25931250000001,83.94034375,1.0062428907616117,11.30859375,0.3233750000000004,11.768,11.764602678571427,0.3730133390093108
ROB-002,2026-02-20,45.2064375,-0.9408568548387137,45.22346388888889,45.778008861367134,0.9905881017358497,0.94775,0.04743750000000002,1.0265000000000002,1.0327978110599079,0.05127533394323059,84.39203125,-1.6939687500000105,83.67448958333334,83.90264732142857,0.9795571526979634,11.63196875,-0.23567842741935685,11.637260416666665,11.726174107142857,0.3704709782448971
ROB-002,2026-02-21,44.265580645161286,1.6377631048387116,44.66392827060932,45.40600252496159,1.0012226724172932,0.9951875,-0.05047782258064515,1.0161875,1.0211192396313364,0.048796276104412,82.69806249999999,3.492062500000003,83.3606875,83.81622767857142,1.0642965197435394,11.396290322580644,0.601548387096777,11.445617607526883,11.696679867511522,0.3896564521522868
ROB-002,2026-02-22,45.90334375,-0.7067812499999988,45.12512063172043,45.32132841781874,0.9150237385421071,0.9447096774193549,0.07525907258064524,0.9625490591397851,1.0062608006912444,0.054494243030234535,86.190125,1.2465937500000024,84.42673958333332,83.86924553571428,1.183284817827221,11.99783870967742,-0.3483225806451653,11.675365927419355,11.659513968894007,0.3358918807098823
ROB-002,2026-02-23,45.1965625,-0.826820564516126,45.121828965053766,45.39961859639016,0.8702122052860115,1.01996875,0.0625,0.9866219758064517,1.0061549539170507,0.054462210983702,87.43671875,-1.4415574596774263,85.44163541666666,84.35641071428572,1.8000826318768597,11.649516129032255,-0.15706451612902939,11.68121505376344,11.711373415898619,0.2941300316944342
ROB-002,2026-02-24,44.36974193548387,-0.07277318548387512,45.156549395161285,45.05794578533026,0.6991054160453694,1.08246875,-0.15331250000000007,1.0157157258064518,1.0174049539170509,0.06154770160136529,85.99516129032257,-0.6431300403225748,86.54066834677418,84.76336232718894,1.8029668649531574,11.492451612903226,0.7111421370967737,11.7132688172043,11.635411146313363,0.2673191267250213
ROB-002,2026-02-25,44.29696875,0.28628931451612516,44.62109106182796,44.822628821044546,0.6243040728387843,0.92915625,0.06267708333333322,1.01053125,1.003552275345622,0.06963863277495645,85.35203125,-3.0360625,86.26130376344086,85.00801411290323,1.7401412754322865,12.20359375,-0.8463124999999998,11.781853830645161,11.668607574884792,0.3243218045468759
ROB-002,2026-02-26,44.58325806451612,0.9382731854838795,44.416656249999996,44.831699020737325,0.6196141873574608,0.9918333333333332,0.05676041666666676,1.0011527777777778,0.9872963229646697,0.05317570814044653,82.31596875,3.812676411290326,84.55438709677419,84.91144268433179,1.8835222764681065,11.35728125,0.07387500000000102,11.684442204301076,11.675562932027649,0.3157222632141668
ROB-002,2026-02-27,45.52153125,-2.9481250000000045,44.800586021505374,44.87671241359447,0.6614109394546525,1.04859375,-0.018187500000000023,0.9898611111111112,1.0017025729646698,0.05432405582108782,86.12864516129032,1.7121985887096827,84.5988817204301,85.15953038594469,1.917763370599015,11.43115625,0.059187499999998394,11.664010416666668,11.64687543202765,0.32917995328133287
ROB-002,2026-02-28,42.57340625,2.7109375,44.22606518817204,44.634973214285715,1.0914408631459482,1.03040625,-0.017749999999999932,1.023611111111111,1.0067338229646698,0.05524321799821843,87.84084375,-2.4572187500000098,85.42848588709677,85.89421342165897,1.799036831919938,11.49034375,0.33543750000000117,11.426260416666665,11.6603116359447,0.31900945629289706
ROB-002,2026-03-01,45.28434375,0.8162562500000021,44.459760416666676,44.54654464285714,0.9921054998957234,1.01265625,-0.07693749999999999,1.0305520833333335,1.0164404761904762,0.04802677291926551,85.383625,1.4763750000000044,86.45103797043011,85.7789991359447,1.8027487201647856,11.82578125,0.07643749999999905,11.582427083333334,11.635731998847927,0.2943435512515116
ROB-002,2026-03-02,46.1006,-3.6084749999999985,44.65278333333333,44.675692857142856,1.138818828672028,0.93571875,0.10959375000000005,0.9929270833333335,1.0044047619047618,0.05675820783046255,86.86,-0.4414838709677298,86.69482291666668,85.69661074308756,1.7259022426282957,11.90221875,-0.08899294354838716,11.739447916666665,11.671832373271888,0.31132279176654953
ROB-002,2026-03-03,42.492125,1.6691975806451609,44.625689583333326,44.40746186635944,1.411392782360415,1.0453125,-0.08037701612903247,0.9978958333333333,0.9990967261904763,0.04951631891521897,86.41851612903227,-2.583422379032271,86.22071370967741,85.75709000576036,1.7454150449660848,11.813225806451612,-0.3945070564516122,11.847075268817205,11.717657258064516,0.3040412497595311
ROB-002,2026-03-04,44.16132258064516,0.6673961693548378,44.251349193548386,44.38808384216589,1.4140912736366555,0.9649354838709676,0.07522076612903228,0.9819889112903226,1.0042080453149003,0.04243354847720095,83.83509375,0.7070000000000078,85.70453662634408,85.54038464861752,1.8920936641721253,11.41871875,0.16515625000000078,11.711387768817204,11.605532258064516,0.23089403679548146
ROB-002,2026-03-05,44.82871875,-1.3256250000000023,43.82738877688172,44.42314965437788,1.4227545845812264,1.04015625,-0.13115624999999986,1.0168014112903225,1.0111113191244239,0.04398710003442699,84.54209375,2.2968437499999936,84.93190120967743,85.85840250576038,1.376704394122337,11.583875,-0.3642500000000002,11.605273185483872,11.637902793778803,0.2046858772652623
ROB-002,2026-03-06,43.50309375,2.3940312500000047,44.16437836021506,44.13480144009217,1.36646938839284,0.909,0.07024999999999992,0.9713639112903225,0.9911693548387097,0.0545392902847887,86.8389375,-2.3094213709677405,85.07204166666666,85.95987283986176,1.4252622047607324,11.219625,0.3229879032258065,11.40740625,11.607684043778802,0.25073153622754196
ROB-002,2026-03-07,45.897125,0.3757782258064495,44.742979166666665,44.60961840437788,1.309777517980124,0.97925,0.12509375,0.9761354166666667,0.9838613191244239,0.051762100814648,84.52951612903226,-1.573328629032261,85.30351579301076,85.48682603686636,1.2335375906024886,11.542612903225807,-0.9766754032258067,11.448704301075269,11.615151065668204,0.24741093799306002
ROB-002,2026-03-08,46.27290322580645,-0.7655907258064545,45.22437399193549,44.750841186635945,1.4413395312003974,1.10434375,-0.11056250000000001,0.9975312500000001,0.9969595334101383,0.0689949467566431,82.9561875,3.3059687500000052,84.77488037634409,85.14004925115208,1.5642565806727005,10.5659375,0.6201249999999998,11.109391801075269,11.435173387096773,0.44665671228480275
ROB-002,2026-03-09,45.5073125,0.7303971774193556,45.89244690860215,44.66608582949309,1.364115926460784,0.99378125,-0.027265120967741918,1.0257916666666669,1.005254176267281,0.0636918052023008,86.26215625,-3.5245756048387165,84.58261995967742,85.05464300115207,1.468061411447916,11.1860625,0.4940020161290324,11.09820430107527,11.33286535138249,0.40159466207299166
ROB-002,2026-03-10,46.23770967741935,-1.5129284274193537,46.0059751344086,45.20116935483871,1.072735501919436,0.966516129032258,0.014671370967741959,1.021547043010753,0.993997551843318,0.0623817042474786,82.73758064516129,0.8894193548387079,83.98530813172043,84.5287950748848,1.5547905329643648,11.680064516129033,-0.31709576612903234,11.144021505376344,11.313842309907836,0.37747794551270947
ROB-002,2026-03-11,44.72478125,-0.21390625000000085,45.48993447580645,45.28166345046083,1.000406414004746,0.9811875,0.09406250000000005,0.9804949596774194,0.9963192684331796,0.06141474199632753,83.627,3.679419354838714,84.20891229838709,84.49906739631335,1.5721571323715573,11.36296875,-0.01025000000000098,11.409698588709679,11.305878024193548,0.3754792330236402
ROB-002,2026-03-12,44.510875,0.4307379032258112,45.15778864247312,45.236257200460834,1.0311322094349997,1.07525,-0.07606250000000003,1.0076512096774193,1.0013326612903224,0.06678705448919504,87.30641935483871,-3.435513104838705,84.557,84.89397105414746,1.898148209542196,11.35271875,0.276250000000001,11.46525067204301,11.272855702764977,0.3566478995781271
ROB-002,2026-03-13,44.94161290322581,0.7886683467741875,44.725756384408605,45.44175993663595,0.7264917863561225,0.9991875,0.015687499999999965,1.018541666666667,1.0142165898617512,0.053354749791729994,83.87090625,1.9044687499999924,84.93477520161291,84.46996658986176,1.7138216734432712,11.62896875,-0.292625000000001,11.44821875,11.331333381336407,0.37930459793710813
ROB-002,2026-03-14,45.73028125,-0.9643780241935502,45.060923051075264,45.41792511520737,0.7116474326287442,1.014875,-0.006036290322580573,1.0297708333333333,1.019305875576037,0.051115622605043654,85.775375,0.08028124999999875,85.6509002016129,84.64794642857143,1.7842792932963907,11.33634375,0.956687500000001,11.439343749999999,11.301866359447004,0.36799904842913655
ROB-002,2026-03-15,44.76590322580645,0.9410967741935536,45.14593245967742,45.20263940092166,0.6335563396978813,1.0088387096774194,0.046505040322580626,1.00763373655914,1.0056622983870969,0.03476572145959513,85.85565625,-1.6641249999999985,85.1673125,85.06215625,1.6581838401353401,12.29303125,-0.383611895161291,11.752781249999998,11.548594038018434,0.3713117558857572
ROB-002,2026-03-16,45.707,-0.2746774193548376,45.40106149193548,45.231166186635946,0.6537353296641558,1.05534375,-0.09809374999999998,1.0263524865591398,1.0144569412442397,0.03881065028728759,84.19153125,-1.4716280241935493,85.2741875,84.76635267857144,1.5917983282361208,11.90941935483871,-0.7510131048387088,11.846264784946236,11.65193073156682,0.3538481331305031
ROB-002,2026-03-17,45.43232258064516,0.07602116935483849,45.301741935483875,45.11611088709678,0.49981485403006753,0.95725,0.033343750000000005,1.0071441532258065,1.0131332085253457,0.040824106904157983,82.71990322580645,4.825940524193555,84.25569690860215,84.7638273329493,1.5955629238732254,11.15840625,0.23199999999999932,11.786952284946238,11.577408122119815,0.3989884243851588
ROB-002,2026-03-18,45.50834375,0.019249999999999545,45.549222110215055,45.22804838709677,0.485092265516201,0.99059375,0.1077499999999999,1.0010625,1.0144769585253457,0.03973769301331894,87.54584375,-4.004093749999996,84.81909274193548,85.32366215437787,1.8040814852736882,11.39040625,0.19734374999999993,11.486077284946235,11.58132776497696,0.3966586457355142
ROB-002,2026-03-19,45.52759375,-1.6605625000000046,45.489420026881724,45.37329392281106,0.3740772946295886,1.09834375,-0.09037823275862067,1.0153958333333335,1.0177760656682027,0.046077096376105325,83.54175000000001,1.747374999999991,84.60249899193549,84.78585224654378,1.6707018666932145,11.58775,-0.026875000000000426,11.378854166666665,11.614903657834102,0.38382206526945833
ROB-002,2026-03-20,43.86703125,1.4497500000000016,44.96765625,45.21978225806451,0.677879150056171,1.0079655172413793,-0.12349676724137926,1.0323010057471265,1.019030068131257,0.045603905706839656,85.289125,-0.10593749999999602,85.45890625,84.9884549251152,1.6266678996475505,11.560875,0.13128125000000068,11.513010416666667,11.605175979262672,0.38426881685942815
ROB-002,2026-03-21,45.31678125,-1.1529375000000002,44.903802083333325,45.16071082949309,0.6431037241949267,0.88446875,0.13820866935483866,0.9969260057471264,1.0004006038455426,0.06848160636665748,85.1831875,1.4351562499999915,84.67135416666667,84.90385671082949,1.593992382923299,11.69215625,0.1210312499999997,11.61359375,11.656006336405529,0.3658742646546727
ROB-002,2026-03-22,44.16384375,0.9174062499999991,44.44921875,45.07470233294931,0.7379682807484023,1.0226774193548387,0.042947580645161354,0.9717038955320726,1.0023775623708884,0.06896385380216176,86.61834375,-2.164531249999996,85.69688541666666,85.01281206797235,1.692892734181763,11.8131875,-0.00034879032258139375,11.688739583333335,11.587457229262672,0.254688104105741
ROB-002,2026-03-23,45.08125,-0.4594062500000007,44.85395833333333,44.98530947580645,0.6845787089119597,1.065625,-0.07890625000000007,0.9909237231182795,1.0038463123708883,0.07037494764500629,84.4538125,-3.5018124999999998,85.41844791666665,85.05028081797234,1.6744882721352214,11.812838709677418,-0.6090262096774186,11.77272748655914,11.573659994239632,0.23629107677692548
ROB-002,2026-03-24,44.62184375,-1.0068124999999952,44.6223125,44.869526785714285,0.6646221045121502,0.98671875,0.007843750000000038,1.025007056451613,1.0080561337994598,0.06796307628313616,80.952,4.966593750000001,84.00805208333334,84.79772321428572,2.1502796089401284,11.2038125,-0.09419959677419243,11.60994623655914,11.580146601382486,0.22325538521728727
ROB-002,2026-03-25,43.61503125,-0.05953124999999915,44.439375000000005,44.59905357142856,0.7420598435641106,0.9945625,0.03050201612903236,1.0156354166666668,1.008623098085174,0.0678095022751847,85.91859375,2.299656249999998,83.77480208333333,84.56525892857142,1.8738605937934552,11.109612903225807,0.2774808467741927,11.375421370967743,11.540033266129031,0.2808305552800089
ROB-002,2026-03-26,43.5555,0.6912741935483879,43.930791666666664,44.31732589285714,0.7041709863010717,1.0250645161290324,-0.012533266129032272,1.0021152553763442,0.9981546361036072,0.056335565389170006,88.21825,-6.352185483870969,85.02961458333333,85.23333035714286,2.245018869823753,11.38709375,-0.03796874999999922,11.233506384408601,11.511368087557603,0.28535257908361095
ROB-002,2026-03-27,44.24677419354839,-0.8472741935483867,43.8057684811828,44.37157488479263,0.6778338381315347,1.01253125,0.07337499999999997,1.010719422043011,0.998806883640553,0.056494293541892344,81.86606451612903,1.4654667338709686,85.33430275537633,84.74432171658987,2.578827847534848,11.349125,-0.425437500000001,11.281943884408603,11.481118087557604,0.29040862415989266
ROB-002,2026-03-28,43.3995,0.1051129032258018,43.7339247311828,44.09767756336406,0.6168641912545092,1.08590625,-0.11756250000000013,1.0411673387096776,1.0275836693548388,0.03620772997642834,83.33153125,2.775156250000009,84.47194858870967,84.4797993951613,2.620931377717624,10.9236875,0.4100312499999994,11.21996875,11.371336837557605,0.3385880751728291
ROB-002,2026-03-29,43.504612903225805,2.3838870967741954,43.7169623655914,44.0035017281106,0.6542671082903363,0.96834375,0.0516875,1.022260416666667,1.0198217165898618,0.04268012738441799,86.1066875,-2.303625000000011,83.768094422043,84.40670564516128,2.5577230041014563,11.33371875,0.015249999999999986,11.202177083333334,11.302841301843317,0.27724626586503537
ROB-002,2026-03-30,45.8885,-0.7795967741935499,44.26420430107527,44.11882315668203,0.9006457515022933,1.02003125,-0.06506249999999991,1.0247604166666668,1.013308323732719,0.037715365500065226,83.8030625,3.95221875,84.41376041666666,84.31374135944701,2.5675329039195582,11.34896875,-0.07843749999999972,11.202125,11.236574164746543,0.1695503872400729
ROB-002,2026-03-31,45.10890322580645,1.0994405241935468,44.83400537634409,44.18840308179723,0.9626626167663824,0.95496875,0.014781249999999968,0.9811145833333333,1.0087726094470046,0.04298678919597914,87.75528125,-0.4402167338709688,85.88834374999999,85.28563868087556,2.362348841827679,11.27053125,0.49471875000000054,11.317739583333333,11.246105414746543,0.16927681804053069
ROB-002,2026-04-01,46.20834375,-0.702892137096768,45.735248991935485,44.55887629608294,1.179757610016824,0.96975,0.03793750000000007,0.9815833333333334,1.0052279665898618,0.04531384935267593,87.31506451612903,-0.7293770161290212,86.29113608870966,85.48513450460828,2.480708881158891,11.76525,-0.48308333333333664,11.461583333333332,11.339767857142858,0.24542485939109157
ROB-002,2026-04-02,45.50545161290323,-0.5646391129032295,45.607566196236554,44.83744081221198,1.1326239168191543,1.0076875,0.007781249999999851,0.97746875,1.0027455357142858,0.04451496569423513,86.5856875,-0.45301008064517134,87.21867775537635,85.25191129032258,2.2466287495232677,11.282166666666663,0.38567708333333606,11.43931597222222,11.324778273809523,0.24525684271555684
ROB-002,2026-04-03,44.9408125,-1.254683467741927,45.55153595430107,44.93658914170506,1.1022709538681474,1.01546875,0.06690625000000017,0.9976354166666667,1.0031651785714286,0.04463627131481619,86.13267741935483,-1.6161149193548283,86.67780981182796,85.86142741935484,1.6830164211907683,11.66784375,0.5974143145161293,11.571753472222222,11.370309523809523,0.27793734551288535
ROB-002,2026-04-04,43.68612903225807,1.935527217741928,44.710797715053765,44.97753614631336,1.039172618794572,1.082375,-0.19759375000000012,1.0351770833333334,1.0026607142857142,0.043552094900682965,84.5165625,-1.5283437500000048,85.74497580645162,86.03071759792627,1.4261216939457582,12.265258064516129,-0.3997419354838705,11.73842282706093,11.561962461597542,0.36693340145187286
ROB-002,2026-04-05,45.62165625,-0.9865312499999987,44.74953259408603,45.27997091013825,0.8250655239910066,0.88478125,0.05603125000000009,0.9942083333333334,0.9907232142857143,0.062049840907905954,82.98821875,1.6359687500000035,84.5458195564516,85.58522206221198,1.8286927217222102,11.865516129032258,-0.3814126807563962,11.932872647849463,11.637933515745008,0.36685354849439245
ROB-002,2026-04-06,44.635125,-0.7696875000000034,44.6476367607527,45.10091733870968,0.8067936578204733,0.9408125,0.03446874999999994,0.9693229166666667,0.9794062500000001,0.06303001827006731,84.6241875,1.6089999999999947,84.04298958333334,85.70252563364055,1.7183265237032066,11.484103448275862,0.07874030172413882,11.871625880608084,11.657238472641557,0.3523831817183341
ROB-002,2026-04-07,43.8654375,1.3722812500000003,44.70740625,44.923279377880185,0.9319295376947527,0.97528125,-0.0033124999999999405,0.933625,0.9823080357142856,0.06217928502212865,86.2331875,-0.011624999999995111,84.61519791666667,85.48508366935484,1.4973702277358194,11.56284375,0.05424999999999969,11.637487775769374,11.698997401212988,0.3141668005372881
ROB-002,2026-04-08,45.23771875,-0.7885312499999984,44.579427083333336,44.78461866359447,0.7663604571622435,0.97196875,-0.03453125000000001,0.9626875,0.982625,0.062110216844399685,86.2215625,-2.1798437500000034,85.69297916666666,85.32886909562214,1.3213286123293042,11.61709375,-0.15725000000000122,11.554680316091956,11.677832222641559,0.31395002763371876
ROB-002,2026-04-09,44.4491875,-0.26828125000000114,44.51744791666666,44.63372379032258,0.7020659023024469,0.9374375,0.010749999999999926,0.9615625,0.9725892857142858,0.06305400666647959,84.04171875,-1.2910090725806498,85.49882291666665,84.96544498847926,1.266759629240744,11.45984375,-0.29093750000000007,11.54659375,11.70321466311775,0.28220724746636866
ROB-002,2026-04-10,44.18090625,1.3324062499999982,44.62260416666667,44.525165754608295,0.7054106967386575,0.9481875,-0.034343750000000006,0.9525312499999999,0.9629776785714286,0.060504771555245244,82.75070967741935,2.7210090725806424,84.33799697580645,84.48230673963134,1.3866471990328766,11.16890625,0.3910625000000003,11.41528125,11.631937877403463,0.347974448462469
ROB-002,2026-04-11,45.5133125,0.788718750000001,44.71446875,44.78619196428571,0.6808247572425253,0.91384375,0.16996270161290317,0.93315625,0.9389017857142857,0.031795823992517395,85.47171875,0.650375000000011,84.08804905913978,84.61875763248848,1.4366728619468292,11.55996875,-0.183613911290319,11.396239583333333,11.531182261044018,0.2079825862083693
ROB-002,2026-04-12,46.30203125,-1.4453538306451605,45.33208333333334,44.88338839285715,0.8480145682482412,1.0838064516129031,-0.011400201612903116,0.9819459005376343,0.967333957373272,0.05549092667071043,86.12209375,-0.9595625000000041,84.78150739247312,85.0664540610599,1.3280632052821117,11.37635483870968,0.3202076612903202,11.36840994623656,11.461302076712219,0.15141017759853106
ROB-002,2026-04-13,44.85667741935484,0.9239354838709701,45.55734038978495,44.91503873847926,0.8413123479614073,1.07240625,-0.06318749999999995,1.0233521505376342,0.9861330645161289,0.06625507732455806,85.16253125,0.6333074596774111,85.58544791666668,85.14336031105991,1.3136932911658237,11.6965625,-0.11840120967742074,11.544295362903227,11.491653369815667,0.17603475440544897
ROB-002,2026-04-14,45.78061290322581,0.5767933467741884,45.646440524193544,45.18863522465438,0.7494897614513004,1.00921875,0.07952318548387094,1.055143817204301,0.9909812788018433,0.06656959059428622,85.79583870967741,-1.7779949596774145,85.6934879032258,85.0808819124424,1.2626308702056293,11.57816129032258,-0.4196612903225798,11.550359543010751,11.49384158986175,0.1771587990487492
ROB-002,2026-04-15,46.35740625,-2.4327288306451536,45.66489885752688,45.34859058179723,0.8712946228073678,1.088741935483871,-0.016554435483870922,1.0567889784946238,1.0076631624423964,0.07509631083063366,84.01784375,2.7318336693548275,84.99207123655914,84.76606494815668,1.2041975316465057,11.1585,0.6498225806451607,11.47774126344086,11.428328197004609,0.2063695289559645
ROB-002,2026-04-16,43.92467741935484,0.78341633064516,45.354232190860216,45.2736605702765,0.9776014152542805,1.0721875,-0.06500000000000017,1.056716061827957,1.0269131624423962,0.07126773974948382,86.74967741935482,-2.095958669354829,85.52111995967742,85.15291618663595,1.3578791077423606,11.80832258064516,-0.026041330645160343,11.514994623655914,11.478110887096774,0.2521853097681411
ROB-002,2026-04-17,44.70809375,0.17068044354838463,44.996725806451614,45.34897307027649,0.8963144144926686,1.0071875,-0.06428124999999996,1.0560389784946238,1.0353417338709678,0.06346735445816797,84.65371875,2.171187500000002,85.1404133064516,85.42477462557602,0.9150835043426079,11.78228125,-0.6156249999999996,11.583034610215053,11.565735887096777,0.23264769519191764
ROB-002,2026-04-18,44.87877419354839,-0.6389616935483886,44.50384845430108,45.25832474078341,0.9089221524970582,0.94290625,0.11340625000000004,1.0074270833333332,1.0394935195852535,0.054513802247597436,86.82490625,-4.103454637096775,86.0761008064516,85.61808712557604,1.0583669555672337,11.16665625,0.55040625,11.585753360215053,11.509548387096773,0.2774532246613554
ROB-002,2026-04-19,44.2398125,0.15203125000000028,44.6088934811828,44.96372206221198,0.8463003422242785,1.0563125,-0.04746874999999995,1.0021354166666665,1.0355658122119815,0.05170715903653179,82.72145161290322,1.6286733870967822,84.73335887096773,85.1322811059908,1.4835355220428383,11.7170625,-0.4437500000000014,11.555333333333335,11.55822091013825,0.2800655386028494
ROB-002,2026-04-20,44.39184375,2.003812500000002,44.50347681451613,44.89731725230415,0.8738864030348671,1.00884375,-0.006062500000000082,1.0026875,1.0264854550691245,0.049701546463751245,84.350125,1.461874999999992,84.63216095430107,85.0162230702765,1.5122738233273467,11.2733125,0.48246875000000067,11.385677083333334,11.497756624423962,0.2907069352546392
ROB-002,2026-04-21,46.39565625,0.40527923387096365,45.00910416666667,44.9851805875576,0.9994026097092032,1.00278125,-0.038124999999999964,1.0226458333333333,1.0255658122119815,0.05013197974422559,85.812,-0.7050937500000032,84.29452553763441,85.01853182603686,1.5136741043201356,11.75578125,-0.5144264112903194,11.582052083333332,11.523130904377881,0.3062319251139573
ROB-002,2026-04-22,46.800935483870965,-2.267091733870963,45.86281182795699,45.04854190668203,1.1089554721488744,0.96465625,0.008021169354838653,0.99209375,1.007839285714286,0.04582291345300317,85.10690625,-1.449687499999996,85.08967708333333,85.17411218317973,1.4482318210564904,11.24135483870968,0.1638951612903199,11.423482862903228,11.534967309907833,0.2910124003769532
ROB-002,2026-04-23,44.53384375,1.7515624999999986,45.91014516129032,45.135565668202766,1.0269310506216878,0.9726774193548386,0.04566633064516146,0.9800383064516129,0.9936235599078341,0.037147212830885325,83.65721875,1.6941360887096693,84.85870833333333,84.73233237327189,1.3562587336867122,11.40525,0.41920161290322433,11.467462029569893,11.477385512672813,0.26677804003798966
ROB-002,2026-04-24,46.28540625,-2.1195312500000014,45.873395161290325,45.36089602534563,1.0886925668074532,1.01834375,0.0017499999999999183,0.9852258064516128,0.9952173099078341,0.038054389980110466,85.35135483870967,2.219395161290336,84.70515994623655,84.83199467165899,1.3750216489885376,11.824451612903225,-0.3506129032258052,11.490352150537637,11.483409850230416,0.27515527575863713
ROB-002,2026-04-25,44.165875,-0.5207499999999996,44.99504166666667,45.25905328341014,1.1715046743297555,1.02009375,-0.038281250000000044,1.0037049731182794,1.00624409562212,0.030876311959187944,87.57075,-1.293524193548393,85.52644119623655,84.93854377880184,1.5702294107827535,11.47383870967742,-0.05193245967742044,11.567846774193548,11.527293058755761,0.23823698502614346
ROB-002,2026-04-26,43.645125,0.008008333333336282,44.698802083333334,45.17409792626728,1.274750305767929,0.9818125,-0.013624999999999998,1.00675,0.9956012384792626,0.02242485500421229,86.27722580645161,-2.28266330645161,86.39977688172043,85.44651152073733,1.2821905556544384,11.42190625,0.24556250000000013,11.573398857526882,11.485127880184333,0.22479241863251026
ROB-002,2026-04-27,43.65313333333334,0.2100279569892436,43.821377777777776,45.06856786674348,1.376794925104557,0.9681875,0.10812500000000003,0.99003125,0.989793202764977,0.023654670876958456,83.9945625,4.23709375,85.9475127688172,85.39571687788018,1.3386627414339893,11.66746875,0.33787500000000037,11.52107123655914,11.541435915898619,0.21188757324283422
ROB-002,2026-04-28,43.86316129032258,-0.72009677419355,43.720473207885306,44.706782872503844,1.300577330641243,1.0763125,-0.12028125,1.0087708333333334,1.0002976670506911,0.040623789744716025,88.23165625,-3.9407812500000006,86.16781485215053,85.74138205645161,1.7216744362519503,12.00534375,0.03990624999999959,11.698239583333333,11.577087701612902,0.2676276236632134
ROB-002,2026-04-29,43.14306451612903,1.4981354838709748,43.55311971326165,44.18422987711214,1.0244768474108428,0.95603125,-0.020906250000000015,1.0001770833333334,0.9990655241935483,0.041992720790471436,84.290875,-0.5373588709677506,85.50569791666665,85.62480616359446,1.7977420461482767,12.04525,-1.0781874999999985,11.906020833333335,11.69192986751152,0.27199435980844267
ROB-002,2026-04-30,44.641200000000005,0.991143749999992,43.88247526881721,44.199566484255,1.0313633548004215,0.935125,0.038718750000000024,0.9891562499999998,0.9937008928571428,0.04790778514997541,83.75351612903225,-1.9248911290322468,85.42534912634409,85.63856293202764,1.7804615604532052,10.9670625,0.42721874999999976,11.672552083333334,11.629331653225806,0.3785285523422576
ROB-002,2026-05-01,45.63234375,-0.46056249999999466,44.472202755376344,44.10627184139785,0.8188872683834144,0.97384375,0.01649999999999996,0.9550000000000001,0.98734375,0.04703735771526032,81.828625,2.4420201612903156,83.29100537634407,85.13531581221197,2.2978466412899747,11.39428125,0.24706250000000018,11.468864583333334,11.567878744239632,0.376484807763871
ROB-002,2026-05-02,45.17178125,-0.4715479166666654,45.14844166666666,44.24997273425499,0.9138441047731214,0.99034375,-0.002531249999999985,0.9664375,0.98309375,0.04487961327262117,84.27064516129032,1.9030423387096818,83.28426209677419,84.66387226382487,2.0388353553615715,11.64134375,-0.05978125000000034,11.334229166666667,11.591808035714285,0.374831109723556
ROB-002,2026-05-03,44.70023333333334,0.26201666666666057,45.16811944444444,44.40070249615975,0.8839800039738372,0.9878125,0.012093750000000014,0.984,0.9839508928571429,0.044908351613512705,86.1736875,-0.7430624999999935,84.09098588709678,84.64908107718894,2.025512222340302,11.5815625,-0.18217540322580916,11.5390625,11.614616071428573,0.36755658831004506
ROB-002,2026-05-04,44.96225,0.051330645161293376,44.944754861111115,44.58771916282642,0.8366772770047036,0.99990625,0.06728124999999996,0.9926875000000001,0.988482142857143,0.04465221821497654,85.430625,-0.32421875,85.29165255376346,84.85423286290323,2.0208910627998007,11.399387096774191,0.17276915322580955,11.540764448924731,11.576318692396313,0.3750223004200617
ROB-002,2026-05-05,45.01358064516129,-1.3321743951612888,44.89202132616487,44.752064784946235,0.7818227316230986,1.0671875,-0.01634374999999988,1.0183020833333332,0.9871785714285713,0.04169610306924065,85.10640625,-1.358562500000005,85.57023958333333,84.40776857718893,1.400315101369936,11.57215625,-0.5910312500000003,11.51770194892473,11.514434763824884,0.32480708029047506
ROB-002,2026-05-06,43.68140625,0.9706249999999983,44.552412298387104,44.8289707469278,0.6032560051610009,1.05084375,-0.1199405241935485,1.0393125,1.000723214285714,0.045148436566560826,83.74784375,1.3251874999999984,84.761625,84.33019268433179,1.42273239658954,10.981125,0.1719375000000003,11.3175561155914,11.362416906682029,0.2810356808438146
ROB-002,2026-05-07,44.65203125,3.021968749999999,44.4490060483871,44.830518068356376,0.6027077538524059,0.9309032258064516,0.10884677419354838,1.0163114919354836,1.0001201036866358,0.04618702347239149,85.07303125,-1.2681874999999962,84.64242708333333,84.51869484447005,1.4210047307220461,11.1530625,0.8533749999999998,11.235447916666667,11.388988335253458,0.24374446949079126
ROB-002,2026-05-08,47.674,-3.5397187499999987,45.3358125,45.122183246927804,1.2265483314587726,1.03975,0.03665625000000006,1.0071656586021505,1.0095352822580643,0.04665299138221637,83.80484375,2.675687499999995,84.20857291666667,84.80101180875576,0.8972842551360887,12.0064375,-0.8027278225806462,11.380208333333334,11.476439228110598,0.33767589093518136
ROB-002,2026-05-09,44.13428125,-0.5045715725806375,45.48677083333333,44.973968961213515,1.2810310254258965,1.07640625,-0.061125000000000096,1.0156864919354838,1.0218299251152074,0.051807839408228175,86.48053125,0.3980312500000025,85.11946875000001,85.11670982142857,1.0545579115933745,11.203709677419354,0.003258064516129977,11.454403225806452,11.41392007488479,0.3425340466662576
ROB-002,2026-05-10,43.62970967741936,2.491196572580634,45.14599697580646,44.82103701036867,1.3792889161686184,1.01528125,-0.024843749999999942,1.0438124999999998,1.0257540322580645,0.049803318097472085,86.8785625,-4.765593750000008,85.7213125,85.21740625,1.1964181951646866,11.206967741935484,0.30600100806451636,11.472371639784946,11.360406538018433,0.34123716917816954
ROB-002,2026-05-11,46.12090625,-1.5716481854838662,44.628299059139785,44.98655933179724,1.465865099810522,0.9904375,-0.014000000000000012,1.027375,1.0244013536866359,0.05074210018804133,82.11296875,2.0443215725806425,85.15735416666666,84.74345535714285,1.6637389018162982,11.51296875,-0.07487197580645244,11.307882056451612,11.376632488479261,0.34606589162029144
ROB-002,2026-05-12,44.54925806451613,-0.44891431451613073,44.7666246639785,44.920227534562216,1.4749161468127485,0.9764375,0.023249999999999993,0.9940520833333334,1.0114370679723501,0.04956802128474989,84.15729032258064,1.595428427419364,84.38294052419354,84.60786736751152,1.6678993863086788,11.438096774193548,-0.01536344086021657,11.38601108870968,11.357481134792627,0.3370337531861892
ROB-002,2026-05-13,44.10034375,0.8947812500000012,44.92350268817204,44.98007574884792,1.423886958563611,0.9996875,-0.023781249999999976,0.9888541666666666,1.0041290322580645,0.04646368915904882,85.75271875,0.6416250000000048,84.00765927419354,84.89427808179722,1.6677408152746418,11.422733333333332,-0.1585458333333314,11.45793295250896,11.42056803955453,0.29334414120389785
ROB-002,2026-05-14,44.995125,0.7167459677419359,44.54824227150538,45.02908914170507,1.4165993036485574,0.97590625,0.02746874999999993,0.9840104166666666,1.0105580357142858,0.03673878189649298,86.39434375,-1.3670000000000044,85.43478427419355,85.08303701036867,1.763377032078291,11.2641875,-0.12728427419354738,11.375005869175629,11.436443039554531,0.2791165411185571
ROB-002,2026-05-15,45.71187096774194,-0.9910584677419365,44.93577990591398,44.748784994239635,0.9093189934066873,1.003375,-0.0014999999999998348,0.9929895833333333,1.0053616071428573,0.034421005469909276,85.02734375,2.305937499999999,85.72480208333333,85.25767986751153,1.6739580928201667,11.136903225806453,0.30328427419354753,11.274608019713261,11.312223857526883,0.14390612678194137
ROB-002,2026-05-16,44.7208125,0.519510080645162,45.14260282258064,44.83257517281106,0.8694048003466867,1.001875,-0.020781250000000084,0.9937187500000001,0.9947142857142856,0.014606452231826389,87.33328125,-1.1812812499999978,86.25165625,85.37950129608295,1.803777820355032,11.4401875,0.403437499999999,11.280426075268815,11.346006403609833,0.14192978517794252
ROB-002,2026-05-17,45.24032258064516,0.9973870967741902,45.224335349462365,45.06266273041474,0.6932987331877642,0.98109375,0.03771874999999991,0.9954479166666667,0.9898303571428572,0.012080565287424906,86.152,-2.4043225806451716,86.17087499999998,85.2757066532258,1.7222002888984762,11.843625,-0.553141129032257,11.473571908602151,11.436957440476192,0.2203225906890579
ROB-002,2026-05-18,46.23770967741935,-3.181876344086021,45.39961491935484,45.0793489343318,0.7237501612839315,1.0188125,0.08418750000000008,1.00059375,0.9938839285714286,0.016331035070479973,83.74767741935483,2.0107419354838783,85.74431955645161,85.50923646313365,1.2744967700198224,11.290483870967742,0.14242237903225785,11.524765456989249,11.405173886328726,0.22355375602485766
ROB-002,2026-05-19,43.05583333333333,3.2946666666666644,44.84462186379928,44.866002544162825,1.0518149439252094,1.103,-0.14900000000000002,1.0343020833333334,1.0119642857142856,0.04264946309168391,85.75841935483871,0.7182056451612908,85.21936559139785,85.73796918202764,1.1265104860038193,11.43290625,0.0532812499999995,11.522338373655913,11.404432382872503,0.22343493074223955
ROB-002,2026-05-20,46.3505,-1.8433749999999947,45.214681003584225,45.187453437019975,1.1204219911313222,0.954,0.04096875,1.0252708333333334,1.0054375,0.04800140039732348,86.476625,-1.0694062500000001,85.32757392473117,85.84138436059906,1.1607962227149362,11.4861875,-0.11599999999999966,11.40319254032258,11.413497263824885,0.2255780646755993
ROB-002,2026-05-21,44.507125,1.446687499999996,44.63781944444444,45.11773915130568,1.149195995204687,0.99496875,0.012812500000000115,1.0173229166666666,1.008160714285714,0.04656607378822684,85.40721875,-2.5911875000000038,85.88075436827957,85.70036650345621,1.1422361593882255,11.3701875,0.4665625000000002,11.429760416666667,11.428640120967742,0.21729011589298367
ROB-002,2026-05-22,45.9538125,-1.629360887096773,45.603812500000004,45.15230222734255,1.1734260662611096,1.00778125,-0.038562500000000055,0.9855833333333334,1.0087901785714286,0.04652035884644883,82.81603125,2.3132500000000107,84.89995833333333,85.38446471774193,1.580932916720499,11.83675,-0.6081693548387097,11.564375,11.52861823156682,0.22164681588861956
ROB-002,2026-05-23,44.324451612903225,0.06225806451613636,44.92846303763441,45.09567924347158,1.2068058748057735,0.96921875,0.022781249999999975,0.9906562499999999,1.004125,0.04890568090723209,85.12928125,2.5656562499999893,84.45084375,85.06960757488478,1.3272390456615728,11.22858064516129,0.398763104838709,11.478506048387096,11.498388680875577,0.24851882718318252
ROB-002,2026-05-24,44.38670967741936,0.7591965725806418,44.8883245967742,44.97373454301076,1.232605985814913,0.992,0.013687500000000075,0.9896666666666668,1.0056830357142856,0.04821856242055295,87.6949375,-1.6950665322580534,85.21341666666666,85.29002721774194,1.6304432437750092,11.62734375,-0.4744082661290321,11.564224798387096,11.467491359447004,0.20869771892105185
ROB-002,2026-05-25,45.14590625,0.8594163306451676,44.61902251344086,44.81776262480799,1.1088751341644882,1.0056875,-0.02487500000000009,0.9889687500000001,1.0038080357142858,0.04787690184895811,85.99987096774194,-1.4719647177419404,86.27469657258064,85.61176915322581,1.4916702698941335,11.152935483870968,0.38606451612903214,11.336286626344085,11.447841589861751,0.23318068139874387
ROB-002,2026-05-26,46.00532258064517,-2.6071975806451704,45.179312836021516,45.23911823156682,0.8603046328803036,0.9808125,0.12796875000000008,0.9928333333333333,0.9863526785714286,0.019621879017076276,84.52790625,0.0972500000000025,86.07423823924732,85.43598156682027,1.5431258723303771,11.539,0.10240000000000116,11.439759744623657,11.462997839861751,0.23548467360927733
ROB-002,2026-05-27,43.398125,2.1671249999999986,44.84978461021506,44.81735037442396,0.9442469781408547,1.10878125,-0.10203125000000002,1.0317604166666667,1.0084642857142858,0.046241586469285646,84.62515625,1.0071663306451484,85.05097782258065,85.171486031106,1.4928841475267254,11.6414,-0.657618750000001,11.444445161290323,11.485171054147466,0.2451415235503618
ROB-002,2026-05-28,45.56525,-0.5083467741935408,44.98956586021506,44.96851108870968,0.9706339226304259,1.00675,-0.03243750000000001,1.0321145833333334,1.0101473214285714,0.045881526678254375,85.63232258064515,-1.8773850806451549,84.92846169354839,85.20364372119816,1.5012095156367038,10.98378125,0.3752499999999994,11.388060416666667,11.429970161290324,0.3102167917721993
ROB-002,2026-05-29,45.05690322580646,-0.26080947580646097,44.67342607526882,44.840381192396315,0.8731985911072829,0.9743125,0.04949999999999999,1.0299479166666667,1.0053660714285715,0.047869963814900524,83.7549375,1.1724291666666602,84.67080544354839,85.33777318548387,1.2776215838697644,11.35903125,0.686375,11.328070833333333,11.361724625576036,0.253103097348518
ROB-002,2026-05-30,44.79609375,0.44471874999999983,45.139415658602154,44.907758640553006,0.8444776176220642,1.0238125,0.01546874999999992,1.001625,1.0131651785714286,0.04538182453515785,84.92736666666666,-0.025741666666661445,84.77154224910394,85.30892824500768,1.285369070138201,12.04540625,-0.26962499999999956,11.462739583333333,11.478413997695851,0.35089063928304665
ROB-002,2026-05-31,45.2408125,0.32318750000000307,45.031269825268815,45.02977332949309,0.8179317861816405,1.03928125,-0.1096562499999999,1.01246875,1.0199196428571429,0.045224965224294415,84.901625,0.11534375000000807,84.52797638888887,84.90988360215054,0.7383812540891752,11.77578125,0.05384375000000041,11.726739583333332,11.49961935483871,0.36556918766936713
ROB-002,2026-06-01,45.564,0.7197499999999977,45.200302083333334,45.089501008064516,0.8427152496761543,0.929625,0.12056854838709674,0.9975729166666668,1.0090535714285713,0.056856329107657005,85.01696875,0.12465625000000102,84.94865347222222,84.76946899961597,0.5710549018918691,11.829625,-0.5991250000000008,11.883604166666666,11.596289285714287,0.3476452877431691
ROB-002,2026-06-02,46.28375,-0.7631249999999952,45.6961875,45.129276353686635,0.8979087655324234,1.0501935483870968,-0.08694354838709673,1.0063665994623656,1.0189651497695853,0.05715930494362944,85.141625,0.9560312499999952,85.02007291666668,84.85714310675884,0.5748858566453369,11.2305,-0.3957499999999996,11.611968749999997,11.552217857142859,0.37462585337720744
ROB-002,2026-06-03,45.520625,0.603406249999999,45.789458333333336,45.43249063940092,0.474365776500844,0.96325,0.061216666666666586,0.9810228494623657,0.9981749711981568,0.043997617791303296,86.09765625,1.0885624999999948,85.41875,85.06750024961596,0.7255189582881337,10.83475,0.9137500000000003,11.298291666666666,11.436982142857143,0.45751483812214244
ROB-002,2026-06-04,46.12403125,-0.41581250000000125,45.97613541666667,45.51231653225807,0.5425457731195749,1.0244666666666666,-0.09759166666666663,1.0126367383512547,1.000705923579109,0.04506962081016337,87.18621875,-3.9248437499999937,86.14183333333334,85.28948541666666,1.0788318119243168,11.7485,-1.0571874999999995,11.27125,11.546227678571428,0.42111541947734127
ROB-002,2026-06-05,45.70821875,-0.7891249999999985,45.78429166666667,45.60536160714286,0.5060484484513864,0.926875,0.09284375,0.9715305555555557,0.9939291378648233,0.05263164924869856,83.261375,3.6150937499999998,85.51508333333334,85.21897648809524,1.2046342779108843,10.6913125,1.0852812499999995,11.091520833333334,11.450839285714286,0.5316913296842258
ROB-002,2026-06-06,44.91909375,0.9404546370967708,45.583781249999994,45.62293303571429,0.4744115678938316,1.01971875,0.008906249999999893,0.9903534722222224,0.9933443164362519,0.05226572756068379,86.87646875,-2.514178427419367,85.77468749999998,85.49741964285714,1.3432791121227214,11.77659375,0.34672883064516036,11.405468749999999,11.4124375,0.4896354487997668
ROB-002,2026-06-07,45.85954838709677,-1.5449858870967716,45.49562029569893,45.71132387672811,0.44827040756264686,1.028625,-0.09071874999999985,0.9917395833333335,0.9918219950076804,0.050840502545456925,84.36229032258063,2.178240927419367,84.83337802419355,85.42037183179723,1.397520745186607,12.12332258064516,-0.4496038306451595,11.530409610215054,11.462086261520737,0.546891390330249
ROB-002,2026-06-08,44.3145625,-0.2230463709677437,45.0310682123656,45.53283280529955,0.6966470568115769,0.93790625,0.11750000000000005,0.9954166666666668,0.9930050307219662,0.04922259737100177,86.54053125,0.7715000000000032,85.92643010752688,85.63802361751152,1.4421513083107198,11.67371875,-0.4540625000000009,11.857878360215054,11.439813940092167,0.5324115495692512
ROB-002,2026-06-09,44.09151612903226,1.5165776209677446,44.755209005376344,45.21965653801844,0.7893947299310776,1.05540625,-0.03471875000000013,1.0073125,0.9937497023809524,0.05026046891805879,87.31203125,-0.8716250000000088,86.07161760752687,85.9480816532258,1.5471339332218466,11.21965625,0.6455050403225808,11.672232526881722,11.43826483294931,0.5331373546513158
ROB-002,2026-06-10,45.60809375,-1.0517499999999984,44.67139079301075,45.23215207373271,0.7956205881273553,1.0206875,-0.020749999999999935,1.0046666666666668,1.0019550595238094,0.04912705688573246,86.44040625,0.1334687500000058,86.76432291666667,85.99704593894009,1.5580419808004262,11.86516129032258,-0.42416129032258,11.586178763440861,11.585466445852534,0.4781465712147422
ROB-002,2026-06-11,44.55634375,0.8282812499999963,44.75198454301076,45.008196716589865,0.7197510140005539,0.9999375,-0.008937500000000043,1.02534375,0.9984508928571428,0.0481181707043666,86.573875,-2.2771330645161214,86.7754375,85.90956826036867,1.4961061830075544,11.441,0.05941935483870786,11.508605846774195,11.541537874423964,0.47478546732032934
ROB-002,2026-06-12,45.384625,-0.7450625000000031,45.18302083333333,44.96196903801843,0.6763822329567863,0.991,-0.037225806451612775,1.003875,1.0076116071428571,0.03705205049230776,84.29674193548388,-3.0922419354838837,85.77034106182795,86.05747782258064,1.2155343684174225,11.500419354838709,0.13454939516129194,11.602193548387097,11.65712456797235,0.2993918834158945
ROB-002,2026-06-13,44.6395625,1.87701814516128,44.86017708333333,44.92203600230415,0.6874957823388804,0.9537741935483872,-0.04346169354838725,0.9815705645161291,0.9981909562211982,0.041568758745745275,81.2045,2.5426935483871063,84.02503897849463,85.24719657258065,2.127200840046922,11.63496875,-0.6294062500000006,11.525462701612904,11.636892425115208,0.2947217944422108
ROB-002,2026-06-14,46.51658064516128,-2.4732368951612784,45.51358938172043,45.015897753456215,0.860026710100915,0.9103125,0.10781653225806453,0.9516955645161292,0.9812891705069126,0.05027336893880275,83.7471935483871,2.01829032258064,83.082811827957,85.15932560483871,2.1818494194862703,11.0055625,0.015737500000000182,11.38031686827957,11.47721241359447,0.29001288830487854
ROB-002,2026-06-15,44.04334375,0.5363336693548391,45.06649563172042,44.97715221774194,0.9019753589257785,1.0181290322580645,0.05080846774193559,0.9607385752688172,0.9927495679723501,0.04781942143525614,85.76548387096774,-0.687577620967744,83.57239247311827,85.04860455069125,2.1188316781670826,11.0213,0.27391875,11.220610416666668,11.38400973502304,0.3196558216450411
ROB-002,2026-06-16,44.57967741935484,0.9390645161290294,45.04653393817204,45.04688954493087,0.8387440172423922,1.0689375,0.007687499999999847,0.9991263440860217,0.994682603686636,0.05094566908783415,85.07790625,0.5299969758064407,84.86352788978495,84.72944383640552,1.8753399388760355,11.29521875,0.7824062499999993,11.107360416666666,11.394804377880183,0.3144135192838273
ROB-002,2026-06-17,45.51874193548387,-1.3188064516128932,44.71392103494623,45.034125,0.8294077346910151,1.076625,-0.08818749999999997,1.0545638440860217,1.0026736751152074,0.05939145325172957,85.60790322580644,4.098784274193562,85.48376444892472,84.6105148329493,1.7723190589880418,12.077625,0.21840625000000102,11.464714583333333,11.42515633640553,0.37231144083417844
ROB-002,2026-06-18,44.19993548387097,1.4815645161290263,44.766118279569895,44.98320953341014,0.8733988851028339,0.9884375,-0.006406249999999947,1.0446666666666669,1.0010308179723502,0.059638295144732345,89.7066875,-3.481499999999997,86.79749899193548,85.05805947580644,2.5677749231742584,12.29603125,-0.7273750000000003,11.889625,11.547303657834101,0.4975652671397343
ROB-002,2026-06-19,45.6815,0.169687500000002,45.13339247311828,45.02562024769585,0.9028508729853469,0.98203125,0.04059374999999987,1.0156979166666666,0.9997495679723504,0.059985043343633165,86.2251875,-0.8619062500000041,87.17992607526882,85.33355169930876,2.575917959604516,11.56865625,0.13093749999999993,11.980770833333333,11.557051785714284,0.4971619091951959
ROB-002,2026-06-20,45.8511875,-2.493284274193549,45.244207661290325,45.19870953341013,0.9321694759019554,1.022625,-0.08246874999999987,0.9976979166666666,1.0095853974654379,0.05674736131006951,85.36328125,-0.09618447580643874,87.09838541666666,85.9276633064516,1.8390738478060362,11.69959375,0.041218750000000526,11.854760416666666,11.566283928571428,0.4994447441500178
ROB-002,2026-06-21,43.35790322580645,1.740741935483868,44.963530241935494,44.74746990207374,0.952199449653694,0.94015625,0.14718750000000003,0.9816041666666667,1.0138487903225806,0.048579215051204695,85.26709677419356,0.23893447580644533,85.61852184139786,86.14479233870968,1.6147776094179147,11.7408125,-0.653683467741935,11.6696875,11.671319642857142,0.4350276825696695
ROB-002,2026-06-22,45.09864516129032,0.07907358870967585,44.76924529569893,44.89822724654378,0.9044831616080442,1.08734375,-0.008656250000000032,1.0167083333333335,1.023736607142857,0.056063129575218924,85.50603125,-0.6995312500000068,85.37880309139786,86.10772767857144,1.627859773792742,11.087129032258066,0.400902217741935,11.509178427419355,11.680723790322583,0.4190522193189367
ROB-002,2026-06-23,45.17771875,12.260765120967747,44.54475571236559,44.983661722350234,0.897597431879755,1.0786875,0.5723437499999999,1.0353958333333335,1.0251294642857143,0.057476584420930496,84.8065,2.7289375000000007,85.19320934139786,86.06895535714285,1.6594026488050937,11.48803125,4.265437499999999,11.438657594086024,11.708268433179724,0.39514425691294996
ROB-002,2026-06-24,57.438483870967744,0.2135473790322564,49.23828259408602,46.686481998847924,4.819633329053637,1.65103125,-0.006249999999999867,1.272354166666667,1.1071875,0.24555649489984893,87.5354375,-0.3026562499999983,85.94932291666667,86.34431739631337,1.7286282588786905,15.75346875,-0.0172429435483874,12.776209677419354,12.23338896889401,1.5934132228843116
ROB-002,2026-06-25,57.65203125,-0.07900000000000063,53.422744623655916,48.60820996543779,6.158764496288079,1.64478125,-0.0182500000000001,1.4581666666666668,1.200950892857143,0.3096106193763054,87.23278125,-2.0035937500000074,86.52490625,85.99090221774193,1.0439071822080739,15.736225806451612,-0.003129032258064157,14.32590860215054,12.724845334101383,2.07400701284671
ROB-002,2026-06-26,57.57303125,-0.29796875000000256,57.55451545698924,50.307000144009216,6.821332392711162,1.62653125,0.04169455645161313,1.64078125,1.2930223214285714,0.32888833171415777,85.2291875,3.55559375,86.66580208333333,85.84861650345621,1.0740931350606997,15.733096774193548,-0.030346774193548143,15.740930443548386,13.319765408986175,2.274654728236757
ROB-002,2026-06-27,57.2750625,-0.19970766129031858,57.50004166666667,51.93898228686636,6.94309633553762,1.6682258064516131,-0.009007056451613149,1.6465127688172043,1.3852510080645162,0.330939379568192,88.78478125,-0.6177500000000009,87.08224999999999,86.33740221774192,1.5074918001920217,15.70275,0.08578125000000014,15.724024193548388,13.891644873271888,2.3024863843558485
ROB-002,2026-06-28,57.07535483870968,0.30752016129032,57.30781619623656,53.89861823156682,5.987566481693134,1.65921875,-0.025062499999999988,1.6513252688172042,1.4879742223502306,0.27695059920085413,88.16703125,-3.5691249999999854,87.39366666666666,86.75167857142857,1.5618260433704774,15.78853125,-0.0012500000000006395,15.74145934139785,14.469890408986176,2.177161149760254
ROB-002,2026-06-29,57.382875,-0.43249999999999744,57.24443077956989,55.653508208525345,4.623288180655725,1.63415625,0.02750000000000008,1.6538669354838713,1.566090293778802,0.21539087411435065,84.59790625000001,-1.5665625000000034,87.18323958333333,86.62194642857142,1.7129452462274475,15.78728125,0.02143750000000111,15.759520833333333,15.14134072580645,1.6112474169904194
ROB-002,2026-06-30,56.950375,0.38749596774193407,57.13620161290322,57.33531624423963,0.2546606961144541,1.66165625,-0.012882056451613,1.6516770833333334,1.649371543778802,0.015167807491610489,83.03134375,2.7021249999999952,85.26542708333334,86.36835267857143,2.1115358482045536,15.80871875,-0.18712499999999999,15.79484375,15.758581797235024,0.03769825791988751
ROB-002,2026-07-01,57.337870967741935,-0.15543346774193623,57.22370698924732,57.32094297235023,0.2506755046093125,1.648774193548387,-0.006836693548387007,1.6481955645161293,1.6490491071428572,0.015150625671805536,85.73346875,1.6463437499999998,84.45423958333333,86.11092857142857,2.054613599329526,15.62159375,0.2419395833333322,15.739197916666669,15.739742511520737,0.0642678028912714
ROB-002,2026-07-02,57.1824375,0.2753124999999983,57.156894489247314,57.25385815092166,0.20619204522237955,1.6419375,0.02064314516129029,1.650789314516129,1.6486428571428573,0.015321302314142275,87.3798125,-1.9321673387096752,85.38154166666668,86.13193303571428,2.0686971316277156,15.863533333333333,0.008821505376342742,15.764615277777779,15.757929301075269,0.07935005574585358
ROB-002,2026-07-03,57.45775,-0.11306249999999807,57.32601948924731,57.23738940092166,0.17930088210291278,1.6625806451612903,0.0,1.651097446236559,1.6537927707373272,0.012437452323534015,85.44764516129032,1.6376673387096758,86.18697547043011,86.16314127304146,2.054407037270548,15.872354838709676,-0.23835483870967522,15.785827307347668,15.77782331029186,0.08896135503112942
ROB-002,2026-07-04,57.3446875,-0.029526209677420923,57.328291666666665,57.24733582949309,0.18361823507832442,1.6625806451612903,0.008322580645161226,1.6556995967741936,1.6529863191244238,0.011492773014195504,87.0853125,-1.4214092741935502,86.63759005376345,85.92036002304147,1.774276101414454,15.634,-0.022032258064516697,15.789962724014336,15.768001881720432,0.10153706678244058
ROB-002,2026-07-05,57.31516129032258,-0.2297237903225806,57.372532930107525,57.28159389400922,0.16787965162323695,1.6709032258064516,-0.022403225806451488,1.6653548387096775,1.654655529953917,0.013261293842202643,85.66390322580645,-1.9035907258064526,86.06562029569892,85.56277030529954,1.4726099136943036,15.611967741935484,0.14283870967742018,15.706107526881718,15.7427785234255,0.11642617745123204
ROB-002,2026-07-06,57.0854375,0.06725000000000136,57.24842876344086,57.23910282258065,0.17544348330101864,1.6485,-0.001031250000000039,1.6606612903225806,1.6567046370967744,0.010355752636574676,83.7603125,1.2283749999999998,85.50317607526881,85.44311405529955,1.5931702103558723,15.754806451612904,0.06680645161289966,15.666924731182796,15.738139266513057,0.11499554210667827
ROB-002,2026-07-07,57.1526875,0.2577500000000015,57.184428763440856,57.26800460829492,0.13098292186325636,1.64746875,0.0048437500000000355,1.655623991935484,1.6546778513824882,0.01061035495651249,84.9886875,-0.6825262096774196,84.80430107526882,85.72273459101383,1.2296138889692814,15.821612903225803,0.019730846774196564,15.729462365591397,15.739981288402458,0.11640910721154499
ROB-002,2026-07-08,57.4104375,-0.06253124999999926,57.2161875,57.27837125576036,0.1399956569078721,1.6523125,-0.008156250000000087,1.6494270833333335,1.6551833237327191,0.01036364631039418,84.30616129032258,1.3984949596774214,84.35172043010753,85.51883352534561,1.3408478087684408,15.84134375,-0.15090625000000024,15.805921034946236,15.771374145545312,0.10852545052176883
ROB-002,2026-07-09,57.34790625,-0.3204687500000034,57.30367708333333,57.30200964861751,0.1349772316170034,1.64415625,-0.02696270161290304,1.6479791666666668,1.6555002880184333,0.009915242754813619,85.70465625,-1.6124304435483907,84.99983501344086,85.27952548963133,1.076850815020752,15.6904375,0.09871874999999974,15.784464717741935,15.746646169354838,0.10363699107843982
ROB-002,2026-07-10,57.0274375,-0.12756249999999625,57.26192708333334,57.240536434331794,0.1494407538989406,1.617193548387097,-0.0022872983870969588,1.637887432795699,1.6490164170506911,0.016896069553546906,84.09222580645161,1.8848054435483874,84.70101444892474,85.08589415322581,1.1602162671586855,15.78915625,-0.001736895161290164,15.773645833333333,15.734760656682028,0.09079219408790853
ROB-002,2026-07-11,56.899875,0.6172187499999993,57.09173958333334,57.176991791474656,0.18749780019401457,1.61490625,0.046499999999999986,1.6254186827956991,1.642205789170507,0.019864900558871995,85.97703125,1.8118750000000006,85.25797110215053,84.92756826036866,0.8848345137994865,15.78741935483871,-0.029450604838709538,15.755671034946237,15.756677707373271,0.080329595857036
ROB-002,2026-07-12,57.51709375,-0.6306562500000013,57.14813541666666,57.20583928571428,0.224234191854234,1.66140625,-0.02153958333333339,1.631168682795699,1.6408490783410141,0.017794736215849847,87.78890625,1.0673124999999999,85.95272110215053,85.23114012096774,1.3962788336988605,15.75796875,0.19361189516129151,15.778181451612904,15.77753499423963,0.04955228149710792
ROB-002,2026-07-13,56.8864375,-10.340147177419354,57.10113541666667,57.17741071428571,0.2528337601993054,1.6398666666666666,-0.6776166666666665,1.638726388888889,1.6396157450076807,0.01747234278623539,88.85621875,-3.664874999999995,87.54071875,85.9591267281106,1.7779050013720163,15.951580645161291,-3.857768145161291,15.832322916666667,15.805645593317973,0.0805982145174699
ROB-002,2026-07-14,46.546290322580646,-0.9897903225806459,53.649940524193546,55.662211117511525,4.027671996760426,0.96225,0.12134374999999986,1.4211743055555557,1.5417273521505377,0.2560987495752243,85.19134375,1.0893659274193652,87.27882291666667,85.98807762096773,1.7610389211135977,12.0938125,-0.7122812500000002,14.601120631720429,15.273102678571428,1.404232453361258
ROB-002,2026-07-15,45.5565,-0.3060937500000023,49.66307594086021,53.96879147465438,5.421074023035697,1.08359375,-0.16772278225806447,1.228570138888889,1.4604818164362519,0.30137763691200703,86.28070967741937,2.5889153225806325,86.77609072580645,86.27015596198157,1.5972560916537508,11.38153125,0.4585977822580638,13.142308131720432,14.635986607142858,1.992118836295702
ROB-002,2026-07-16,45.25040625,-0.3111804435483876,45.78439885752689,52.24057718894009,6.055479795448063,0.9158709677419354,-0.01668346774193541,0.9872382392473119,1.3564410618279568,0.3493003027048815,88.869625,-6.834237903225798,86.78055947580646,86.72229435483872,1.8400094023875362,11.840129032258064,-0.5065161290322582,11.771824260752688,14.08594254032258,2.1755588673958717
ROB-002,2026-07-17,44.93922580645161,1.4546491935483914,45.24871068548387,50.51368980414747,6.185112952527657,0.8991875,0.10409374999999987,0.9662174059139786,1.253868769201229,0.3650355331729113,82.0353870967742,4.378894153225801,85.72857392473118,86.42846025345622,2.4069094058488916,11.333612903225806,-0.04861290322580558,11.51842439516129,13.449436347926266,2.2448733770053666
ROB-002,2026-07-18,46.393875,-1.3537187499999987,45.527835685483865,49.01283266129032,5.626651475123272,1.00328125,-0.012747916666666526,0.9394465725806452,1.1664937692012287,0.3362813679881514,86.41428125,-1.1509374999999977,85.77309778225806,86.4909245391705,2.3989017528107923,11.285,0.11359374999999972,11.486247311827958,12.806233582949309,2.1039403690147584
ROB-002,2026-07-19,45.04015625,-0.8078437500000035,45.45775235215054,47.230413018433175,4.30456741257123,0.9905333333333334,0.019310416666666552,0.9643340277777779,1.0706547811059908,0.2582759766227101,85.26334375,-0.08353125000000716,84.57100403225807,86.13012989631338,2.3607684613957054,11.39859375,0.023968749999999872,11.339068884408603,12.183465725806451,1.6888468074344518
ROB-002,2026-07-20,44.2323125,0.795332661290324,45.22211458333334,45.422680875576035,0.821617620307643,1.00984375,-0.07009374999999995,1.0012194444444444,0.980651507296467,0.06222347677002493,85.1798125,0.6331875000000053,85.61914583333333,85.60492900345623,2.0404271301396517,11.4225625,-0.010812500000000114,11.36871875,11.536463133640552,0.3063816866756966
ROB-002,2026-07-21,45.02764516129032,-2.0672389112903247,44.76670463709678,45.20573156682028,0.6601034126276377,0.93975,0.06481250000000005,0.9800423611111112,0.9774372215821813,0.06389126540181196,85.813,0.16143749999999102,85.41871875,85.69373703917051,2.0329408069647066,11.41175,-0.6599112903225794,11.41096875,11.439025633640552,0.18333712674508587
ROB-002,2026-07-22,42.96040625,1.513312500000005,44.07345463709677,44.834861031105994,1.0464265937774113,1.0045625,-0.05323991935483885,0.9847187500000002,0.9661470430107527,0.04666700841452251,85.9744375,0.47493750000001,85.65575,85.64998387096774,2.021465864181093,10.75183870967742,0.7707237903225792,11.195383736559139,11.349069556451612,0.31988294885577234
ROB-002,2026-07-23,44.47371875,1.7264102822580583,44.153923387096775,44.72390567396313,1.0361483143750412,0.9513225806451612,0.09452116935483879,0.9652116935483872,0.9712115591397849,0.04199085956255056,86.449375,-2.4848750000000024,86.0789375,85.30423387096775,1.5250180971721716,11.5225625,0.33069556451613025,11.228717069892474,11.303702908986173,0.25446154574512203
ROB-002,2026-07-24,46.20012903225806,-2.1599415322580597,44.54475134408602,44.904034706221196,1.179503238838182,1.04584375,0.012656250000000036,1.0005762768817206,0.9921624519969277,0.03626135031006298,83.9645,0.9857812500000023,85.46277083333332,85.57982142857142,0.8690962047568668,11.85325806451613,-0.5415080645161297,11.375886424731183,11.37793793202765,0.32940462966549156
ROB-002,2026-07-25,44.0401875,0.9742812499999971,44.904678427419356,44.56779363479263,1.0068572251068955,1.0585,0.005968750000000078,1.0185554435483872,1.0000508448540706,0.04421683045101134,84.95028125,1.4376562499999892,85.12138541666667,85.37067857142858,0.8088862485682309,11.31175,0.5602499999999999,11.562523521505376,11.381759360599078,0.3283000711220843
ROB-002,2026-07-26,45.01446875,3.0237187500000005,45.08492842741936,44.56412399193549,1.004893591783795,1.06446875,-0.04606250000000012,1.0562708333333335,1.010613047235023,0.050014883142737124,86.38793749999999,0.538094758064517,85.10090625,85.53133482142857,0.8914785217038296,11.872,-0.06238709677419152,11.679002688172043,11.449388824884792,0.3774303240266833
ROB-002,2026-07-27,48.0381875,-0.27615624999999966,45.697614583333326,45.10782042050691,1.6303703327590264,1.01840625,-0.09249999999999992,1.047125,1.0118362615207375,0.050097570855063556,86.92603225806451,-3.804188508064513,86.08808366935483,85.78079478686637,1.0127853346718538,11.809612903225808,0.03691834677419159,11.664454301075269,11.504681739631337,0.40049188234198657
ROB-002,2026-07-28,47.76203125,-4.77465625,46.938229166666666,45.498447004608295,1.9113227395970938,0.92590625,-0.08421875000000001,1.0029270833333335,1.0098585829493087,0.05357045038337117,83.12184375,1.8121885080645228,85.47860450268816,85.39634389400922,1.4252935850979,11.84653125,0.016656250000000483,11.842714717741936,11.566793346774192,0.4170496182003385
ROB-002,2026-07-29,42.987375,4.327187500000001,46.262531249999995,45.50229968317972,1.9053720340026024,0.8416875,0.08705443548387093,0.9286666666666669,0.9865907258064517,0.08334913650748306,84.93403225806452,1.1027419354838628,84.99396942204301,85.24771457373272,1.4091176867014334,11.8631875,0.1784062500000001,11.839777217741934,11.72555745967742,0.22016601045786602
ROB-002,2026-07-30,47.3145625,-2.6612187500000033,46.02132291666667,45.9081345046083,1.95175391178021,0.928741935483871,0.10322681451612914,0.8987785618279571,0.9833649193548387,0.08535442873403769,86.03677419354838,-1.3835554435483886,84.69755006720429,85.18877160138247,1.3581840397806424,12.04159375,-0.6057812499999997,11.917104166666668,11.79970478110599,0.227678735351231
ROB-002,2026-07-31,44.65334375,-0.9121249999999961,44.98509375,45.687165178571426,2.0001461165468566,1.03196875,-0.07853125000000005,0.9341327284946238,0.981382776497696,0.083808807084476,84.65321875,1.2930479166666657,85.20800840053762,85.28715999423962,1.2772494723179195,11.4358125,0.6035423387096746,11.780197916666667,11.74006970046083,0.2632112197983557
ROB-002,2026-08-01,43.74121875,2.585499999999996,45.236375,45.64445535714286,2.043889676265045,0.9534375,0.025124999999999953,0.9713827284946239,0.9663738479262672,0.0768119930190271,85.94626666666666,1.2034833333333381,85.54541987007167,85.42944362519201,1.2888896502466027,12.039354838709675,-0.8072298387096755,11.838920362903224,11.844013248847927,0.2025524116457794
ROB-002,2026-08-02,46.32671875,10.77371875,44.90709375,45.831919642857144,2.036643900128427,0.9785625,0.6539375000000001,0.9879895833333335,0.9541015264976959,0.0643844934011375,87.14975,0.9701562500000023,85.91641180555554,85.53827398233487,1.409802253969598,11.232125,4.551133064516129,11.56909744623656,11.752602534562213,0.30585874103788113
ROB-002,2026-08-03,57.1004375,-9.711343749999997,49.056125,47.12652678571429,4.748110738572952,1.6325,-0.7464000000000001,1.1881666666666668,1.0418292050691245,0.26679847270176,88.11990625,-1.583406249999996,87.07197430555554,85.70882740975422,1.656330643528483,15.78325806451613,-4.482258064516129,13.018245967741933,12.320266129032259,1.557162887027889
ROB-002,2026-08-04,47.38909375,-3.604860416666668,50.272083333333335,47.073249999999994,4.741879727313587,0.8861,0.1668354838709677,1.1657208333333335,1.0361425979262673,0.2700850611411997,86.5365,1.3189062499999977,87.26871875,86.1966354454685,1.2101961209521463,11.301,0.07932258064516162,12.772127688172043,12.242333093317972,1.597941453882325
ROB-002,2026-08-05,43.78423333333333,0.04032916666666608,49.424588194444446,47.187086904761905,4.63582219103996,1.0529354838709677,-0.059709677419354845,1.1905118279569895,1.0663208813364056,0.25618019566040884,87.85540625,-2.522309475806452,87.5039375,86.61397458717359,1.2059296528498415,11.380322580645162,-0.012322580645161452,12.82152688172043,12.173352390552994,1.6271910214518805
ROB-002,2026-08-06,43.8245625,1.7421562500000007,44.99929652777778,46.68851547619048,4.804431814848227,0.9932258064516128,-0.02356955645161285,0.977420430107527,1.0755328629032257,0.2515255637410237,85.33309677419355,-0.6535030241935544,86.57500100806452,86.51344924155147,1.2885617452112725,11.368,0.16571874999999991,11.349774193548386,12.077124711981568,1.6559447199160964
ROB-002,2026-08-07,45.56671875,-0.2614284274193537,44.39183819444444,46.818997619047614,4.752064730088901,0.96965625,0.10568750000000005,1.0052725134408604,1.0666310771889402,0.25441042562361443,84.67959375,1.1325000000000074,85.95603225806451,86.51721709869432,1.2822387539179956,11.53371875,-0.24955745967742082,11.427347110215052,12.091111319124423,1.650028121100407
ROB-002,2026-08-08,45.305290322580646,2.1084909274193535,44.89885719086021,47.04243641513057,4.6181133943272,1.07534375,-0.14473084677419368,1.0127419354838711,1.0840462557603687,0.24949552221562768,85.81209375,-0.8083437500000059,85.27492809139785,86.49804953917052,1.2931524855928416,11.28416129032258,0.34443245967742087,11.395293346774194,11.983226526497697,1.6784205134039167
ROB-002,2026-08-09,47.41378125,-2.8155624999999986,46.095263440860215,47.19773105798771,4.608301533911186,0.9306129032258064,0.1272308467741936,0.9918709677419356,1.0771963133640552,0.25350036574554324,85.00375,0.22709375000000875,85.16514583333334,86.19147811059908,1.365270146794839,11.62859375,-0.2269485887096767,11.482157930107526,12.039864919354839,1.6553815305004278
ROB-002,2026-08-10,44.59821875,0.005468749999998579,45.77243010752688,45.41169980798771,1.5156502534974197,1.05784375,0.009062499999999973,1.021266801075269,0.9951025633640553,0.07119370687614297,85.23084375,-0.08181041666667,85.34889583333334,85.77875489631336,1.095093265969707,11.401645161290324,-0.7450826612903239,11.438133400537636,11.41392021889401,0.12477507311820302
ROB-002,2026-08-11,44.6036875,0.7357812500000023,45.53856249999999,45.013784629416286,1.2528378325592575,1.06690625,-0.06358366935483883,1.018454301075269,1.0209320276497695,0.05629586339179491,85.14903333333334,-1.9947520833333385,85.12787569444446,85.58054537250383,1.060089466700222,10.6565625,0.44584374999999987,11.228933803763441,11.321857718894009,0.31488731434684564
ROB-002,2026-08-12,45.33946875,-0.6346874999999983,44.847125,45.23596111751152,1.1303651933346972,1.003322580645161,-0.08466633064516116,1.042690860215054,1.013844470046083,0.054695494199511564,83.15428125,0.3019445564516161,84.51138611111111,84.90895608678956,0.8462937299223987,11.10240625,0.5715292338709688,11.053537970430108,11.282155385944701,0.32368477589269873
ROB-002,2026-08-13,44.70478125,-0.3452973790322602,44.882645833333335,45.3617066532258,0.9870642699175476,0.91865625,0.02559375000000008,0.9962950268817204,1.003191676267281,0.06556278969359165,83.45622580645161,0.36242936596218556,83.91984679659498,84.64083166282641,0.9767781615645137,11.673935483870968,-0.27462298387096773,11.144301411290321,11.325860455069122,0.35622615025824683
ROB-002,2026-08-14,44.35948387096774,-0.18338709677419018,44.80124462365592,45.18924452764977,1.0488083309033025,0.94425,0.09674999999999989,0.9554096102150539,0.9995622119815667,0.06837173107810054,83.8186551724138,-0.7054938820912184,83.47638740962181,84.51784043745695,1.024138438950526,11.3993125,0.5546249999999997,11.391884744623654,11.306659562211982,0.34664867731230864
ROB-002,2026-08-15,44.17609677419355,0.19577822580644977,44.41345396505377,45.027931163594474,1.1128672595062234,1.041,0.055870967741935784,0.9679687500000002,0.9946559619815668,0.06305277077136857,83.11316129032258,-2.8469112903225806,83.46268075639601,84.13227865750305,0.9618197959296628,11.9539375,-0.7949999999999999,11.675728494623655,11.402341877880184,0.4233534084508968
ROB-002,2026-08-16,44.371875,0.3105624999999961,44.302485215053764,44.593373127880184,0.3757404853191494,1.0968709677419357,0.0032956989247310275,1.0273736559139788,1.0184071140552995,0.06614565350506373,80.26625,5.297656250000003,82.39935548757879,83.45549294321734,1.659870822155846,11.1589375,0.41670766129032444,11.504062499999998,11.335248127880186,0.41871100478970336
ROB-002,2026-08-17,44.6824375,0.15256250000000193,44.410136424731185,44.605404377880184,0.3772667489850858,1.1001666666666667,-0.06523118279569906,1.0793458781362009,1.0244532450076804,0.07202426808351284,85.56390625,0.49443750000000364,82.9811058467742,83.50307330036019,1.722823062584556,11.575645161290325,0.2783225806451597,11.562840053763443,11.360105270737327,0.42836325277378173
ROB-002,2026-08-18,44.835,-0.3286875000000009,44.62977083333333,44.638449020737326,0.3870936067703139,1.0349354838709677,-0.08251612903225802,1.077324372759857,1.0198859927035329,0.0698648365312567,86.05834375,0.6351401209677334,83.96283333333334,83.63297478845543,1.8934456111470148,11.853967741935485,-0.29056149193548464,11.52951680107527,11.531163162442397,0.3278903658137268
ROB-002,2026-08-19,44.5063125,-1.3616875000000022,44.67458333333334,44.51942669930876,0.2330650734322906,0.9524193548387097,0.06039314516129024,1.0291738351254482,1.0126141033026115,0.07437944415718245,86.69348387096774,-1.9724213709677372,86.1052446236559,84.13857516287939,2.1931318498245473,11.56340625,-0.6420729166666685,11.664339717741937,11.597020305299539,0.26830316678207494
ROB-002,2026-08-20,43.144625,1.3423437500000048,44.16197916666667,44.296547235023034,0.5528581168922994,1.0128125,0.050593750000000215,1.0000557795698926,1.0260649961597543,0.06204740904102083,84.7210625,-0.8250625000000014,85.82429670698924,84.31926611910059,2.179606622243127,10.921333333333331,0.9119569892473134,11.446235775089605,11.489505712365593,0.3655226307096996
ROB-002,2026-08-21,44.48696875,0.8184374999999946,44.04596874999999,44.314759360599076,0.557358374698348,1.06340625,-0.13675000000000015,1.0095460349462366,1.0430873175883257,0.05126994809541651,83.896,-0.3849375000000066,85.10351545698926,84.33031538018433,2.176840158379377,11.833290322580645,-0.8525403225806443,11.439343301971325,11.551502544162826,0.3840114047697193
ROB-002,2026-08-22,45.30540625,2.222238911290326,44.312333333333335,44.47608928571429,0.6638087928168335,0.92665625,-0.031468749999999934,1.0009583333333334,1.0267524961597543,0.06764576524508623,83.5110625,2.1095181451612888,84.04270833333334,84.38715841013824,2.144717997921158,10.98075,0.2040312499999999,11.245124551971324,11.41247575844854,0.390148261759893
ROB-002,2026-08-23,47.52764516129032,-2.0804264112903255,45.77334005376344,44.926913594470044,1.3242788870039,0.8951875,0.09212500000000001,0.9617500000000002,0.9979405721966206,0.07531882982124873,85.62058064516128,-3.331955645161287,84.34254771505375,85.15206278801843,1.1577841679720664,11.18478125,0.39992842741935597,11.332940524193548,11.416167722734254,0.3874621967375423
ROB-002,2026-08-24,45.44721875,0.6365312500000044,46.09342338709677,45.03616805875576,1.3322712781640342,0.9873125,-0.028699596774193648,0.9363854166666669,0.9818185483870968,0.06038887966045199,82.288625,3.365593750000002,83.80675604838709,84.68416546658987,1.5567032837867905,11.584709677419356,-0.0582721774193562,11.250080309139785,11.41746265360983,0.3880986392149454
ROB-002,2026-08-25,46.08375,-1.04781451612903,46.352871303763436,45.21456091589862,1.3834661667423962,0.9586129032258064,0.060870967741935456,0.9470376344086023,0.9709153225806453,0.0559252946961631,85.65421875,0.35878125000000693,84.52114146505376,84.62643332373271,1.5038426944742842,11.5264375,0.7910625000000007,11.431976142473118,11.37067261904762,0.34393240523737273
ROB-002,2026-08-26,45.03593548387097,1.7884707661290307,45.52230141129032,45.2902213421659,1.3524109048133857,1.0194838709677418,-0.02087096774193542,0.9884697580645163,0.9804959677419355,0.05793691002416506,86.013,0.752312499999988,84.65194791666666,84.5292213421659,1.3633888596515287,12.3175,-1.2446562500000002,11.809549059139785,11.478400297619048,0.49796855053683636
ROB-002,2026-08-27,46.82440625,-1.1205937500000047,45.98136391129032,45.81590437788019,1.0637851147666748,0.9986129032258064,0.051574596774193626,0.9922365591397849,0.9784674539170507,0.056855334365189795,86.7653125,-2.8032802419354823,86.14417708333333,84.8212570564516,1.6082745268924825,11.07284375,0.5004788306451591,11.638927083333334,11.500044642857144,0.47235389818708806
ROB-002,2026-08-28,45.7038125,-1.485406249999997,45.85471807795699,45.98973919930876,0.8967345847057757,1.0501875,0.018425403225806436,1.022761424731183,0.9765790610599078,0.05369571368943145,83.96203225806451,-0.5092989247311834,85.58011491935484,84.83069023617512,1.6021249151569201,11.57332258064516,0.5557096774193564,11.654555443548388,11.462906394009218,0.45154760864071164
ROB-002,2026-08-29,44.21840625,13.055218750000002,45.582208333333334,45.83445348502305,1.1049367065442581,1.0686129032258065,0.6025433467741934,1.0391377688172045,0.9968585829493087,0.058307383744770604,83.45273333333333,4.184516666666667,84.7266926971326,84.82235749807988,1.6102632954963663,12.129032258064516,3.801592741935483,11.591732862903223,11.626946716589861,0.4557513473499605
ROB-002,2026-08-30,57.273625,0.5997812499999995,49.06528125,47.22673631912442,4.504514350781145,1.67115625,-0.04309374999999993,1.2633188844086023,1.1077112615207372,0.25123714768177857,87.63725,0.4332661290322619,85.01733853046595,85.1104531201997,1.9262724485983387,15.930625,-0.04391532258064501,13.210993279569891,12.304924395161292,1.6510005089052149
ROB-002,2026-08-31,57.87340625,-0.7723750000000038,53.1218125,49.001905961981564,5.914251209720709,1.6280625,0.010905241935483811,1.4559438844086021,1.1992469758064515,0.3099297412141064,88.07051612903226,-3.5811935483871054,86.38683315412186,85.9364375672043,1.7457882750030538,15.886709677419354,-0.11541935483871057,14.648788978494622,12.919495823732719,2.08252276359171
ROB-002,2026-09-01,57.10103125,-0.00824999999999676,57.416020833333334,50.57580328341014,6.449939676641285,1.6389677419354838,-0.013401075268816953,1.6460621639784947,1.2964405241935482,0.3280401807899168,84.48932258064515,1.3761149193548476,86.73236290322579,85.77002382872503,1.8306328506778828,15.771290322580644,-0.06635282258064379,15.862874999999997,13.52590336981567,2.2225891790124694
ROB-002,2026-09-02,57.09278125,0.20546875000000142,57.35573958333333,52.29820982142858,6.332777268558875,1.6255666666666668,0.001884946236559104,1.630865636200717,1.3830237807219663,0.32269814816941594,85.8654375,-2.3020374999999973,86.14175873655914,85.74894347158217,1.8282165937758406,15.7049375,0.120000000000001,15.787645833333334,14.00982301267281,2.2835688239794565
ROB-002,2026-09-03,57.29825,-0.38115625000000364,57.16402083333333,53.79447321428572,6.055172098602576,1.627451612903226,0.02561088709677417,1.630662007168459,1.4728578821044547,0.2829271552304847,83.5634,3.140131249999996,84.63938669354839,85.29152740015361,1.9293022706833867,15.8249375,-0.03049999999999997,15.76705510752688,14.688693548387095,1.9464007991681123
ROB-002,2026-09-04,56.91709375,0.34949999999999903,57.10270833333333,55.39637053571429,4.9382874541644775,1.6530625,-0.005281250000000126,1.635360259856631,1.558982882104455,0.21686689236658568,86.70353125,-3.135000000000005,85.37745625000001,85.68317011328725,1.8923421530769844,15.7944375,0.00459374999999973,15.774770833333335,15.291709965437787,1.3965784529380116
ROB-002,2026-09-05,57.26659375,-0.2222389112903187,57.16064583333333,57.26039732142857,0.3024280005989061,1.64778125,-0.002555443548386993,1.6427651209677423,1.641721217357911,0.01678542592208128,83.56853124999999,3.6045625,84.61182083333334,85.69971267281106,1.8699682102777684,15.79903125,-0.07809791666666932,15.806135416666669,15.815995535714285,0.07450429732287968
ROB-002,2026-09-06,57.04435483870968,-0.3985110887096823,57.07601411290323,57.227644441244244,0.31298729953302784,1.645225806451613,0.011180443548387098,1.6486898521505378,1.63801686827957,0.011107870510960018,87.17309374999999,-2.6680312499999985,85.81505208333333,85.63340463709677,1.7966037524480558,15.720933333333331,-0.002964583333330495,15.771467361111112,15.786039583333332,0.0618071416790259
ROB-002,2026-09-07,56.64584375,0.7728014112903239,56.98559744623656,57.05227836981567,0.22135085860856826,1.65640625,-0.0017187499999999911,1.6498044354838715,1.6420659754224272,0.012004316969070622,84.5050625,1.0782278225806436,85.08222916666665,85.1240541186636,1.4653946089529204,15.71796875,0.0047187499999985505,15.745977777777776,15.76193373655914,0.04717390546633582
ROB-002,2026-09-08,57.41864516129032,-0.16645161290322363,57.03628125,57.097651785714284,0.2618567579541429,1.6546875,-0.03500000000000014,1.6521065188172044,1.6443116551459294,0.01277382770447896,85.58329032258064,-2.118645161290317,85.75381552419354,85.28033522465437,1.444606949813377,15.7226875,0.12021572580645135,15.72052986111111,15.754990476190475,0.049104520280601235
ROB-002,2026-09-09,57.2521935483871,-12.239943548387096,57.10556081989247,57.120424971198155,0.26821722495328154,1.6196875,-0.56125,1.6435937500000002,1.6434717741935485,0.01431235287438911,83.46464516129032,0.9742923387096738,84.51766599462366,84.93736489055298,1.562707085997656,15.84290322580645,-4.125403225806451,15.761186491935483,15.774699865591398,0.05318466943513758
ROB-002,2026-09-10,45.01225,-0.7581874999999982,53.22769623655915,55.3652821140553,4.572458075769036,1.0584375,-0.007760080645161205,1.4442708333333334,1.5621840437788017,0.2224798310223303,84.4389375,-1.0679999999999978,84.49562432795697,85.06244167626728,1.4664845462688743,11.7175,-0.5846999999999998,14.427696908602151,15.187923079877113,1.5310763975086816
ROB-002,2026-09-11,44.2540625,2.342624999999998,48.83950201612904,53.556277649769584,6.104477032250813,1.0506774193548387,-0.0405836693548387,1.2429341397849463,1.4761290322580645,0.28824917728704746,83.3709375,1.4530625000000015,83.75817338709678,84.58635685483871,1.3835266312112977,11.1328,1.0230125,12.89773440860215,14.521974865591398,2.122770355471497
ROB-002,2026-09-12,46.5966875,-1.9166875000000019,45.28766666666667,52.03200532834102,6.3507669581934945,1.01009375,0.006343750000000092,1.0397362231182796,1.3850308179723503,0.3235629091771972,84.824,1.2585312500000043,84.21129166666667,84.76570953341013,1.3089569164686634,12.1558125,-0.5260383064516123,11.668704166666666,14.001515044162828,2.202597944993725
ROB-002,2026-09-13,44.68,0.3043750000000003,45.17691666666667,50.26566892281106,6.443112218939059,1.0164375,0.0015624999999999112,1.0257362231182798,1.295203917050691,0.32655658884055705,86.08253125,-0.996562499999996,84.75915625,84.609914890553,1.0040605996670697,11.629774193548387,0.28485080645161176,11.639462231182796,13.417063738479262,2.213078487540077
ROB-002,2026-09-14,44.984375,0.18234375000000114,45.42035416666667,48.59974481566821,6.011662043525035,1.018,0.033625000000000016,1.01484375,1.2040030241935484,0.2966442596179605,85.08596875,-2.0135816532258133,85.33083333333333,84.69290149769586,1.017861478898848,11.914625,-0.3785927419354831,11.90007056451613,12.873728917050693,2.0117557649012343
ROB-002,2026-09-15,45.16671875,-0.7808125000000032,44.94369791666667,46.8494696140553,4.644152323894938,1.051625,-0.11081249999999998,1.0286875000000002,1.1178512384792627,0.22216156089566907,83.0723870967742,0.6358941532258058,84.7469623655914,84.33420103686636,1.091548171274533,11.536032258064516,0.07271774193548453,11.693477150537634,12.275635311059906,1.6047753300224925
ROB-002,2026-09-16,44.38590625,0.8490937500000015,44.845666666666666,45.01142857142857,0.7759531686217737,0.9408125,-0.021038306451612865,1.0034791666666667,1.0208690956221198,0.04041221793525151,83.70828125,3.834105846774193,83.95554569892472,84.36900619239631,1.0627035356547343,11.60875,-0.7781875000000014,11.686469086021505,11.670756278801843,0.3188542760054616
ROB-002,2026-09-17,45.235,-0.3152499999999989,44.92920833333333,45.04325,0.78054630495563,0.9197741935483872,0.12378830645161276,0.9707372311827959,1.001060051843318,0.051414801468808675,87.54238709677419,-1.7761370967741925,84.77435181451612,84.81235613479262,1.605489261081373,10.8305625,0.7494375000000009,11.325114919354839,11.544050921658984,0.44746865322738
ROB-002,2026-09-18,44.91975,1.5228437499999998,44.84688541666666,45.13834821428571,0.7052948381588139,1.0435625,-0.010207661290322578,0.9680497311827958,1.0000436347926267,0.05032930570362501,85.76625,-0.9842177419354812,85.67230611559141,85.15454363479263,1.4987858660676368,11.58,0.23109677419354924,11.339770833333333,11.6079366359447,0.40926040975691685
ROB-002,2026-09-19,46.44259375,-1.0719808467741956,45.53244791666666,45.116334821428566,0.6526300216965973,1.0333548387096774,-0.04332358870967734,0.998897177419355,1.003366647465438,0.05184844689703801,84.78203225806452,0.03118649193548606,86.03022311827958,85.14854824308756,1.5004115242260907,11.81109677419355,0.09567741935483909,11.407219758064516,11.558691532258065,0.34859121610313687
ROB-002,2026-09-20,45.370612903225805,-0.3030504032258037,45.577652217741935,45.21499380760368,0.6273874094127604,0.99003125,-0.07706458333333344,1.0223161962365592,0.9995943260368663,0.05169935758896104,84.81321875,0.5042812499999911,85.12050033602151,84.9672178859447,1.4443779038606332,11.906774193548388,-0.7800967741935487,11.765956989247313,11.598262960829492,0.37288124211026075
ROB-002,2026-09-21,45.0675625,-0.6602187499999985,45.626923051075266,45.226877736175105,0.623063952131064,0.9129666666666666,-0.036353763440860165,0.9787842517921148,0.9845895641321044,0.060036827344916326,85.3175,-0.18387500000000045,84.97091700268817,85.00029377880185,1.4501898073390316,11.12667741935484,0.6706038306451596,11.614849462365592,11.485699020737327,0.38031916928251086
ROB-002,2026-09-22,44.40734375,0.4799687499999976,44.9485063844086,45.11839559331798,0.6970043465093237,0.8766129032258064,0.20632459677419368,0.9265369399641578,0.9595878360215053,0.06379149447577985,85.133625,0.056406250000009095,85.08811458333334,85.29475633640553,1.1770229761978506,11.79728125,-0.18906249999999858,11.610244287634409,11.52302030529954,0.3984670471497169
ROB-002,2026-09-23,44.8873125,0.18524999999999636,44.787406250000004,45.190025057603684,0.6319063289211159,1.0829375,-0.10712500000000014,0.957505689964158,0.9798914074500767,0.07788143753629821,85.19003125,-4.157875000000004,85.21371875,85.50643490783409,0.956792204862056,11.60821875,0.3166562499999994,11.510725806451612,11.522944412442397,0.3984480476576487
ROB-002,2026-09-24,45.0725625,-0.7365302419354833,44.78907291666667,45.16681970046083,0.6329611544133537,0.9758125,0.14935991379310365,0.978454301075269,0.9878968798003073,0.07342462670675112,81.03215625,6.955156250000002,83.78527083333334,84.5764019297235,1.5975004824931807,11.924875,-0.4853437500000002,11.776791666666666,11.679274769585254,0.27798270350248444
ROB-002,2026-09-25,44.33603225806451,2.3513427419354898,44.76530241935484,45.0834314516129,0.705257408706662,1.1251724137931036,-0.1616885428253616,1.0613074712643682,0.9995554389136078,0.0886392612397361,87.9873125,-2.7794999999999987,84.73649999999999,84.89369657258065,2.0341209405530303,11.43953125,-0.5219374999999999,11.657541666666667,11.659207805299541,0.2911039317828793
ROB-002,2026-09-26,46.687375,-1.5635040322580736,45.36532325268817,45.11840020161291,0.785395986528834,0.963483870967742,-0.04926512096774205,1.021489594920282,0.9895738720933311,0.08813138738359369,85.2078125,0.3168124999999975,84.74242708333334,84.95452232142858,2.036589858048656,10.91759375,0.4605312500000007,11.427333333333335,11.531564516129032,0.3918589197340803
ROB-002,2026-09-27,45.12387096774193,0.5009727822580672,45.38242607526882,45.08315135368663,0.7776891460602838,0.91421875,0.03428125000000004,1.0009583449202821,0.9787435149504741,0.09261025630134147,85.524625,-1.1910937499999932,86.23991666666667,85.05615178571428,2.04609139695578,11.378125,0.0839083333333317,11.245083333333334,11.456043202764976,0.3568747631700549
ROB-002,2026-09-28,45.62484375,-2.0495624999999933,45.81202990591398,45.16276296082949,0.8039096167398883,0.9485,0.14604838709677403,0.9420675403225808,0.9838197054266645,0.0893193333787591,84.33353125000001,-0.9534645833333428,85.02198958333334,84.91558482142857,2.0589035948600105,11.462033333333332,-0.3282520833333322,11.252584027777777,11.50395119047619,0.3265081456113041
ROB-002,2026-09-29,43.57528125,13.597812499999996,44.77466532258065,45.04389688940091,0.9770840998340445,1.094548387096774,0.565482862903226,0.9857557123655916,1.0149533459796598,0.08351654265178021,83.38006666666666,4.13537083333334,84.41274097222222,84.66507648809524,2.1332876656392217,11.13378125,4.59359375,11.324646527777778,11.409165476190477,0.3234548795134872
ROB-002,2026-09-30,57.17309375,0.6172812499999978,48.79107291666667,46.79900849654378,4.67721677507684,1.66003125,-0.03462500000000013,1.2343598790322583,1.0973953102653742,0.2600567220529153,87.5154375,-1.8615000000000066,85.0763451388889,84.99727738095238,2.393810628469644,15.727375,0.09275000000000055,12.774396527777776,11.99761636904762,1.673874172245386
WLD-001,2026-01-01,,,,,,,,,,,,,,,,,,,,
WLD-001,2026-01-02,55.56735483870968,-2.1897923387096796,,,,1.79915625,-0.028156250000000105,,,,107.5423870967742,3.1125504032257965,,,,22.70284375,-2.3218770833333373,,,
WLD-001,2026-01-03,53.3775625,2.263124999999995,,,,1.771,-0.038249999999999895,,,,110.6549375,-0.4271562499999959,,,,20.380966666666662,1.4240333333333375,,,
WLD-001,2026-01-04,55.6406875,0.5625624999999985,54.8618682795699,,,1.73275,0.04921875000000009,1.7676354166666666,,,110.22778125,-0.06068750000000023,109.47503528225808,,,21.805,-1.16090625,21.629603472222218,,
WLD-001,2026-01-05,56.20325,0.6167500000000032,55.07383333333333,,,1.78196875,-0.10393750000000002,1.76190625,,,110.16709375,-1.6330937500000005,110.34993750000001,,,20.64409375,-0.23570665322580808,20.94335347222222,,
WLD-001,2026-01-06,56.82,-2.5985312500000006,56.2213125,,,1.67803125,0.054065524193548375,1.7309166666666667,,,108.534,1.0054333333333147,109.64295833333334,,,20.40838709677419,1.233967741935487,20.952493615591397,,
WLD-001,2026-01-07,54.22146875,2.7749312500000016,55.74823958333334,,,1.7320967741935485,0.09803225806451632,1.7306989247311828,,,109.53943333333332,2.35175416666668,109.41350902777778,,,21.64235483870968,-0.16641733870967812,20.898278561827954,,
WLD-001,2026-01-08,56.9964,-3.252556249999998,56.012622916666665,55.546674798387095,1.3307038557630146,1.8301290322580648,-0.07786236559139814,1.746752352150538,1.760733150921659,0.05048297563061649,111.8911875,-0.038156250000000114,109.98820694444446,109.79383149001536,1.4253033924504512,21.4759375,1.185437499999999,21.175559811827956,21.294226228878646,0.8603034268155161
WLD-001,2026-01-09,53.74384375,1.3916874999999962,54.9872375,55.28617321428572,1.494399606764133,1.7522666666666666,-0.07794408602150549,1.7714974910394268,1.7540346390168973,0.047561261112760114,111.85303125,-0.12493750000000148,111.09455069444444,110.40963779761906,1.2045551391459168,22.661375,-0.4243750000000013,21.926555779569895,21.28830212173579,0.84905621068274
WLD-001,2026-01-10,55.13553125,-0.3819062500000001,55.291925,55.537311607142854,1.247516586685347,1.6743225806451612,0.15852116935483895,1.7522394265232977,1.740223579109063,0.05523195406336273,111.72809375,0.0756875000000008,111.82410416666669,110.56294583333332,1.3050765735603158,22.237,-1.7434193548387071,22.124770833333333,21.55344974078341,0.8072614106125254
WLD-001,2026-01-11,54.753625,0.7410201612903222,54.544333333333334,55.41058839285714,1.2798992483817555,1.83284375,-0.15890625000000003,1.753144332437276,1.7545226862519203,0.06505741427581622,111.80378125,-0.4097479166666744,111.79496875000001,110.7880886904762,1.3718516238774885,20.49358064516129,1.7885161290322564,21.797318548387096,21.366104118663593,0.8873539506528617
WLD-001,2026-01-12,55.49464516129032,0.6308860887096799,55.12793380376345,55.309359130184326,1.2339552995402803,1.6739375,-0.0613125000000001,1.727034610215054,1.7390896505376345,0.0700811893473267,111.39403333333333,0.18690416666667886,111.64196944444444,110.96336577380953,1.3575922970544334,22.282096774193548,-1.389193548387098,21.670892473118283,21.600104550691242,0.8811765203066696
WLD-001,2026-01-13,56.12553125,-1.1935312499999995,55.45793380376344,55.21014930875576,1.114381521929914,1.612625,0.10959374999999993,1.70646875,1.7297459005376346,0.0827871553170835,111.5809375,-0.8062812499999978,111.5929173611111,111.39864255952382,0.837820255473463,20.89290322580645,0.16540927419355,21.222860215053764,21.669321140552995,0.7858370303273503
WLD-001,2026-01-14,54.932,1.116612903225807,55.51739213709677,55.31165377304148,1.0391368818498024,1.72221875,0.05368750000000011,1.66959375,1.7283347542242704,0.08282458427686748,110.77465625,-2.454968750000006,111.24987569444444,111.57510297619048,0.3929352576145839,21.0583125,0.7863971774193601,21.411104166666664,21.585886520737326,0.8194626345265409
WLD-001,2026-01-15,56.04861290322581,-0.9989032258064583,55.70204805107527,55.17625561635945,0.8221154663229092,1.77590625,0.07996874999999992,1.7035833333333332,1.7205886424731183,0.07375683810434688,108.3196875,-2.0931250000000006,110.22509375,111.0648886904762,1.2650414271912034,21.84470967741936,-1.4034596774193595,21.265308467741935,21.638568260368665,0.8230620810678803
WLD-001,2026-01-16,55.04970967741935,0.357665322580651,55.343440860215054,55.362807891705074,0.544034450429148,1.855875,-0.133649193548387,1.7846666666666666,1.7353898329493087,0.0898200067193662,106.2265625,3.201147177419358,108.44030208333334,110.2611074404762,2.155139609608227,20.44125,1.1771874999999987,21.11475739247312,21.321407546082952,0.790346769349183
WLD-001,2026-01-17,55.407375,-0.38568750000000307,55.50189919354839,55.40164271313365,0.5347297528209582,1.722225806451613,-0.006600806451612984,1.7846690188172045,1.742233150921659,0.08614142143974707,109.42770967741936,1.0254778225806405,107.9913198924731,109.93248114439324,2.067780481708638,21.6184375,0.05162916666666817,21.30146572580645,21.233041474654378,0.7003743533187844
WLD-001,2026-01-18,55.0216875,-1.788375000000002,55.15959072580645,55.439937355990786,0.4881579493468883,1.715625,-0.023205645161289867,1.7645752688172045,1.725487615207373,0.0764383075771846,110.4531875,-3.308671370967758,108.70248655913979,109.73953918010753,1.9219383243512098,21.670066666666667,0.4462236559139825,21.24325138888889,21.401110906298005,0.631084089992229
WLD-001,2026-01-19,53.2333125,1.854945564516136,54.554125,55.116889832949305,0.9631088115383126,1.69241935483871,0.04554731182795635,1.710090053763441,1.7281278801843316,0.07465943528612892,107.14451612903224,6.4078709677419425,109.00847110215052,109.1324652937788,1.9824271463695462,22.11629032258065,0.7575221774193501,21.801598163082442,21.377424270353306,0.5945615853767104
WLD-001,2026-01-20,55.08825806451613,1.0708669354838705,54.447752688172045,54.96870794930875,0.8558844034754551,1.7379666666666664,-0.023279166666666518,1.7153370071684588,1.7460338325652842,0.05470483241504406,113.55238709677418,-3.55551209677418,110.3833635752688,109.41410095046082,2.4686557219848297,22.8738125,-0.8082812500000003,22.220056496415776,21.660411309523813,0.7708076190681382
WLD-001,2026-01-21,56.159125,0.3359999999999985,54.82689852150538,55.14401152073732,0.9657341385892131,1.7146875,0.012250000000000094,1.715024507168459,1.7449579397081414,0.055321851811272055,109.996875,-1.320437499999997,110.23125940860213,109.30298934331798,2.414113390983313,22.06553125,-1.3358124999999994,22.35187802419355,21.804299702380952,0.7327503458692806
WLD-001,2026-01-22,56.495125,-2.5293437500000024,55.91416935483871,55.20779896313365,1.0467868826885496,1.7269375,0.15999798387096797,1.7265305555555555,1.7379624039938555,0.05383217659977277,108.6764375,-1.8257499999999993,110.74189986559139,109.35395362903225,2.393573478278651,20.72971875,-0.40839616935483747,21.889687499999997,21.64501528417819,0.8363640547225145
WLD-001,2026-01-23,53.96578125,0.9618316532258078,55.54001041666667,55.052952044930876,1.149227963138348,1.886935483870968,-0.09187096774193582,1.7761868279569892,1.7423996159754225,0.06524210770250749,106.8506875,4.620925403225797,108.508,109.44311434331796,2.2658803507511394,20.321322580645163,0.6279899193548388,21.038857526881717,21.627882795698927,0.8658411951251844
WLD-001,2026-01-24,54.92761290322581,2.4078245967741907,55.12950638440861,54.98441460253457,1.13882703324126,1.7950645161290322,-0.049658266129032125,1.8029791666666668,1.7528051459293397,0.06726549319292817,111.4716129032258,0.4818870967742015,108.99957930107529,109.73510051843319,2.391758774142596,20.9493125,0.8512500000000003,20.666784610215057,21.53229350998464,0.90318815895373
WLD-001,2026-01-25,57.3354375,-3.2023749999999964,55.409610551075275,55.31495031682027,1.4458391137121278,1.74540625,-0.02590625000000002,1.8091354166666667,1.757059610215054,0.06543897486980328,111.9535,-6.497854838709685,110.09193346774195,109.94943087557603,2.530057477439922,21.8005625,-1.026312500000003,21.02373252688172,21.550935771889403,0.9078405856430797
WLD-001,2026-01-26,54.1330625,0.390625,55.46537096774193,55.443486031105984,1.2576894992168866,1.7195,-0.02272580645161293,1.7533235887096774,1.760928273809524,0.061672728157592824,105.45564516129032,4.442479838709673,109.62691935483872,109.70816359447005,2.8961537435856624,20.77425,0.952437500000002,21.174708333333335,21.35921572580645,0.9102532762389483
WLD-001,2026-01-27,54.5236875,0.6313437499999992,55.330729166666664,55.36283309331798,1.3016019241434031,1.696774193548387,0.02297580645161279,1.7205601478494623,1.7550436347926266,0.06603945811338502,109.898125,1.0236875000000083,109.10242338709678,109.18612615207373,2.3691281237334594,21.7266875,0.14878124999999898,21.433833333333336,21.195340725806453,0.6613638898114135
WLD-001,2026-01-28,55.15503125,0.9929687500000028,54.60392708333333,55.21939112903226,1.2536664255438206,1.71975,0.1881250000000001,1.712008064516129,1.7557668490783411,0.06554975455917746,110.9218125,-2.1897187499999973,108.75852755376343,109.31826008064516,2.4464152747232304,21.87546875,0.13475000000000037,21.458802083333335,21.168188940092165,0.6224407887641147
WLD-001,2026-01-29,56.148,-1.261741935483876,55.27557291666667,55.16980184331798,1.2005332762372043,1.907875,-0.13946875000000003,1.7747997311827957,1.7816150633640553,0.08505828283478559,108.73209375,3.031003024193538,109.85067708333334,109.3262109735023,2.4440710029126356,22.01021875,-1.1352812499999985,21.870791666666666,21.351117511520737,0.6591804596825025
WLD-001,2026-01-30,54.88625806451613,-0.7350393145161291,55.39642977150538,55.30129853110599,1.0921975338116818,1.76840625,0.02678124999999998,1.7986770833333334,1.7646823156682028,0.07127940917711094,111.76309677419354,1.2319354838709842,110.47233434139785,110.02798372695852,2.3167397839408452,20.8749375,-0.07700000000000173,21.586875000000003,21.430205357142857,0.5369045326378207
WLD-001,2026-01-31,54.15121875,1.0175937500000032,55.0618256048387,55.190385080645164,1.1729096808904098,1.7951875,-0.13331249999999994,1.8238229166666666,1.7646998847926267,0.07128816058947425,112.99503225806453,-3.7831885080645264,111.16340759408602,110.24561506336406,2.5361212956085226,20.7979375,0.4534374999999997,21.227697916666667,21.408580357142856,0.5619653135429007
WLD-001,2026-02-01,55.1688125,1.2959874999999954,54.73542977150538,54.88086722350231,0.705089720577253,1.661875,0.08922177419354838,1.7418229166666668,1.752766849078341,0.08133873845528217,109.21184375,1.1572500000000048,111.3233242607527,109.85394988479263,2.438218893750204,21.251375,0.828468749999999,20.97475,21.330125000000002,0.5358493109536294
WLD-001,2026-02-02,56.4648,-1.590090322580636,55.26161041666666,55.21397258064517,0.8322485573886153,1.7510967741935484,0.009684475806451598,1.7360530913978494,1.7572806739631335,0.08005146869136388,110.36909375,-2.7162812500000086,110.8586565860215,110.55587111175115,1.479915715062662,22.07984375,-1.2762812499999967,21.376385416666665,21.516638392857146,0.537335614051378
WLD-001,2026-02-03,54.87470967741936,-2.711115927419364,55.50277405913979,55.26411860599079,0.7933924444635128,1.76078125,-0.03381250000000002,1.7245843413978494,1.766424539170507,0.07551531169434222,107.6528125,-0.25068749999999795,109.07791666666667,110.23511218317972,1.8446236502363265,20.8035625,0.16399999999999793,21.378260416666667,21.384763392857142,0.5880755145607499
WLD-001,2026-02-04,52.16359375,2.9337288306451654,54.50103447580645,54.836770391705066,1.4200820565022636,1.72696875,-0.06118749999999995,1.746282258064516,1.7674557891705067,0.07481775208031934,107.402125,5.630437499999999,108.47467708333333,109.73229968317972,2.0896704145994165,20.9675625,1.3733749999999993,21.28365625,21.2550625,0.5613236516146278
WLD-001,2026-02-05,55.09732258064516,0.9646451612903206,54.04520866935484,54.686673617511524,1.309622041489278,1.66578125,0.05089616935483865,1.7178437500000001,1.7328709677419354,0.05137049119054456,113.0325625,-0.9808749999999975,109.3625,110.34665236175114,2.3611315403691617,22.3409375,-2.3038407258064524,21.3706875,21.302308035714283,0.6433951637431309
WLD-001,2026-02-06,56.06196774193548,-0.028967741935481683,54.44096135752688,54.85463214285715,1.4109564641796601,1.7166774193548386,0.07310383064516146,1.7031424731182796,1.7254811347926269,0.049076082935956056,112.0516875,-4.166235887096775,110.82879166666667,110.38787960829494,2.3922996312362033,20.037096774193547,2.699840725806453,21.11519892473118,21.18261650345622,0.7959873890950904
WLD-001,2026-02-07,56.033,0.18454838709677546,55.730763440860215,55.123458035714286,1.433682771958618,1.78978125,-0.007281250000000128,1.7240799731182797,1.7247088133640551,0.04782280418474642,107.88545161290322,2.203329637096772,110.98990053763441,109.65793951612902,2.238816589165592,22.7369375,-0.7503749999999982,21.70499059139785,21.45961650345622,0.9602437508420506
WLD-001,2026-02-08,56.21754838709678,-3.190454637096778,56.10417204301075,55.27327744815669,1.4927900845291422,1.7825,-0.0736612903225804,1.7629862231182793,1.741940956221198,0.042885952477344585,110.08878125,2.2084768145161178,110.00864012096774,109.7832163018433,2.2342247565002924,21.9865625,-1.5910312500000003,21.58686559139785,21.564643289170508,0.9737814218872681
WLD-001,2026-02-09,53.02709375,2.1671875000000043,55.092547379032254,54.782176555299536,1.5972835285972962,1.7088387096774196,0.13431754032258048,1.7603733198924731,1.7359040898617513,0.04433217972448435,112.29725806451611,-2.480789314516116,110.09049697580645,110.0586683467742,2.428874855159656,20.39553125,0.7098750000000003,21.706343750000002,21.324027217741932,1.0316346522358926
WLD-001,2026-02-10,55.19428125,-0.004829637096776196,54.812974462365595,54.82782963709678,1.6049177807565504,1.84315625,-0.16359374999999998,1.7781649865591398,1.7476719470046083,0.0601481898873905,109.81646875,1.0889687500000065,110.7341693548387,110.36776209677419,2.1984215563807656,21.10540625,0.2902499999999968,21.162500000000005,21.36714775345622,1.0123830199981496
WLD-001,2026-02-11,55.18945161290323,0.573903225806454,54.470275537634414,55.260095046082945,1.0938624534633348,1.6795625,-0.12159375000000017,1.74385248655914,1.7408996255760372,0.06531469018364887,110.9054375,-0.42803125000000364,111.0063881048387,110.8682353110599,1.7672540573493503,21.39565625,0.9130312500000031,20.96553125,21.428304003456223,0.9970356083812081
WLD-001,2026-02-12,55.76335483870968,-0.5191935483871006,55.382362567204304,55.355242511520736,1.1062409822379184,1.55796875,0.14853125,1.6935624999999999,1.725497839861751,0.09287669459219203,110.47740625,-0.10140624999999659,110.39977083333333,110.50321298963134,1.4874400563553385,22.3086875,-1.0259999999999998,21.603250000000003,21.42369686059908,0.9921782978121338
WLD-001,2026-02-13,55.24416129032258,0.7099637096774174,55.39898924731184,55.23841301843318,1.0614415699029904,1.7065,0.1334375000000001,1.6480104166666667,1.7240439228110598,0.09311713355427653,110.376,-2.691281250000003,110.58628125,110.26382906105991,1.3223807259486937,21.2826875,0.3341562499999995,21.66234375,21.601638392857144,0.793944599844827
WLD-001,2026-02-14,55.954125,-0.8272499999999994,55.653880376344084,55.22714516129032,1.0519771587317095,1.8399375,-0.1855504032258064,1.7014687499999999,1.7312091013824884,0.10064405093212549,107.68471875,2.9017187500000006,109.51270833333335,110.23515293778802,1.383324448358461,21.61684375,-0.058488911290321965,21.736072916666668,21.441625,0.621045530360897
WLD-001,2026-02-15,55.126875,-0.34437499999999943,55.44172043010752,55.07133467741935,0.9573533710468055,1.6543870967741936,0.11130040322580648,1.7336081989247312,1.7129072580645162,0.10140801394808127,110.5864375,0.590531249999998,109.54905208333334,110.30624668778803,1.3873304761421354,21.55835483870968,0.18092641129032216,21.48596202956989,21.380452476958528,0.5780224531393817
WLD-001,2026-02-16,54.7825,-0.05115624999999824,55.28783333333333,55.32210699884793,0.40071811861309975,1.7656875,-0.038977822580645194,1.753337365591398,1.7210285138248849,0.10328684092070835,111.17696875,-1.5781874999999985,109.81604166666666,110.14620535714286,1.1663942383085137,21.73928125,-0.702375,21.63815994623656,21.572416762672812,0.3884576326362141
WLD-001,2026-02-17,54.73134375,-0.22978125000000205,54.88023958333333,55.255973070276504,0.4592559166869334,1.7267096774193549,0.1622590725806452,1.7155947580645163,1.7043932891705071,0.08868390104343964,109.59878125,-1.3663437499999986,110.4540625,110.11510714285714,1.1794794293405122,21.03690625,0.4167187499999976,21.44484744623656,21.562631048387097,0.402781653613881
WLD-001,2026-02-18,54.5015625,1.3897812499999986,54.67180208333334,55.15770319700461,0.5420035993692737,1.88896875,-0.19709375000000007,1.7937886424731184,1.7343084677419356,0.11133740993975755,108.2324375,0.0642812499999934,109.66939583333334,109.73325,1.306786715145302,21.453625,0.2414062500000007,21.4099375,21.5709122983871,0.3993578271227477
WLD-001,2026-02-19,55.89134375,0.589500000000001,55.04141666666667,55.17598732718894,0.567403706126809,1.691875,0.16818749999999993,1.7691844758064514,1.7534379320276499,0.08418180862163056,108.29671875,-0.09387499999999704,108.70931250000001,109.42172321428572,1.3587163092156487,21.69503125,-0.9178125000000001,21.395187500000002,21.48324711981567,0.24973887222524369
WLD-001,2026-02-20,56.48084375,-2.239343749999996,55.624583333333334,55.352656249999995,0.75401160813898,1.8600625,-0.268875,1.8136354166666664,1.7753754320276498,0.08973694250916665,108.20284375,0.9271250000000038,108.24399999999999,109.11127232142857,1.3525916309160662,20.77721875,1.717312500000002,21.308624999999996,21.4110372983871,0.3642272906466433
WLD-001,2026-02-21,54.2415,2.663125000000001,55.53789583333333,55.10799553571429,0.8026095491306198,1.5911875,0.05742540322580636,1.7143749999999998,1.7398397177419356,0.10741953411782658,109.12996875,0.8753215725806314,108.54317708333333,109.31773660714285,1.2002726548235008,22.49453125,-1.4374375000000015,21.655593749999998,21.536421226958527,0.5503822999150954
WLD-001,2026-02-22,56.904625,-2.4445312500000043,55.87565625,55.36195982142858,1.052071648302625,1.6486129032258063,0.0534495967741937,1.699954301075269,1.7390148329493087,0.10820440230770142,110.00529032258063,-1.046915322580631,109.11270094086022,109.23471558179723,1.1149594459764003,21.05709375,1.9203125000000014,21.442947916666668,21.4648125,0.5789218621376598
WLD-001,2026-02-23,54.46009375,0.7250312500000007,55.20207291666667,55.31590178571428,1.0881075196980143,1.7020625,-0.007624999999999993,1.6472876344086023,1.729925547235023,0.10826271596740156,108.958375,2.878850806451595,109.36454469086021,108.91777361751153,0.7141030135432382,22.97740625,-1.7669062500000017,22.17634375,21.6416875,0.8169574176176615
WLD-001,2026-02-24,55.185125,0.1274374999999992,55.516614583333336,55.380727678571425,1.0606480363760884,1.6944375,0.008187500000000014,1.6817043010752688,1.7253152361751152,0.10910634637303014,111.8372258064516,-4.460600806451595,110.26696370967743,109.23755141129031,1.316768994543751,21.2105,0.34203125000000156,21.748333333333335,21.66648660714286,0.7979529918278622
WLD-001,2026-02-25,55.3125625,-1.1409374999999997,54.98592708333333,55.49658482142858,0.9905890907191449,1.702625,0.16912499999999997,1.6997083333333334,1.6986947004608293,0.08185044562256193,107.376625,4.503468749999996,109.39074193548386,109.1152924827189,1.4578206293534521,21.55253125,0.26393749999999727,21.913479166666665,21.68061607142857,0.7944234943552172
WLD-001,2026-02-26,54.171625,2.2530524193548445,54.88977083333333,55.250910714285716,1.085110902794487,1.87175,-0.10715625000000006,1.7562708333333334,1.724391129032258,0.10446407355849063,111.88009375,-4.8674687500000005,110.36464818548387,109.62720319700462,1.7268053818187703,21.81646875,0.5151250000000012,21.5265,21.697964285714285,0.7961148953334548
WLD-001,2026-02-27,56.42467741935484,0.2143538306451589,55.30295497311828,55.242886952764984,1.0746578035608736,1.76459375,-0.07233568548387082,1.7796562500000002,1.7107527361751151,0.08886689062949851,107.012625,1.3329374999999999,108.75644791666666,109.4571719470046,1.9363189257030178,22.33159375,-1.22533568548387,21.900197916666666,21.920017857142856,0.7084434811395455
WLD-001,2026-02-28,56.63903125,-2.239321572580643,55.74511122311828,55.58539141705069,1.0843288463123255,1.6922580645161291,0.11974193548387091,1.7762006048387098,1.725191388248848,0.07299638114677313,108.3455625,-0.5958750000000066,109.07942708333333,109.34511391129033,1.9806017814112657,21.10625806451613,-0.1182258064516084,21.75144018817204,21.721693116359443,0.7150947999730212
WLD-001,2026-03-01,54.39970967741936,-0.4488430107526895,55.82113944892473,55.22754637096774,0.9851993608690983,1.812,0.07570967741935464,1.756283938172043,1.748532402073733,0.07050848670464364,107.7496875,4.2681875000000105,107.702625,109.02288493663595,2.037949641766101,20.98803225806452,0.14324899193547935,21.47529469086022,21.711827188940088,0.7261827156729096
WLD-001,2026-03-02,53.95086666666667,0.9555395833333336,54.996535864695346,55.15479964477726,1.0667387701686288,1.8877096774193547,-0.09386592741935473,1.7973225806451614,1.775053427419355,0.08378145067225011,112.017875,-0.8097187500000018,109.37104166666666,109.45995636520739,2.3290919677797994,21.13128125,0.5534687500000004,21.07519052419355,21.44809504608295,0.48519905613519604
WLD-001,2026-03-03,54.90640625,-0.29214818548387456,54.41899419802868,55.11498268049155,1.0706128727330557,1.79384375,-0.06146874999999996,1.8311844758064515,1.7892543202764977,0.07589299465245085,111.20815625,-4.481906250000009,110.32523958333333,109.37008928571429,2.232199086227794,21.68475,-0.9829112903225834,21.268021169354842,21.515845046082948,0.47957141773275563
WLD-001,2026-03-04,54.61425806451613,0.9537731854838682,54.49051032706094,55.015224903993854,1.0816112670251699,1.732375,0.08396874999999993,1.8046428091397848,1.7935043202764978,0.07090211593863045,106.72625,-1.306093749999988,109.98409375,109.27717857142856,2.3399371810585525,20.701838709677418,1.1788175403225836,21.172623319892473,21.394317540322582,0.5683030828401032
WLD-001,2026-03-05,55.56803125,-2.039749999999998,55.02956518817205,55.21471151113671,1.0275105279992178,1.81634375,-0.10992439516129027,1.7808541666666666,1.785589141705069,0.06340788996571947,105.42015625,3.623499999999993,107.78485416666666,108.35433035714286,2.4149447213372968,21.88065625,0.49109374999999744,21.422414986559136,21.403487183179724,0.5767055117997241
WLD-001,2026-03-06,53.52828125,1.0941249999999982,54.57019018817204,54.80094062980031,1.0421334241056937,1.7064193548387097,0.020799395161290368,1.7517127016129033,1.777278513824885,0.07007965228783604,109.04365625,3.1411179435484087,107.06335416666667,108.64447767857143,2.3479582153771266,22.37175,-1.4209999999999994,21.651414986559143,21.40922379032258,0.5875735707796264
WLD-001,2026-03-07,54.62240625,-1.7598437499999946,54.572906249999996,54.51285134408602,0.6568335383655095,1.72721875,0.18662500000000004,1.749993951612903,1.7822728974654376,0.06399198135522055,112.1847741935484,1.4608387096773896,108.8828622311828,109.19293649193548,2.689985945664111,20.95075,0.5528750000000002,21.73438541666667,21.38700835253456,0.6036571201351054
WLD-001,2026-03-08,52.8625625,1.4144999999999968,53.671083333333335,54.29325889016898,0.9093668213091997,1.91384375,-0.2073125,1.7824939516129035,1.7968220046082948,0.08115345037601299,113.6456129032258,-6.257967741935474,111.6246811155914,110.03521154953917,3.060324465083517,21.503625,-0.24549999999999983,21.60870833333333,21.460664458525343,0.5777618420823423
WLD-001,2026-03-09,54.2770625,0.5890624999999972,53.92067708333334,54.33985829493088,0.8971731021063235,1.70653125,0.11416874999999993,1.78253125,1.7709393721198157,0.07606770196627646,107.38764516129032,-0.6380826612903263,111.07267741935483,109.37375014400921,3.060758350335315,21.258125,0.09887500000000315,21.2375,21.478784994239636,0.5676094511923919
WLD-001,2026-03-10,54.866125,-0.24425403225806264,54.001916666666666,54.33410383064516,0.893053349779591,1.8207,0.028424999999999923,1.813691666666667,1.774775979262673,0.07806647207663593,106.7495625,-0.8044062499999995,109.26094018817203,108.7368081797235,3.0792558528287644,21.357000000000003,0.5173437499999984,21.37291666666667,21.431963565668205,0.5612704654780021
WLD-001,2026-03-11,54.621870967741934,0.07245161290323665,54.588352822580646,54.335191388248845,0.8934559273108689,1.849125,-0.19746874999999986,1.79211875,1.791454550691244,0.07994681044589692,105.94515625,4.711295362903243,106.69412130376344,108.62522335829492,3.176862124254694,21.87434375,-0.2970770833333347,21.496489583333332,21.599464285714287,0.4754593736849916
WLD-001,2026-03-12,54.69432258064517,1.2112399193548313,54.72743951612904,54.2103758640553,0.740451399187569,1.65165625,0.1775,1.7738270833333332,1.7679277649769585,0.09433846874812032,110.65645161290324,2.5672671370967635,107.78372345430108,109.37326555299539,2.900895864999404,21.577266666666667,1.2354520833333318,21.60287013888889,21.556122916666663,0.459101330457234
WLD-001,2026-03-13,55.9055625,0.5131249999999952,55.0739186827957,54.54998747119816,0.9028346110604629,1.82915625,0.11993750000000003,1.7766458333333333,1.785461607142857,0.09238693416570648,113.22371875,-1.522156250000009,109.94177553763443,109.97041733870968,3.232965528758743,22.81271875,-1.9134687499999998,22.088109722222224,21.619118452380953,0.5987000746631489
WLD-001,2026-03-14,56.4186875,0.374531250000004,55.67285752688173,54.806599078341016,1.1486594149449445,1.94909375,-0.3070270833333333,1.8099687500000001,1.8171580357142858,0.10611524890875527,111.7015625,3.4775312500000126,111.86057762096773,109.9013870967742,3.182570442520471,20.89925,0.01868750000000219,21.76307847222222,21.61176130952381,0.6085181432721155
WLD-001,2026-03-15,56.79321875,-0.9461219758064559,56.37248958333333,55.36812139976958,0.9896749457024552,1.6420666666666668,0.04132043010752673,1.8067722222222222,1.7783327380952378,0.11425097397643226,115.17909375,-6.325125,113.368125,110.1204557891705,3.518322297002698,20.9179375,0.3727812499999992,21.543302083333334,21.528091666666665,0.6636339022661344
WLD-001,2026-03-16,55.847096774193545,-1.0875967741935426,56.35300100806452,55.59241201036866,0.8721241243294802,1.6833870967741935,0.05732258064516138,1.7581825044802868,1.7750264304915515,0.11697749765856888,108.85396875,2.3654374999999987,111.91154166666666,110.3299305875576,3.3689792808291097,21.29071875,0.9901562500000018,21.03596875,21.532747916666665,0.6615350675045069
WLD-001,2026-03-17,54.7595,0.7714999999999961,55.799938508064514,55.577179867511525,0.8877150817105993,1.740709677419355,-0.03189717741935483,1.6887211469534051,1.7635992415514592,0.11567188495267568,111.21940625,-0.22521875000001046,111.75082291666668,110.96847969470046,2.9781998182341933,22.280875,-1.0636814516129114,21.496510416666666,21.66473005952381,0.7109434662945179
WLD-001,2026-03-18,55.531,0.2632812499999986,55.379198924731185,55.70705544354839,0.7852464822384119,1.7088125,-0.02258669354838716,1.7109697580645162,1.7435545986943166,0.11041914655210089,110.9941875,5.7453437500000035,110.35585416666667,111.68976987327189,2.014245547478933,21.21719354838709,0.36583770161291085,21.596262432795697,21.57085145929339,0.7219536414131228
WLD-001,2026-03-19,55.79428125,-0.9424747983870958,55.36159375,55.86419239631336,0.6466334050866818,1.686225806451613,0.1423870967741936,1.7119159946236557,1.7484931067588327,0.1063209680211354,116.73953125,-5.918111895161275,112.984375,112.55878125000001,2.692247780750505,21.58303125,0.6238749999999982,21.6936999327957,21.571674971198156,0.7219654663152779
WLD-001,2026-03-20,54.8518064516129,-0.23074193548387,55.392362567204295,55.713655817972345,0.7498214842060303,1.8286129032258065,-0.046956653225806555,1.7412170698924732,1.7484154857910905,0.1062524402692079,110.82141935483872,-0.8908568548387308,112.8517127016129,112.21559562211982,2.7459375608130476,22.20690625,-0.10324999999999918,21.6690436827957,21.48513032834101,0.5683754770580207
WLD-001,2026-03-21,54.62106451612903,-0.44570967741935874,55.08905073924731,55.45685253456221,0.7755045824784972,1.78165625,0.03492439516129053,1.7654983198924732,1.7244958429339479,0.06398648797124883,109.9305625,2.099156250000007,112.49717103494623,111.9625956221198,2.879528950073019,22.10365625,1.1183124999999983,21.964531250000004,21.657188364055298,0.5431996073537649
WLD-001,2026-03-22,54.17535483870967,-0.30001108870967386,54.54940860215053,55.08287197580645,0.6436582451233662,1.8165806451612905,-0.014455645161290498,1.8089499327956988,1.7494264112903226,0.06041513729812991,112.02971875,-0.26068750000000307,110.92723353494625,111.5126849078341,2.5163409148234654,23.22196875,-1.3726562499999986,22.510843750000003,21.986335685483873,0.696906854414707
WLD-001,2026-03-23,53.87534375,0.26420463709676767,54.22392103494624,54.80119297235023,0.6836737850057493,1.802125,0.050608333333333144,1.8001206317204301,1.7663889688940093,0.055229497788068876,111.76903125,-1.0864687499999945,111.24310416666667,111.9291224078341,2.2276605851976123,21.8493125,0.08984375,22.39164583333333,22.06613479262673,0.6330339817502958
WLD-001,2026-03-24,54.13954838709677,3.7793266129032332,54.063415658602146,54.712628456221196,0.728650419663657,1.8527333333333331,-0.13229583333333306,1.823812992831541,1.782392348310292,0.06232301707787368,110.6825625,-0.5332500000000095,111.49377083333333,111.85243044354839,2.265092826445321,21.93915625,-1.0290917338709633,22.336812499999997,22.017317828341014,0.6268599862162453
WLD-001,2026-03-25,57.918875,-3.547229838709683,55.311255712365586,55.053753456221195,1.413111794404337,1.7204375,0.08589583333333306,1.7917652777777775,1.784053062596006,0.06015265870315273,110.1493125,-1.379968749999989,110.86696875,111.73173401497695,2.339726816634827,20.910064516129037,-0.04263118279570577,21.566177755376344,21.97344225230415,0.6988152145761701
WLD-001,2026-03-26,54.37164516129032,0.10058064516130116,55.47668951612903,54.850519729262665,1.3909871997462961,1.8063333333333331,0.0587916666666668,1.7931680555555554,1.8012112807219662,0.041983054853375674,108.76934375,0.8979999999999961,109.86707291666666,110.59313580069124,1.1157068864464053,20.86743333333333,0.17989999999999995,21.23888469982079,21.871213978494627,0.809087640813114
WLD-001,2026-03-27,54.47222580645162,0.1361290322580544,55.587581989247305,54.79629392281106,1.3983081389624816,1.865125,-0.2275443548387095,1.7972986111111109,1.806427294546851,0.047817584567966594,109.66734375,0.628562500000001,109.52866666666667,110.42826785714286,1.160712324906796,21.04733333333333,0.8669247311827988,20.941610394265233,21.705560704685098,0.8467329202642604
WLD-001,2026-03-28,54.60835483870967,0.08261391129033058,54.48407526881721,54.79447825460829,1.398581816623652,1.6375806451612904,0.14291935483870954,1.7696796594982078,1.7858450652841782,0.08025928564588646,110.29590625,-2.5604687499999983,109.57753124999999,110.48045982142858,1.1426766509463653,21.91425806451613,-0.07350806451612968,21.276341577060933,21.678503821044547,0.8348342978988865
WLD-001,2026-03-29,54.69096875,0.539531249999996,54.59051646505376,54.86813738479263,1.3739000041218186,1.7805,-0.13424999999999998,1.7610685483870967,1.7806906874039938,0.07910671923369901,107.7354375,0.24143346774191343,109.23289583333333,109.86699107142859,1.3124275560009884,21.84075,0.8832500000000003,21.60078046594982,21.481186856758832,0.5087880656677624
WLD-001,2026-03-30,55.2305,1.5654062500000023,54.8432745295699,55.06173113479263,1.3044107872456816,1.64625,0.05974999999999997,1.6881102150537635,1.7584228302611369,0.09281801603906463,107.97687096774192,0.6874956989247636,108.66940490591396,109.32525388824885,1.1715544854656323,22.724,-0.390968749999999,22.159669354838712,21.606142213901688,0.6895605974635852
WLD-001,2026-03-31,56.79590625,-0.665164314516133,55.57245833333334,55.441210829493095,1.3758532776986345,1.706,0.08318749999999997,1.7109166666666666,1.737460925499232,0.08413181779475166,108.66436666666668,-0.7394916666666802,108.12555837813619,109.03694019777265,1.0204452653778473,22.33303125,-1.2399062500000007,22.299260416666666,21.662410071044548,0.7357841311344102
WLD-001,2026-04-01,56.13074193548387,-0.985708602150531,56.05238272849463,55.18576324884793,0.9343172720974107,1.7891875,0.19921875,1.7138125000000002,1.7472823540706606,0.08580947390611507,107.924875,2.372812499999995,108.18870421146953,108.71916341205838,0.9609278072393072,21.093125,2.2300362903225803,22.05005208333333,21.688561568740397,0.7072887291229591
WLD-001,2026-04-02,55.14503333333334,-2.251345833333339,56.02389383960573,55.29624727342549,0.8651701390823534,1.98840625,-0.2436562499999999,1.8278645833333333,1.7732927707373272,0.12523146401917265,110.2976875,0.5177812499999987,108.96230972222223,108.93749823348695,1.13253572971694,23.32316129032258,-2.351361290322579,22.24977251344086,22.03937984831029,0.8304310619508934
WLD-001,2026-04-03,52.8936875,2.4218437500000007,54.7231542562724,55.070741801075265,1.2401901250606626,1.74475,-0.0767500000000001,1.84078125,1.7560963421658986,0.1186093228650529,110.81546875,-1.9731139112903122,109.67934374999999,109.1015160906298,1.3229770000015721,20.9718,0.8723249999999965,21.79602876344086,22.028589372119818,0.8458181341086964
WLD-001,2026-04-04,55.31553125,0.9707187500000032,54.45141736111111,55.17176700268817,1.2249562447696258,1.668,0.27890625000000013,1.8003854166666666,1.760441964285714,0.1140115731466938,108.84235483870968,1.825895161290319,109.98517036290322,108.89386588901688,1.2138351970295134,21.844125,-0.5783749999999976,22.046362096774192,22.018570362903226,0.8478111708773086
WLD-001,2026-04-05,56.28625,-1.4525403225806457,54.83182291666666,55.399664324116735,1.2682305177759576,1.94690625,-0.11534375000000008,1.7865520833333335,1.7842142857142858,0.13441389750555502,110.66825,-1.8686370967741937,110.10869119623656,109.31283910330261,1.2528692452455619,21.26575,0.7736249999999991,21.360558333333334,21.93642750576037,0.8944820627293851
WLD-001,2026-04-06,54.83370967741936,-0.056397177419356126,55.47849697580645,55.342979992319506,1.285797299770005,1.8315625,-0.15611088709677423,1.8154895833333333,1.8106875000000002,0.12021124933277119,108.7996129032258,3.6495433467741947,109.43673924731183,109.4303736655146,1.1401737977244537,22.039375,-0.8491874999999993,21.716416666666664,21.838623934331796,0.8290514606128506
WLD-001,2026-04-07,54.7773125,0.7922500000000028,55.29909072580645,55.05460945660523,1.121496783849417,1.6754516129032258,0.2438709677419355,1.8179734543010753,1.8063234447004608,0.12510024277146278,112.44915625,-0.7548437500000063,110.6390063844086,109.97105789170507,1.5427185570206297,21.1901875,0.7928437499999994,21.498437499999998,21.675360541474653,0.8279899972743171
WLD-001,2026-04-08,55.5695625,-1.573968750000006,55.06019489247313,54.97444096582182,1.0494964533456117,1.9193225806451613,-0.39522883064516123,1.8087788978494623,1.8249141705069125,0.1316284435891867,111.6943125,-2.6018437500000005,110.98102721774194,110.50954896313364,1.3560246345906621,21.98303125,-1.3774687499999985,21.73753125,21.802490005760372,0.7911947029460281
WLD-001,2026-04-09,53.99559375,-0.09184374999999534,54.780822916666665,54.810235311059905,1.1067183072932698,1.52409375,0.285873991935484,1.7062893145161289,1.7585838133640552,0.15106374722632815,109.09246875,5.154240927419366,111.07864583333333,110.33737485599079,1.4599395219438012,20.6055625,0.3328124999999993,21.25959375,21.41426160714286,0.5509203844054935
WLD-001,2026-04-10,53.90375,1.6057500000000005,54.489635416666665,54.95452995391705,0.8516421362654307,1.809967741935484,-0.023032258064516142,1.7511280241935483,1.767900633640553,0.1520761027134934,114.24670967741936,-3.877476344086034,111.6778303091398,110.82755213133642,2.088099179161504,20.938375,0.398781249999999,21.17565625,21.40948660714286,0.5555201473106804
WLD-001,2026-04-11,55.5095,0.7730937499999939,54.46961458333333,54.982239775345626,0.8683375828200891,1.786935483870968,0.014189516129032187,1.7069989919354838,1.784891417050691,0.14555882429132014,110.36923333333333,0.31614166666666677,111.23613725358422,111.04567763056836,1.9190686016977982,21.33715625,-0.6058659274193552,20.960364583333334,21.337062500000002,0.5214115766134877
WLD-001,2026-04-12,56.28259375,-1.554124999999999,55.23194791666666,54.98171745391705,0.8674230830536269,1.801125,-0.06037500000000007,1.7993427419354842,1.7640655241935483,0.12786902570021141,110.685375,-0.5327812499999993,111.76710600358423,111.04812405913978,1.918518102699877,20.731290322580644,1.4721290322580671,21.002273857526884,21.260711117511516,0.5704220537437169
WLD-001,2026-04-13,54.72846875,1.1155000000000044,55.50685416666667,54.96668303571429,0.8713192294927039,1.74075,0.12506250000000008,1.7762701612903227,1.7510923099078344,0.12444045986214307,110.15259375,-0.2657270833333314,110.40240069444444,111.24140703725038,1.71118546682557,22.20341935483871,-1.2658881048387123,21.423955309139785,21.284146025345624,0.6097574559991535
WLD-001,2026-04-14,55.84396875,-2.182187500000005,55.61834375,55.1190625,0.9243390174284628,1.8658125,-0.054750000000000076,1.8025625000000003,1.7782867223502306,0.12594643226324384,109.88686666666666,-3.4374291666666608,110.24161180555554,110.87536566820276,1.683604846696216,20.93753125,0.2824062500000011,21.290746975806453,21.24805227534562,0.6235675875367872
WLD-001,2026-04-15,53.66178125,1.0620252016129115,54.744739583333335,54.846522321428566,1.043007435567529,1.8110625,-0.08975,1.8058750000000001,1.7628209965437789,0.11156749851663511,106.4494375,7.653156249999995,108.8296326388889,110.1260978110599,2.309238751315432,21.2199375,0.26253124999999855,21.453629368279568,21.139038882488478,0.5339207378771758
WLD-001,2026-04-16,54.72380645161291,1.6818810483870905,54.743185483870974,54.95055270737328,0.9782987415685357,1.7213125,0.040461693548387245,1.7993958333333333,1.790995103686636,0.04806182685081508,114.10259375,-2.133499999999998,110.14629930555556,110.84182995391704,2.6818440508279924,21.48246875,0.9396562500000023,21.2133125,21.264311203917053,0.48886314847564205
WLD-001,2026-04-17,56.4056875,-1.3429999999999964,54.930425067204304,55.30797235023042,0.9890896753560465,1.7617741935483873,0.09513205645161271,1.7647163978494624,1.7841103110599081,0.04834206794987337,111.96909375,-2.855906250000004,110.840375,110.51645624999999,2.3126523907195824,22.422125,-0.5610604838709712,21.708177083333336,21.476275489631337,0.6263278475996255
WLD-001,2026-04-18,55.0626875,0.056860887096767954,55.397393817204296,55.24414199308756,0.9883337305835813,1.85690625,-0.07062499999999994,1.7799976478494626,1.7941061347926268,0.055697972557519404,109.1131875,0.7294687500000094,111.72829166666666,110.33702113095238,2.373895404383098,21.86106451612903,-1.2079677419354873,21.92188608870968,21.55111952764977,0.6381243946078463
WLD-001,2026-04-19,55.11954838709677,-0.286298387096771,55.52930779569892,55.07799265552995,0.8760444886609091,1.78628125,0.0032348790322580534,1.8016538978494625,1.791985599078341,0.055668771217680636,109.84265625,-0.724593750000011,110.3083125,110.21663273809524,2.3746532731889722,20.653096774193543,1.6137782258064561,21.64542876344086,21.53994902073733,0.655320269871896
WLD-001,2026-04-20,54.83325,-0.7998750000000001,55.005161962365584,55.09296140552995,0.8699508835984106,1.789516129032258,-0.14010987903225813,1.8109012096774195,1.7989521889400921,0.05104793594031294,109.1180625,-0.5795312499999881,109.35796875,110.0688425595238,2.4112144597366854,22.266875,-1.9720685483870959,21.593678763440852,21.549014112903222,0.6663734188941919
WLD-001,2026-04-21,54.033375,2.7214375000000004,54.66205779569892,54.83430515552995,0.8785667465565065,1.64940625,0.13746875000000003,1.7417345430107527,1.7680370103686638,0.0668814864496908,108.53853125,-0.842369959677427,109.16641666666668,109.87622321428572,2.4810197170523502,20.294806451612903,1.7565685483870972,21.07159274193548,21.45719628456221,0.7962865032196436
WLD-001,2026-04-22,56.7548125,-0.8216249999999974,55.207145833333335,55.27616676267281,0.9642027415595401,1.786875,-0.03865625000000006,1.7419324596774193,1.7645816532258067,0.0648831000373779,107.69616129032258,2.223713709677426,108.45091834677419,110.05432661290322,2.225627886496405,22.051375,-0.03496875000000088,21.53768548387097,21.575973070276497,0.8167449941193029
WLD-001,2026-04-23,55.9331875,-0.40484375000000483,55.57379166666667,55.44893548387097,0.9570573545908249,1.74821875,-0.03315625,1.7281666666666666,1.7684254032258067,0.06265115602208733,109.919875,-0.672908333333325,108.71818918010753,109.45679536290322,1.3447938004722089,22.01640625,-0.014341733870967488,21.454195900537638,21.65224985599078,0.831358888019318
WLD-001,2026-04-24,55.52834375,-1.1742500000000007,56.07211458333333,55.323600662442395,0.8637825932088079,1.7150625,-0.012750000000000039,1.7500520833333333,1.7617523041474654,0.06588203244786847,109.24696666666668,2.6767833333333186,108.95433431899642,109.06792006528418,0.7664462484955972,22.002064516129032,-0.1473770161290311,22.02328192204301,21.592241215437785,0.7801069269262171
WLD-001,2026-04-25,54.35409375,1.345343750000005,55.271875,55.22237298387097,0.9378042514795165,1.7023125,0.1069062500000002,1.721864583333333,1.7396674827188938,0.05339677696239572,111.92375,-3.5031562500000035,110.36353055555556,109.4694289938556,1.326014620854111,21.8546875,0.6474062499999995,21.95771942204301,21.591330213133638,0.7797443149775857
WLD-001,2026-04-26,55.6994375,-1.3408124999999984,55.193958333333335,55.305214285714285,0.9527014021864664,1.80921875,0.028812499999999908,1.7421979166666668,1.7429442684331795,0.0572955334905207,108.42059375,0.19121875000000443,109.86377013888891,109.26627720814132,1.3675861274562928,22.50209375,-1.3617500000000007,22.119615255376345,21.85547263824885,0.7198167439655425
WLD-001,2026-04-27,54.358625,1.6594374999999957,54.80405208333334,55.237410714285716,1.0072189011595511,1.83803125,-0.06665625000000008,1.7831875000000001,1.7498749999999998,0.0661223859360426,108.6118125,2.855249999999998,109.65205208333333,109.1939557795699,1.3899337290763285,21.14034375,1.6749375000000022,21.832375,21.694539602534565,0.7382048269307374
WLD-001,2026-04-28,56.0180625,-0.31441733870968136,55.35870833333333,55.5209375,0.8835480208473387,1.771375,-0.10662499999999997,1.8062083333333334,1.7672991071428572,0.049119078500800294,111.4670625,1.9201633064515988,109.49982291666667,109.61231738671276,1.5865971151875564,22.81528125,-1.445732862903231,22.152572916666667,22.054607430875574,0.5258239975749173
WLD-001,2026-04-29,55.70364516129032,-0.9492258064516079,55.36011088709677,55.37077073732719,0.7114570505246249,1.66475,0.08090624999999996,1.7580520833333333,1.7498526785714286,0.061208063115306494,113.3872258064516,-6.936319556451593,111.15536693548387,110.4253266033026,1.8732829437198768,21.36954838709677,-0.8946421370967705,21.775057795698928,21.957203629032254,0.5862064765809971
WLD-001,2026-04-30,54.75441935483871,0.7739868951612934,55.49204233870967,55.20237528801844,0.6954739425710526,1.74565625,-0.044875,1.7272604166666665,1.7494866071428572,0.061227123856053264,106.45090625,5.606437499999998,110.43506485215055,109.9297596390169,2.4109667297654678,20.47490625,0.05687500000000156,21.553245295698925,21.73698934331797,0.8078849389239499
WLD-001,2026-05-01,55.52840625,-1.7893437500000005,55.328823588709675,55.20238421658986,0.695478825244151,1.70078125,0.024093750000000025,1.7037291666666665,1.7474464285714286,0.06278351765619447,112.05734375,-1.838343750000007,110.6318252688172,110.3312420794931,2.510267392409225,20.53178125,0.7839606854838692,20.792078629032257,21.526948876728113,0.9119129312387092
WLD-001,2026-05-02,53.7390625,1.125840725806448,54.6739627016129,55.11452260944701,0.8435856876696093,1.724875,0.02931854838709702,1.7237708333333333,1.7506696428571427,0.06062218329244516,110.219,2.7056451612903203,109.57574999999999,110.08770636520737,2.410739982763282,21.31574193548387,0.21557056451612766,20.77414314516129,21.449956653225804,0.9023314537397962
WLD-001,2026-05-03,54.86490322580645,0.15731552419354955,54.71079065860215,54.99530342741936,0.8052445579450884,1.754193548387097,0.018087701612903073,1.7266165994623657,1.7428088997695852,0.05507899725635773,112.92464516129031,-4.8691764112903115,111.7336629704301,110.73114228110599,2.4913481090506098,21.5313125,0.6433004032258083,21.126278561827956,21.31127361751152,0.7799794577509135
WLD-001,2026-05-04,55.02221875,0.38597479838709603,54.54206149193548,55.09010253456221,0.755311161955121,1.77228125,-0.05125000000000002,1.7504499327956988,1.7334160426267282,0.039551482736961366,108.05546875,2.6986602822580608,110.39970463709678,110.65166460253455,2.5776069527457994,22.174612903225807,-1.9083629032258074,21.673889112903225,21.459026353686635,0.8380064968324102
WLD-001,2026-05-05,55.408193548387096,0.37745161290322926,55.09843850806451,55.002978398617515,0.6595336229003058,1.72103125,0.1396461693548383,1.749168682795699,1.7262240783410137,0.03590809776750759,110.75412903225806,-3.0123548387096832,110.5780809811828,110.54981696428571,2.553995570842879,20.26625,0.5015937500000014,21.324058467741935,21.094879032258063,0.6914470956642006
WLD-001,2026-05-06,55.785645161290326,0.2766048387096731,55.40535248655914,55.0146926843318,0.6746085749116303,1.8606774193548383,-0.1296461693548383,1.7846633064516129,1.7542137096774193,0.05252150555907598,107.74177419354838,3.222069556451615,108.8504573252688,109.74332387672811,2.395083777868444,20.76784375,0.5635312500000005,21.069568884408604,21.008921226958527,0.6890067885400276
WLD-001,2026-05-07,56.06225,-1.2617812499999985,55.75202956989247,55.201525633640564,0.7654920686502424,1.73103125,-0.08431250000000001,1.7709133064516127,1.7521244239631335,0.0532050934186841,110.96384375,1.242531249999999,109.81991565860216,110.38802923387097,1.9217482391307414,21.331375,-0.19218750000000284,20.788489583333334,21.13127390552995,0.6535027827513951
WLD-001,2026-05-08,54.80046875,-0.47284375000000267,55.54945463709678,55.09753456221198,0.7631257354901648,1.64671875,0.06400000000000006,1.7461424731182795,1.744401209677419,0.06460313474442489,112.206375,-2.1565312500000005,110.30399764784947,110.40931941244239,1.944020543321137,21.1391875,0.11350000000000193,21.07946875,21.218046226958528,0.5986596769678167
WLD-001,2026-05-09,54.327625,1.7498125000000044,55.06344791666667,55.18161491935484,0.6044271632406106,1.71071875,-0.004428427419355119,1.6961562500000003,1.7423788882488478,0.06553115906532447,110.04984375,3.8241250000000093,111.07335416666666,110.38515423387096,1.9478282273374752,21.2526875,0.32044583333333065,21.241083333333332,21.20903845046083,0.59741778221427
WLD-001,2026-05-10,56.0774375,-1.663250000000005,55.06851041666666,55.35483410138249,0.6688486099242742,1.706290322580645,0.11045967741935514,1.6879092741935484,1.7355355702764979,0.06658450548285771,113.87396875,-2.7935625000000073,112.04339583333335,110.52077188940093,2.1740237785169763,21.57313333333333,0.9454473118279587,21.321669444444442,21.215012855222735,0.6013738029402144
WLD-001,2026-05-11,54.4141875,-0.680031249999999,54.939750000000004,55.26797249423963,0.7533833976507602,1.81675,-0.0864687500000001,1.7445863575268816,1.7418882488479264,0.07253047769056407,111.08040625,-3.371539583333316,111.66807291666667,110.95290581797235,1.8835502497592436,22.51858064516129,-0.6034243951612908,21.781467159498206,21.26415110407066,0.6989822915634277
WLD-001,2026-05-12,53.73415625,0.05706250000000068,54.74192708333334,55.02882430875576,0.9432308490732155,1.73028125,-0.02299999999999991,1.7511071908602152,1.7432096774193548,0.07217052257345806,107.70886666666668,6.287008333333318,110.88774722222223,110.51786833717357,2.2526297149840753,21.91515625,-0.043250000000000455,22.002290076164872,21.499709139784947,0.5731558009112949
WLD-001,2026-05-13,53.79121875,1.5748135080645156,53.97985416666666,54.743906249999995,0.9771342642864819,1.70728125,-0.004281250000000014,1.7514375,1.721295938940092,0.050632999670176024,113.995875,-5.310968750000001,110.92838263888889,111.41131130952382,2.207872016047596,21.87190625,-1.1508124999999971,22.101881048387096,21.65743235407066,0.4830136103197417
WLD-001,2026-05-14,55.366032258064514,-0.8613135080645122,54.29713575268817,54.64444657258064,0.8473992720254672,1.703,0.026193548387096532,1.7135208333333332,1.717291474654378,0.05084276234030729,108.68490625,0.0642187500000091,110.12988263888889,111.0857488095238,2.4406049037551947,20.72109375,0.47303124999999824,21.50271875,21.570249318356378,0.5940010238262194
WLD-001,2026-05-15,54.50471875,1.432218749999997,54.55398991935484,54.60219657258064,0.845694848870066,1.7291935483870966,0.014306451612903448,1.7131582661290323,1.7290735887096775,0.04020642839785177,108.749125,-1.4946411290322459,110.47663541666667,110.59185595238095,2.5244078667250016,21.194125,1.319749999999999,21.262375000000002,21.578097532642087,0.5876857646993563
WLD-001,2026-05-16,55.9369375,-1.9420000000000002,55.26922950268818,54.83209835829492,0.9684488148381796,1.7435,-0.062156250000000135,1.7252311827956988,1.733756624423963,0.03961701398225213,107.25448387096776,3.0998286290322454,108.22950504032258,110.19251882680491,2.827360213718836,22.513875,-1.6027500000000003,21.476364583333336,21.758267175499235,0.6601524351493103
WLD-001,2026-05-17,53.9949375,-0.5812187499999979,54.81219791666667,54.53459835829493,0.8324445543665424,1.68134375,0.014494959677419317,1.718012432795699,1.7301928283410137,0.04343741465604619,110.3543125,-3.3990221774193685,108.7859737903226,109.68971079109063,2.333351912269913,20.911125,-0.33162499999999895,21.539708333333333,21.663694556451613,0.7343449336972783
WLD-001,2026-05-18,53.41371875,2.9066249999999982,54.44853125,54.391674251152075,0.9360079090873994,1.6958387096774192,0.02259879032258083,1.7068941532258064,1.7129197868663597,0.02206207047952526,106.95529032258064,6.903240927419361,108.18802889784946,109.100408515745,2.441968745228744,20.5795,1.0652187499999997,21.334833333333332,21.386683035714288,0.7237719280619027
WLD-001,2026-05-19,56.32034375,-2.6762792338709716,54.57633333333333,54.76112960829494,1.1246199448955745,1.7184375,0.07056249999999986,1.6985399865591397,1.711227822580645,0.0209340045425966,113.85853125,-2.810781250000005,110.38937802419355,109.97893202764978,2.91776131151254,21.64471875,-0.17103124999999864,21.04511458333333,21.348049107142856,0.697606055458486
WLD-001,2026-05-20,53.64406451612903,0.7268417338709696,54.459375672043016,54.740107574884796,1.1469258904144493,1.789,-0.04631249999999998,1.7344254032258064,1.7229019297235024,0.03584303274805641,111.04775,-1.816749999999999,110.62052385752686,109.55777131336404,2.4098718157423997,21.4736875,0.5165000000000006,21.232635416666664,21.291160714285716,0.6631528137890844
WLD-001,2026-05-21,54.37090625,0.88566041666666,54.778438172043,54.59794671658987,1.1177129871962355,1.7426875,0.11543750000000008,1.7500416666666665,1.728571572580645,0.0353051129749019,109.231,3.896500000000003,111.37909375,109.6357847062212,2.3856227857730716,21.9901875,-0.9802500000000016,21.702864583333334,21.472459821428572,0.6547526843827917
WLD-001,2026-05-22,55.25656666666666,-0.2529104166666585,54.4238458109319,54.705353561827955,1.143097334915063,1.858125,-0.11090624999999998,1.7966041666666666,1.7469903513824885,0.06039819233962061,113.1275,0.802951612903243,111.13541666666667,110.26126684907834,2.671282193284053,21.0099375,0.5332812500000017,21.491270833333335,21.446147321428572,0.6712943539219685
WLD-001,2026-05-23,55.00365625,-0.6711249999999964,54.87704305555555,54.57202766897081,1.0237011318091243,1.74721875,0.08659375000000002,1.7826770833333334,1.7475216013824881,0.06037872673740392,113.93045161290324,-1.0461612903226012,112.09631720430109,111.2149765264977,2.6099083396722724,21.54321875,-0.3239062500000003,21.51444791666667,21.307482142857143,0.4896598993288982
WLD-001,2026-05-24,54.33253125,0.05906249999999602,54.86425138888888,54.62025534754224,0.9996522855738446,1.8338125,-0.03503125000000007,1.8130520833333332,1.7693028513824882,0.06002665389121959,112.88429032258064,-2.25957157258064,113.3140806451613,111.5764019297235,2.645789012045134,21.2193125,1.4697520161290356,21.257489583333335,21.35150892857143,0.46110506725150285
WLD-001,2026-05-25,54.39159375,1.214624999999998,54.57592708333333,54.75995177611367,0.8617596409102524,1.79878125,-0.07181350806451592,1.7932708333333334,1.784008928571429,0.050953099331375824,110.62471875,-0.5570000000000022,112.47982022849463,112.10060599078341,1.8087148330158467,22.689064516129037,-1.004658266129038,21.817198588709683,21.652875288018436,0.5527224565786863
WLD-001,2026-05-26,55.60621875,-0.6019999999999968,54.77678125,54.657933918970805,0.666366922060744,1.726967741935484,0.016157258064515956,1.7865204973118278,1.7852275345622122,0.04919518898031186,110.06771875,2.967624999999998,111.19224260752686,111.55906134792626,1.7615396295251788,21.68440625,0.2065604166666688,21.86426108870968,21.658544930875575,0.5528283854474206
WLD-001,2026-05-27,55.00421875,1.0041875000000005,55.000677083333336,54.852241666666664,0.4986586610398011,1.743125,-0.020812500000000123,1.7562913306451613,1.7786739631336406,0.051605468936035806,113.03534375,-5.230505040322598,111.24259375000001,111.84300331221198,1.8244515322375565,21.890966666666667,0.13687708333333148,22.088145810931902,21.718156240399388,0.5520701009978463
WLD-001,2026-05-28,56.00840625,-1.7093417338709713,55.53961458333333,55.086170238095235,0.607445125928058,1.7223125,0.13265625000000014,1.730801747311828,1.7757632488479265,0.0544686909131803,107.8048387096774,-0.46730745967740006,110.30263373655913,111.63926598502304,2.2047445099765297,22.02784375,-1.3548437500000006,21.86773888888889,21.723535704685098,0.5553364078714447
WLD-001,2026-05-29,54.29906451612903,0.6158417338709725,55.10389650537635,54.94938421658986,0.6675159237813032,1.85496875,-0.22753124999999996,1.77346875,1.7753123559907835,0.0536806296040265,107.33753125,6.262662298387127,109.39257123655914,110.8121275921659,2.6034069321509743,20.673,1.0758125000000014,21.53060347222222,21.67540177611367,0.6362095958324506
WLD-001,2026-05-30,54.91490625,0.18640624999999744,55.07412567204301,54.93670564516129,0.6671560417629758,1.6274375,0.06796874999999991,1.7349062499999999,1.7582007488479263,0.07780074186852545,113.60019354838713,-5.07638104838712,109.58085450268817,110.7649478686636,2.5396899915801545,21.7488125,-0.6001875000000005,21.483218749999995,21.704772311827956,0.633831507893026
WLD-001,2026-05-31,55.1013125,-0.42199999999999704,54.771761088709674,55.046531538018435,0.6121301242469332,1.69540625,0.12728125,1.7259375,1.738428427419355,0.07280926214238792,108.5238125,0.0760262096774369,109.82051243279572,110.14202246543778,2.466947317968961,21.148625,1.0439416666666688,21.190145833333332,21.69467409754224,0.6433465976722541
WLD-001,2026-06-01,54.6793125,0.5971874999999969,54.89851041666666,55.087634216589855,0.5689610470661839,1.8226875,-0.062437499999999924,1.7151770833333335,1.7418436059907834,0.07657525266939497,108.59983870967744,-0.07358870967743769,110.24128158602154,109.85275388824887,2.5190797024232143,22.192566666666668,-1.6465354166666692,21.696668055555552,21.623745833333334,0.5334226035057423
WLD-001,2026-06-02,55.2765,-0.034274193548384346,55.01904166666666,55.040531538018435,0.5312735905385859,1.76025,-0.03125,1.7594479166666668,1.7465982142857144,0.07653090425557205,108.52625,3.594949999999997,108.54996706989247,109.63254406682027,2.564128552372131,20.54603125,0.6267500000000013,21.29574097222222,21.461120833333332,0.6683186423392703
WLD-001,2026-06-03,55.242225806451614,-0.037788306451616904,55.06601276881721,55.07453254608295,0.536155954849252,1.729,0.0566875,1.7706458333333333,1.744580357142857,0.0768233987071233,112.1212,-4.278522580645159,109.74909623655914,109.50195210253456,2.378497923777754,21.17278125,0.7977993951612881,21.303793055555555,21.358522916666665,0.6460891055086314
WLD-001,2026-06-04,55.2044375,-1.3653124999999946,55.241054435483875,54.95967986751152,0.3599065816942544,1.7856875,-0.02375000000000016,1.7583125,1.7536339285714284,0.07749320096664267,107.84267741935484,0.11945161290321948,109.49670913978495,109.50735763248849,2.3740369383618116,21.970580645161288,-0.993387096774196,21.229797715053763,21.35034247311828,0.6364933412876486
WLD-001,2026-06-05,53.839125,0.712649193548387,54.76192943548387,54.89397422235023,0.5109152622598246,1.7619375,0.061000000000000165,1.758875,1.7403437499999999,0.0640247068399181,107.96212903225806,0.22115221774193117,109.3086688172043,109.59658588709678,2.289110505382747,20.977193548387092,-0.524818548387092,21.373518481182796,21.393798694316438,0.5913220827142883
WLD-001,2026-06-06,54.55177419354839,0.008350806451609571,54.53177889784947,54.84209821428572,0.526629423741467,1.8229375,-0.09290625000000019,1.7901875,1.7682723214285716,0.04691987683157075,108.18328125,-0.39587499999998954,107.99602923387097,108.82274127304149,1.4841871355448548,20.452375,-0.013218750000000057,21.133383064516128,21.20859333717358,0.6605688751405817
WLD-001,2026-06-07,54.560125,0.10371370967742166,54.31700806451613,54.764785714285715,0.5219367121219602,1.73003125,0.049875000000000114,1.7716354166666666,1.77321875,0.039137565374424824,107.78740625,4.508656250000001,107.9776055107527,108.71754038018435,1.5341641765404157,20.43915625,0.9378760080645208,20.62290826612903,21.107240658602148,0.7227998921216635
WLD-001,2026-06-08,54.66383870967742,-0.2709012096774188,54.59191263440861,54.76257517281106,0.5223916172578877,1.77990625,-0.025062499999999988,1.7776249999999998,1.767107142857143,0.03298130121051292,112.2960625,-1.0390947580645218,109.42225,109.24557235023042,2.0396977256656887,21.37703225806452,-0.876774193548389,20.756187836021507,20.99073574308756,0.5678144210174502
WLD-001,2026-06-09,54.3929375,-0.5901562499999997,54.53896706989247,54.636351958525346,0.48276032581318123,1.75484375,0.0026562500000000266,1.7549270833333332,1.7663348214285715,0.03323099058287218,111.25696774193548,-1.3172177419354796,110.44681216397849,109.63567488479264,2.137959609005875,20.50025806451613,0.5482106854838698,20.772148857526883,20.98419671658986,0.5740189101449653
WLD-001,2026-06-10,53.80278125,1.394874999999999,54.28651915322581,54.4307170218894,0.4882113800102351,1.7575,0.014375000000000027,1.7640833333333334,1.7704062500000002,0.029421992553755053,109.93975,-1.7603951612903188,111.16426008064515,109.32403917050692,1.8556237310257833,21.04846875,0.7742499999999986,20.975253024193552,20.966437788018432,0.5691141312679442
WLD-001,2026-06-11,55.19765625,0.5386249999999961,54.46445833333333,54.4297482718894,0.48642367360499017,1.771875,-0.10532661290322598,1.7614062500000003,1.7684330357142855,0.02868015422342861,108.17935483870968,-0.49501108870968835,109.79202419354839,109.37213594470045,1.8147411693658175,21.82271875,-1.4550187500000007,21.123815188172042,20.94531466013825,0.5268042440088101
WLD-001,2026-06-12,55.73628125,0.9030312500000051,54.91223958333333,54.700770593317976,0.614229710567884,1.666548387096774,0.1359828629032258,1.7319744623655915,1.7548060195852535,0.04825924460195853,107.68434375,3.0106885080645185,108.6011495295699,109.33245233294932,1.853339892680797,20.3677,0.02136250000000217,21.079629166666667,20.858244153225808,0.5693109561722955
WLD-001,2026-06-13,56.6393125,-3.2619062500000027,55.85775,54.99899035138248,0.9466492180478515,1.80253125,-0.005656249999999918,1.746984879032258,1.751890841013825,0.043874896522617654,110.69503225806451,-2.9078760080645196,108.85291028225807,109.69127390552997,1.8368438499505961,20.3890625,0.2602499999999992,20.859827083333332,20.849199510368663,0.5772808103715575
WLD-001,2026-06-14,53.37740625,1.6990312499999973,55.251,54.83003052995392,1.1264966862353787,1.796875,-0.12287500000000007,1.7553182123655915,1.7614399481566818,0.04556583877395382,107.78715625,2.2466250000000088,108.72217741935485,109.69123819124424,1.836887038897021,20.6493125,1.346843749999998,20.46869166666667,20.879221831797235,0.5575285892807185
WLD-001,2026-06-15,55.0764375,-0.8546562499999979,55.03105208333333,54.88897321428572,1.1271457830957043,1.674,0.01593548387096777,1.7578020833333332,1.7463104838709675,0.05501501216624077,110.03378125,-1.1688125000000014,109.50532325268817,109.36805515552996,1.4632167250963024,21.99615625,0.8822500000000026,21.011510416666667,20.967668116359448,0.684348452238526
WLD-001,2026-06-16,54.22178125,-0.10596875000000239,54.225208333333335,54.86452232142857,1.1414650281058747,1.6899354838709677,0.04225806451612901,1.7202701612903226,1.7370378744239632,0.058684700411584,108.86496875,2.157531249999991,108.89530208333333,109.02634101382488,1.2051102575745445,22.87840625,-1.0275729166666707,21.841291666666667,21.307403571428573,0.9517093067436113
WLD-001,2026-06-17,54.1158125,1.2366713709677413,54.471343749999996,54.909241071428575,1.0982507599258984,1.7321935483870967,0.1092127016129032,1.6987096774193546,1.7334226670506911,0.057989431818196976,111.0225,0.8962812500000013,109.97375,109.18101958525345,1.3962211439164567,21.85083333333333,-1.52948958333333,22.241798611111108,21.42202708333333,0.9635699633187322
WLD-001,2026-06-18,55.35248387096774,-0.6852651209677347,54.56335920698925,54.931359302995396,1.1065550702522908,1.84140625,-0.12978124999999996,1.7545117607526883,1.7433557027649769,0.07031815922813554,111.91878125,-2.59237499999999,110.60208333333333,109.71522335829493,1.6427107610532798,20.32134375,1.006093749999998,21.68352777777778,21.20754494047619,1.0246734688483214
WLD-001,2026-06-19,54.66721875,0.39455544354838423,54.711838373655915,54.778636088709675,1.0492366249406402,1.711625,0.14818750000000014,1.7617415994623655,1.7497952188940091,0.06388148308309217,109.32640625,4.337656249999995,110.75589583333333,109.9498037154378,1.4043090246034016,21.3274375,0.778465725806452,21.166538194444446,21.344650297619047,0.9554391534485357
WLD-001,2026-06-20,55.06177419354839,0.44899247311828105,55.02715893817204,54.55327347350231,0.6913654715185648,1.8598125,-0.08452217741935497,1.80428125,1.757978254608295,0.07454198138857267,113.6640625,-5.505901209677447,111.63641666666666,110.37395089285714,1.992216101090187,22.10590322580645,-0.23568447580645113,21.251561491935483,21.589913258448544,0.8871738271693853
WLD-001,2026-06-21,55.51076666666667,-0.32176666666666875,55.079919870071684,54.85803924731182,0.5403504326974163,1.7752903225806451,-0.0176340725806452,1.7822426075268816,1.7548947292626729,0.07309723653180333,108.15816129032255,3.1701824596774486,110.38287668010753,110.42695161290321,1.9153808787795574,21.87021875,-0.44924999999999926,21.76785315860215,21.76432843701997,0.785637872249195
WLD-001,2026-06-22,55.189,-0.3208125000000024,55.253846953405024,54.874119604454684,0.5495299079727906,1.75765625,-0.08612500000000001,1.7975863575268818,1.7668456221198157,0.06393113199013373,111.32834375,-2.728968750000007,111.05018918010752,110.61188911290323,1.9335035196492771,21.42096875,0.14450000000000074,21.799030241935483,21.682158794162824,0.7874272438583252
WLD-001,2026-06-23,54.8681875,-0.7650907258064521,55.18931805555556,54.96646335445468,0.4702299087612583,1.67153125,-0.09518749999999998,1.7348259408602151,1.7642164458525345,0.0678778437310563,108.599375,1.3503583333333466,109.36196001344085,110.57394714861752,1.9756442120107123,21.56546875,-0.7890312500000007,21.618885416666668,21.494596294162825,0.5854628848452552
WLD-001,2026-06-24,54.103096774193546,1.3540645161290357,54.72009475806451,54.96464682219662,0.4740725823055195,1.57634375,0.32815625000000015,1.6685104166666667,1.7419521889400922,0.09869584080331596,109.94973333333334,-0.9669268817204397,109.95915069444443,110.42069476766513,1.976657932620266,20.7764375,0.5262812500000003,21.254291666666667,21.34111117511521,0.6165149620191686
WLD-001,2026-06-25,55.45716129032258,-0.6131925403225793,54.80948185483871,54.97960073924731,0.4897374240738161,1.9045,-0.22608064516129045,1.7174583333333333,1.750965581797235,0.11136067963657559,108.9828064516129,0.3910322580644987,109.17730492831542,110.00126979646699,1.9163723564405304,21.30271875,0.04470060483870952,21.214875000000003,21.481307603686638,0.4290507540396236
WLD-001,2026-06-26,54.84396875,0.21774999999999523,54.80140893817204,55.00485073924732,0.47529062320364024,1.6784193548387096,0.12245161290322581,1.7197543682795697,1.746221918202765,0.11399193178642851,109.3738387096774,-1.9109949596773959,109.43545949820788,110.00804586213516,1.9136703655556329,21.34741935483871,-0.5070756048387111,21.14219186827957,21.48416215437788,0.42792139317194366
WLD-001,2026-06-27,55.06171875,-0.8645252016128993,55.12094959677419,55.00484281874039,0.4752895169595911,1.8008709677419354,-0.1314959677419354,1.7945967741935485,1.7378016993087557,0.10610714774333056,107.46284375,4.339156250000002,108.60649630376344,109.12215746927802,1.2643057403910352,20.84034375,1.1985937500000006,21.163493951612903,21.303367943548388,0.3868321478440043
WLD-001,2026-06-28,54.1971935483871,0.24468145161290522,54.70096034946237,54.817189516129034,0.5008730410867646,1.669375,0.059850806451613,1.7162217741935484,1.7226709389400923,0.10741399486060299,111.802,0.9983437499999894,109.54622748655913,109.64270585637482,1.5245921325815204,22.0389375,-0.24078124999999773,21.408900201612905,21.327470622119815,0.4307959349539308
WLD-001,2026-06-29,54.441875,0.7837701612903203,54.566929099462364,54.710457373271886,0.48787268106778897,1.729225806451613,-0.1032570564516131,1.733157258064516,1.7186094470046083,0.10640341632393123,112.80034375,1.0763981854838818,110.68839583333335,109.85299157066052,1.8603784745664367,21.79815625,0.5613598790322527,21.559145833333332,21.381354550691245,0.46654573579032543
WLD-001,2026-06-30,55.22564516129032,-0.06412903225806588,54.62157123655914,54.76152275345623,0.5244686946910698,1.62596875,0.05065625000000007,1.6748565188172044,1.71210051843318,0.11105516728386418,113.87674193548388,-5.64467943548388,112.8263618951613,110.60690113287251,2.2878812435672113,22.359516129032254,-2.3888598790322533,22.065536626344084,21.494789890552994,0.5970508831126301
WLD-001,2026-07-01,55.16151612903226,-1.7515473790322602,54.94301209677419,54.912725518433184,0.4503403282788381,1.676625,0.027406250000000076,1.6772731854838707,1.7264264112903225,0.09608285909592532,108.2320625,5.543614919354837,111.63638272849461,110.36151958525345,2.4560438309080515,19.97065625,1.2027631048387093,21.376109543010752,21.379678283410136,0.8013547866698901
WLD-001,2026-07-02,53.40996875,2.175218750000006,54.59904334677419,54.62026944124425,0.6557428565389737,1.70403125,0.08759374999999991,1.668875,1.6977880184331797,0.05544025659434511,113.77567741935484,-6.362239919354835,111.96149395161291,111.046215437788,2.6666731062626168,21.17341935483871,-0.783606854838709,21.167863911290322,21.361206941244237,0.8049066827046195
WLD-001,2026-07-03,55.5851875,-0.32751008064516185,54.71889079301076,54.726157834101386,0.750836331543422,1.791625,-0.0625,1.72409375,1.713960253456221,0.06460286111844331,107.4134375,3.010906250000005,109.80705913978494,110.76615812211982,2.958549184372984,20.3898125,0.9732842741935457,20.511296034946238,21.224405961981567,0.8850295771541634
WLD-001,2026-07-04,55.25767741935484,-0.09280241935483957,54.75094455645162,54.754151929723506,0.7688690217992161,1.729125,0.13742338709677449,1.74159375,1.7037108294930878,0.05320137909738971,110.42434375,4.040753024193549,110.53781955645161,111.18922955069125,2.5971171468362257,21.363096774193547,-1.0274092741935483,20.975442876344086,21.29908496543779,0.8691333613093569
WLD-001,2026-07-05,55.164875,2.1344687499999964,55.33591330645162,54.89239213709677,0.7384302893603885,1.8665483870967745,-0.12751713709677448,1.7957661290322582,1.7318784562211982,0.07827891908434538,114.46509677419355,-5.510034274193558,110.76762600806451,111.56967194700461,2.8813413650134856,20.3356875,1.8435937500000001,20.69619892473118,21.05576353686636,0.8658976535696881
WLD-001,2026-07-06,57.29934375,-1.674924395161291,55.90729872311828,55.30060195852535,1.1325251521367108,1.73903125,-0.06762500000000005,1.7782348790322582,1.733279233870968,0.07831126536664892,108.9550625,-1.2881874999999923,111.28150100806452,111.02034605414747,2.9727115929221144,22.17928125,0.0058749999999996305,21.292688508064515,21.110209965437786,0.9299701334690608
WLD-001,2026-07-07,55.62441935483871,-0.27761290322580834,56.029546034946236,55.35756970046083,1.138141851197859,1.67140625,0.08912500000000012,1.7589952956989248,1.7397703052995392,0.06929852550907824,107.666875,0.5953830645161133,110.36234475806452,110.13322220622122,2.904018334346782,22.18515625,-0.9426562499999989,21.566708333333334,21.085301411290324,0.892512116320906
WLD-001,2026-07-08,55.3468064516129,-1.7017419354838665,56.09018985215054,55.384039746543785,1.1349724990770313,1.76053125,-0.005062500000000192,1.7236562500000001,1.7517569124423964,0.06357626629266769,108.26225806451612,2.773491935483875,108.2947318548387,110.13753585829492,2.9007442509110546,21.2425,0.2482187499999995,21.868979166666666,21.26699337557604,0.74505716091453
WLD-001,2026-07-09,53.64506451612903,0.47396673387096655,54.87209677419355,55.41762485599078,1.0683443793655432,1.75546875,0.24240625000000016,1.7291354166666666,1.7591051267281108,0.0600134914338213,111.03575,-2.9351249999999993,108.98829435483871,109.74611765552994,2.482745805723246,21.49071875,-0.5761562500000004,21.639458333333334,21.312321860599077,0.7480614149367377
WLD-001,2026-07-10,54.11903125,0.04446875000000006,54.37030073924731,55.20817396313364,1.168998050736458,1.997875,-0.14821875000000007,1.8379583333333336,1.7885694124423963,0.10915296317595345,108.100625,2.182149193548412,109.13287768817203,109.8442872983871,2.3868720408017663,20.9145625,0.25278125000000173,21.215927083333334,21.38728614631336,0.6614915926305771
WLD-001,2026-07-11,54.1635,-0.365000000000002,53.97586525537634,55.0518629032258,1.2326935088576498,1.84965625,-0.08881249999999996,1.8676666666666666,1.8057881624423964,0.10771009107149286,110.2827741935484,-1.5120000000000005,109.80638306451613,109.82406307603686,2.3817322467394004,21.16734375,1.1333014112903221,21.190875000000002,21.35932142857143,0.6668010843609251
WLD-001,2026-07-12,53.7985,2.7332812500000045,54.02701041666666,54.856666474654375,1.3171076287174788,1.76084375,-0.053906250000000044,1.8694583333333334,1.7906875,0.10515129384060806,108.7707741935484,1.0416633064515963,109.05139112903227,109.010588421659,1.2229695799085987,22.300645161290323,-1.5385806451612858,21.460850470430106,21.640029665898616,0.5707343610302061
WLD-001,2026-07-13,56.53178125,-2.5299062500000034,54.83126041666666,54.74701468894009,1.0926884028298918,1.7069375,0.05906250000000002,1.7724791666666666,1.7861026785714285,0.10842763931253706,109.8124375,2.0697560483870916,109.62199529569894,109.13307056451613,1.2588879516938118,20.762064516129037,1.572935483870964,21.410017809139788,21.437570132488478,0.5982652365711013
WLD-001,2026-07-14,54.001875,1.5432187500000012,54.77738541666667,54.51522263824885,1.0466700370716226,1.766,0.125,1.74459375,1.7996160714285714,0.0970479969349037,111.8821935483871,-2.2507096774193514,110.15513508064517,109.73525892857143,1.4363335972732172,22.335,-0.39071875000000134,21.799236559139786,21.45897638248848,0.6312442119826023
WLD-001,2026-07-15,55.54509375,0.482656249999998,55.35958333333334,54.543549395161286,1.0752205224271674,1.891,-0.13537500000000002,1.7879791666666665,1.8182544642857141,0.10074849343077574,109.63148387096774,1.1569032258064595,110.44203830645161,109.93086261520737,1.2878623967275484,21.94428125,-1.1063749999999999,21.68044858870968,21.559230846774195,0.6466732325216229
WLD-001,2026-07-16,56.02775,-2.3302499999999995,55.191572916666665,54.883933035714286,1.1196088773430817,1.755625,0.0009879032258064413,1.8042083333333334,1.8182767857142856,0.1007322804616701,110.7883870967742,-1.4433225806451588,110.76735483870966,109.89552505760369,1.2554792059873503,20.83790625,0.5246562499999996,21.705729166666668,21.46597191820277,0.7028338222461517
WLD-001,2026-07-17,53.6975,0.6689375000000055,55.09011458333333,54.82371428571429,1.177448424265862,1.7566129032258064,0.06482459677419361,1.801079301075269,1.783810771889401,0.06339496171903522,109.34506451612904,-0.015095766129036292,109.92164516129033,110.0733021313364,1.0261153277710269,21.3625625,-0.0268958333333309,21.381583333333335,21.529971918202765,0.6635537470631313
WLD-001,2026-07-18,54.3664375,1.6870937499999954,54.697229166666666,54.85270535714285,1.1608649455593376,1.8214375,0.03484375000000006,1.777891801075269,1.7797795218894008,0.059273256860220135,109.32996875,2.0193749999999966,109.82114012096774,109.93718706797235,1.0564445712671695,21.33566666666667,-0.029666666666667396,21.178711805555555,21.55401804915515,0.6511565708994385
WLD-001,2026-07-19,56.05353125,-1.6023437499999957,54.70582291666667,55.17485267857143,1.1320943824002523,1.85628125,-0.1363437500000002,1.811443884408602,1.7934134504608295,0.06490079193370249,111.34934375,-5.337279233870959,110.00812567204302,110.30555414746543,1.0312014155951774,21.306,0.1479374999999976,21.334743055555553,21.411925883256526,0.5637314522915117
WLD-001,2026-07-20,54.4511875,-0.17028125000000216,54.95705208333334,54.877625,0.9792728796006445,1.7199375,0.119,1.7992187499999999,1.7952705933179725,0.06214118225541739,106.01206451612904,4.084466733870954,108.89712567204303,109.76264372119816,1.936830969517398,21.4539375,-0.3788749999999972,21.36520138888889,21.510764880952383,0.48611042110034436
WLD-001,2026-07-21,54.28090625,0.23262499999999875,54.92854166666666,54.917486607142855,0.9426792319732027,1.8389375,0.056062500000000126,1.8050520833333332,1.8056902361751153,0.0625289367649141,110.09653125,-5.57678931451612,109.15264650537635,109.50754910714285,1.7161663577094675,21.0750625,2.1612812499999983,21.278333333333332,21.330773809523812,0.3419345896883917
WLD-001,2026-07-22,54.51353125,-1.0439687499999977,54.41520833333334,54.770120535714284,0.9082158974332174,1.895,-0.27956249999999994,1.8179583333333333,1.8062616647465437,0.0634499802915876,104.51974193548388,3.251570564516115,106.8761125672043,108.7773002592166,2.543009329537457,23.23634375,-1.490468749999998,21.92178125,21.515354166666665,0.7871712692269399
WLD-001,2026-07-23,53.4695625,0.5051874999999981,54.088,54.40466517857142,0.829060985540566,1.6154375,0.07953124999999983,1.783125,1.7862348790322582,0.095914619155318,107.7713125,3.2269455645161287,107.46252856182797,108.34628960253458,2.396821801920511,21.745875,-1.3658750000000026,22.01909375,21.645063988095238,0.7296418474107207
WLD-001,2026-07-24,53.97475,0.2562500000000014,53.98594791666667,54.44427232142857,0.7955937088214873,1.69496875,0.14784375000000005,1.7351354166666664,1.7774285714285714,0.10174057899779373,110.99825806451612,0.336773185483878,107.76310416666666,108.582460109447,2.5856488011696803,20.38,1.8371562499999996,21.78740625,21.504697916666665,0.8733961222434091
WLD-001,2026-07-25,54.231,1.6845937499999977,53.89177083333334,54.424924107142864,0.7994396419770501,1.8428125,-0.2767187499999999,1.7177395833333335,1.780482142857143,0.10358561251526895,111.33503125,0.518843750000002,110.03486727150538,108.868897609447,2.785588865458597,22.21715625,-1.1663437499999993,21.447677083333332,21.630625000000002,0.9078313554051598
WLD-001,2026-07-26,55.91559375,0.24840625000000216,54.70711458333333,54.40521875,0.7529540820058902,1.56609375,0.24378124999999984,1.7012916666666664,1.7390267857142858,0.12420878029773266,111.853875,-0.31571370967742496,111.39572143817203,108.94097350230415,2.865837410769953,21.0508125,1.2653810483870984,21.215989583333332,21.594169642857143,0.9279408038070974
WLD-001,2026-07-27,56.164,-0.7333125000000038,55.43686458333334,54.64990625,1.0061257085504873,1.809875,-0.059499999999999886,1.73959375,1.751875,0.12653488253203396,111.53816129032258,-3.286067540322577,111.57568918010753,109.73041589861751,2.6796295100588123,22.316193548387098,-0.5984516129032258,21.8613874327957,21.717349078341012,0.9627985307775568
WLD-001,2026-07-28,55.4306875,-0.21504233870967937,55.836760416666664,54.81416071428571,1.0294282640965018,1.750375,-0.09081249999999996,1.7087812500000001,1.7392232142857142,0.12067059591148854,108.25209375,-0.5887500000000045,110.5480433467742,109.46692482718893,2.7278773487391605,21.717741935483872,-0.11864818548387035,21.694915994623656,21.80916042626728,0.9210816925014493
WLD-001,2026-07-29,55.21564516129032,0.13822983870968386,55.603444220430106,54.9144627016129,1.0294596941504353,1.6595625,0.03590625000000003,1.7399375,1.7055892857142858,0.10126622559768131,107.66334375,4.0969062500000035,109.15119959677419,109.91601080069124,1.9154819948437976,21.59909375,0.41431249999999764,21.877676411290324,21.575267569124428,0.6726420041086798
WLD-001,2026-07-30,55.353875,-0.8686562500000008,55.33340255376344,55.183650201612906,0.8120793039620613,1.69546875,0.08196874999999992,1.7018020833333332,1.7170223214285714,0.09362084108872654,111.76025,-0.9125624999999928,109.22522916666667,110.48585901497695,1.7579735562777907,22.01340625,-0.4686874999999979,21.776747311827958,21.613486319124426,0.69129317133381
WLD-001,2026-07-31,54.48521875,-1.2805000000000035,55.01824630376344,55.25657430875576,0.7007113163142833,1.7774375,0.09859375000000004,1.7108229166666666,1.7288035714285714,0.09555209760918243,110.8476875,-0.37178125000001216,110.09042708333334,110.4643489343318,1.7515685555644016,21.54471875,-0.3235000000000028,21.719072916666665,21.779874711981567,0.4390828112003545
WLD-001,2026-08-01,53.20471875,2.5451875000000044,54.3479375,55.10996270161291,0.9961443938706281,1.87603125,-0.11787499999999995,1.7829791666666666,1.733549107142857,0.10271443660630689,110.47590625,-3.326499999999996,111.02794791666666,110.34161679147465,1.709997955824687,21.22121875,0.8185625000000023,21.593114583333332,21.637597926267283,0.43511393999025993
WLD-001,2026-08-02,55.74990625,-0.4411562499999988,54.47994791666667,55.086293058755764,0.9755670586625813,1.75815625,0.043972782258064225,1.8038750000000003,1.7609866071428573,0.07140965495424496,107.14940625,3.789625000000001,109.491,109.66954982718894,1.9272659077047964,22.03978125,-0.4116874999999993,21.60190625,21.77887917626728,0.36825181439724725
WLD-001,2026-08-03,55.30875,-0.9125000000000014,54.75445833333333,54.96411448732719,0.865440940789986,1.8021290322580643,-0.2711612903225804,1.812105510752688,1.7598800403225805,0.07058102398593394,110.93903125,0.6064999999999969,109.52144791666666,109.58395982142858,1.8418612874441538,21.62809375,0.33340624999999946,21.629697916666668,21.680579205069126,0.2828561804069214
WLD-001,2026-08-04,54.39625,0.42368548387096894,55.15163541666667,54.8163377016129,0.8607982712781888,1.530967741935484,0.16570967741935494,1.6970843413978496,1.728536146313364,0.11204426387304896,111.54553125,-2.282031250000003,109.87798958333333,110.05445089285715,1.8654347264654854,21.9615,-0.5949375000000003,21.876458333333336,21.715401785714285,0.3025152482106085
WLD-001,2026-08-05,54.81993548387097,12.340408266129025,54.84164516129032,54.75980774769585,0.8430143365593074,1.6966774193548388,1.046416330645161,1.6765913978494622,1.7338382776497696,0.10907514903482665,109.2635,-0.3772499999999894,110.58268749999998,110.28304464285713,1.6032001611743096,21.3665625,8.09746875,21.652052083333334,21.682183035714285,0.32902121082197544
WLD-001,2026-08-06,67.16034375,0.7190756048387215,58.79217641129032,56.446446140553,4.7918537261382665,2.74309375,-0.05490624999999971,1.9902463037634408,1.8834989919354839,0.39406437943460143,108.88625,-0.1853790322580835,109.89842708333333,109.87247321428572,1.5280936850732336,29.46403125,-0.3038699596774208,24.26403125,22.746558035714283,2.9767634429345597
WLD-001,2026-08-07,67.87941935483872,-0.1842943548387126,63.28656619623657,58.359903369815676,6.311476404928681,2.6881875,0.01531249999999984,2.375986223118279,2.0136061347926266,0.49151125545224245,108.70087096774192,-0.8481612903225795,108.9502069892473,109.56578513824886,1.5151252836716587,29.16016129032258,0.23136995967741925,26.663585013440862,23.834478398617513,3.7543667374993537
WLD-001,2026-08-08,67.695125,0.10240625000000136,67.57829603494623,60.42996140552996,6.703019953492737,2.7035,0.06053333333333333,2.71159375,2.1318159562211982,0.5490463927828682,107.85270967741934,5.390915322580653,108.47994354838708,109.19104277073733,1.5756962457757384,29.39153125,0.39424999999999955,29.338574596774194,25.001665898617514,4.063804485510289
WLD-001,2026-08-09,67.79753125,-0.573281250000008,67.79069186827958,62.15105069124424,6.846239720095381,2.7640333333333333,0.006372916666666839,2.718573611111111,2.2755126824116743,0.5663108158086992,113.243625,-1.809999999999988,109.93240188172041,110.06164544930876,1.9081584415472534,29.78578125,-0.36593750000000114,29.44582459677419,26.10823732718894,4.175933790116581
WLD-001,2026-08-10,67.22425,-13.781766129032256,67.57230208333334,63.853264976958535,6.32275688796168,2.77040625,-0.9747933467741936,2.7459798611111115,2.413837999231951,0.549414529401529,111.433625,-0.5522812500000072,110.84331989247312,110.13230169930875,1.9546520463115784,29.41984375,-8.332650201612907,29.532385416666667,27.221344470046084,3.8046580258862437
WLD-001,2026-08-11,53.44248387096774,1.8917348790322563,62.82142170698925,63.717012672811066,6.566110037093747,1.7956129032258066,0.018137096774193395,2.4433508288530468,2.451644450844854,0.48371393652536443,110.88134375,1.5269143145161195,111.85286458333333,110.03741777073732,1.8896566374321773,21.08719354838709,1.2206189516129093,26.764272849462362,27.096443548387096,4.014664331394766
WLD-001,2026-08-12,55.33421875,-0.019656249999997044,58.66698420698925,63.790481710829496,6.451850815397446,1.81375,-0.11903124999999992,2.1265897177419357,2.4683691052227346,0.454395412914527,112.40825806451612,-0.7797580645161162,111.57440893817204,110.48666892281106,2.042627476381602,22.3078125,-0.40719959677419126,24.271616599462362,27.23090783410138,3.800834648306935
WLD-001,2026-08-13,55.3145625,-0.747812500000002,54.69708837365592,62.09822724654378,6.954584025028247,1.69471875,0.14668749999999986,1.7680272177419356,2.318601248079877,0.5171878305030498,111.6285,-2.340187499999999,111.63936727150536,110.87841892281105,1.945170219049293,21.90061290322581,-1.9138064516129063,21.765206317204303,26.150419498847928,4.121712481962129
WLD-001,2026-08-14,54.56675,1.3115000000000023,55.07184375,60.19641733870968,6.930370776643321,1.84140625,-0.05540624999999988,1.7832916666666667,2.1976324980798774,0.5153617679796821,109.2883125,-1.3295791666666616,111.1083568548387,110.96233914170507,1.845695361452443,19.986806451612903,2.4480645161290333,21.39841061827957,24.839940236175114,4.450490077193798
WLD-001,2026-08-15,55.87825,-1.271120967741929,55.2531875,58.50829233870968,6.200105174870545,1.786,-0.046093750000000044,1.7740416666666665,2.0665610695084484,0.4807750443525456,107.95873333333334,-0.05163958333334051,109.62518194444444,110.9774853782642,1.816122003577931,22.434870967741936,-0.15790322580645366,21.440763440860213,23.846131624423965,4.020674903845904
WLD-001,2026-08-16,54.60712903225807,-0.4866602822580717,55.01737634408604,56.62394916474654,4.7385246699875125,1.73990625,0.15093749999999995,1.789104166666667,1.9202572004608296,0.3779924860911309,107.90709375,-1.5003518145161365,108.38471319444444,110.21512377112136,1.8263508341624288,22.276967741935483,-1.2783739919354815,21.566215053763443,22.773443980414747,3.0584087975810763
WLD-001,2026-08-17,54.12046875,2.075000000000003,54.86861592741936,54.75198041474654,0.8259200597705921,1.89084375,-0.17671471774193548,1.805583333333333,1.7946054147465438,0.06437269492502218,106.40674193548386,1.9242893145161304,107.42418967293906,109.49699761904762,2.2144387921797573,20.99859375,0.8176643145161258,21.90347748655914,21.570408266129032,0.9099070623841753
WLD-001,2026-08-18,56.19546875,-1.2501461693548421,54.974355510752694,55.145263968894014,0.7504484624646324,1.7141290322580645,0.10524596774193551,1.7816263440860214,1.7829648617511522,0.07116878868645832,108.33103125,1.4455625000000083,107.54828897849463,109.13266726190477,2.1577898447786517,21.816258064516127,0.7603044354838744,21.69727318548387,21.674560339861753,0.8868105069803416
WLD-001,2026-08-19,54.94532258064516,0.7286129032258089,55.08708669354839,55.08970737327189,0.7485212389666898,1.819375,-0.13598790322580645,1.8081159274193548,1.7837684331797234,0.07160473941437158,109.77659375,0.7950937499999924,108.17145564516129,108.75671521697389,1.6649378727489843,22.5765625,-1.550250000000002,21.797138104838712,21.712953197004605,0.9238397020011603
WLD-001,2026-08-20,55.67393548387097,-1.1024042338709705,55.60490893817205,55.14104637096774,0.7782477197217653,1.6833870967741935,0.09096774193548374,1.738963709677419,1.782149625576037,0.07404014124935558,110.5716875,-1.3515312499999936,109.55977083333335,108.60574200268817,1.3856126736810719,21.0263125,1.3802812499999995,21.806377688172045,21.588053139400923,0.9528849074153406
WLD-001,2026-08-21,54.57153125,0.16643750000000068,55.06359643817205,55.14172940668203,0.7776615550323976,1.7743548387096773,0.13461290322580677,1.7590389784946234,1.772570852534562,0.06928058411351151,109.22015625,0.509093749999991,109.85614583333331,108.5960053955453,1.3802459721406122,22.40659375,-0.4989163306451587,22.00315625,21.933737039170506,0.6729876356972397
WLD-001,2026-08-22,54.73796875,-1.1659999999999968,54.99447849462367,54.97883208525345,0.7145343807047757,1.908967741935484,-0.22293649193548393,1.7889032258064514,1.7901376728110598,0.08666257672227701,109.72925,0.5913125000000008,109.84036458333333,108.84893634792627,1.4059861810135224,21.90767741935484,-0.7253024193548399,21.780194556451615,21.85842367511521,0.6360441961308416
WLD-001,2026-08-23,53.57196875,1.3814687499999962,54.29382291666667,54.830952044930875,0.8898855757388678,1.68603125,0.1824374999999998,1.7897846102150539,1.7824412442396314,0.09395275370141576,110.3205625,-1.9105312499999911,109.75665624999999,109.19371759792627,1.4322057654159528,21.182375,1.0347812499999982,21.832215389784945,21.702053283410134,0.6503863077729187
WLD-001,2026-08-24,54.9534375,-0.5847499999999997,54.42112500000001,54.949947580645166,0.8329140250887039,1.86846875,-0.19372681451612883,1.8211559139784945,1.7792448156682028,0.08994519439767305,108.41003125,0.30719455645159144,109.48661458333333,109.47990178571429,0.8737754622370081,22.21715625,-1.2414375,21.769069556451612,21.876133640552997,0.5910953182967675
WLD-001,2026-08-25,54.3686875,1.5103791666666666,54.29803125000001,54.68897883064516,0.6419088873354342,1.674741935483871,0.02510181451612903,1.7430806451612904,1.7736180875576035,0.09574270573129993,108.7172258064516,-0.35235080645159655,109.14927318548386,109.53507243663593,0.7980565860153728,20.97571875,-0.2681874999999998,21.458416666666665,21.75605659562212,0.6834464701499576
WLD-001,2026-08-26,55.87906666666667,-0.22469166666666496,55.067063888888896,54.82237084293394,0.7851035021497145,1.69984375,0.13849999999999985,1.747684811827957,1.756542194700461,0.09687435955248405,108.364875,0.4223750000000024,108.49737735215054,109.33339832949308,0.8988593015921212,20.70753125,1.3314687500000026,21.300135416666667,21.489052131336404,0.6745035506474488
WLD-001,2026-08-27,55.654375,-1.5428125000000037,55.30070972222222,54.819576488095244,0.7815944147781846,1.83834375,-0.05340826612903227,1.7376431451612904,1.7786788594470047,0.09505914987201312,108.78725,0.26640625000000284,108.62311693548385,109.07847868663596,0.7254559511282482,22.039,-0.6065937500000018,21.240750000000002,21.63372177419355,0.6672755292860044
WLD-001,2026-08-28,54.1115625,-2.4613749999999968,55.2150013888889,54.75386666666667,0.8241027320715009,1.7849354838709677,0.048064516129032286,1.7743743279569895,1.780190380184332,0.09506305554350859,109.05365625,-2.998172379032283,108.73526041666666,109.05469297235024,0.7227610626543565,21.43240625,-1.2021249999999988,21.392979166666667,21.494552131336405,0.5743342979408047
WLD-001,2026-08-29,51.6501875,3.480593749999997,53.805375000000005,54.31275505952381,1.4344213324658948,1.833,-0.08925000000000005,1.8187597446236559,1.7693378456221198,0.08124316553422571,106.05548387096772,0.7952348790322787,107.96546337365591,108.52986923963134,1.2745227681648963,20.23028125,0.8890520833333326,21.23389583333333,21.254924107142852,0.707685964098175
WLD-001,2026-08-30,55.13078125,-0.29168749999999477,53.630843750000004,54.53544255952381,1.4211885746053547,1.74375,0.0930937500000002,1.7872284946236559,1.7775833813364055,0.07398371288224484,106.85071875,2.7943750000000023,107.31995295698924,108.03417727534561,1.1283793739490133,21.119333333333334,0.4340860215053759,20.927340277777777,21.245918154761906,0.709162684372258
WLD-001,2026-08-31,54.83909375,12.64474495967741,53.87335416666667,54.51910773809524,1.4162319888827648,1.83684375,0.9111239919354841,1.8045312500000001,1.7730655241935482,0.06825235338548108,109.64509375,2.3764868951612783,107.51709879032258,108.2106147753456,1.2829207826626925,21.55341935483871,7.7592368951612904,20.967677979390682,21.15109859831029,0.592422792415964
WLD-001,2026-09-01,67.48383870967741,0.4256300403225879,59.15123790322581,56.39270076804915,5.091225217670101,2.747967741935484,-0.00246774193548438,2.109520497311828,1.9263834965437787,0.3660993271409255,112.02158064516128,-1.5443931451612798,109.50579771505376,108.68266546658985,1.9400299630787363,29.31265625,0.3388124999999995,23.995136312724014,22.342089669738865,3.129345929395558
WLD-001,2026-09-02,67.90946875,-0.07343749999999716,63.410800403225814,58.11132963709677,6.67357692365394,2.7455,0.06196875000000013,2.4434371639784946,2.075762960829493,0.45963832212883154,110.4771875,-0.27644556451612345,110.71462063172044,108.9844243951613,2.043861008679031,29.65146875,-0.39346875000000026,26.839181451612905,23.619795026881718,4.043190986680912
WLD-001,2026-09-03,67.83603125,-11.928187500000007,67.74311290322582,59.85156624423963,7.467194977197815,2.80746875,-0.9425937499999999,2.7669788306451615,2.2142093894009216,0.5184042676267708,110.20074193548388,1.5911330645161286,110.89983669354838,109.18635181451612,2.090427977503206,29.258,-7.702906249999998,29.407375000000002,24.651080741167437,4.470830477646556
WLD-001,2026-09-04,55.90784375,-0.6228124999999949,63.88444791666668,60.10817785138249,7.2651951393174725,1.864875,-0.0030937500000001172,2.4726145833333333,2.225629320276498,0.508150803414145,111.791875,-3.4308427419354786,110.8232681451613,109.57752592165897,2.3064893040191206,21.55509375,-0.3099604166666694,26.821520833333334,24.66860752688172,4.456326413294994
WLD-001,2026-09-05,55.28503125,0.6430312499999999,59.67630208333335,60.62744124423963,6.66503392752544,1.86178125,-0.23662499999999986,2.1780416666666667,2.2297409274193547,0.5045481034174231,108.36103225806453,3.5934989919354763,110.11788306451614,109.90688997695852,1.836439912693039,21.24513333333333,1.1241479166666686,24.01940902777778,24.81358639592934,4.301692959706378
WLD-001,2026-09-06,55.9280625,0.028872983870954272,55.70697916666668,60.74133856566821,6.561454930388632,1.62515625,0.10918749999999999,1.7839375000000002,2.2127989631336407,0.5251569561461353,111.95453125,-4.993468750000005,110.70247950268818,110.6360060483871,1.3763750586751375,22.36928125,-0.41012500000000074,21.723169444444448,24.992150384024576,4.145907624564451
WLD-001,2026-09-07,55.95693548387096,-0.25925806451611777,55.723343077957,60.90103024193548,6.405618026205242,1.73434375,0.07512499999999989,1.7404270833333335,2.1981561059907837,0.5386426068317931,106.9610625,5.156468750000002,109.09220866935483,110.25257301267281,1.951948021142619,21.95915625,-0.34256249999999966,21.857856944444446,25.050112797619047,4.092309148975751
WLD-001,2026-09-08,55.69767741935484,-0.5796149193548388,55.860891801075276,59.217292914746544,5.917324386217846,1.80946875,-0.13896874999999986,1.7229895833333335,2.0640848214285716,0.4939255017451326,112.11753125,-0.10659576612903265,110.344375,110.26628024193549,1.9667219965248932,21.61659375,-1.6180625000000006,21.981677083333334,23.95067529761905,3.778015388993425
WLD-001,2026-09-09,55.1180625,-0.3487076612903195,55.59089180107528,57.38994916474655,4.618149707547754,1.6705,0.07943749999999983,1.7381041666666668,1.9105133928571427,0.4060516157670581,112.01093548387097,-2.3622258064516046,110.36317641129033,110.48538709677419,2.076505791569766,19.99853125,2.198281250000001,21.191427083333334,22.571684226190477,3.0399968102420076
WLD-001,2026-09-10,54.76935483870968,1.3303784946236519,55.195031586021514,55.52328110599079,0.4689663326029201,1.7499375,-0.0643125,1.7433020833333333,1.7594375000000002,0.09197437581898561,109.64870967741936,-5.760147177419356,111.25905880376344,110.40652534562211,2.099473339522142,22.1968125,-0.6305000000000014,21.270645833333333,21.562943154761903,0.7916526992505526
WLD-001,2026-09-11,56.09973333333333,-1.5374430107526962,55.329050224014345,55.55069390360983,0.4997874614303425,1.685625,0.06737499999999996,1.7020208333333333,1.7338303571428573,0.08215519179841856,103.8885625,7.344312500000001,108.51606922043011,109.27748070276498,3.1114890104594615,21.5663125,0.14862500000000267,21.253885416666666,21.564545833333334,0.7916455158577512
WLD-001,2026-09-12,54.56229032258064,0.06233467741936494,55.14379283154123,55.44744519969278,0.623226546431599,1.753,-0.11180645161290315,1.7295208333333332,1.7182901785714286,0.061647407908087884,111.232875,-3.157262096774204,108.25671572580644,109.6877439516129,3.1594741320257342,21.7149375,-0.3068437500000023,21.826020833333335,21.63166071428571,0.7798801397432695
WLD-001,2026-09-13,54.624625,2.661874999999995,55.09554955197134,55.26123984254992,0.64984626586207,1.6411935483870967,0.13071270161290327,1.6932728494623657,1.7205812211981566,0.05778644162074453,108.0756129032258,1.094199596774203,107.7323501344086,109.13361275921659,3.0332840552218117,21.40809375,-0.2147389112903184,21.56311458333333,21.49434821428571,0.7098348714565711
WLD-001,2026-09-14,57.2865,-1.6028870967741895,55.491138440860226,55.45117763056835,0.9915436410222185,1.77190625,0.03851310483870929,1.7220332661290323,1.725947292626728,0.06093565641392974,109.1698125,3.255406249999993,109.49276680107528,109.4491484735023,2.880661649733136,21.19335483870968,0.5347419354838685,21.438795362903225,21.384948012672815,0.6848314806943441
WLD-001,2026-09-15,55.68361290322581,-0.6027419354838699,55.864912634408604,55.4491684139785,0.9909749831818843,1.8104193548387093,-0.05476310483870939,1.7411730510752685,1.7260830933179723,0.061153484086319425,112.42521875,-2.2571542338709634,109.89021471774193,109.49310383064517,2.930087381411803,21.72809677419355,0.20305947580645167,21.443181787634405,21.400877016129034,0.6923727481823709
WLD-001,2026-09-16,55.08087096774194,-0.7834334677419363,56.016994623655926,55.44385533794163,0.9931433922104798,1.75565625,0.07778125000000014,1.7793272849462365,1.7382482718894008,0.05655033457165439,110.16806451612904,-2.330516129032276,110.58769858870967,109.22983654953917,2.7429728531925757,21.93115625,0.6281874999999992,21.617535954301076,21.67696630184332,0.3309898026739711
WLD-001,2026-09-17,54.2974375,-0.7838437500000026,55.02064045698926,55.376438575268814,1.0603073910749998,1.8334375,-0.17201814516129055,1.799837701612903,1.750176843317972,0.0672259342580184,107.83754838709676,1.1130645161290431,110.14361055107527,108.97109922235025,2.782019561360639,22.55934375,-0.8874727822580688,22.072865591397854,21.72875648041475,0.4372070123612798
WLD-001,2026-09-18,53.51359375,1.908312500000001,54.297300739247326,55.00699006336406,1.2067242640551161,1.6614193548387095,0.03948064516129057,1.7501710349462367,1.7467188940092164,0.0715811972664906,108.9506129032258,2.5656370967741964,108.98540860215053,109.69424927995392,1.6805462977509626,21.67187096774193,-0.7791209677419317,22.05412365591398,21.743836261520737,0.4324650171090705
WLD-001,2026-09-19,55.42190625,0.32500000000000284,54.41097916666667,55.12979233870967,1.1976320725655176,1.7009,0.03822499999999995,1.7319189516129032,1.7392760368663593,0.07350210054962494,111.51625,-0.33140625000000057,109.43480376344085,109.73473142281105,1.7265698674701697,20.89275,-0.21846874999999955,21.70798823924731,21.62638090437788,0.5399225725076814
WLD-001,2026-09-20,55.74690625,-2.121562500000003,54.89413541666668,55.290118231566815,1.1938481396581584,1.739125,-0.08171875000000006,1.7004814516129032,1.7532662442396314,0.05975661701248813,111.18484375,-1.263877083333341,110.5505688844086,110.17890725806453,1.6255956515796808,20.67428125,0.28765423387097044,21.079634072580646,21.521550547235023,0.6494891517530056
WLD-001,2026-09-21,53.62534375,1.7274375000000006,54.93138541666667,54.76709591013825,0.950675878129806,1.65740625,0.024781249999999977,1.69914375,1.7369091013824884,0.06879185451344759,109.92096666666666,0.7065958333333384,110.87402013888887,110.28621499615974,1.571783689419985,20.96193548387097,1.500533266129029,20.842988911290323,21.48849063940092,0.6743914346748142
WLD-001,2026-09-22,55.35278125,-0.005281250000003013,54.90834375000001,54.71983424539171,0.9046266279130175,1.6821875,0.15984475806451615,1.69290625,1.7185902649769584,0.06276351568692123,110.6275625,-0.781593749999999,110.57779097222222,110.02940696044547,1.2846888265869099,22.46246875,-0.4431139112903182,21.366228494623655,21.593400921658986,0.7684401876320831
WLD-001,2026-09-23,55.3475,0.5468437500000007,54.775208333333346,54.757924107142856,0.9276814231567428,1.842032258064516,-0.10925100806451615,1.7272086693548385,1.7309296947004609,0.07792492234910661,109.84596875,3.1477409274193633,110.13149930555555,109.9833932795699,1.284663064416293,22.01935483870968,-0.6121360887096827,21.81458635752689,21.606000720046087,0.7755910353831788
WLD-001,2026-09-24,55.89434375,-1.1222812500000003,55.53154166666667,54.98605357142857,0.9898364561218692,1.73278125,0.006025201612903208,1.7523336693548386,1.7165502304147466,0.06387742989034555,112.99370967741936,-4.017584677419364,111.15574697580645,110.71998774961597,1.3267447477406211,21.40721875,0.6354687500000011,21.963014112903227,21.441411434331798,0.6519550895895817
WLD-001,2026-09-25,54.7720625,0.8752600806451625,55.33796875000001,55.165834821428575,0.7670356822617214,1.7388064516129031,-0.14008770161290318,1.7712066532258064,1.727605529953917,0.059276674306890764,108.976125,-1.3647500000000008,110.60526780913978,110.72363233486944,1.3210971901789446,22.0426875,-0.9346250000000005,21.823087029569894,21.494385224654376,0.6878772160820086
WLD-001,2026-09-26,55.64732258064516,-3.479291330645161,55.43790961021506,55.19803715437788,0.7841196104750632,1.59871875,0.142625,1.6901021505376344,1.7130082085253455,0.07690837499676494,107.611375,1.7428830645161213,109.86040322580645,110.16579304915514,1.7005585842089308,21.1080625,1.2004041666666687,21.519322916666667,21.525144153225806,0.6607707505456337
WLD-001,2026-09-27,52.16803125,1.8142812500000005,54.19580544354839,54.686769297235024,1.3378450411883056,1.74134375,0.05836592741935509,1.692956317204301,1.7133251728110597,0.07703841219058673,109.35425806451612,5.23758064516133,108.64725268817203,109.90428080837172,1.6579505986711323,22.308466666666668,0.2052430107526888,21.81973888888889,21.75859921274962,0.5955145583046264
WLD-001,2026-09-28,53.9823125,0.5340937500000038,53.93255544354839,54.73776483294931,1.296817097075297,1.799709677419355,-0.22792842741935515,1.7132573924731185,1.7336542338709677,0.07858325029346186,114.59183870967745,-2.186776209677447,110.51915725806452,110.57154824308756,2.427241265991932,22.513709677419357,-0.7990534274193557,21.976746281362008,21.980281240399385,0.5353104710008852
WLD-001,2026-09-29,54.51640625,1.7578125,53.555583333333345,54.61828269009216,1.2689385361639909,1.57178125,0.1919375000000001,1.7042782258064515,1.7178819124423963,0.09904934688437865,112.4050625,-2.1662812499999973,112.11705309139785,110.82547681451614,2.5250834929302886,21.71465625,0.10215625000000017,22.178944198028674,21.87345088325653,0.49623693380582495
WLD-001,2026-09-30,56.27421875,-1.7630897177419342,54.92431250000001,54.7506710829493,1.3993397011247197,1.76371875,-0.048406249999999984,1.711736559139785,1.7066942684331796,0.08629040350195727,110.23878125,-2.5784062500000005,112.41189415322583,110.8815928859447,2.5039639381148207,21.8168125,-0.4735312500000006,22.015059475806453,21.84451626344086,0.49220016651628085
