machine_code,product_code,batch_number,start_time,end_time,target_quantity,produced_quantity,rejected_quantity
CNC-001,PROD-A,BATCH-CNC-001-2026-01-01,2026-01-01 08:00:00,2026-01-01 16:00:00,94,84,1
PRS-001,PROD-A,BATCH-PRS-001-2026-01-01,2026-01-01 08:00:00,2026-01-01 16:00:00,128,116,1
ROB-001,PROD-A,BATCH-ROB-001-2026-01-01,2026-01-01 08:00:00,2026-01-01 16:00:00,142,136,1
CNC-002,PROD-A,BATCH-CNC-002-2026-01-01,2026-01-01 08:00:00,2026-01-01 16:00:00,91,83,1
WLD-001,PROD-A,BATCH-WLD-001-2026-01-01,2026-01-01 08:00:00,2026-01-01 16:00:00,83,79,1
ROB-002,PROD-A,BATCH-ROB-002-2026-01-01,2026-01-01 08:00:00,2026-01-01 16:00:00,227,209,4
CON-001,PROD-A,BATCH-CON-001-2026-01-01,2026-01-01 08:00:00,2026-01-01 16:00:00,151,147,1
PKG-001,PROD-A,BATCH-PKG-001-2026-01-01,2026-01-01 08:00:00,2026-01-01 16:00:00,228,212,2
LAB-001,PROD-A,BATCH-LAB-001-2026-01-01,2026-01-01 08:00:00,2026-01-01 16:00:00,236,214,3
CNC-001,PROD-A,BATCH-CNC-001-2026-01-02,2026-01-02 08:00:00,2026-01-02 16:00:00,125,123,2
PRS-001,PROD-A,BATCH-PRS-001-2026-01-02,2026-01-02 08:00:00,2026-01-02 16:00:00,203,183,3
ROB-001,PROD-A,BATCH-ROB-001-2026-01-02,2026-01-02 08:00:00,2026-01-02 16:00:00,151,150,2
CNC-002,PROD-A,BATCH-CNC-002-2026-01-02,2026-01-02 08:00:00,2026-01-02 16:00:00,150,139,3
WLD-001,PROD-A,BATCH-WLD-001-2026-01-02,2026-01-02 08:00:00,2026-01-02 16:00:00,126,120,2
ROB-002,PROD-A,BATCH-ROB-002-2026-01-02,2026-01-02 08:00:00,2026-01-02 16:00:00,131,126,3
CON-001,PROD-A,BATCH-CON-001-2026-01-02,2026-01-02 08:00:00,2026-01-02 16:00:00,170,167,4
PKG-001,PROD-A,BATCH-PKG-001-2026-01-02,2026-01-02 08:00:00,2026-01-02 16:00:00,217,201,4
LAB-001,PROD-A,BATCH-LAB-001-2026-01-02,2026-01-02 08:00:00,2026-01-02 16:00:00,243,222,3
CNC-001,PROD-A,BATCH-CNC-001-2026-01-03,2026-01-03 08:00:00,2026-01-03 16:00:00,114,110,2
PRS-001,PROD-A,BATCH-PRS-001-2026-01-03,2026-01-03 08:00:00,2026-01-03 16:00:00,109,104,1
ROB-001,PROD-A,BATCH-ROB-001-2026-01-03,2026-01-03 08:00:00,2026-01-03 16:00:00,182,166,2
CNC-002,PROD-A,BATCH-CNC-002-2026-01-03,2026-01-03 08:00:00,2026-01-03 16:00:00,151,139,2
WLD-001,PROD-A,BATCH-WLD-001-2026-01-03,2026-01-03 08:00:00,2026-01-03 16:00:00,178,174,2
ROB-002,PROD-A,BATCH-ROB-002-2026-01-03,2026-01-03 08:00:00,2026-01-03 16:00:00,128,125,2
CON-001,PROD-A,BATCH-CON-001-2026-01-03,2026-01-03 08:00:00,2026-01-03 16:00:00,166,152,4
PKG-001,PROD-A,BATCH-PKG-001-2026-01-03,2026-01-03 08:00:00,2026-01-03 16:00:00,200,184,3
LAB-001,PROD-A,BATCH-LAB-001-2026-01-03,2026-01-03 08:00:00,2026-01-03 16:00:00,267,244,3
CNC-001,PROD-A,BATCH-CNC-001-2026-01-04,2026-01-04 08:00:00,2026-01-04 16:00:00,151,144,3
PRS-001,PROD-A,BATCH-PRS-001-2026-01-04,2026-01-04 08:00:00,2026-01-04 16:00:00,154,152,2
ROB-001,PROD-A,BATCH-ROB-001-2026-01-04,2026-01-04 08:00:00,2026-01-04 16:00:00,176,175,2
CNC-002,PROD-A,BATCH-CNC-002-2026-01-04,2026-01-04 08:00:00,2026-01-04 16:00:00,143,130,1
WLD-001,PROD-A,BATCH-WLD-001-2026-01-04,2026-01-04 08:00:00,2026-01-04 16:00:00,94,86,1
ROB-002,PROD-A,BATCH-ROB-002-2026-01-04,2026-01-04 08:00:00,2026-01-04 16:00:00,228,218,3
CON-001,PROD-A,BATCH-CON-001-2026-01-04,2026-01-04 08:00:00,2026-01-04 16:00:00,269,256,7
PKG-001,PROD-A,BATCH-PKG-001-2026-01-04,2026-01-04 08:00:00,2026-01-04 16:00:00,122,118,1
LAB-001,PROD-A,BATCH-LAB-001-2026-01-04,2026-01-04 08:00:00,2026-01-04 16:00:00,287,279,7
CNC-001,PROD-A,BATCH-CNC-001-2026-01-05,2026-01-05 08:00:00,2026-01-05 16:00:00,123,112,2
PRS-001,PROD-A,BATCH-PRS-001-2026-01-05,2026-01-05 08:00:00,2026-01-05 16:00:00,158,142,3
ROB-001,PROD-A,BATCH-ROB-001-2026-01-05,2026-01-05 08:00:00,2026-01-05 16:00:00,187,186,4
CNC-002,PROD-A,BATCH-CNC-002-2026-01-05,2026-01-05 08:00:00,2026-01-05 16:00:00,144,142,3
WLD-001,PROD-A,BATCH-WLD-001-2026-01-05,2026-01-05 08:00:00,2026-01-05 16:00:00,118,116,2
ROB-002,PROD-A,BATCH-ROB-002-2026-01-05,2026-01-05 08:00:00,2026-01-05 16:00:00,170,155,3
CON-001,PROD-A,BATCH-CON-001-2026-01-05,2026-01-05 08:00:00,2026-01-05 16:00:00,288,286,8
PKG-001,PROD-A,BATCH-PKG-001-2026-01-05,2026-01-05 08:00:00,2026-01-05 16:00:00,120,115,2
LAB-001,PROD-A,BATCH-LAB-001-2026-01-05,2026-01-05 08:00:00,2026-01-05 16:00:00,178,176,4
CNC-001,PROD-A,BATCH-CNC-001-2026-01-06,2026-01-06 08:00:00,2026-01-06 16:00:00,119,109,1
PRS-001,PROD-A,BATCH-PRS-001-2026-01-06,2026-01-06 08:00:00,2026-01-06 16:00:00,172,171,2
ROB-001,PROD-A,BATCH-ROB-001-2026-01-06,2026-01-06 08:00:00,2026-01-06 16:00:00,244,239,7
CNC-002,PROD-A,BATCH-CNC-002-2026-01-06,2026-01-06 08:00:00,2026-01-06 16:00:00,148,144,1
WLD-001,PROD-A,BATCH-WLD-001-2026-01-06,2026-01-06 08:00:00,2026-01-06 16:00:00,140,139,1
ROB-002,PROD-A,BATCH-ROB-002-2026-01-06,2026-01-06 08:00:00,2026-01-06 16:00:00,228,227,6
CON-001,PROD-A,BATCH-CON-001-2026-01-06,2026-01-06 08:00:00,2026-01-06 16:00:00,201,195,3
PKG-001,PROD-A,BATCH-PKG-001-2026-01-06,2026-01-06 08:00:00,2026-01-06 16:00:00,215,202,4
LAB-001,PROD-A,BATCH-LAB-001-2026-01-06,2026-01-06 08:00:00,2026-01-06 16:00:00,180,166,1
CNC-001,PROD-A,BATCH-CNC-001-2026-01-07,2026-01-07 08:00:00,2026-01-07 16:00:00,82,78,1
PRS-001,PROD-A,BATCH-PRS-001-2026-01-07,2026-01-07 08:00:00,2026-01-07 16:00:00,128,115,2
ROB-001,PROD-A,BATCH-ROB-001-2026-01-07,2026-01-07 08:00:00,2026-01-07 16:00:00,135,124,3
CNC-002,PROD-A,BATCH-CNC-002-2026-01-07,2026-01-07 08:00:00,2026-01-07 16:00:00,122,110,1
WLD-001,PROD-A,BATCH-WLD-001-2026-01-07,2026-01-07 08:00:00,2026-01-07 16:00:00,165,156,3
ROB-002,PROD-A,BATCH-ROB-002-2026-01-07,2026-01-07 08:00:00,2026-01-07 16:00:00,241,222,4
CON-001,PROD-A,BATCH-CON-001-2026-01-07,2026-01-07 08:00:00,2026-01-07 16:00:00,254,233,2
PKG-001,PROD-A,BATCH-PKG-001-2026-01-07,2026-01-07 08:00:00,2026-01-07 16:00:00,230,215,3
LAB-001,PROD-A,BATCH-LAB-001-2026-01-07,2026-01-07 08:00:00,2026-01-07 16:00:00,163,157,4
CNC-001,PROD-A,BATCH-CNC-001-2026-01-08,2026-01-08 08:00:00,2026-01-08 16:00:00,92,83,2
PRS-001,PROD-A,BATCH-PRS-001-2026-01-08,2026-01-08 08:00:00,2026-01-08 16:00:00,202,199,2
ROB-001,PROD-A,BATCH-ROB-001-2026-01-08,2026-01-08 08:00:00,2026-01-08 16:00:00,168,160,2
CNC-002,PROD-A,BATCH-CNC-002-2026-01-08,2026-01-08 08:00:00,2026-01-08 16:00:00,103,95,1
WLD-001,PROD-A,BATCH-WLD-001-2026-01-08,2026-01-08 08:00:00,2026-01-08 16:00:00,89,84,2
ROB-002,PROD-A,BATCH-ROB-002-2026-01-08,2026-01-08 08:00:00,2026-01-08 16:00:00,145,131,3
CON-001,PROD-A,BATCH-CON-001-2026-01-08,2026-01-08 08:00:00,2026-01-08 16:00:00,153,152,4
PKG-001,PROD-A,BATCH-PKG-001-2026-01-08,2026-01-08 08:00:00,2026-01-08 16:00:00,180,164,3
LAB-001,PROD-A,BATCH-LAB-001-2026-01-08,2026-01-08 08:00:00,2026-01-08 16:00:00,204,201,5
CNC-001,PROD-A,BATCH-CNC-001-2026-01-09,2026-01-09 08:00:00,2026-01-09 16:00:00,101,94,2
PRS-001,PROD-A,BATCH-PRS-001-2026-01-09,2026-01-09 08:00:00,2026-01-09 16:00:00,133,132,3
ROB-001,PROD-A,BATCH-ROB-001-2026-01-09,2026-01-09 08:00:00,2026-01-09 16:00:00,193,181,5
CNC-002,PROD-A,BATCH-CNC-002-2026-01-09,2026-01-09 08:00:00,2026-01-09 16:00:00,151,145,2
WLD-001,PROD-A,BATCH-WLD-001-2026-01-09,2026-01-09 08:00:00,2026-01-09 16:00:00,104,96,2
ROB-002,PROD-A,BATCH-ROB-002-2026-01-09,2026-01-09 08:00:00,2026-01-09 16:00:00,135,131,1
CON-001,PROD-A,BATCH-CON-001-2026-01-09,2026-01-09 08:00:00,2026-01-09 16:00:00,299,283,8
PKG-001,PROD-A,BATCH-PKG-001-2026-01-09,2026-01-09 08:00:00,2026-01-09 16:00:00,160,144,2
LAB-001,PROD-A,BATCH-LAB-001-2026-01-09,2026-01-09 08:00:00,2026-01-09 16:00:00,197,178,2
CNC-001,PROD-A,BATCH-CNC-001-2026-01-10,2026-01-10 08:00:00,2026-01-10 16:00:00,110,103,2
PRS-001,PROD-A,BATCH-PRS-001-2026-01-10,2026-01-10 08:00:00,2026-01-10 16:00:00,172,159,3
ROB-001,PROD-A,BATCH-ROB-001-2026-01-10,2026-01-10 08:00:00,2026-01-10 16:00:00,140,131,2
CNC-002,PROD-A,BATCH-CNC-002-2026-01-10,2026-01-10 08:00:00,2026-01-10 16:00:00,146,136,2
WLD-001,PROD-A,BATCH-WLD-001-2026-01-10,2026-01-10 08:00:00,2026-01-10 16:00:00,165,160,2
ROB-002,PROD-A,BATCH-ROB-002-2026-01-10,2026-01-10 08:00:00,2026-01-10 16:00:00,221,201,4
CON-001,PROD-A,BATCH-CON-001-2026-01-10,2026-01-10 08:00:00,2026-01-10 16:00:00,267,248,6
PKG-001,PROD-A,BATCH-PKG-001-2026-01-10,2026-01-10 08:00:00,2026-01-10 16:00:00,138,124,2
LAB-001,PROD-A,BATCH-LAB-001-2026-01-10,2026-01-10 08:00:00,2026-01-10 16:00:00,294,293,3
CNC-001,PROD-A,BATCH-CNC-001-2026-01-11,2026-01-11 08:00:00,2026-01-11 16:00:00,107,101,1
PRS-001,PROD-A,BATCH-PRS-001-2026-01-11,2026-01-11 08:00:00,2026-01-11 16:00:00,144,142,3
ROB-001,PROD-A,BATCH-ROB-001-2026-01-11,2026-01-11 08:00:00,2026-01-11 16:00:00,214,198,3
CNC-002,PROD-A,BATCH-CNC-002-2026-01-11,2026-01-11 08:00:00,2026-01-11 16:00:00,149,144,3
WLD-001,PROD-A,BATCH-WLD-001-2026-01-11,2026-01-11 08:00:00,2026-01-11 16:00:00,163,155,3
ROB-002,PROD-A,BATCH-ROB-002-2026-01-11,2026-01-11 08:00:00,2026-01-11 16:00:00,196,194,2
CON-001,PROD-A,BATCH-CON-001-2026-01-11,2026-01-11 08:00:00,2026-01-11 16:00:00,184,170,4
PKG-001,PROD-A,BATCH-PKG-001-2026-01-11,2026-01-11 08:00:00,2026-01-11 16:00:00,159,147,3
LAB-001,PROD-A,BATCH-LAB-001-2026-01-11,2026-01-11 08:00:00,2026-01-11 16:00:00,237,218,4
CNC-001,PROD-A,BATCH-CNC-001-2026-01-12,2026-01-12 08:00:00,2026-01-12 16:00:00,113,107,1
PRS-001,PROD-A,BATCH-PRS-001-2026-01-12,2026-01-12 08:00:00,2026-01-12 16:00:00,216,212,2
ROB-001,PROD-A,BATCH-ROB-001-2026-01-12,2026-01-12 08:00:00,2026-01-12 16:00:00,228,224,2
CNC-002,PROD-A,BATCH-CNC-002-2026-01-12,2026-01-12 08:00:00,2026-01-12 16:00:00,122,119,2
WLD-001,PROD-A,BATCH-WLD-001-2026-01-12,2026-01-12 08:00:00,2026-01-12 16:00:00,113,103,1
ROB-002,PROD-A,BATCH-ROB-002-2026-01-12,2026-01-12 08:00:00,2026-01-12 16:00:00,229,218,2
CON-001,PROD-A,BATCH-CON-001-2026-01-12,2026-01-12 08:00:00,2026-01-12 16:00:00,188,179,4
PKG-001,PROD-A,BATCH-PKG-001-2026-01-12,2026-01-12 08:00:00,2026-01-12 16:00:00,157,148,1
LAB-001,PROD-A,BATCH-LAB-001-2026-01-12,2026-01-12 08:00:00,2026-01-12 16:00:00,243,240,6
CNC-001,PROD-A,BATCH-CNC-001-2026-01-13,2026-01-13 08:00:00,2026-01-13 16:00:00,85,84,1
PRS-001,PROD-A,BATCH-PRS-001-2026-01-13,2026-01-13 08:00:00,2026-01-13 16:00:00,131,126,2
ROB-001,PROD-A,BATCH-ROB-001-2026-01-13,2026-01-13 08:00:00,2026-01-13 16:00:00,224,223,5
CNC-002,PROD-A,BATCH-CNC-002-2026-01-13,2026-01-13 08:00:00,2026-01-13 16:00:00,110,108,3
WLD-001,PROD-A,BATCH-WLD-001-2026-01-13,2026-01-13 08:00:00,2026-01-13 16:00:00,102,100,1
ROB-002,PROD-A,BATCH-ROB-002-2026-01-13,2026-01-13 08:00:00,2026-01-13 16:00:00,205,200,3
CON-001,PROD-A,BATCH-CON-001-2026-01-13,2026-01-13 08:00:00,2026-01-13 16:00:00,213,197,5
PKG-001,PROD-A,BATCH-PKG-001-2026-01-13,2026-01-13 08:00:00,2026-01-13 16:00:00,147,137,1
LAB-001,PROD-A,BATCH-LAB-001-2026-01-13,2026-01-13 08:00:00,2026-01-13 16:00:00,270,249,6
CNC-001,PROD-A,BATCH-CNC-001-2026-01-14,2026-01-14 08:00:00,2026-01-14 16:00:00,138,129,3
PRS-001,PROD-A,BATCH-PRS-001-2026-01-14,2026-01-14 08:00:00,2026-01-14 16:00:00,211,194,2
ROB-001,PROD-A,BATCH-ROB-001-2026-01-14,2026-01-14 08:00:00,2026-01-14 16:00:00,169,158,2
CNC-002,PROD-A,BATCH-CNC-002-2026-01-14,2026-01-14 08:00:00,2026-01-14 16:00:00,88,87,1
WLD-001,PROD-A,BATCH-WLD-001-2026-01-14,2026-01-14 08:00:00,2026-01-14 16:00:00,162,154,3
ROB-002,PROD-A,BATCH-ROB-002-2026-01-14,2026-01-14 08:00:00,2026-01-14 16:00:00,204,202,2
CON-001,PROD-A,BATCH-CON-001-2026-01-14,2026-01-14 08:00:00,2026-01-14 16:00:00,216,198,5
PKG-001,PROD-A,BATCH-PKG-001-2026-01-14,2026-01-14 08:00:00,2026-01-14 16:00:00,187,169,3
LAB-001,PROD-A,BATCH-LAB-001-2026-01-14,2026-01-14 08:00:00,2026-01-14 16:00:00,238,231,3
CNC-001,PROD-A,BATCH-CNC-001-2026-01-15,2026-01-15 08:00:00,2026-01-15 16:00:00,157,156,1
PRS-001,PROD-A,BATCH-PRS-001-2026-01-15,2026-01-15 08:00:00,2026-01-15 16:00:00,215,205,3
ROB-001,PROD-A,BATCH-ROB-001-2026-01-15,2026-01-15 08:00:00,2026-01-15 16:00:00,231,207,5
CNC-002,PROD-A,BATCH-CNC-002-2026-01-15,2026-01-15 08:00:00,2026-01-15 16:00:00,148,143,4
WLD-001,PROD-A,BATCH-WLD-001-2026-01-15,2026-01-15 08:00:00,2026-01-15 16:00:00,174,168,2
ROB-002,PROD-A,BATCH-ROB-002-2026-01-15,2026-01-15 08:00:00,2026-01-15 16:00:00,137,136,3
CON-001,PROD-A,BATCH-CON-001-2026-01-15,2026-01-15 08:00:00,2026-01-15 16:00:00,230,222,2
PKG-001,PROD-A,BATCH-PKG-001-2026-01-15,2026-01-15 08:00:00,2026-01-15 16:00:00,196,186,4
LAB-001,PROD-A,BATCH-LAB-001-2026-01-15,2026-01-15 08:00:00,2026-01-15 16:00:00,233,219,3
CNC-001,PROD-A,BATCH-CNC-001-2026-01-16,2026-01-16 08:00:00,2026-01-16 16:00:00,96,88,2
PRS-001,PROD-A,BATCH-PRS-001-2026-01-16,2026-01-16 08:00:00,2026-01-16 16:00:00,148,143,4
ROB-001,PROD-A,BATCH-ROB-001-2026-01-16,2026-01-16 08:00:00,2026-01-16 16:00:00,197,185,4
CNC-002,PROD-A,BATCH-CNC-002-2026-01-16,2026-01-16 08:00:00,2026-01-16 16:00:00,118,109,2
WLD-001,PROD-A,BATCH-WLD-001-2026-01-16,2026-01-16 08:00:00,2026-01-16 16:00:00,154,147,2
ROB-002,PROD-A,BATCH-ROB-002-2026-01-16,2026-01-16 08:00:00,2026-01-16 16:00:00,233,220,3
CON-001,PROD-A,BATCH-CON-001-2026-01-16,2026-01-16 08:00:00,2026-01-16 16:00:00,271,265,7
PKG-001,PROD-A,BATCH-PKG-001-2026-01-16,2026-01-16 08:00:00,2026-01-16 16:00:00,163,157,2
LAB-001,PROD-A,BATCH-LAB-001-2026-01-16,2026-01-16 08:00:00,2026-01-16 16:00:00,235,213,6
CNC-001,PROD-A,BATCH-CNC-001-2026-01-17,2026-01-17 08:00:00,2026-01-17 16:00:00,110,106,1
PRS-001,PROD-A,BATCH-PRS-001-2026-01-17,2026-01-17 08:00:00,2026-01-17 16:00:00,125,114,1
ROB-001,PROD-A,BATCH-ROB-001-2026-01-17,2026-01-17 08:00:00,2026-01-17 16:00:00,241,231,5
CNC-002,PROD-A,BATCH-CNC-002-2026-01-17,2026-01-17 08:00:00,2026-01-17 16:00:00,138,129,2
WLD-001,PROD-A,BATCH-WLD-001-2026-01-17,2026-01-17 08:00:00,2026-01-17 16:00:00,104,101,1
ROB-002,PROD-A,BATCH-ROB-002-2026-01-17,2026-01-17 08:00:00,2026-01-17 16:00:00,222,205,4
CON-001,PROD-A,BATCH-CON-001-2026-01-17,2026-01-17 08:00:00,2026-01-17 16:00:00,151,149,4
PKG-001,PROD-A,BATCH-PKG-001-2026-01-17,2026-01-17 08:00:00,2026-01-17 16:00:00,147,143,2
LAB-001,PROD-A,BATCH-LAB-001-2026-01-17,2026-01-17 08:00:00,2026-01-17 16:00:00,282,266,5
CNC-001,PROD-A,BATCH-CNC-001-2026-01-18,2026-01-18 08:00:00,2026-01-18 16:00:00,95,89,2
PRS-001,PROD-A,BATCH-PRS-001-2026-01-18,2026-01-18 08:00:00,2026-01-18 16:00:00,185,176,3
ROB-001,PROD-A,BATCH-ROB-001-2026-01-18,2026-01-18 08:00:00,2026-01-18 16:00:00,201,199,5
CNC-002,PROD-A,BATCH-CNC-002-2026-01-18,2026-01-18 08:00:00,2026-01-18 16:00:00,158,155,4
WLD-001,PROD-A,BATCH-WLD-001-2026-01-18,2026-01-18 08:00:00,2026-01-18 16:00:00,134,131,2
ROB-002,PROD-A,BATCH-ROB-002-2026-01-18,2026-01-18 08:00:00,2026-01-18 16:00:00,160,155,3
CON-001,PROD-A,BATCH-CON-001-2026-01-18,2026-01-18 08:00:00,2026-01-18 16:00:00,216,210,5
PKG-001,PROD-A,BATCH-PKG-001-2026-01-18,2026-01-18 08:00:00,2026-01-18 16:00:00,190,185,3
LAB-001,PROD-A,BATCH-LAB-001-2026-01-18,2026-01-18 08:00:00,2026-01-18 16:00:00,211,195,2
CNC-001,PROD-A,BATCH-CNC-001-2026-01-19,2026-01-19 08:00:00,2026-01-19 16:00:00,116,107,1
PRS-001,PROD-A,BATCH-PRS-001-2026-01-19,2026-01-19 08:00:00,2026-01-19 16:00:00,214,204,2
ROB-001,PROD-A,BATCH-ROB-001-2026-01-19,2026-01-19 08:00:00,2026-01-19 16:00:00,179,167,2
CNC-002,PROD-A,BATCH-CNC-002-2026-01-19,2026-01-19 08:00:00,2026-01-19 16:00:00,107,96,1
WLD-001,PROD-A,BATCH-WLD-001-2026-01-19,2026-01-19 08:00:00,2026-01-19 16:00:00,149,141,1
ROB-002,PROD-A,BATCH-ROB-002-2026-01-19,2026-01-19 08:00:00,2026-01-19 16:00:00,227,213,5
CON-001,PROD-A,BATCH-CON-001-2026-01-19,2026-01-19 08:00:00,2026-01-19 16:00:00,155,152,3
PKG-001,PROD-A,BATCH-PKG-001-2026-01-19,2026-01-19 08:00:00,2026-01-19 16:00:00,217,205,5
LAB-001,PROD-A,BATCH-LAB-001-2026-01-19,2026-01-19 08:00:00,2026-01-19 16:00:00,226,220,5
CNC-001,PROD-A,BATCH-CNC-001-2026-01-20,2026-01-20 08:00:00,2026-01-20 16:00:00,133,126,3
PRS-001,PROD-A,BATCH-PRS-001-2026-01-20,2026-01-20 08:00:00,2026-01-20 16:00:00,202,193,2
ROB-001,PROD-A,BATCH-ROB-001-2026-01-20,2026-01-20 08:00:00,2026-01-20 16:00:00,176,163,3
CNC-002,PROD-A,BATCH-CNC-002-2026-01-20,2026-01-20 08:00:00,2026-01-20 16:00:00,129,120,2
WLD-001,PROD-A,BATCH-WLD-001-2026-01-20,2026-01-20 08:00:00,2026-01-20 16:00:00,131,127,3
ROB-002,PROD-A,BATCH-ROB-002-2026-01-20,2026-01-20 08:00:00,2026-01-20 16:00:00,152,151,3
CON-001,PROD-A,BATCH-CON-001-2026-01-20,2026-01-20 08:00:00,2026-01-20 16:00:00,250,239,5
PKG-001,PROD-A,BATCH-PKG-001-2026-01-20,2026-01-20 08:00:00,2026-01-20 16:00:00,141,135,1
LAB-001,PROD-A,BATCH-LAB-001-2026-01-20,2026-01-20 08:00:00,2026-01-20 16:00:00,268,246,3
CNC-001,PROD-A,BATCH-CNC-001-2026-01-21,2026-01-21 08:00:00,2026-01-21 16:00:00,121,111,1
PRS-001,PROD-A,BATCH-PRS-001-2026-01-21,2026-01-21 08:00:00,2026-01-21 16:00:00,197,194,3
ROB-001,PROD-A,BATCH-ROB-001-2026-01-21,2026-01-21 08:00:00,2026-01-21 16:00:00,227,210,2
CNC-002,PROD-A,BATCH-CNC-002-2026-01-21,2026-01-21 08:00:00,2026-01-21 16:00:00,82,79,0
WLD-001,PROD-A,BATCH-WLD-001-2026-01-21,2026-01-21 08:00:00,2026-01-21 16:00:00,124,114,1
ROB-002,PROD-A,BATCH-ROB-002-2026-01-21,2026-01-21 08:00:00,2026-01-21 16:00:00,130,126,3
CON-001,PROD-A,BATCH-CON-001-2026-01-21,2026-01-21 08:00:00,2026-01-21 16:00:00,201,197,4
PKG-001,PROD-A,BATCH-PKG-001-2026-01-21,2026-01-21 08:00:00,2026-01-21 16:00:00,181,165,3
LAB-001,PROD-A,BATCH-LAB-001-2026-01-21,2026-01-21 08:00:00,2026-01-21 16:00:00,294,292,5
CNC-001,PROD-A,BATCH-CNC-001-2026-01-22,2026-01-22 08:00:00,2026-01-22 16:00:00,112,109,1
PRS-001,PROD-A,BATCH-PRS-001-2026-01-22,2026-01-22 08:00:00,2026-01-22 16:00:00,177,176,4
ROB-001,PROD-A,BATCH-ROB-001-2026-01-22,2026-01-22 08:00:00,2026-01-22 16:00:00,161,160,1
CNC-002,PROD-A,BATCH-CNC-002-2026-01-22,2026-01-22 08:00:00,2026-01-22 16:00:00,83,82,1
WLD-001,PROD-A,BATCH-WLD-001-2026-01-22,2026-01-22 08:00:00,2026-01-22 16:00:00,128,120,2
ROB-002,PROD-A,BATCH-ROB-002-2026-01-22,2026-01-22 08:00:00,2026-01-22 16:00:00,139,133,3
CON-001,PROD-A,BATCH-CON-001-2026-01-22,2026-01-22 08:00:00,2026-01-22 16:00:00,212,192,4
PKG-001,PROD-A,BATCH-PKG-001-2026-01-22,2026-01-22 08:00:00,2026-01-22 16:00:00,150,146,3
LAB-001,PROD-A,BATCH-LAB-001-2026-01-22,2026-01-22 08:00:00,2026-01-22 16:00:00,160,149,2
CNC-001,PROD-A,BATCH-CNC-001-2026-01-23,2026-01-23 08:00:00,2026-01-23 16:00:00,127,115,2
PRS-001,PROD-A,BATCH-PRS-001-2026-01-23,2026-01-23 08:00:00,2026-01-23 16:00:00,101,99,2
ROB-001,PROD-A,BATCH-ROB-001-2026-01-23,2026-01-23 08:00:00,2026-01-23 16:00:00,147,138,2
CNC-002,PROD-A,BATCH-CNC-002-2026-01-23,2026-01-23 08:00:00,2026-01-23 16:00:00,138,133,2
WLD-001,PROD-A,BATCH-WLD-001-2026-01-23,2026-01-23 08:00:00,2026-01-23 16:00:00,173,164,3
ROB-002,PROD-A,BATCH-ROB-002-2026-01-23,2026-01-23 08:00:00,2026-01-23 16:00:00,243,229,6
CON-001,PROD-A,BATCH-CON-001-2026-01-23,2026-01-23 08:00:00,2026-01-23 16:00:00,218,203,3
PKG-001,PROD-A,BATCH-PKG-001-2026-01-23,2026-01-23 08:00:00,2026-01-23 16:00:00,142,131,2
LAB-001,PROD-A,BATCH-LAB-001-2026-01-23,2026-01-23 08:00:00,2026-01-23 16:00:00,268,256,5
CNC-001,PROD-A,BATCH-CNC-001-2026-01-24,2026-01-24 08:00:00,2026-01-24 16:00:00,123,111,2
PRS-001,PROD-A,BATCH-PRS-001-2026-01-24,2026-01-24 08:00:00,2026-01-24 16:00:00,123,116,1
ROB-001,PROD-A,BATCH-ROB-001-2026-01-24,2026-01-24 08:00:00,2026-01-24 16:00:00,186,173,4
CNC-002,PROD-A,BATCH-CNC-002-2026-01-24,2026-01-24 08:00:00,2026-01-24 16:00:00,115,109,2
WLD-001,PROD-A,BATCH-WLD-001-2026-01-24,2026-01-24 08:00:00,2026-01-24 16:00:00,104,94,2
ROB-002,PROD-A,BATCH-ROB-002-2026-01-24,2026-01-24 08:00:00,2026-01-24 16:00:00,245,234,3
CON-001,PROD-A,BATCH-CON-001-2026-01-24,2026-01-24 08:00:00,2026-01-24 16:00:00,271,261,5
PKG-001,PROD-A,BATCH-PKG-001-2026-01-24,2026-01-24 08:00:00,2026-01-24 16:00:00,124,112,1
LAB-001,PROD-A,BATCH-LAB-001-2026-01-24,2026-01-24 08:00:00,2026-01-24 16:00:00,212,197,4
CNC-001,PROD-A,BATCH-CNC-001-2026-01-25,2026-01-25 08:00:00,2026-01-25 16:00:00,140,133,2
PRS-001,PROD-A,BATCH-PRS-001-2026-01-25,2026-01-25 08:00:00,2026-01-25 16:00:00,195,186,3
ROB-001,PROD-A,BATCH-ROB-001-2026-01-25,2026-01-25 08:00:00,2026-01-25 16:00:00,236,218,3
CNC-002,PROD-A,BATCH-CNC-002-2026-01-25,2026-01-25 08:00:00,2026-01-25 16:00:00,95,92,1
WLD-001,PROD-A,BATCH-WLD-001-2026-01-25,2026-01-25 08:00:00,2026-01-25 16:00:00,175,166,4
ROB-002,PROD-A,BATCH-ROB-002-2026-01-25,2026-01-25 08:00:00,2026-01-25 16:00:00,167,153,3
CON-001,PROD-A,BATCH-CON-001-2026-01-25,2026-01-25 08:00:00,2026-01-25 16:00:00,220,213,6
PKG-001,PROD-A,BATCH-PKG-001-2026-01-25,2026-01-25 08:00:00,2026-01-25 16:00:00,192,191,5
LAB-001,PROD-A,BATCH-LAB-001-2026-01-25,2026-01-25 08:00:00,2026-01-25 16:00:00,225,207,2
CNC-001,PROD-A,BATCH-CNC-001-2026-01-26,2026-01-26 08:00:00,2026-01-26 16:00:00,81,78,0
PRS-001,PROD-A,BATCH-PRS-001-2026-01-26,2026-01-26 08:00:00,2026-01-26 16:00:00,105,104,2
ROB-001,PROD-A,BATCH-ROB-001-2026-01-26,2026-01-26 08:00:00,2026-01-26 16:00:00,152,146,3
CNC-002,PROD-A,BATCH-CNC-002-2026-01-26,2026-01-26 08:00:00,2026-01-26 16:00:00,93,91,1
WLD-001,PROD-A,BATCH-WLD-001-2026-01-26,2026-01-26 08:00:00,2026-01-26 16:00:00,140,132,2
ROB-002,PROD-A,BATCH-ROB-002-2026-01-26,2026-01-26 08:00:00,2026-01-26 16:00:00,133,123,3
CON-001,PROD-A,BATCH-CON-001-2026-01-26,2026-01-26 08:00:00,2026-01-26 16:00:00,179,175,3
PKG-001,PROD-A,BATCH-PKG-001-2026-01-26,2026-01-26 08:00:00,2026-01-26 16:00:00,138,132,3
LAB-001,PROD-A,BATCH-LAB-001-2026-01-26,2026-01-26 08:00:00,2026-01-26 16:00:00,188,172,3
CNC-001,PROD-A,BATCH-CNC-001-2026-01-27,2026-01-27 08:00:00,2026-01-27 16:00:00,118,107,1
PRS-001,PROD-A,BATCH-PRS-001-2026-01-27,2026-01-27 08:00:00,2026-01-27 16:00:00,171,166,3
ROB-001,PROD-A,BATCH-ROB-001-2026-01-27,2026-01-27 08:00:00,2026-01-27 16:00:00,177,173,3
CNC-002,PROD-A,BATCH-CNC-002-2026-01-27,2026-01-27 08:00:00,2026-01-27 16:00:00,136,126,2
WLD-001,PROD-A,BATCH-WLD-001-2026-01-27,2026-01-27 08:00:00,2026-01-27 16:00:00,134,124,2
ROB-002,PROD-A,BATCH-ROB-002-2026-01-27,2026-01-27 08:00:00,2026-01-27 16:00:00,145,144,2
CON-001,PROD-A,BATCH-CON-001-2026-01-27,2026-01-27 08:00:00,2026-01-27 16:00:00,204,188,2
PKG-001,PROD-A,BATCH-PKG-001-2026-01-27,2026-01-27 08:00:00,2026-01-27 16:00:00,181,166,1
LAB-001,PROD-A,BATCH-LAB-001-2026-01-27,2026-01-27 08:00:00,2026-01-27 16:00:00,150,141,3
CNC-001,PROD-A,BATCH-CNC-001-2026-01-28,2026-01-28 08:00:00,2026-01-28 16:00:00,140,130,1
PRS-001,PROD-A,BATCH-PRS-001-2026-01-28,2026-01-28 08:00:00,2026-01-28 16:00:00,190,176,4
ROB-001,PROD-A,BATCH-ROB-001-2026-01-28,2026-01-28 08:00:00,2026-01-28 16:00:00,138,133,3
CNC-002,PROD-A,BATCH-CNC-002-2026-01-28,2026-01-28 08:00:00,2026-01-28 16:00:00,160,153,3
WLD-001,PROD-A,BATCH-WLD-001-2026-01-28,2026-01-28 08:00:00,2026-01-28 16:00:00,105,98,2
ROB-002,PROD-A,BATCH-ROB-002-2026-01-28,2026-01-28 08:00:00,2026-01-28 16:00:00,158,156,4
CON-001,PROD-A,BATCH-CON-001-2026-01-28,2026-01-28 08:00:00,2026-01-28 16:00:00,168,152,3
PKG-001,PROD-A,BATCH-PKG-001-2026-01-28,2026-01-28 08:00:00,2026-01-28 16:00:00,193,182,3
LAB-001,PROD-A,BATCH-LAB-001-2026-01-28,2026-01-28 08:00:00,2026-01-28 16:00:00,227,220,6
CNC-001,PROD-A,BATCH-CNC-001-2026-01-29,2026-01-29 08:00:00,2026-01-29 16:00:00,144,137,2
PRS-001,PROD-A,BATCH-PRS-001-2026-01-29,2026-01-29 08:00:00,2026-01-29 16:00:00,176,159,2
ROB-001,PROD-A,BATCH-ROB-001-2026-01-29,2026-01-29 08:00:00,2026-01-29 16:00:00,202,193,2
CNC-002,PROD-A,BATCH-CNC-002-2026-01-29,2026-01-29 08:00:00,2026-01-29 16:00:00,109,108,2
WLD-001,PROD-A,BATCH-WLD-001-2026-01-29,2026-01-29 08:00:00,2026-01-29 16:00:00,153,146,1
ROB-002,PROD-A,BATCH-ROB-002-2026-01-29,2026-01-29 08:00:00,2026-01-29 16:00:00,188,180,4
CON-001,PROD-A,BATCH-CON-001-2026-01-29,2026-01-29 08:00:00,2026-01-29 16:00:00,194,183,4
PKG-001,PROD-A,BATCH-PKG-001-2026-01-29,2026-01-29 08:00:00,2026-01-29 16:00:00,191,175,3
LAB-001,PROD-A,BATCH-LAB-001-2026-01-29,2026-01-29 08:00:00,2026-01-29 16:00:00,275,274,5
CNC-001,PROD-A,BATCH-CNC-001-2026-01-30,2026-01-30 08:00:00,2026-01-30 16:00:00,132,123,2
PRS-001,PROD-A,BATCH-PRS-001-2026-01-30,2026-01-30 08:00:00,2026-01-30 16:00:00,209,191,3
ROB-001,PROD-A,BATCH-ROB-001-2026-01-30,2026-01-30 08:00:00,2026-01-30 16:00:00,246,228,6
CNC-002,PROD-A,BATCH-CNC-002-2026-01-30,2026-01-30 08:00:00,2026-01-30 16:00:00,150,135,1
WLD-001,PROD-A,BATCH-WLD-001-2026-01-30,2026-01-30 08:00:00,2026-01-30 16:00:00,112,104,3
ROB-002,PROD-A,BATCH-ROB-002-2026-01-30,2026-01-30 08:00:00,2026-01-30 16:00:00,223,219,5
CON-001,PROD-A,BATCH-CON-001-2026-01-30,2026-01-30 08:00:00,2026-01-30 16:00:00,150,144,3
PKG-001,PROD-A,BATCH-PKG-001-2026-01-30,2026-01-30 08:00:00,2026-01-30 16:00:00,225,203,4
LAB-001,PROD-A,BATCH-LAB-001-2026-01-30,2026-01-30 08:00:00,2026-01-30 16:00:00,277,266,6
CNC-001,PROD-A,BATCH-CNC-001-2026-01-31,2026-01-31 08:00:00,2026-01-31 16:00:00,106,98,1
PRS-001,PROD-A,BATCH-PRS-001-2026-01-31,2026-01-31 08:00:00,2026-01-31 16:00:00,136,128,3
ROB-001,PROD-A,BATCH-ROB-001-2026-01-31,2026-01-31 08:00:00,2026-01-31 16:00:00,151,136,3
CNC-002,PROD-A,BATCH-CNC-002-2026-01-31,2026-01-31 08:00:00,2026-01-31 16:00:00,110,106,1
WLD-001,PROD-A,BATCH-WLD-001-2026-01-31,2026-01-31 08:00:00,2026-01-31 16:00:00,81,77,0
ROB-002,PROD-A,BATCH-ROB-002-2026-01-31,2026-01-31 08:00:00,2026-01-31 16:00:00,149,140,1
CON-001,PROD-A,BATCH-CON-001-2026-01-31,2026-01-31 08:00:00,2026-01-31 16:00:00,189,179,4
PKG-001,PROD-A,BATCH-PKG-001-2026-01-31,2026-01-31 08:00:00,2026-01-31 16:00:00,250,242,4
LAB-001,PROD-A,BATCH-LAB-001-2026-01-31,2026-01-31 08:00:00,2026-01-31 16:00:00,273,272,4
CNC-001,PROD-A,BATCH-CNC-001-2026-02-01,2026-02-01 08:00:00,2026-02-01 16:00:00,150,137,1
PRS-001,PROD-A,BATCH-PRS-001-2026-02-01,2026-02-01 08:00:00,2026-02-01 16:00:00,176,167,4
ROB-001,PROD-A,BATCH-ROB-001-2026-02-01,2026-02-01 08:00:00,2026-02-01 16:00:00,137,127,3
CNC-002,PROD-A,BATCH-CNC-002-2026-02-01,2026-02-01 08:00:00,2026-02-01 16:00:00,133,124,3
WLD-001,PROD-A,BATCH-WLD-001-2026-02-01,2026-02-01 08:00:00,2026-02-01 16:00:00,114,111,1
ROB-002,PROD-A,BATCH-ROB-002-2026-02-01,2026-02-01 08:00:00,2026-02-01 16:00:00,196,192,4
CON-001,PROD-A,BATCH-CON-001-2026-02-01,2026-02-01 08:00:00,2026-02-01 16:00:00,275,271,5
PKG-001,PROD-A,BATCH-PKG-001-2026-02-01,2026-02-01 08:00:00,2026-02-01 16:00:00,243,227,4
LAB-001,PROD-A,BATCH-LAB-001-2026-02-01,2026-02-01 08:00:00,2026-02-01 16:00:00,289,271,7
CNC-001,PROD-A,BATCH-CNC-001-2026-02-02,2026-02-02 08:00:00,2026-02-02 16:00:00,104,103,1
PRS-001,PROD-A,BATCH-PRS-001-2026-02-02,2026-02-02 08:00:00,2026-02-02 16:00:00,149,137,3
ROB-001,PROD-A,BATCH-ROB-001-2026-02-02,2026-02-02 08:00:00,2026-02-02 16:00:00,131,122,2
CNC-002,PROD-A,BATCH-CNC-002-2026-02-02,2026-02-02 08:00:00,2026-02-02 16:00:00,128,120,2
WLD-001,PROD-A,BATCH-WLD-001-2026-02-02,2026-02-02 08:00:00,2026-02-02 16:00:00,163,162,3
ROB-002,PROD-A,BATCH-ROB-002-2026-02-02,2026-02-02 08:00:00,2026-02-02 16:00:00,129,117,3
CON-001,PROD-A,BATCH-CON-001-2026-02-02,2026-02-02 08:00:00,2026-02-02 16:00:00,234,230,6
PKG-001,PROD-A,BATCH-PKG-001-2026-02-02,2026-02-02 08:00:00,2026-02-02 16:00:00,232,211,5
LAB-001,PROD-A,BATCH-LAB-001-2026-02-02,2026-02-02 08:00:00,2026-02-02 16:00:00,153,148,2
CNC-001,PROD-A,BATCH-CNC-001-2026-02-03,2026-02-03 08:00:00,2026-02-03 16:00:00,99,89,2
PRS-001,PROD-A,BATCH-PRS-001-2026-02-03,2026-02-03 08:00:00,2026-02-03 16:00:00,133,124,2
ROB-001,PROD-A,BATCH-ROB-001-2026-02-03,2026-02-03 08:00:00,2026-02-03 16:00:00,140,137,3
CNC-002,PROD-A,BATCH-CNC-002-2026-02-03,2026-02-03 08:00:00,2026-02-03 16:00:00,148,138,2
WLD-001,PROD-A,BATCH-WLD-001-2026-02-03,2026-02-03 08:00:00,2026-02-03 16:00:00,171,169,3
ROB-002,PROD-A,BATCH-ROB-002-2026-02-03,2026-02-03 08:00:00,2026-02-03 16:00:00,129,124,1
CON-001,PROD-A,BATCH-CON-001-2026-02-03,2026-02-03 08:00:00,2026-02-03 16:00:00,223,222,5
PKG-001,PROD-A,BATCH-PKG-001-2026-02-03,2026-02-03 08:00:00,2026-02-03 16:00:00,231,230,5
LAB-001,PROD-A,BATCH-LAB-001-2026-02-03,2026-02-03 08:00:00,2026-02-03 16:00:00,175,165,3
CNC-001,PROD-A,BATCH-CNC-001-2026-02-04,2026-02-04 08:00:00,2026-02-04 16:00:00,83,75,1
PRS-001,PROD-A,BATCH-PRS-001-2026-02-04,2026-02-04 08:00:00,2026-02-04 16:00:00,137,128,2
ROB-001,PROD-A,BATCH-ROB-001-2026-02-04,2026-02-04 08:00:00,2026-02-04 16:00:00,182,173,3
CNC-002,PROD-A,BATCH-CNC-002-2026-02-04,2026-02-04 08:00:00,2026-02-04 16:00:00,103,94,1
WLD-001,PROD-A,BATCH-WLD-001-2026-02-04,2026-02-04 08:00:00,2026-02-04 16:00:00,128,123,1
ROB-002,PROD-A,BATCH-ROB-002-2026-02-04,2026-02-04 08:00:00,2026-02-04 16:00:00,156,144,3
CON-001,PROD-A,BATCH-CON-001-2026-02-04,2026-02-04 08:00:00,2026-02-04 16:00:00,267,247,2
PKG-001,PROD-A,BATCH-PKG-001-2026-02-04,2026-02-04 08:00:00,2026-02-04 16:00:00,239,236,5
LAB-001,PROD-A,BATCH-LAB-001-2026-02-04,2026-02-04 08:00:00,2026-02-04 16:00:00,190,172,4
CNC-001,PROD-A,BATCH-CNC-001-2026-02-05,2026-02-05 08:00:00,2026-02-05 16:00:00,155,144,4
PRS-001,PROD-A,BATCH-PRS-001-2026-02-05,2026-02-05 08:00:00,2026-02-05 16:00:00,188,173,4
ROB-001,PROD-A,BATCH-ROB-001-2026-02-05,2026-02-05 08:00:00,2026-02-05 16:00:00,170,169,4
CNC-002,PROD-A,BATCH-CNC-002-2026-02-05,2026-02-05 08:00:00,2026-02-05 16:00:00,93,85,1
WLD-001,PROD-A,BATCH-WLD-001-2026-02-05,2026-02-05 08:00:00,2026-02-05 16:00:00,153,142,3
ROB-002,PROD-A,BATCH-ROB-002-2026-02-05,2026-02-05 08:00:00,2026-02-05 16:00:00,125,124,2
CON-001,PROD-A,BATCH-CON-001-2026-02-05,2026-02-05 08:00:00,2026-02-05 16:00:00,220,198,5
PKG-001,PROD-A,BATCH-PKG-001-2026-02-05,2026-02-05 08:00:00,2026-02-05 16:00:00,132,130,3
LAB-001,PROD-A,BATCH-LAB-001-2026-02-05,2026-02-05 08:00:00,2026-02-05 16:00:00,223,217,3
CNC-001,PROD-A,BATCH-CNC-001-2026-02-06,2026-02-06 08:00:00,2026-02-06 16:00:00,125,115,1
PRS-001,PROD-A,BATCH-PRS-001-2026-02-06,2026-02-06 08:00:00,2026-02-06 16:00:00,132,127,3
ROB-001,PROD-A,BATCH-ROB-001-2026-02-06,2026-02-06 08:00:00,2026-02-06 16:00:00,155,149,4
CNC-002,PROD-A,BATCH-CNC-002-2026-02-06,2026-02-06 08:00:00,2026-02-06 16:00:00,85,79,1
WLD-001,PROD-A,BATCH-WLD-001-2026-02-06,2026-02-06 08:00:00,2026-02-06 16:00:00,154,144,1
ROB-002,PROD-A,BATCH-ROB-002-2026-02-06,2026-02-06 08:00:00,2026-02-06 16:00:00,195,181,3
CON-001,PROD-A,BATCH-CON-001-2026-02-06,2026-02-06 08:00:00,2026-02-06 16:00:00,201,183,3
PKG-001,PROD-A,BATCH-PKG-001-2026-02-06,2026-02-06 08:00:00,2026-02-06 16:00:00,213,203,5
LAB-001,PROD-A,BATCH-LAB-001-2026-02-06,2026-02-06 08:00:00,2026-02-06 16:00:00,192,177,4
CNC-001,PROD-A,BATCH-CNC-001-2026-02-07,2026-02-07 08:00:00,2026-02-07 16:00:00,141,140,2
PRS-001,PROD-A,BATCH-PRS-001-2026-02-07,2026-02-07 08:00:00,2026-02-07 16:00:00,211,197,2
ROB-001,PROD-A,BATCH-ROB-001-2026-02-07,2026-02-07 08:00:00,2026-02-07 16:00:00,139,127,3
CNC-002,PROD-A,BATCH-CNC-002-2026-02-07,2026-02-07 08:00:00,2026-02-07 16:00:00,130,129,3
WLD-001,PROD-A,BATCH-WLD-001-2026-02-07,2026-02-07 08:00:00,2026-02-07 16:00:00,126,114,2
ROB-002,PROD-A,BATCH-ROB-002-2026-02-07,2026-02-07 08:00:00,2026-02-07 16:00:00,187,178,3
CON-001,PROD-A,BATCH-CON-001-2026-02-07,2026-02-07 08:00:00,2026-02-07 16:00:00,217,207,5
PKG-001,PROD-A,BATCH-PKG-001-2026-02-07,2026-02-07 08:00:00,2026-02-07 16:00:00,215,195,2
LAB-001,PROD-A,BATCH-LAB-001-2026-02-07,2026-02-07 08:00:00,2026-02-07 16:00:00,156,150,4
CNC-001,PROD-A,BATCH-CNC-001-2026-02-08,2026-02-08 08:00:00,2026-02-08 16:00:00,121,119,1
PRS-001,PROD-A,BATCH-PRS-001-2026-02-08,2026-02-08 08:00:00,2026-02-08 16:00:00,108,104,2
ROB-001,PROD-A,BATCH-ROB-001-2026-02-08,2026-02-08 08:00:00,2026-02-08 16:00:00,197,190,2
CNC-002,PROD-A,BATCH-CNC-002-2026-02-08,2026-02-08 08:00:00,2026-02-08 16:00:00,85,84,1
WLD-001,PROD-A,BATCH-WLD-001-2026-02-08,2026-02-08 08:00:00,2026-02-08 16:00:00,143,130,1
ROB-002,PROD-A,BATCH-ROB-002-2026-02-08,2026-02-08 08:00:00,2026-02-08 16:00:00,154,144,2
CON-001,PROD-A,BATCH-CON-001-2026-02-08,2026-02-08 08:00:00,2026-02-08 16:00:00,288,271,6
PKG-001,PROD-A,BATCH-PKG-001-2026-02-08,2026-02-08 08:00:00,2026-02-08 16:00:00,159,157,3
LAB-001,PROD-A,BATCH-LAB-001-2026-02-08,2026-02-08 08:00:00,2026-02-08 16:00:00,275,264,7
CNC-001,PROD-A,BATCH-CNC-001-2026-02-09,2026-02-09 08:00:00,2026-02-09 16:00:00,115,103,1
PRS-001,PROD-A,BATCH-PRS-001-2026-02-09,2026-02-09 08:00:00,2026-02-09 16:00:00,156,147,2
ROB-001,PROD-A,BATCH-ROB-001-2026-02-09,2026-02-09 08:00:00,2026-02-09 16:00:00,212,192,4
CNC-002,PROD-A,BATCH-CNC-002-2026-02-09,2026-02-09 08:00:00,2026-02-09 16:00:00,149,147,3
WLD-001,PROD-A,BATCH-WLD-001-2026-02-09,2026-02-09 08:00:00,2026-02-09 16:00:00,87,81,1
ROB-002,PROD-A,BATCH-ROB-002-2026-02-09,2026-02-09 08:00:00,2026-02-09 16:00:00,151,150,3
CON-001,PROD-A,BATCH-CON-001-2026-02-09,2026-02-09 08:00:00,2026-02-09 16:00:00,173,167,3
PKG-001,PROD-A,BATCH-PKG-001-2026-02-09,2026-02-09 08:00:00,2026-02-09 16:00:00,125,113,1
LAB-001,PROD-A,BATCH-LAB-001-2026-02-09,2026-02-09 08:00:00,2026-02-09 16:00:00,182,178,2
CNC-001,PROD-A,BATCH-CNC-001-2026-02-10,2026-02-10 08:00:00,2026-02-10 16:00:00,150,138,1
PRS-001,PROD-A,BATCH-PRS-001-2026-02-10,2026-02-10 08:00:00,2026-02-10 16:00:00,211,194,4
ROB-001,PROD-A,BATCH-ROB-001-2026-02-10,2026-02-10 08:00:00,2026-02-10 16:00:00,120,111,3
CNC-002,PROD-A,BATCH-CNC-002-2026-02-10,2026-02-10 08:00:00,2026-02-10 16:00:00,96,91,2
WLD-001,PROD-A,BATCH-WLD-001-2026-02-10,2026-02-10 08:00:00,2026-02-10 16:00:00,94,90,0
ROB-002,PROD-A,BATCH-ROB-002-2026-02-10,2026-02-10 08:00:00,2026-02-10 16:00:00,123,115,2
CON-001,PROD-A,BATCH-CON-001-2026-02-10,2026-02-10 08:00:00,2026-02-10 16:00:00,300,279,3
PKG-001,PROD-A,BATCH-PKG-001-2026-02-10,2026-02-10 08:00:00,2026-02-10 16:00:00,133,121,2
LAB-001,PROD-A,BATCH-LAB-001-2026-02-10,2026-02-10 08:00:00,2026-02-10 16:00:00,179,174,3
CNC-001,PROD-A,BATCH-CNC-001-2026-02-11,2026-02-11 08:00:00,2026-02-11 16:00:00,126,119,1
PRS-001,PROD-A,BATCH-PRS-001-2026-02-11,2026-02-11 08:00:00,2026-02-11 16:00:00,164,151,3
ROB-001,PROD-A,BATCH-ROB-001-2026-02-11,2026-02-11 08:00:00,2026-02-11 16:00:00,197,186,5
CNC-002,PROD-A,BATCH-CNC-002-2026-02-11,2026-02-11 08:00:00,2026-02-11 16:00:00,87,86,2
WLD-001,PROD-A,BATCH-WLD-001-2026-02-11,2026-02-11 08:00:00,2026-02-11 16:00:00,134,129,2
ROB-002,PROD-A,BATCH-ROB-002-2026-02-11,2026-02-11 08:00:00,2026-02-11 16:00:00,233,211,2
CON-001,PROD-A,BATCH-CON-001-2026-02-11,2026-02-11 08:00:00,2026-02-11 16:00:00,187,169,2
PKG-001,PROD-A,BATCH-PKG-001-2026-02-11,2026-02-11 08:00:00,2026-02-11 16:00:00,203,190,4
LAB-001,PROD-A,BATCH-LAB-001-2026-02-11,2026-02-11 08:00:00,2026-02-11 16:00:00,225,212,4
CNC-001,PROD-A,BATCH-CNC-001-2026-02-12,2026-02-12 08:00:00,2026-02-12 16:00:00,92,90,1
PRS-001,PROD-A,BATCH-PRS-001-2026-02-12,2026-02-12 08:00:00,2026-02-12 16:00:00,183,176,4
ROB-001,PROD-A,BATCH-ROB-001-2026-02-12,2026-02-12 08:00:00,2026-02-12 16:00:00,175,165,4
CNC-002,PROD-A,BATCH-CNC-002-2026-02-12,2026-02-12 08:00:00,2026-02-12 16:00:00,132,123,2
WLD-001,PROD-A,BATCH-WLD-001-2026-02-12,2026-02-12 08:00:00,2026-02-12 16:00:00,133,129,2
ROB-002,PROD-A,BATCH-ROB-002-2026-02-12,2026-02-12 08:00:00,2026-02-12 16:00:00,200,193,3
CON-001,PROD-A,BATCH-CON-001-2026-02-12,2026-02-12 08:00:00,2026-02-12 16:00:00,189,183,3
PKG-001,PROD-A,BATCH-PKG-001-2026-02-12,2026-02-12 08:00:00,2026-02-12 16:00:00,143,140,1
LAB-001,PROD-A,BATCH-LAB-001-2026-02-12,2026-02-12 08:00:00,2026-02-12 16:00:00,174,169,2
CNC-001,PROD-A,BATCH-CNC-001-2026-02-13,2026-02-13 08:00:00,2026-02-13 16:00:00,96,91,1
PRS-001,PROD-A,BATCH-PRS-001-2026-02-13,2026-02-13 08:00:00,2026-02-13 16:00:00,171,163,3
ROB-001,PROD-A,BATCH-ROB-001-2026-02-13,2026-02-13 08:00:00,2026-02-13 16:00:00,225,210,4
CNC-002,PROD-A,BATCH-CNC-002-2026-02-13,2026-02-13 08:00:00,2026-02-13 16:00:00,134,132,3
WLD-001,PROD-A,BATCH-WLD-001-2026-02-13,2026-02-13 08:00:00,2026-02-13 16:00:00,116,111,1
ROB-002,PROD-A,BATCH-ROB-002-2026-02-13,2026-02-13 08:00:00,2026-02-13 16:00:00,249,229,5
CON-001,PROD-A,BATCH-CON-001-2026-02-13,2026-02-13 08:00:00,2026-02-13 16:00:00,207,203,3
PKG-001,PROD-A,BATCH-PKG-001-2026-02-13,2026-02-13 08:00:00,2026-02-13 16:00:00,214,195,3
LAB-001,PROD-A,BATCH-LAB-001-2026-02-13,2026-02-13 08:00:00,2026-02-13 16:00:00,207,203,5
CNC-001,PROD-A,BATCH-CNC-001-2026-02-14,2026-02-14 08:00:00,2026-02-14 16:00:00,159,152,3
PRS-001,PROD-A,BATCH-PRS-001-2026-02-14,2026-02-14 08:00:00,2026-02-14 16:00:00,103,98,2
ROB-001,PROD-A,BATCH-ROB-001-2026-02-14,2026-02-14 08:00:00,2026-02-14 16:00:00,188,169,2
CNC-002,PROD-A,BATCH-CNC-002-2026-02-14,2026-02-14 08:00:00,2026-02-14 16:00:00,119,118,2
WLD-001,PROD-A,BATCH-WLD-001-2026-02-14,2026-02-14 08:00:00,2026-02-14 16:00:00,103,101,2
ROB-002,PROD-A,BATCH-ROB-002-2026-02-14,2026-02-14 08:00:00,2026-02-14 16:00:00,222,201,4
CON-001,PROD-A,BATCH-CON-001-2026-02-14,2026-02-14 08:00:00,2026-02-14 16:00:00,157,142,2
PKG-001,PROD-A,BATCH-PKG-001-2026-02-14,2026-02-14 08:00:00,2026-02-14 16:00:00,216,203,3
LAB-001,PROD-A,BATCH-LAB-001-2026-02-14,2026-02-14 08:00:00,2026-02-14 16:00:00,244,227,3
CNC-001,PROD-A,BATCH-CNC-001-2026-02-15,2026-02-15 08:00:00,2026-02-15 16:00:00,152,145,4
PRS-001,PROD-A,BATCH-PRS-001-2026-02-15,2026-02-15 08:00:00,2026-02-15 16:00:00,119,108,2
ROB-001,PROD-A,BATCH-ROB-001-2026-02-15,2026-02-15 08:00:00,2026-02-15 16:00:00,140,129,2
CNC-002,PROD-A,BATCH-CNC-002-2026-02-15,2026-02-15 08:00:00,2026-02-15 16:00:00,142,136,2
WLD-001,PROD-A,BATCH-WLD-001-2026-02-15,2026-02-15 08:00:00,2026-02-15 16:00:00,107,104,1
ROB-002,PROD-A,BATCH-ROB-002-2026-02-15,2026-02-15 08:00:00,2026-02-15 16:00:00,230,209,4
CON-001,PROD-A,BATCH-CON-001-2026-02-15,2026-02-15 08:00:00,2026-02-15 16:00:00,274,261,4
PKG-001,PROD-A,BATCH-PKG-001-2026-02-15,2026-02-15 08:00:00,2026-02-15 16:00:00,176,165,3
LAB-001,PROD-A,BATCH-LAB-001-2026-02-15,2026-02-15 08:00:00,2026-02-15 16:00:00,151,138,3
CNC-001,PROD-A,BATCH-CNC-001-2026-02-16,2026-02-16 08:00:00,2026-02-16 16:00:00,97,94,1
PRS-001,PROD-A,BATCH-PRS-001-2026-02-16,2026-02-16 08:00:00,2026-02-16 16:00:00,115,103,2
ROB-001,PROD-A,BATCH-ROB-001-2026-02-16,2026-02-16 08:00:00,2026-02-16 16:00:00,164,149,3
CNC-002,PROD-A,BATCH-CNC-002-2026-02-16,2026-02-16 08:00:00,2026-02-16 16:00:00,109,103,2
WLD-001,PROD-A,BATCH-WLD-001-2026-02-16,2026-02-16 08:00:00,2026-02-16 16:00:00,125,113,3
ROB-002,PROD-A,BATCH-ROB-002-2026-02-16,2026-02-16 08:00:00,2026-02-16 16:00:00,130,122,2
CON-001,PROD-A,BATCH-CON-001-2026-02-16,2026-02-16 08:00:00,2026-02-16 16:00:00,169,166,3
PKG-001,PROD-A,BATCH-PKG-001-2026-02-16,2026-02-16 08:00:00,2026-02-16 16:00:00,223,216,3
LAB-001,PROD-A,BATCH-LAB-001-2026-02-16,2026-02-16 08:00:00,2026-02-16 16:00:00,179,168,4
CNC-001,PROD-A,BATCH-CNC-001-2026-02-17,2026-02-17 08:00:00,2026-02-17 16:00:00,101,98,2
PRS-001,PROD-A,BATCH-PRS-001-2026-02-17,2026-02-17 08:00:00,2026-02-17 16:00:00,206,199,3
ROB-001,PROD-A,BATCH-ROB-001-2026-02-17,2026-02-17 08:00:00,2026-02-17 16:00:00,231,227,3
CNC-002,PROD-A,BATCH-CNC-002-2026-02-17,2026-02-17 08:00:00,2026-02-17 16:00:00,155,145,1
WLD-001,PROD-A,BATCH-WLD-001-2026-02-17,2026-02-17 08:00:00,2026-02-17 16:00:00,119,115,1
ROB-002,PROD-A,BATCH-ROB-002-2026-02-17,2026-02-17 08:00:00,2026-02-17 16:00:00,163,147,3
CON-001,PROD-A,BATCH-CON-001-2026-02-17,2026-02-17 08:00:00,2026-02-17 16:00:00,285,271,7
PKG-001,PROD-A,BATCH-PKG-001-2026-02-17,2026-02-17 08:00:00,2026-02-17 16:00:00,209,195,5
LAB-001,PROD-A,BATCH-LAB-001-2026-02-17,2026-02-17 08:00:00,2026-02-17 16:00:00,187,172,2
CNC-001,PROD-A,BATCH-CNC-001-2026-02-18,2026-02-18 08:00:00,2026-02-18 16:00:00,105,96,1
PRS-001,PROD-A,BATCH-PRS-001-2026-02-18,2026-02-18 08:00:00,2026-02-18 16:00:00,197,190,2
ROB-001,PROD-A,BATCH-ROB-001-2026-02-18,2026-02-18 08:00:00,2026-02-18 16:00:00,246,232,4
CNC-002,PROD-A,BATCH-CNC-002-2026-02-18,2026-02-18 08:00:00,2026-02-18 16:00:00,154,145,4
WLD-001,PROD-A,BATCH-WLD-001-2026-02-18,2026-02-18 08:00:00,2026-02-18 16:00:00,152,146,4
ROB-002,PROD-A,BATCH-ROB-002-2026-02-18,2026-02-18 08:00:00,2026-02-18 16:00:00,202,199,4
CON-001,PROD-A,BATCH-CON-001-2026-02-18,2026-02-18 08:00:00,2026-02-18 16:00:00,188,177,3
PKG-001,PROD-A,BATCH-PKG-001-2026-02-18,2026-02-18 08:00:00,2026-02-18 16:00:00,197,192,4
LAB-001,PROD-A,BATCH-LAB-001-2026-02-18,2026-02-18 08:00:00,2026-02-18 16:00:00,240,228,3
CNC-001,PROD-A,BATCH-CNC-001-2026-02-19,2026-02-19 08:00:00,2026-02-19 16:00:00,137,123,2
PRS-001,PROD-A,BATCH-PRS-001-2026-02-19,2026-02-19 08:00:00,2026-02-19 16:00:00,136,123,3
ROB-001,PROD-A,BATCH-ROB-001-2026-02-19,2026-02-19 08:00:00,2026-02-19 16:00:00,143,137,2
CNC-002,PROD-A,BATCH-CNC-002-2026-02-19,2026-02-19 08:00:00,2026-02-19 16:00:00,139,133,3
WLD-001,PROD-A,BATCH-WLD-001-2026-02-19,2026-02-19 08:00:00,2026-02-19 16:00:00,174,172,3
ROB-002,PROD-A,BATCH-ROB-002-2026-02-19,2026-02-19 08:00:00,2026-02-19 16:00:00,168,156,3
CON-001,PROD-A,BATCH-CON-001-2026-02-19,2026-02-19 08:00:00,2026-02-19 16:00:00,188,187,3
PKG-001,PROD-A,BATCH-PKG-001-2026-02-19,2026-02-19 08:00:00,2026-02-19 16:00:00,207,206,2
LAB-001,PROD-A,BATCH-LAB-001-2026-02-19,2026-02-19 08:00:00,2026-02-19 16:00:00,194,175,4
CNC-001,PROD-A,BATCH-CNC-001-2026-02-20,2026-02-20 08:00:00,2026-02-20 16:00:00,136,129,2
PRS-001,PROD-A,BATCH-PRS-001-2026-02-20,2026-02-20 08:00:00,2026-02-20 16:00:00,146,136,2
ROB-001,PROD-A,BATCH-ROB-001-2026-02-20,2026-02-20 08:00:00,2026-02-20 16:00:00,224,218,5
CNC-002,PROD-A,BATCH-CNC-002-2026-02-20,2026-02-20 08:00:00,2026-02-20 16:00:00,86,84,1
WLD-001,PROD-A,BATCH-WLD-001-2026-02-20,2026-02-20 08:00:00,2026-02-20 16:00:00,88,82,1
ROB-002,PROD-A,BATCH-ROB-002-2026-02-20,2026-02-20 08:00:00,2026-02-20 16:00:00,218,202,4
CON-001,PROD-A,BATCH-CON-001-2026-02-20,2026-02-20 08:00:00,2026-02-20 16:00:00,188,175,3
PKG-001,PROD-A,BATCH-PKG-001-2026-02-20,2026-02-20 08:00:00,2026-02-20 16:00:00,156,154,2
LAB-001,PROD-A,BATCH-LAB-001-2026-02-20,2026-02-20 08:00:00,2026-02-20 16:00:00,250,228,5
CNC-001,PROD-A,BATCH-CNC-001-2026-02-21,2026-02-21 08:00:00,2026-02-21 16:00:00,90,83,1
PRS-001,PROD-A,BATCH-PRS-001-2026-02-21,2026-02-21 08:00:00,2026-02-21 16:00:00,201,187,2
ROB-001,PROD-A,BATCH-ROB-001-2026-02-21,2026-02-21 08:00:00,2026-02-21 16:00:00,143,137,2
CNC-002,PROD-A,BATCH-CNC-002-2026-02-21,2026-02-21 08:00:00,2026-02-21 16:00:00,126,113,1
WLD-001,PROD-A,BATCH-WLD-001-2026-02-21,2026-02-21 08:00:00,2026-02-21 16:00:00,107,99,2
ROB-002,PROD-A,BATCH-ROB-002-2026-02-21,2026-02-21 08:00:00,2026-02-21 16:00:00,169,155,1
CON-001,PROD-A,BATCH-CON-001-2026-02-21,2026-02-21 08:00:00,2026-02-21 16:00:00,169,157,4
PKG-001,PROD-A,BATCH-PKG-001-2026-02-21,2026-02-21 08:00:00,2026-02-21 16:00:00,249,243,6
LAB-001,PROD-A,BATCH-LAB-001-2026-02-21,2026-02-21 08:00:00,2026-02-21 16:00:00,284,256,4
CNC-001,PROD-A,BATCH-CNC-001-2026-02-22,2026-02-22 08:00:00,2026-02-22 16:00:00,159,145,2
PRS-001,PROD-A,BATCH-PRS-001-2026-02-22,2026-02-22 08:00:00,2026-02-22 16:00:00,120,110,2
ROB-001,PROD-A,BATCH-ROB-001-2026-02-22,2026-02-22 08:00:00,2026-02-22 16:00:00,162,157,1
CNC-002,PROD-A,BATCH-CNC-002-2026-02-22,2026-02-22 08:00:00,2026-02-22 16:00:00,126,121,1
WLD-001,PROD-A,BATCH-WLD-001-2026-02-22,2026-02-22 08:00:00,2026-02-22 16:00:00,136,130,3
ROB-002,PROD-A,BATCH-ROB-002-2026-02-22,2026-02-22 08:00:00,2026-02-22 16:00:00,234,216,3
CON-001,PROD-A,BATCH-CON-001-2026-02-22,2026-02-22 08:00:00,2026-02-22 16:00:00,270,267,3
PKG-001,PROD-A,BATCH-PKG-001-2026-02-22,2026-02-22 08:00:00,2026-02-22 16:00:00,232,219,3
LAB-001,PROD-A,BATCH-LAB-001-2026-02-22,2026-02-22 08:00:00,2026-02-22 16:00:00,247,234,4
CNC-001,PROD-A,BATCH-CNC-001-2026-02-23,2026-02-23 08:00:00,2026-02-23 16:00:00,100,98,2
PRS-001,PROD-A,BATCH-PRS-001-2026-02-23,2026-02-23 08:00:00,2026-02-23 16:00:00,117,115,1
ROB-001,PROD-A,BATCH-ROB-001-2026-02-23,2026-02-23 08:00:00,2026-02-23 16:00:00,243,239,5
CNC-002,PROD-A,BATCH-CNC-002-2026-02-23,2026-02-23 08:00:00,2026-02-23 16:00:00,93,90,1
WLD-001,PROD-A,BATCH-WLD-001-2026-02-23,2026-02-23 08:00:00,2026-02-23 16:00:00,95,88,2
ROB-002,PROD-A,BATCH-ROB-002-2026-02-23,2026-02-23 08:00:00,2026-02-23 16:00:00,189,178,3
CON-001,PROD-A,BATCH-CON-001-2026-02-23,2026-02-23 08:00:00,2026-02-23 16:00:00,261,237,6
PKG-001,PROD-A,BATCH-PKG-001-2026-02-23,2026-02-23 08:00:00,2026-02-23 16:00:00,235,232,6
LAB-001,PROD-A,BATCH-LAB-001-2026-02-23,2026-02-23 08:00:00,2026-02-23 16:00:00,256,231,4
CNC-001,PROD-A,BATCH-CNC-001-2026-02-24,2026-02-24 08:00:00,2026-02-24 16:00:00,110,103,1
PRS-001,PROD-A,BATCH-PRS-001-2026-02-24,2026-02-24 08:00:00,2026-02-24 16:00:00,128,115,3
ROB-001,PROD-A,BATCH-ROB-001-2026-02-24,2026-02-24 08:00:00,2026-02-24 16:00:00,205,200,2
CNC-002,PROD-A,BATCH-CNC-002-2026-02-24,2026-02-24 08:00:00,2026-02-24 16:00:00,116,115,2
WLD-001,PROD-A,BATCH-WLD-001-2026-02-24,2026-02-24 08:00:00,2026-02-24 16:00:00,97,94,1
ROB-002,PROD-A,BATCH-ROB-002-2026-02-24,2026-02-24 08:00:00,2026-02-24 16:00:00,121,119,1
CON-001,PROD-A,BATCH-CON-001-2026-02-24,2026-02-24 08:00:00,2026-02-24 16:00:00,205,201,4
PKG-001,PROD-A,BATCH-PKG-001-2026-02-24,2026-02-24 08:00:00,2026-02-24 16:00:00,228,207,3
LAB-001,PROD-A,BATCH-LAB-001-2026-02-24,2026-02-24 08:00:00,2026-02-24 16:00:00,227,207,3
CNC-001,PROD-A,BATCH-CNC-001-2026-02-25,2026-02-25 08:00:00,2026-02-25 16:00:00,159,150,1
PRS-001,PROD-A,BATCH-PRS-001-2026-02-25,2026-02-25 08:00:00,2026-02-25 16:00:00,215,204,4
ROB-001,PROD-A,BATCH-ROB-001-2026-02-25,2026-02-25 08:00:00,2026-02-25 16:00:00,181,175,2
CNC-002,PROD-A,BATCH-CNC-002-2026-02-25,2026-02-25 08:00:00,2026-02-25 16:00:00,80,76,1
WLD-001,PROD-A,BATCH-WLD-001-2026-02-25,2026-02-25 08:00:00,2026-02-25 16:00:00,133,122,2
ROB-002,PROD-A,BATCH-ROB-002-2026-02-25,2026-02-25 08:00:00,2026-02-25 16:00:00,212,192,3
CON-001,PROD-A,BATCH-CON-001-2026-02-25,2026-02-25 08:00:00,2026-02-25 16:00:00,279,273,5
PKG-001,PROD-A,BATCH-PKG-001-2026-02-25,2026-02-25 08:00:00,2026-02-25 16:00:00,125,117,2
LAB-001,PROD-A,BATCH-LAB-001-2026-02-25,2026-02-25 08:00:00,2026-02-25 16:00:00,249,248,3
CNC-001,PROD-A,BATCH-CNC-001-2026-02-26,2026-02-26 08:00:00,2026-02-26 16:00:00,82,76,0
PRS-001,PROD-A,BATCH-PRS-001-2026-02-26,2026-02-26 08:00:00,2026-02-26 16:00:00,130,126,2
ROB-001,PROD-A,BATCH-ROB-001-2026-02-26,2026-02-26 08:00:00,2026-02-26 16:00:00,205,187,3
CNC-002,PROD-A,BATCH-CNC-002-2026-02-26,2026-02-26 08:00:00,2026-02-26 16:00:00,123,120,1
WLD-001,PROD-A,BATCH-WLD-001-2026-02-26,2026-02-26 08:00:00,2026-02-26 16:00:00,179,173,5
ROB-002,PROD-A,BATCH-ROB-002-2026-02-26,2026-02-26 08:00:00,2026-02-26 16:00:00,242,233,6
CON-001,PROD-A,BATCH-CON-001-2026-02-26,2026-02-26 08:00:00,2026-02-26 16:00:00,166,161,4
PKG-001,PROD-A,BATCH-PKG-001-2026-02-26,2026-02-26 08:00:00,2026-02-26 16:00:00,129,119,1
LAB-001,PROD-A,BATCH-LAB-001-2026-02-26,2026-02-26 08:00:00,2026-02-26 16:00:00,201,198,3
CNC-001,PROD-A,BATCH-CNC-001-2026-02-27,2026-02-27 08:00:00,2026-02-27 16:00:00,119,113,3
PRS-001,PROD-A,BATCH-PRS-001-2026-02-27,2026-02-27 08:00:00,2026-02-27 16:00:00,169,160,1
ROB-001,PROD-A,BATCH-ROB-001-2026-02-27,2026-02-27 08:00:00,2026-02-27 16:00:00,168,156,4
CNC-002,PROD-A,BATCH-CNC-002-2026-02-27,2026-02-27 08:00:00,2026-02-27 16:00:00,86,84,1
WLD-001,PROD-A,BATCH-WLD-001-2026-02-27,2026-02-27 08:00:00,2026-02-27 16:00:00,95,93,1
ROB-002,PROD-A,BATCH-ROB-002-2026-02-27,2026-02-27 08:00:00,2026-02-27 16:00:00,222,216,6
CON-001,PROD-A,BATCH-CON-001-2026-02-27,2026-02-27 08:00:00,2026-02-27 16:00:00,248,231,3
PKG-001,PROD-A,BATCH-PKG-001-2026-02-27,2026-02-27 08:00:00,2026-02-27 16:00:00,247,231,5
LAB-001,PROD-A,BATCH-LAB-001-2026-02-27,2026-02-27 08:00:00,2026-02-27 16:00:00,218,213,5
CNC-001,PROD-A,BATCH-CNC-001-2026-02-28,2026-02-28 08:00:00,2026-02-28 16:00:00,90,84,2
PRS-001,PROD-A,BATCH-PRS-001-2026-02-28,2026-02-28 08:00:00,2026-02-28 16:00:00,123,117,1
ROB-001,PROD-A,BATCH-ROB-001-2026-02-28,2026-02-28 08:00:00,2026-02-28 16:00:00,140,130,2
CNC-002,PROD-A,BATCH-CNC-002-2026-02-28,2026-02-28 08:00:00,2026-02-28 16:00:00,137,131,2
WLD-001,PROD-A,BATCH-WLD-001-2026-02-28,2026-02-28 08:00:00,2026-02-28 16:00:00,168,158,2
ROB-002,PROD-A,BATCH-ROB-002-2026-02-28,2026-02-28 08:00:00,2026-02-28 16:00:00,210,201,3
CON-001,PROD-A,BATCH-CON-001-2026-02-28,2026-02-28 08:00:00,2026-02-28 16:00:00,164,148,3
PKG-001,PROD-A,BATCH-PKG-001-2026-02-28,2026-02-28 08:00:00,2026-02-28 16:00:00,213,202,5
LAB-001,PROD-A,BATCH-LAB-001-2026-02-28,2026-02-28 08:00:00,2026-02-28 16:00:00,190,189,2
CNC-001,PROD-A,BATCH-CNC-001-2026-03-01,2026-03-01 08:00:00,2026-03-01 16:00:00,157,151,2
PRS-001,PROD-A,BATCH-PRS-001-2026-03-01,2026-03-01 08:00:00,2026-03-01 16:00:00,116,105,2
ROB-001,PROD-A,BATCH-ROB-001-2026-03-01,2026-03-01 08:00:00,2026-03-01 16:00:00,213,199,5
CNC-002,PROD-A,BATCH-CNC-002-2026-03-01,2026-03-01 08:00:00,2026-03-01 16:00:00,84,80,1
WLD-001,PROD-A,BATCH-WLD-001-2026-03-01,2026-03-01 08:00:00,2026-03-01 16:00:00,127,119,3
ROB-002,PROD-A,BATCH-ROB-002-2026-03-01,2026-03-01 08:00:00,2026-03-01 16:00:00,155,147,2
CON-001,PROD-A,BATCH-CON-001-2026-03-01,2026-03-01 08:00:00,2026-03-01 16:00:00,221,204,2
PKG-001,PROD-A,BATCH-PKG-001-2026-03-01,2026-03-01 08:00:00,2026-03-01 16:00:00,167,158,2
LAB-001,PROD-A,BATCH-LAB-001-2026-03-01,2026-03-01 08:00:00,2026-03-01 16:00:00,293,267,6
CNC-001,PROD-A,BATCH-CNC-001-2026-03-02,2026-03-02 08:00:00,2026-03-02 16:00:00,137,126,2
PRS-001,PROD-A,BATCH-PRS-001-2026-03-02,2026-03-02 08:00:00,2026-03-02 16:00:00,188,186,3
ROB-001,PROD-A,BATCH-ROB-001-2026-03-02,2026-03-02 08:00:00,2026-03-02 16:00:00,151,137,1
CNC-002,PROD-A,BATCH-CNC-002-2026-03-02,2026-03-02 08:00:00,2026-03-02 16:00:00,102,100,1
WLD-001,PROD-A,BATCH-WLD-001-2026-03-02,2026-03-02 08:00:00,2026-03-02 16:00:00,91,89,2
ROB-002,PROD-A,BATCH-ROB-002-2026-03-02,2026-03-02 08:00:00,2026-03-02 16:00:00,201,194,4
CON-001,PROD-A,BATCH-CON-001-2026-03-02,2026-03-02 08:00:00,2026-03-02 16:00:00,290,276,7
PKG-001,PROD-A,BATCH-PKG-001-2026-03-02,2026-03-02 08:00:00,2026-03-02 16:00:00,160,155,4
LAB-001,PROD-A,BATCH-LAB-001-2026-03-02,2026-03-02 08:00:00,2026-03-02 16:00:00,194,189,3
CNC-001,PROD-A,BATCH-CNC-001-2026-03-03,2026-03-03 08:00:00,2026-03-03 16:00:00,95,94,2
PRS-001,PROD-A,BATCH-PRS-001-2026-03-03,2026-03-03 08:00:00,2026-03-03 16:00:00,130,127,1
ROB-001,PROD-A,BATCH-ROB-001-2026-03-03,2026-03-03 08:00:00,2026-03-03 16:00:00,214,202,5
CNC-002,PROD-A,BATCH-CNC-002-2026-03-03,2026-03-03 08:00:00,2026-03-03 16:00:00,96,92,1
WLD-001,PROD-A,BATCH-WLD-001-2026-03-03,2026-03-03 08:00:00,2026-03-03 16:00:00,119,111,2
ROB-002,PROD-A,BATCH-ROB-002-2026-03-03,2026-03-03 08:00:00,2026-03-03 16:00:00,242,230,5
CON-001,PROD-A,BATCH-CON-001-2026-03-03,2026-03-03 08:00:00,2026-03-03 16:00:00,297,269,7
PKG-001,PROD-A,BATCH-PKG-001-2026-03-03,2026-03-03 08:00:00,2026-03-03 16:00:00,138,130,3
LAB-001,PROD-A,BATCH-LAB-001-2026-03-03,2026-03-03 08:00:00,2026-03-03 16:00:00,238,217,5
CNC-001,PROD-A,BATCH-CNC-001-2026-03-04,2026-03-04 08:00:00,2026-03-04 16:00:00,150,144,1
PRS-001,PROD-A,BATCH-PRS-001-2026-03-04,2026-03-04 08:00:00,2026-03-04 16:00:00,116,109,3
ROB-001,PROD-A,BATCH-ROB-001-2026-03-04,2026-03-04 08:00:00,2026-03-04 16:00:00,134,131,2
CNC-002,PROD-A,BATCH-CNC-002-2026-03-04,2026-03-04 08:00:00,2026-03-04 16:00:00,118,108,1
WLD-001,PROD-A,BATCH-WLD-001-2026-03-04,2026-03-04 08:00:00,2026-03-04 16:00:00,170,156,4
ROB-002,PROD-A,BATCH-ROB-002-2026-03-04,2026-03-04 08:00:00,2026-03-04 16:00:00,192,189,2
CON-001,PROD-A,BATCH-CON-001-2026-03-04,2026-03-04 08:00:00,2026-03-04 16:00:00,291,269,6
PKG-001,PROD-A,BATCH-PKG-001-2026-03-04,2026-03-04 08:00:00,2026-03-04 16:00:00,143,135,1
LAB-001,PROD-A,BATCH-LAB-001-2026-03-04,2026-03-04 08:00:00,2026-03-04 16:00:00,298,272,6
CNC-001,PROD-A,BATCH-CNC-001-2026-03-05,2026-03-05 08:00:00,2026-03-05 16:00:00,157,146,4
PRS-001,PROD-A,BATCH-PRS-001-2026-03-05,2026-03-05 08:00:00,2026-03-05 16:00:00,105,103,1
ROB-001,PROD-A,BATCH-ROB-001-2026-03-05,2026-03-05 08:00:00,2026-03-05 16:00:00,131,130,3
CNC-002,PROD-A,BATCH-CNC-002-2026-03-05,2026-03-05 08:00:00,2026-03-05 16:00:00,113,109,2
WLD-001,PROD-A,BATCH-WLD-001-2026-03-05,2026-03-05 08:00:00,2026-03-05 16:00:00,133,127,1
ROB-002,PROD-A,BATCH-ROB-002-2026-03-05,2026-03-05 08:00:00,2026-03-05 16:00:00,194,187,2
CON-001,PROD-A,BATCH-CON-001-2026-03-05,2026-03-05 08:00:00,2026-03-05 16:00:00,212,207,4
PKG-001,PROD-A,BATCH-PKG-001-2026-03-05,2026-03-05 08:00:00,2026-03-05 16:00:00,196,185,4
LAB-001,PROD-A,BATCH-LAB-001-2026-03-05,2026-03-05 08:00:00,2026-03-05 16:00:00,190,179,3
CNC-001,PROD-A,BATCH-CNC-001-2026-03-06,2026-03-06 08:00:00,2026-03-06 16:00:00,106,99,1
PRS-001,PROD-A,BATCH-PRS-001-2026-03-06,2026-03-06 08:00:00,2026-03-06 16:00:00,210,204,5
ROB-001,PROD-A,BATCH-ROB-001-2026-03-06,2026-03-06 08:00:00,2026-03-06 16:00:00,208,207,2
CNC-002,PROD-A,BATCH-CNC-002-2026-03-06,2026-03-06 08:00:00,2026-03-06 16:00:00,127,120,1
WLD-001,PROD-A,BATCH-WLD-001-2026-03-06,2026-03-06 08:00:00,2026-03-06 16:00:00,110,104,1
ROB-002,PROD-A,BATCH-ROB-002-2026-03-06,2026-03-06 08:00:00,2026-03-06 16:00:00,183,167,1
CON-001,PROD-A,BATCH-CON-001-2026-03-06,2026-03-06 08:00:00,2026-03-06 16:00:00,248,244,4
PKG-001,PROD-A,BATCH-PKG-001-2026-03-06,2026-03-06 08:00:00,2026-03-06 16:00:00,160,157,4
LAB-001,PROD-A,BATCH-LAB-001-2026-03-06,2026-03-06 08:00:00,2026-03-06 16:00:00,230,211,2
CNC-001,PROD-A,BATCH-CNC-001-2026-03-07,2026-03-07 08:00:00,2026-03-07 16:00:00,145,137,3
PRS-001,PROD-A,BATCH-PRS-001-2026-03-07,2026-03-07 08:00:00,2026-03-07 16:00:00,163,147,4
ROB-001,PROD-A,BATCH-ROB-001-2026-03-07,2026-03-07 08:00:00,2026-03-07 16:00:00,249,235,3
CNC-002,PROD-A,BATCH-CNC-002-2026-03-07,2026-03-07 08:00:00,2026-03-07 16:00:00,154,144,1
WLD-001,PROD-A,BATCH-WLD-001-2026-03-07,2026-03-07 08:00:00,2026-03-07 16:00:00,143,137,3
ROB-002,PROD-A,BATCH-ROB-002-2026-03-07,2026-03-07 08:00:00,2026-03-07 16:00:00,240,222,2
CON-001,PROD-A,BATCH-CON-001-2026-03-07,2026-03-07 08:00:00,2026-03-07 16:00:00,177,166,4
PKG-001,PROD-A,BATCH-PKG-001-2026-03-07,2026-03-07 08:00:00,2026-03-07 16:00:00,213,207,3
LAB-001,PROD-A,BATCH-LAB-001-2026-03-07,2026-03-07 08:00:00,2026-03-07 16:00:00,252,228,4
CNC-001,PROD-A,BATCH-CNC-001-2026-03-08,2026-03-08 08:00:00,2026-03-08 16:00:00,126,120,1
PRS-001,PROD-A,BATCH-PRS-001-2026-03-08,2026-03-08 08:00:00,2026-03-08 16:00:00,164,154,3
ROB-001,PROD-A,BATCH-ROB-001-2026-03-08,2026-03-08 08:00:00,2026-03-08 16:00:00,150,136,1
CNC-002,PROD-A,BATCH-CNC-002-2026-03-08,2026-03-08 08:00:00,2026-03-08 16:00:00,127,124,2
WLD-001,PROD-A,BATCH-WLD-001-2026-03-08,2026-03-08 08:00:00,2026-03-08 16:00:00,126,122,1
ROB-002,PROD-A,BATCH-ROB-002-2026-03-08,2026-03-08 08:00:00,2026-03-08 16:00:00,250,235,2
CON-001,PROD-A,BATCH-CON-001-2026-03-08,2026-03-08 08:00:00,2026-03-08 16:00:00,159,145,2
PKG-001,PROD-A,BATCH-PKG-001-2026-03-08,2026-03-08 08:00:00,2026-03-08 16:00:00,241,229,2
LAB-001,PROD-A,BATCH-LAB-001-2026-03-08,2026-03-08 08:00:00,2026-03-08 16:00:00,281,256,7
CNC-001,PROD-A,BATCH-CNC-001-2026-03-09,2026-03-09 08:00:00,2026-03-09 16:00:00,120,109,3
PRS-001,PROD-A,BATCH-PRS-001-2026-03-09,2026-03-09 08:00:00,2026-03-09 16:00:00,194,190,4
ROB-001,PROD-A,BATCH-ROB-001-2026-03-09,2026-03-09 08:00:00,2026-03-09 16:00:00,249,244,5
CNC-002,PROD-A,BATCH-CNC-002-2026-03-09,2026-03-09 08:00:00,2026-03-09 16:00:00,152,141,3
WLD-001,PROD-A,BATCH-WLD-001-2026-03-09,2026-03-09 08:00:00,2026-03-09 16:00:00,127,118,1
ROB-002,PROD-A,BATCH-ROB-002-2026-03-09,2026-03-09 08:00:00,2026-03-09 16:00:00,226,216,5
CON-001,PROD-A,BATCH-CON-001-2026-03-09,2026-03-09 08:00:00,2026-03-09 16:00:00,156,149,2
PKG-001,PROD-A,BATCH-PKG-001-2026-03-09,2026-03-09 08:00:00,2026-03-09 16:00:00,178,173,3
LAB-001,PROD-A,BATCH-LAB-001-2026-03-09,2026-03-09 08:00:00,2026-03-09 16:00:00,193,183,4
CNC-001,PROD-A,BATCH-CNC-001-2026-03-10,2026-03-10 08:00:00,2026-03-10 16:00:00,128,117,2
PRS-001,PROD-A,BATCH-PRS-001-2026-03-10,2026-03-10 08:00:00,2026-03-10 16:00:00,104,99,2
ROB-001,PROD-A,BATCH-ROB-001-2026-03-10,2026-03-10 08:00:00,2026-03-10 16:00:00,168,151,2
CNC-002,PROD-A,BATCH-CNC-002-2026-03-10,2026-03-10 08:00:00,2026-03-10 16:00:00,99,93,1
WLD-001,PROD-A,BATCH-WLD-001-2026-03-10,2026-03-10 08:00:00,2026-03-10 16:00:00,144,140,3
ROB-002,PROD-A,BATCH-ROB-002-2026-03-10,2026-03-10 08:00:00,2026-03-10 16:00:00,135,131,2
CON-001,PROD-A,BATCH-CON-001-2026-03-10,2026-03-10 08:00:00,2026-03-10 16:00:00,293,273,6
PKG-001,PROD-A,BATCH-PKG-001-2026-03-10,2026-03-10 08:00:00,2026-03-10 16:00:00,216,201,2
LAB-001,PROD-A,BATCH-LAB-001-2026-03-10,2026-03-10 08:00:00,2026-03-10 16:00:00,286,267,4
CNC-001,PROD-A,BATCH-CNC-001-2026-03-11,2026-03-11 08:00:00,2026-03-11 16:00:00,113,108,1
PRS-001,PROD-A,BATCH-PRS-001-2026-03-11,2026-03-11 08:00:00,2026-03-11 16:00:00,131,121,1
ROB-001,PROD-A,BATCH-ROB-001-2026-03-11,2026-03-11 08:00:00,2026-03-11 16:00:00,196,191,4
CNC-002,PROD-A,BATCH-CNC-002-2026-03-11,2026-03-11 08:00:00,2026-03-11 16:00:00,142,132,2
WLD-001,PROD-A,BATCH-WLD-001-2026-03-11,2026-03-11 08:00:00,2026-03-11 16:00:00,172,159,1
ROB-002,PROD-A,BATCH-ROB-002-2026-03-11,2026-03-11 08:00:00,2026-03-11 16:00:00,217,214,3
CON-001,PROD-A,BATCH-CON-001-2026-03-11,2026-03-11 08:00:00,2026-03-11 16:00:00,238,236,6
PKG-001,PROD-A,BATCH-PKG-001-2026-03-11,2026-03-11 08:00:00,2026-03-11 16:00:00,194,175,5
LAB-001,PROD-A,BATCH-LAB-001-2026-03-11,2026-03-11 08:00:00,2026-03-11 16:00:00,170,158,2
CNC-001,PROD-A,BATCH-CNC-001-2026-03-12,2026-03-12 08:00:00,2026-03-12 16:00:00,112,109,1
PRS-001,PROD-A,BATCH-PRS-001-2026-03-12,2026-03-12 08:00:00,2026-03-12 16:00:00,205,195,5
ROB-001,PROD-A,BATCH-ROB-001-2026-03-12,2026-03-12 08:00:00,2026-03-12 16:00:00,189,172,3
CNC-002,PROD-A,BATCH-CNC-002-2026-03-12,2026-03-12 08:00:00,2026-03-12 16:00:00,155,143,1
WLD-001,PROD-A,BATCH-WLD-001-2026-03-12,2026-03-12 08:00:00,2026-03-12 16:00:00,147,135,1
ROB-002,PROD-A,BATCH-ROB-002-2026-03-12,2026-03-12 08:00:00,2026-03-12 16:00:00,145,136,3
CON-001,PROD-A,BATCH-CON-001-2026-03-12,2026-03-12 08:00:00,2026-03-12 16:00:00,175,169,2
PKG-001,PROD-A,BATCH-PKG-001-2026-03-12,2026-03-12 08:00:00,2026-03-12 16:00:00,160,150,4
LAB-001,PROD-A,BATCH-LAB-001-2026-03-12,2026-03-12 08:00:00,2026-03-12 16:00:00,271,256,3
CNC-001,PROD-A,BATCH-CNC-001-2026-03-13,2026-03-13 08:00:00,2026-03-13 16:00:00,116,108,2
PRS-001,PROD-A,BATCH-PRS-001-2026-03-13,2026-03-13 08:00:00,2026-03-13 16:00:00,216,211,4
ROB-001,PROD-A,BATCH-ROB-001-2026-03-13,2026-03-13 08:00:00,2026-03-13 16:00:00,179,170,4
CNC-002,PROD-A,BATCH-CNC-002-2026-03-13,2026-03-13 08:00:00,2026-03-13 16:00:00,84,83,1
WLD-001,PROD-A,BATCH-WLD-001-2026-03-13,2026-03-13 08:00:00,2026-03-13 16:00:00,102,101,1
ROB-002,PROD-A,BATCH-ROB-002-2026-03-13,2026-03-13 08:00:00,2026-03-13 16:00:00,221,216,2
CON-001,PROD-A,BATCH-CON-001-2026-03-13,2026-03-13 08:00:00,2026-03-13 16:00:00,224,221,2
PKG-001,PROD-A,BATCH-PKG-001-2026-03-13,2026-03-13 08:00:00,2026-03-13 16:00:00,147,145,2
LAB-001,PROD-A,BATCH-LAB-001-2026-03-13,2026-03-13 08:00:00,2026-03-13 16:00:00,266,265,5
CNC-001,PROD-A,BATCH-CNC-001-2026-03-14,2026-03-14 08:00:00,2026-03-14 16:00:00,143,141,1
PRS-001,PROD-A,BATCH-PRS-001-2026-03-14,2026-03-14 08:00:00,2026-03-14 16:00:00,164,155,2
ROB-001,PROD-A,BATCH-ROB-001-2026-03-14,2026-03-14 08:00:00,2026-03-14 16:00:00,148,138,3
CNC-002,PROD-A,BATCH-CNC-002-2026-03-14,2026-03-14 08:00:00,2026-03-14 16:00:00,112,108,1
WLD-001,PROD-A,BATCH-WLD-001-2026-03-14,2026-03-14 08:00:00,2026-03-14 16:00:00,123,120,2
ROB-002,PROD-A,BATCH-ROB-002-2026-03-14,2026-03-14 08:00:00,2026-03-14 16:00:00,169,155,4
CON-001,PROD-A,BATCH-CON-001-2026-03-14,2026-03-14 08:00:00,2026-03-14 16:00:00,253,248,5
PKG-001,PROD-A,BATCH-PKG-001-2026-03-14,2026-03-14 08:00:00,2026-03-14 16:00:00,142,133,1
LAB-001,PROD-A,BATCH-LAB-001-2026-03-14,2026-03-14 08:00:00,2026-03-14 16:00:00,185,175,5
CNC-001,PROD-A,BATCH-CNC-001-2026-03-15,2026-03-15 08:00:00,2026-03-15 16:00:00,80,74,1
PRS-001,PROD-A,BATCH-PRS-001-2026-03-15,2026-03-15 08:00:00,2026-03-15 16:00:00,196,181,3
ROB-001,PROD-A,BATCH-ROB-001-2026-03-15,2026-03-15 08:00:00,2026-03-15 16:00:00,122,112,1
CNC-002,PROD-A,BATCH-CNC-002-2026-03-15,2026-03-15 08:00:00,2026-03-15 16:00:00,110,99,1
WLD-001,PROD-A,BATCH-WLD-001-2026-03-15,2026-03-15 08:00:00,2026-03-15 16:00:00,119,109,2
ROB-002,PROD-A,BATCH-ROB-002-2026-03-15,2026-03-15 08:00:00,2026-03-15 16:00:00,199,192,4
CON-001,PROD-A,BATCH-CON-001-2026-03-15,2026-03-15 08:00:00,2026-03-15 16:00:00,225,210,3
PKG-001,PROD-A,BATCH-PKG-001-2026-03-15,2026-03-15 08:00:00,2026-03-15 16:00:00,154,145,2
LAB-001,PROD-A,BATCH-LAB-001-2026-03-15,2026-03-15 08:00:00,2026-03-15 16:00:00,245,230,4
CNC-001,PROD-A,BATCH-CNC-001-2026-03-16,2026-03-16 08:00:00,2026-03-16 16:00:00,140,136,3
PRS-001,PROD-A,BATCH-PRS-001-2026-03-16,2026-03-16 08:00:00,2026-03-16 16:00:00,205,188,2
ROB-001,PROD-A,BATCH-ROB-001-2026-03-16,2026-03-16 08:00:00,2026-03-16 16:00:00,140,133,2
CNC-002,PROD-A,BATCH-CNC-002-2026-03-16,2026-03-16 08:00:00,2026-03-16 16:00:00,126,114,2
WLD-001,PROD-A,BATCH-WLD-001-2026-03-16,2026-03-16 08:00:00,2026-03-16 16:00:00,87,85,2
ROB-002,PROD-A,BATCH-ROB-002-2026-03-16,2026-03-16 08:00:00,2026-03-16 16:00:00,171,163,2
CON-001,PROD-A,BATCH-CON-001-2026-03-16,2026-03-16 08:00:00,2026-03-16 16:00:00,233,229,4
PKG-001,PROD-A,BATCH-PKG-001-2026-03-16,2026-03-16 08:00:00,2026-03-16 16:00:00,172,167,3
LAB-001,PROD-A,BATCH-LAB-001-2026-03-16,2026-03-16 08:00:00,2026-03-16 16:00:00,280,264,2
CNC-001,PROD-A,BATCH-CNC-001-2026-03-17,2026-03-17 08:00:00,2026-03-17 16:00:00,96,91,1
PRS-001,PROD-A,BATCH-PRS-001-2026-03-17,2026-03-17 08:00:00,2026-03-17 16:00:00,107,102,2
ROB-001,PROD-A,BATCH-ROB-001-2026-03-17,2026-03-17 08:00:00,2026-03-17 16:00:00,198,192,3
CNC-002,PROD-A,BATCH-CNC-002-2026-03-17,2026-03-17 08:00:00,2026-03-17 16:00:00,80,77,1
WLD-001,PROD-A,BATCH-WLD-001-2026-03-17,2026-03-17 08:00:00,2026-03-17 16:00:00,85,80,1
ROB-002,PROD-A,BATCH-ROB-002-2026-03-17,2026-03-17 08:00:00,2026-03-17 16:00:00,135,134,1
CON-001,PROD-A,BATCH-CON-001-2026-03-17,2026-03-17 08:00:00,2026-03-17 16:00:00,270,243,4
PKG-001,PROD-A,BATCH-PKG-001-2026-03-17,2026-03-17 08:00:00,2026-03-17 16:00:00,154,150,4
LAB-001,PROD-A,BATCH-LAB-001-2026-03-17,2026-03-17 08:00:00,2026-03-17 16:00:00,257,240,6
CNC-001,PROD-A,BATCH-CNC-001-2026-03-18,2026-03-18 08:00:00,2026-03-18 16:00:00,137,135,3
PRS-001,PROD-A,BATCH-PRS-001-2026-03-18,2026-03-18 08:00:00,2026-03-18 16:00:00,148,134,3
ROB-001,PROD-A,BATCH-ROB-001-2026-03-18,2026-03-18 08:00:00,2026-03-18 16:00:00,154,148,2
CNC-002,PROD-A,BATCH-CNC-002-2026-03-18,2026-03-18 08:00:00,2026-03-18 16:00:00,102,101,1
WLD-001,PROD-A,BATCH-WLD-001-2026-03-18,2026-03-18 08:00:00,2026-03-18 16:00:00,96,93,1
ROB-002,PROD-A,BATCH-ROB-002-2026-03-18,2026-03-18 08:00:00,2026-03-18 16:00:00,120,117,3
CON-001,PROD-A,BATCH-CON-001-2026-03-18,2026-03-18 08:00:00,2026-03-18 16:00:00,268,259,5
PKG-001,PROD-A,BATCH-PKG-001-2026-03-18,2026-03-18 08:00:00,2026-03-18 16:00:00,217,213,3
LAB-001,PROD-A,BATCH-LAB-001-2026-03-18,2026-03-18 08:00:00,2026-03-18 16:00:00,238,217,2
CNC-001,PROD-A,BATCH-CNC-001-2026-03-19,2026-03-19 08:00:00,2026-03-19 16:00:00,94,84,1
PRS-001,PROD-A,BATCH-PRS-001-2026-03-19,2026-03-19 08:00:00,2026-03-19 16:00:00,178,173,4
ROB-001,PROD-A,BATCH-ROB-001-2026-03-19,2026-03-19 08:00:00,2026-03-19 16:00:00,124,114,1
CNC-002,PROD-A,BATCH-CNC-002-2026-03-19,2026-03-19 08:00:00,2026-03-19 16:00:00,156,140,3
WLD-001,PROD-A,BATCH-WLD-001-2026-03-19,2026-03-19 08:00:00,2026-03-19 16:00:00,170,167,2
ROB-002,PROD-A,BATCH-ROB-002-2026-03-19,2026-03-19 08:00:00,2026-03-19 16:00:00,131,123,1
CON-001,PROD-A,BATCH-CON-001-2026-03-19,2026-03-19 08:00:00,2026-03-19 16:00:00,205,199,5
PKG-001,PROD-A,BATCH-PKG-001-2026-03-19,2026-03-19 08:00:00,2026-03-19 16:00:00,155,147,2
LAB-001,PROD-A,BATCH-LAB-001-2026-03-19,2026-03-19 08:00:00,2026-03-19 16:00:00,297,276,6
CNC-001,PROD-A,BATCH-CNC-001-2026-03-20,2026-03-20 08:00:00,2026-03-20 16:00:00,121,111,3
PRS-001,PROD-A,BATCH-PRS-001-2026-03-20,2026-03-20 08:00:00,2026-03-20 16:00:00,184,175,3
ROB-001,PROD-A,BATCH-ROB-001-2026-03-20,2026-03-20 08:00:00,2026-03-20 16:00:00,190,172,4
CNC-002,PROD-A,BATCH-CNC-002-2026-03-20,2026-03-20 08:00:00,2026-03-20 16:00:00,102,98,1
WLD-001,PROD-A,BATCH-WLD-001-2026-03-20,2026-03-20 08:00:00,2026-03-20 16:00:00,143,129,2
ROB-002,PROD-A,BATCH-ROB-002-2026-03-20,2026-03-20 08:00:00,2026-03-20 16:00:00,217,212,3
CON-001,PROD-A,BATCH-CON-001-2026-03-20,2026-03-20 08:00:00,2026-03-20 16:00:00,256,240,3
PKG-001,PROD-A,BATCH-PKG-001-2026-03-20,2026-03-20 08:00:00,2026-03-20 16:00:00,167,162,3
LAB-001,PROD-A,BATCH-LAB-001-2026-03-20,2026-03-20 08:00:00,2026-03-20 16:00:00,207,192,4
CNC-001,PROD-A,BATCH-CNC-001-2026-03-21,2026-03-21 08:00:00,2026-03-21 16:00:00,139,137,2
PRS-001,PROD-A,BATCH-PRS-001-2026-03-21,2026-03-21 08:00:00,2026-03-21 16:00:00,153,146,1
ROB-001,PROD-A,BATCH-ROB-001-2026-03-21,2026-03-21 08:00:00,2026-03-21 16:00:00,182,168,2
CNC-002,PROD-A,BATCH-CNC-002-2026-03-21,2026-03-21 08:00:00,2026-03-21 16:00:00,90,89,2
WLD-001,PROD-A,BATCH-WLD-001-2026-03-21,2026-03-21 08:00:00,2026-03-21 16:00:00,91,86,2
ROB-002,PROD-A,BATCH-ROB-002-2026-03-21,2026-03-21 08:00:00,2026-03-21 16:00:00,133,123,2
CON-001,PROD-A,BATCH-CON-001-2026-03-21,2026-03-21 08:00:00,2026-03-21 16:00:00,160,157,2
PKG-001,PROD-A,BATCH-PKG-001-2026-03-21,2026-03-21 08:00:00,2026-03-21 16:00:00,175,165,4
LAB-001,PROD-A,BATCH-LAB-001-2026-03-21,2026-03-21 08:00:00,2026-03-21 16:00:00,235,218,6
CNC-001,PROD-A,BATCH-CNC-001-2026-03-22,2026-03-22 08:00:00,2026-03-22 16:00:00,107,106,3
PRS-001,PROD-A,BATCH-PRS-001-2026-03-22,2026-03-22 08:00:00,2026-03-22 16:00:00,115,112,2
ROB-001,PROD-A,BATCH-ROB-001-2026-03-22,2026-03-22 08:00:00,2026-03-22 16:00:00,182,176,4
CNC-002,PROD-A,BATCH-CNC-002-2026-03-22,2026-03-22 08:00:00,2026-03-22 16:00:00,130,128,2
WLD-001,PROD-A,BATCH-WLD-001-2026-03-22,2026-03-22 08:00:00,2026-03-22 16:00:00,179,166,3
ROB-002,PROD-A,BATCH-ROB-002-2026-03-22,2026-03-22 08:00:00,2026-03-22 16:00:00,211,196,3
CON-001,PROD-A,BATCH-CON-001-2026-03-22,2026-03-22 08:00:00,2026-03-22 16:00:00,277,262,6
PKG-001,PROD-A,BATCH-PKG-001-2026-03-22,2026-03-22 08:00:00,2026-03-22 16:00:00,240,234,3
LAB-001,PROD-A,BATCH-LAB-001-2026-03-22,2026-03-22 08:00:00,2026-03-22 16:00:00,202,189,3
CNC-001,PROD-A,BATCH-CNC-001-2026-03-23,2026-03-23 08:00:00,2026-03-23 16:00:00,152,149,3
PRS-001,PROD-A,BATCH-PRS-001-2026-03-23,2026-03-23 08:00:00,2026-03-23 16:00:00,102,94,2
ROB-001,PROD-A,BATCH-ROB-001-2026-03-23,2026-03-23 08:00:00,2026-03-23 16:00:00,226,210,2
CNC-002,PROD-A,BATCH-CNC-002-2026-03-23,2026-03-23 08:00:00,2026-03-23 16:00:00,109,102,2
WLD-001,PROD-A,BATCH-WLD-001-2026-03-23,2026-03-23 08:00:00,2026-03-23 16:00:00,143,136,3
ROB-002,PROD-A,BATCH-ROB-002-2026-03-23,2026-03-23 08:00:00,2026-03-23 16:00:00,206,190,5
CON-001,PROD-A,BATCH-CON-001-2026-03-23,2026-03-23 08:00:00,2026-03-23 16:00:00,275,260,6
PKG-001,PROD-A,BATCH-PKG-001-2026-03-23,2026-03-23 08:00:00,2026-03-23 16:00:00,210,192,4
LAB-001,PROD-A,BATCH-LAB-001-2026-03-23,2026-03-23 08:00:00,2026-03-23 16:00:00,275,252,7
CNC-001,PROD-A,BATCH-CNC-001-2026-03-24,2026-03-24 08:00:00,2026-03-24 16:00:00,87,82,2
PRS-001,PROD-A,BATCH-PRS-001-2026-03-24,2026-03-24 08:00:00,2026-03-24 16:00:00,109,108,2
ROB-001,PROD-A,BATCH-ROB-001-2026-03-24,2026-03-24 08:00:00,2026-03-24 16:00:00,121,113,3
CNC-002,PROD-A,BATCH-CNC-002-2026-03-24,2026-03-24 08:00:00,2026-03-24 16:00:00,109,98,1
WLD-001,PROD-A,BATCH-WLD-001-2026-03-24,2026-03-24 08:00:00,2026-03-24 16:00:00,107,101,1
ROB-002,PROD-A,BATCH-ROB-002-2026-03-24,2026-03-24 08:00:00,2026-03-24 16:00:00,243,234,2
CON-001,PROD-A,BATCH-CON-001-2026-03-24,2026-03-24 08:00:00,2026-03-24 16:00:00,286,273,2
PKG-001,PROD-A,BATCH-PKG-001-2026-03-24,2026-03-24 08:00:00,2026-03-24 16:00:00,190,181,2
LAB-001,PROD-A,BATCH-LAB-001-2026-03-24,2026-03-24 08:00:00,2026-03-24 16:00:00,278,272,6
CNC-001,PROD-A,BATCH-CNC-001-2026-03-25,2026-03-25 08:00:00,2026-03-25 16:00:00,102,92,1
PRS-001,PROD-A,BATCH-PRS-001-2026-03-25,2026-03-25 08:00:00,2026-03-25 16:00:00,119,109,2
ROB-001,PROD-A,BATCH-ROB-001-2026-03-25,2026-03-25 08:00:00,2026-03-25 16:00:00,184,180,2
CNC-002,PROD-A,BATCH-CNC-002-2026-03-25,2026-03-25 08:00:00,2026-03-25 16:00:00,130,118,3
WLD-001,PROD-A,BATCH-WLD-001-2026-03-25,2026-03-25 08:00:00,2026-03-25 16:00:00,138,131,3
ROB-002,PROD-A,BATCH-ROB-002-2026-03-25,2026-03-25 08:00:00,2026-03-25 16:00:00,177,164,4
CON-001,PROD-A,BATCH-CON-001-2026-03-25,2026-03-25 08:00:00,2026-03-25 16:00:00,170,164,4
PKG-001,PROD-A,BATCH-PKG-001-2026-03-25,2026-03-25 08:00:00,2026-03-25 16:00:00,128,116,2
LAB-001,PROD-A,BATCH-LAB-001-2026-03-25,2026-03-25 08:00:00,2026-03-25 16:00:00,291,275,6
CNC-001,PROD-A,BATCH-CNC-001-2026-03-26,2026-03-26 08:00:00,2026-03-26 16:00:00,101,91,2
PRS-001,PROD-A,BATCH-PRS-001-2026-03-26,2026-03-26 08:00:00,2026-03-26 16:00:00,182,178,3
ROB-001,PROD-A,BATCH-ROB-001-2026-03-26,2026-03-26 08:00:00,2026-03-26 16:00:00,144,142,4
CNC-002,PROD-A,BATCH-CNC-002-2026-03-26,2026-03-26 08:00:00,2026-03-26 16:00:00,109,100,2
WLD-001,PROD-A,BATCH-WLD-001-2026-03-26,2026-03-26 08:00:00,2026-03-26 16:00:00,152,144,1
ROB-002,PROD-A,BATCH-ROB-002-2026-03-26,2026-03-26 08:00:00,2026-03-26 16:00:00,139,134,2
CON-001,PROD-A,BATCH-CON-001-2026-03-26,2026-03-26 08:00:00,2026-03-26 16:00:00,289,276,2
PKG-001,PROD-A,BATCH-PKG-001-2026-03-26,2026-03-26 08:00:00,2026-03-26 16:00:00,200,180,2
LAB-001,PROD-A,BATCH-LAB-001-2026-03-26,2026-03-26 08:00:00,2026-03-26 16:00:00,186,181,4
CNC-001,PROD-A,BATCH-CNC-001-2026-03-27,2026-03-27 08:00:00,2026-03-27 16:00:00,130,129,2
PRS-001,PROD-A,BATCH-PRS-001-2026-03-27,2026-03-27 08:00:00,2026-03-27 16:00:00,172,158,4
ROB-001,PROD-A,BATCH-ROB-001-2026-03-27,2026-03-27 08:00:00,2026-03-27 16:00:00,219,211,4
CNC-002,PROD-A,BATCH-CNC-002-2026-03-27,2026-03-27 08:00:00,2026-03-27 16:00:00,129,125,1
WLD-001,PROD-A,BATCH-WLD-001-2026-03-27,2026-03-27 08:00:00,2026-03-27 16:00:00,168,163,3
ROB-002,PROD-A,BATCH-ROB-002-2026-03-27,2026-03-27 08:00:00,2026-03-27 16:00:00,208,188,3
CON-001,PROD-A,BATCH-CON-001-2026-03-27,2026-03-27 08:00:00,2026-03-27 16:00:00,169,157,3
PKG-001,PROD-A,BATCH-PKG-001-2026-03-27,2026-03-27 08:00:00,2026-03-27 16:00:00,221,220,3
LAB-001,PROD-A,BATCH-LAB-001-2026-03-27,2026-03-27 08:00:00,2026-03-27 16:00:00,219,214,4
CNC-001,PROD-A,BATCH-CNC-001-2026-03-28,2026-03-28 08:00:00,2026-03-28 16:00:00,109,101,2
PRS-001,PROD-A,BATCH-PRS-001-2026-03-28,2026-03-28 08:00:00,2026-03-28 16:00:00,155,142,3
ROB-001,PROD-A,BATCH-ROB-001-2026-03-28,2026-03-28 08:00:00,2026-03-28 16:00:00,217,197,4
CNC-002,PROD-A,BATCH-CNC-002-2026-03-28,2026-03-28 08:00:00,2026-03-28 16:00:00,111,107,1
WLD-001,PROD-A,BATCH-WLD-001-2026-03-28,2026-03-28 08:00:00,2026-03-28 16:00:00,99,92,2
ROB-002,PROD-A,BATCH-ROB-002-2026-03-28,2026-03-28 08:00:00,2026-03-28 16:00:00,159,154,2
CON-001,PROD-A,BATCH-CON-001-2026-03-28,2026-03-28 08:00:00,2026-03-28 16:00:00,177,160,4
PKG-001,PROD-A,BATCH-PKG-001-2026-03-28,2026-03-28 08:00:00,2026-03-28 16:00:00,233,218,3
LAB-001,PROD-A,BATCH-LAB-001-2026-03-28,2026-03-28 08:00:00,2026-03-28 16:00:00,183,166,3
CNC-001,PROD-A,BATCH-CNC-001-2026-03-29,2026-03-29 08:00:00,2026-03-29 16:00:00,151,144,2
PRS-001,PROD-A,BATCH-PRS-001-2026-03-29,2026-03-29 08:00:00,2026-03-29 16:00:00,103,93,1
ROB-001,PROD-A,BATCH-ROB-001-2026-03-29,2026-03-29 08:00:00,2026-03-29 16:00:00,203,200,2
CNC-002,PROD-A,BATCH-CNC-002-2026-03-29,2026-03-29 08:00:00,2026-03-29 16:00:00,132,123,1
WLD-001,PROD-A,BATCH-WLD-001-2026-03-29,2026-03-29 08:00:00,2026-03-29 16:00:00,151,149,4
ROB-002,PROD-A,BATCH-ROB-002-2026-03-29,2026-03-29 08:00:00,2026-03-29 16:00:00,163,157,2
CON-001,PROD-A,BATCH-CON-001-2026-03-29,2026-03-29 08:00:00,2026-03-29 16:00:00,218,202,4
PKG-001,PROD-A,BATCH-PKG-001-2026-03-29,2026-03-29 08:00:00,2026-03-29 16:00:00,136,124,1
LAB-001,PROD-A,BATCH-LAB-001-2026-03-29,2026-03-29 08:00:00,2026-03-29 16:00:00,226,214,2
CNC-001,PROD-A,BATCH-CNC-001-2026-03-30,2026-03-30 08:00:00,2026-03-30 16:00:00,112,111,2
PRS-001,PROD-A,BATCH-PRS-001-2026-03-30,2026-03-30 08:00:00,2026-03-30 16:00:00,163,156,2
ROB-001,PROD-A,BATCH-ROB-001-2026-03-30,2026-03-30 08:00:00,2026-03-30 16:00:00,147,134,1
CNC-002,PROD-A,BATCH-CNC-002-2026-03-30,2026-03-30 08:00:00,2026-03-30 16:00:00,130,121,2
WLD-001,PROD-A,BATCH-WLD-001-2026-03-30,2026-03-30 08:00:00,2026-03-30 16:00:00,122,115,2
ROB-002,PROD-A,BATCH-ROB-002-2026-03-30,2026-03-30 08:00:00,2026-03-30 16:00:00,154,143,3
CON-001,PROD-A,BATCH-CON-001-2026-03-30,2026-03-30 08:00:00,2026-03-30 16:00:00,201,190,2
PKG-001,PROD-A,BATCH-PKG-001-2026-03-30,2026-03-30 08:00:00,2026-03-30 16:00:00,221,220,3
LAB-001,PROD-A,BATCH-LAB-001-2026-03-30,2026-03-30 08:00:00,2026-03-30 16:00:00,275,274,7
CNC-001,PROD-A,BATCH-CNC-001-2026-03-31,2026-03-31 08:00:00,2026-03-31 16:00:00,121,113,2
PRS-001,PROD-A,BATCH-PRS-001-2026-03-31,2026-03-31 08:00:00,2026-03-31 16:00:00,150,140,4
ROB-001,PROD-A,BATCH-ROB-001-2026-03-31,2026-03-31 08:00:00,2026-03-31 16:00:00,171,164,3
CNC-002,PROD-A,BATCH-CNC-002-2026-03-31,2026-03-31 08:00:00,2026-03-31 16:00:00,150,135,3
WLD-001,PROD-A,BATCH-WLD-001-2026-03-31,2026-03-31 08:00:00,2026-03-31 16:00:00,170,156,4
ROB-002,PROD-A,BATCH-ROB-002-2026-03-31,2026-03-31 08:00:00,2026-03-31 16:00:00,137,134,3
CON-001,PROD-A,BATCH-CON-001-2026-03-31,2026-03-31 08:00:00,2026-03-31 16:00:00,254,245,3
PKG-001,PROD-A,BATCH-PKG-001-2026-03-31,2026-03-31 08:00:00,2026-03-31 16:00:00,197,182,4
LAB-001,PROD-A,BATCH-LAB-001-2026-03-31,2026-03-31 08:00:00,2026-03-31 16:00:00,258,252,2
CNC-001,PROD-A,BATCH-CNC-001-2026-04-01,2026-04-01 08:00:00,2026-04-01 16:00:00,156,147,2
PRS-001,PROD-A,BATCH-PRS-001-2026-04-01,2026-04-01 08:00:00,2026-04-01 16:00:00,164,162,4
ROB-001,PROD-A,BATCH-ROB-001-2026-04-01,2026-04-01 08:00:00,2026-04-01 16:00:00,227,216,5
CNC-002,PROD-A,BATCH-CNC-002-2026-04-01,2026-04-01 08:00:00,2026-04-01 16:00:00,126,122,3
WLD-001,PROD-A,BATCH-WLD-001-2026-04-01,2026-04-01 08:00:00,2026-04-01 16:00:00,156,150,1
ROB-002,PROD-A,BATCH-ROB-002-2026-04-01,2026-04-01 08:00:00,2026-04-01 16:00:00,183,176,3
CON-001,PROD-A,BATCH-CON-001-2026-04-01,2026-04-01 08:00:00,2026-04-01 16:00:00,161,153,3
PKG-001,PROD-A,BATCH-PKG-001-2026-04-01,2026-04-01 08:00:00,2026-04-01 16:00:00,222,221,3
LAB-001,PROD-A,BATCH-LAB-001-2026-04-01,2026-04-01 08:00:00,2026-04-01 16:00:00,260,236,2
CNC-001,PROD-A,BATCH-CNC-001-2026-04-02,2026-04-02 08:00:00,2026-04-02 16:00:00,108,102,2
PRS-001,PROD-A,BATCH-PRS-001-2026-04-02,2026-04-02 08:00:00,2026-04-02 16:00:00,174,168,2
ROB-001,PROD-A,BATCH-ROB-001-2026-04-02,2026-04-02 08:00:00,2026-04-02 16:00:00,215,201,5
CNC-002,PROD-A,BATCH-CNC-002-2026-04-02,2026-04-02 08:00:00,2026-04-02 16:00:00,155,150,1
WLD-001,PROD-A,BATCH-WLD-001-2026-04-02,2026-04-02 08:00:00,2026-04-02 16:00:00,83,78,1
ROB-002,PROD-A,BATCH-ROB-002-2026-04-02,2026-04-02 08:00:00,2026-04-02 16:00:00,141,128,3
CON-001,PROD-A,BATCH-CON-001-2026-04-02,2026-04-02 08:00:00,2026-04-02 16:00:00,186,173,2
PKG-001,PROD-A,BATCH-PKG-001-2026-04-02,2026-04-02 08:00:00,2026-04-02 16:00:00,172,163,2
LAB-001,PROD-A,BATCH-LAB-001-2026-04-02,2026-04-02 08:00:00,2026-04-02 16:00:00,174,164,3
CNC-001,PROD-A,BATCH-CNC-001-2026-04-03,2026-04-03 08:00:00,2026-04-03 16:00:00,120,108,1
PRS-001,PROD-A,BATCH-PRS-001-2026-04-03,2026-04-03 08:00:00,2026-04-03 16:00:00,190,173,4
ROB-001,PROD-A,BATCH-ROB-001-2026-04-03,2026-04-03 08:00:00,2026-04-03 16:00:00,147,142,1
CNC-002,PROD-A,BATCH-CNC-002-2026-04-03,2026-04-03 08:00:00,2026-04-03 16:00:00,111,105,2
WLD-001,PROD-A,BATCH-WLD-001-2026-04-03,2026-04-03 08:00:00,2026-04-03 16:00:00,122,116,3
ROB-002,PROD-A,BATCH-ROB-002-2026-04-03,2026-04-03 08:00:00,2026-04-03 16:00:00,179,175,3
CON-001,PROD-A,BATCH-CON-001-2026-04-03,2026-04-03 08:00:00,2026-04-03 16:00:00,197,189,3
PKG-001,PROD-A,BATCH-PKG-001-2026-04-03,2026-04-03 08:00:00,2026-04-03 16:00:00,127,123,3
LAB-001,PROD-A,BATCH-LAB-001-2026-04-03,2026-04-03 08:00:00,2026-04-03 16:00:00,265,254,4
CNC-001,PROD-A,BATCH-CNC-001-2026-04-04,2026-04-04 08:00:00,2026-04-04 16:00:00,107,98,2
PRS-001,PROD-A,BATCH-PRS-001-2026-04-04,2026-04-04 08:00:00,2026-04-04 16:00:00,203,198,4
ROB-001,PROD-A,BATCH-ROB-001-2026-04-04,2026-04-04 08:00:00,2026-04-04 16:00:00,167,156,2
CNC-002,PROD-A,BATCH-CNC-002-2026-04-04,2026-04-04 08:00:00,2026-04-04 16:00:00,94,87,2
WLD-001,PROD-A,BATCH-WLD-001-2026-04-04,2026-04-04 08:00:00,2026-04-04 16:00:00,147,146,2
ROB-002,PROD-A,BATCH-ROB-002-2026-04-04,2026-04-04 08:00:00,2026-04-04 16:00:00,219,210,4
CON-001,PROD-A,BATCH-CON-001-2026-04-04,2026-04-04 08:00:00,2026-04-04 16:00:00,239,223,4
PKG-001,PROD-A,BATCH-PKG-001-2026-04-04,2026-04-04 08:00:00,2026-04-04 16:00:00,164,160,3
LAB-001,PROD-A,BATCH-LAB-001-2026-04-04,2026-04-04 08:00:00,2026-04-04 16:00:00,226,224,4
CNC-001,PROD-A,BATCH-CNC-001-2026-04-05,2026-04-05 08:00:00,2026-04-05 16:00:00,97,90,1
PRS-001,PROD-A,BATCH-PRS-001-2026-04-05,2026-04-05 08:00:00,2026-04-05 16:00:00,114,104,2
ROB-001,PROD-A,BATCH-ROB-001-2026-04-05,2026-04-05 08:00:00,2026-04-05 16:00:00,250,234,5
CNC-002,PROD-A,BATCH-CNC-002-2026-04-05,2026-04-05 08:00:00,2026-04-05 16:00:00,153,131,3
WLD-001,PROD-A,BATCH-WLD-001-2026-04-05,2026-04-05 08:00:00,2026-04-05 16:00:00,161,153,4
ROB-002,PROD-A,BATCH-ROB-002-2026-04-05,2026-04-05 08:00:00,2026-04-05 16:00:00,164,156,3
CON-001,PROD-A,BATCH-CON-001-2026-04-05,2026-04-05 08:00:00,2026-04-05 16:00:00,185,169,4
PKG-001,PROD-A,BATCH-PKG-001-2026-04-05,2026-04-05 08:00:00,2026-04-05 16:00:00,133,131,3
LAB-001,PROD-A,BATCH-LAB-001-2026-04-05,2026-04-05 08:00:00,2026-04-05 16:00:00,274,250,6
CNC-001,PROD-A,BATCH-CNC-001-2026-04-06,2026-04-06 08:00:00,2026-04-06 16:00:00,151,143,2
PRS-001,PROD-A,BATCH-PRS-001-2026-04-06,2026-04-06 08:00:00,2026-04-06 16:00:00,187,177,4
ROB-001,PROD-A,BATCH-ROB-001-2026-04-06,2026-04-06 08:00:00,2026-04-06 16:00:00,233,221,2
CNC-002,PROD-A,BATCH-CNC-002-2026-04-06,2026-04-06 08:00:00,2026-04-06 16:00:00,83,76,2
WLD-001,PROD-A,BATCH-WLD-001-2026-04-06,2026-04-06 08:00:00,2026-04-06 16:00:00,84,77,1
ROB-002,PROD-A,BATCH-ROB-002-2026-04-06,2026-04-06 08:00:00,2026-04-06 16:00:00,163,159,3
CON-001,PROD-A,BATCH-CON-001-2026-04-06,2026-04-06 08:00:00,2026-04-06 16:00:00,276,263,3
PKG-001,PROD-A,BATCH-PKG-001-2026-04-06,2026-04-06 08:00:00,2026-04-06 16:00:00,149,138,2
LAB-001,PROD-A,BATCH-LAB-001-2026-04-06,2026-04-06 08:00:00,2026-04-06 16:00:00,243,231,5
CNC-001,PROD-A,BATCH-CNC-001-2026-04-07,2026-04-07 08:00:00,2026-04-07 16:00:00,136,129,3
PRS-001,PROD-A,BATCH-PRS-001-2026-04-07,2026-04-07 08:00:00,2026-04-07 16:00:00,113,110,2
ROB-001,PROD-A,BATCH-ROB-001-2026-04-07,2026-04-07 08:00:00,2026-04-07 16:00:00,183,170,5
CNC-002,PROD-A,BATCH-CNC-002-2026-04-07,2026-04-07 08:00:00,2026-04-07 16:00:00,137,115,6
WLD-001,PROD-A,BATCH-WLD-001-2026-04-07,2026-04-07 08:00:00,2026-04-07 16:00:00,91,85,2
ROB-002,PROD-A,BATCH-ROB-002-2026-04-07,2026-04-07 08:00:00,2026-04-07 16:00:00,180,165,4
CON-001,PROD-A,BATCH-CON-001-2026-04-07,2026-04-07 08:00:00,2026-04-07 16:00:00,239,235,5
PKG-001,PROD-A,BATCH-PKG-001-2026-04-07,2026-04-07 08:00:00,2026-04-07 16:00:00,229,209,2
LAB-001,PROD-A,BATCH-LAB-001-2026-04-07,2026-04-07 08:00:00,2026-04-07 16:00:00,202,198,5
CNC-001,PROD-A,BATCH-CNC-001-2026-04-08,2026-04-08 08:00:00,2026-04-08 16:00:00,152,142,2
PRS-001,PROD-A,BATCH-PRS-001-2026-04-08,2026-04-08 08:00:00,2026-04-08 16:00:00,168,154,4
ROB-001,PROD-A,BATCH-ROB-001-2026-04-08,2026-04-08 08:00:00,2026-04-08 16:00:00,194,180,2
CNC-002,PROD-A,BATCH-CNC-002-2026-04-08,2026-04-08 08:00:00,2026-04-08 16:00:00,145,137,6
WLD-001,PROD-A,BATCH-WLD-001-2026-04-08,2026-04-08 08:00:00,2026-04-08 16:00:00,92,84,2
ROB-002,PROD-A,BATCH-ROB-002-2026-04-08,2026-04-08 08:00:00,2026-04-08 16:00:00,225,223,6
CON-001,PROD-A,BATCH-CON-001-2026-04-08,2026-04-08 08:00:00,2026-04-08 16:00:00,182,176,2
PKG-001,PROD-A,BATCH-PKG-001-2026-04-08,2026-04-08 08:00:00,2026-04-08 16:00:00,157,152,4
LAB-001,PROD-A,BATCH-LAB-001-2026-04-08,2026-04-08 08:00:00,2026-04-08 16:00:00,250,237,5
CNC-001,PROD-A,BATCH-CNC-001-2026-04-09,2026-04-09 08:00:00,2026-04-09 16:00:00,114,109,1
PRS-001,PROD-A,BATCH-PRS-001-2026-04-09,2026-04-09 08:00:00,2026-04-09 16:00:00,109,105,2
ROB-001,PROD-A,BATCH-ROB-001-2026-04-09,2026-04-09 08:00:00,2026-04-09 16:00:00,143,134,3
CNC-002,PROD-A,BATCH-CNC-002-2026-04-09,2026-04-09 08:00:00,2026-04-09 16:00:00,127,110,4
WLD-001,PROD-A,BATCH-WLD-001-2026-04-09,2026-04-09 08:00:00,2026-04-09 16:00:00,154,138,3
ROB-002,PROD-A,BATCH-ROB-002-2026-04-09,2026-04-09 08:00:00,2026-04-09 16:00:00,143,139,2
CON-001,PROD-A,BATCH-CON-001-2026-04-09,2026-04-09 08:00:00,2026-04-09 16:00:00,241,237,6
PKG-001,PROD-A,BATCH-PKG-001-2026-04-09,2026-04-09 08:00:00,2026-04-09 16:00:00,221,203,3
LAB-001,PROD-A,BATCH-LAB-001-2026-04-09,2026-04-09 08:00:00,2026-04-09 16:00:00,204,193,3
CNC-001,PROD-A,BATCH-CNC-001-2026-04-10,2026-04-10 08:00:00,2026-04-10 16:00:00,116,108,2
PRS-001,PROD-A,BATCH-PRS-001-2026-04-10,2026-04-10 08:00:00,2026-04-10 16:00:00,172,169,4
ROB-001,PROD-A,BATCH-ROB-001-2026-04-10,2026-04-10 08:00:00,2026-04-10 16:00:00,132,119,2
CNC-002,PROD-A,BATCH-CNC-002-2026-04-10,2026-04-10 08:00:00,2026-04-10 16:00:00,138,110,6
WLD-001,PROD-A,BATCH-WLD-001-2026-04-10,2026-04-10 08:00:00,2026-04-10 16:00:00,100,94,0
ROB-002,PROD-A,BATCH-ROB-002-2026-04-10,2026-04-10 08:00:00,2026-04-10 16:00:00,229,210,4
CON-001,PROD-A,BATCH-CON-001-2026-04-10,2026-04-10 08:00:00,2026-04-10 16:00:00,183,180,2
PKG-001,PROD-A,BATCH-PKG-001-2026-04-10,2026-04-10 08:00:00,2026-04-10 16:00:00,190,172,2
LAB-001,PROD-A,BATCH-LAB-001-2026-04-10,2026-04-10 08:00:00,2026-04-10 16:00:00,171,160,4
CNC-001,PROD-A,BATCH-CNC-001-2026-04-11,2026-04-11 08:00:00,2026-04-11 16:00:00,101,91,2
PRS-001,PROD-A,BATCH-PRS-001-2026-04-11,2026-04-11 08:00:00,2026-04-11 16:00:00,192,186,2
ROB-001,PROD-A,BATCH-ROB-001-2026-04-11,2026-04-11 08:00:00,2026-04-11 16:00:00,143,138,1
CNC-002,PROD-A,BATCH-CNC-002-2026-04-11,2026-04-11 08:00:00,2026-04-11 16:00:00,141,114,4
WLD-001,PROD-A,BATCH-WLD-001-2026-04-11,2026-04-11 08:00:00,2026-04-11 16:00:00,146,141,1
ROB-002,PROD-A,BATCH-ROB-002-2026-04-11,2026-04-11 08:00:00,2026-04-11 16:00:00,207,203,6
CON-001,PROD-A,BATCH-CON-001-2026-04-11,2026-04-11 08:00:00,2026-04-11 16:00:00,258,250,4
PKG-001,PROD-A,BATCH-PKG-001-2026-04-11,2026-04-11 08:00:00,2026-04-11 16:00:00,178,167,4
LAB-001,PROD-A,BATCH-LAB-001-2026-04-11,2026-04-11 08:00:00,2026-04-11 16:00:00,176,160,2
CNC-001,PROD-A,BATCH-CNC-001-2026-04-12,2026-04-12 08:00:00,2026-04-12 16:00:00,118,107,2
PRS-001,PROD-A,BATCH-PRS-001-2026-04-12,2026-04-12 08:00:00,2026-04-12 16:00:00,196,193,4
ROB-001,PROD-A,BATCH-ROB-001-2026-04-12,2026-04-12 08:00:00,2026-04-12 16:00:00,156,141,2
CNC-002,PROD-A,BATCH-CNC-002-2026-04-12,2026-04-12 08:00:00,2026-04-12 16:00:00,158,141,5
WLD-001,PROD-A,BATCH-WLD-001-2026-04-12,2026-04-12 08:00:00,2026-04-12 16:00:00,172,158,3
ROB-002,PROD-A,BATCH-ROB-002-2026-04-12,2026-04-12 08:00:00,2026-04-12 16:00:00,225,216,4
CON-001,PROD-A,BATCH-CON-001-2026-04-12,2026-04-12 08:00:00,2026-04-12 16:00:00,205,186,2
PKG-001,PROD-A,BATCH-PKG-001-2026-04-12,2026-04-12 08:00:00,2026-04-12 16:00:00,151,144,2
LAB-001,PROD-A,BATCH-LAB-001-2026-04-12,2026-04-12 08:00:00,2026-04-12 16:00:00,259,241,3
CNC-001,PROD-A,BATCH-CNC-001-2026-04-13,2026-04-13 08:00:00,2026-04-13 16:00:00,115,110,1
PRS-001,PROD-A,BATCH-PRS-001-2026-04-13,2026-04-13 08:00:00,2026-04-13 16:00:00,176,168,3
ROB-001,PROD-A,BATCH-ROB-001-2026-04-13,2026-04-13 08:00:00,2026-04-13 16:00:00,126,124,2
CNC-002,PROD-A,BATCH-CNC-002-2026-04-13,2026-04-13 08:00:00,2026-04-13 16:00:00,118,98,4
WLD-001,PROD-A,BATCH-WLD-001-2026-04-13,2026-04-13 08:00:00,2026-04-13 16:00:00,104,101,1
ROB-002,PROD-A,BATCH-ROB-002-2026-04-13,2026-04-13 08:00:00,2026-04-13 16:00:00,133,130,3
CON-001,PROD-A,BATCH-CON-001-2026-04-13,2026-04-13 08:00:00,2026-04-13 16:00:00,211,200,2
PKG-001,PROD-A,BATCH-PKG-001-2026-04-13,2026-04-13 08:00:00,2026-04-13 16:00:00,247,238,2
LAB-001,PROD-A,BATCH-LAB-001-2026-04-13,2026-04-13 08:00:00,2026-04-13 16:00:00,153,152,4
CNC-001,PROD-A,BATCH-CNC-001-2026-04-14,2026-04-14 08:00:00,2026-04-14 16:00:00,96,90,2
PRS-001,PROD-A,BATCH-PRS-001-2026-04-14,2026-04-14 08:00:00,2026-04-14 16:00:00,153,143,3
ROB-001,PROD-A,BATCH-ROB-001-2026-04-14,2026-04-14 08:00:00,2026-04-14 16:00:00,240,238,6
CNC-002,PROD-A,BATCH-CNC-002-2026-04-14,2026-04-14 08:00:00,2026-04-14 16:00:00,82,72,1
WLD-001,PROD-A,BATCH-WLD-001-2026-04-14,2026-04-14 08:00:00,2026-04-14 16:00:00,107,96,1
ROB-002,PROD-A,BATCH-ROB-002-2026-04-14,2026-04-14 08:00:00,2026-04-14 16:00:00,221,210,4
CON-001,PROD-A,BATCH-CON-001-2026-04-14,2026-04-14 08:00:00,2026-04-14 16:00:00,278,271,5
PKG-001,PROD-A,BATCH-PKG-001-2026-04-14,2026-04-14 08:00:00,2026-04-14 16:00:00,222,201,4
LAB-001,PROD-A,BATCH-LAB-001-2026-04-14,2026-04-14 08:00:00,2026-04-14 16:00:00,189,175,2
CNC-001,PROD-A,BATCH-CNC-001-2026-04-15,2026-04-15 08:00:00,2026-04-15 16:00:00,145,143,4
PRS-001,PROD-A,BATCH-PRS-001-2026-04-15,2026-04-15 08:00:00,2026-04-15 16:00:00,119,113,2
ROB-001,PROD-A,BATCH-ROB-001-2026-04-15,2026-04-15 08:00:00,2026-04-15 16:00:00,136,126,2
CNC-002,PROD-A,BATCH-CNC-002-2026-04-15,2026-04-15 08:00:00,2026-04-15 16:00:00,110,88,2
WLD-001,PROD-A,BATCH-WLD-001-2026-04-15,2026-04-15 08:00:00,2026-04-15 16:00:00,135,123,2
ROB-002,PROD-A,BATCH-ROB-002-2026-04-15,2026-04-15 08:00:00,2026-04-15 16:00:00,134,124,3
CON-001,PROD-A,BATCH-CON-001-2026-04-15,2026-04-15 08:00:00,2026-04-15 16:00:00,194,176,4
PKG-001,PROD-A,BATCH-PKG-001-2026-04-15,2026-04-15 08:00:00,2026-04-15 16:00:00,122,111,3
LAB-001,PROD-A,BATCH-LAB-001-2026-04-15,2026-04-15 08:00:00,2026-04-15 16:00:00,283,269,7
CNC-001,PROD-A,BATCH-CNC-001-2026-04-16,2026-04-16 08:00:00,2026-04-16 16:00:00,113,103,1
PRS-001,PROD-A,BATCH-PRS-001-2026-04-16,2026-04-16 08:00:00,2026-04-16 16:00:00,199,196,4
ROB-001,PROD-A,BATCH-ROB-001-2026-04-16,2026-04-16 08:00:00,2026-04-16 16:00:00,150,146,1
CNC-002,PROD-A,BATCH-CNC-002-2026-04-16,2026-04-16 08:00:00,2026-04-16 16:00:00,134,112,2
WLD-001,PROD-A,BATCH-WLD-001-2026-04-16,2026-04-16 08:00:00,2026-04-16 16:00:00,171,170,3
ROB-002,PROD-A,BATCH-ROB-002-2026-04-16,2026-04-16 08:00:00,2026-04-16 16:00:00,247,233,4
CON-001,PROD-A,BATCH-CON-001-2026-04-16,2026-04-16 08:00:00,2026-04-16 16:00:00,277,273,3
PKG-001,PROD-A,BATCH-PKG-001-2026-04-16,2026-04-16 08:00:00,2026-04-16 16:00:00,160,148,1
LAB-001,PROD-A,BATCH-LAB-001-2026-04-16,2026-04-16 08:00:00,2026-04-16 16:00:00,296,286,3
CNC-001,PROD-A,BATCH-CNC-001-2026-04-17,2026-04-17 08:00:00,2026-04-17 16:00:00,145,130,3
PRS-001,PROD-A,BATCH-PRS-001-2026-04-17,2026-04-17 08:00:00,2026-04-17 16:00:00,101,93,1
ROB-001,PROD-A,BATCH-ROB-001-2026-04-17,2026-04-17 08:00:00,2026-04-17 16:00:00,218,216,2
CNC-002,PROD-A,BATCH-CNC-002-2026-04-17,2026-04-17 08:00:00,2026-04-17 16:00:00,84,80,2
WLD-001,PROD-A,BATCH-WLD-001-2026-04-17,2026-04-17 08:00:00,2026-04-17 16:00:00,174,168,2
ROB-002,PROD-A,BATCH-ROB-002-2026-04-17,2026-04-17 08:00:00,2026-04-17 16:00:00,183,172,4
CON-001,PROD-A,BATCH-CON-001-2026-04-17,2026-04-17 08:00:00,2026-04-17 16:00:00,219,215,4
PKG-001,PROD-A,BATCH-PKG-001-2026-04-17,2026-04-17 08:00:00,2026-04-17 16:00:00,150,142,3
LAB-001,PROD-A,BATCH-LAB-001-2026-04-17,2026-04-17 08:00:00,2026-04-17 16:00:00,195,179,3
CNC-001,PROD-A,BATCH-CNC-001-2026-04-18,2026-04-18 08:00:00,2026-04-18 16:00:00,85,84,0
PRS-001,PROD-A,BATCH-PRS-001-2026-04-18,2026-04-18 08:00:00,2026-04-18 16:00:00,159,156,3
ROB-001,PROD-A,BATCH-ROB-001-2026-04-18,2026-04-18 08:00:00,2026-04-18 16:00:00,199,185,3
CNC-002,PROD-A,BATCH-CNC-002-2026-04-18,2026-04-18 08:00:00,2026-04-18 16:00:00,81,75,1
WLD-001,PROD-A,BATCH-WLD-001-2026-04-18,2026-04-18 08:00:00,2026-04-18 16:00:00,180,167,3
ROB-002,PROD-A,BATCH-ROB-002-2026-04-18,2026-04-18 08:00:00,2026-04-18 16:00:00,238,222,6
CON-001,PROD-A,BATCH-CON-001-2026-04-18,2026-04-18 08:00:00,2026-04-18 16:00:00,200,194,4
PKG-001,PROD-A,BATCH-PKG-001-2026-04-18,2026-04-18 08:00:00,2026-04-18 16:00:00,182,166,4
LAB-001,PROD-A,BATCH-LAB-001-2026-04-18,2026-04-18 08:00:00,2026-04-18 16:00:00,156,144,2
CNC-001,PROD-A,BATCH-CNC-001-2026-04-19,2026-04-19 08:00:00,2026-04-19 16:00:00,81,80,0
PRS-001,PROD-A,BATCH-PRS-001-2026-04-19,2026-04-19 08:00:00,2026-04-19 16:00:00,184,172,4
ROB-001,PROD-A,BATCH-ROB-001-2026-04-19,2026-04-19 08:00:00,2026-04-19 16:00:00,198,180,3
CNC-002,PROD-A,BATCH-CNC-002-2026-04-19,2026-04-19 08:00:00,2026-04-19 16:00:00,110,103,3
WLD-001,PROD-A,BATCH-WLD-001-2026-04-19,2026-04-19 08:00:00,2026-04-19 16:00:00,98,95,1
ROB-002,PROD-A,BATCH-ROB-002-2026-04-19,2026-04-19 08:00:00,2026-04-19 16:00:00,179,177,3
CON-001,PROD-A,BATCH-CON-001-2026-04-19,2026-04-19 08:00:00,2026-04-19 16:00:00,245,231,5
PKG-001,PROD-A,BATCH-PKG-001-2026-04-19,2026-04-19 08:00:00,2026-04-19 16:00:00,144,126,5
LAB-001,PROD-A,BATCH-LAB-001-2026-04-19,2026-04-19 08:00:00,2026-04-19 16:00:00,250,226,4
CNC-001,PROD-A,BATCH-CNC-001-2026-04-20,2026-04-20 08:00:00,2026-04-20 16:00:00,135,130,1
PRS-001,PROD-A,BATCH-PRS-001-2026-04-20,2026-04-20 08:00:00,2026-04-20 16:00:00,137,126,2
ROB-001,PROD-A,BATCH-ROB-001-2026-04-20,2026-04-20 08:00:00,2026-04-20 16:00:00,220,213,5
CNC-002,PROD-A,BATCH-CNC-002-2026-04-20,2026-04-20 08:00:00,2026-04-20 16:00:00,120,113,1
WLD-001,PROD-A,BATCH-WLD-001-2026-04-20,2026-04-20 08:00:00,2026-04-20 16:00:00,105,95,2
ROB-002,PROD-A,BATCH-ROB-002-2026-04-20,2026-04-20 08:00:00,2026-04-20 16:00:00,147,134,1
CON-001,PROD-A,BATCH-CON-001-2026-04-20,2026-04-20 08:00:00,2026-04-20 16:00:00,269,250,3
PKG-001,PROD-A,BATCH-PKG-001-2026-04-20,2026-04-20 08:00:00,2026-04-20 16:00:00,211,199,5
LAB-001,PROD-A,BATCH-LAB-001-2026-04-20,2026-04-20 08:00:00,2026-04-20 16:00:00,228,215,5
CNC-001,PROD-A,BATCH-CNC-001-2026-04-21,2026-04-21 08:00:00,2026-04-21 16:00:00,91,83,1
PRS-001,PROD-A,BATCH-PRS-001-2026-04-21,2026-04-21 08:00:00,2026-04-21 16:00:00,205,198,4
ROB-001,PROD-A,BATCH-ROB-001-2026-04-21,2026-04-21 08:00:00,2026-04-21 16:00:00,175,172,2
CNC-002,PROD-A,BATCH-CNC-002-2026-04-21,2026-04-21 08:00:00,2026-04-21 16:00:00,91,88,2
WLD-001,PROD-A,BATCH-WLD-001-2026-04-21,2026-04-21 08:00:00,2026-04-21 16:00:00,130,123,2
ROB-002,PROD-A,BATCH-ROB-002-2026-04-21,2026-04-21 08:00:00,2026-04-21 16:00:00,186,182,2
CON-001,PROD-A,BATCH-CON-001-2026-04-21,2026-04-21 08:00:00,2026-04-21 16:00:00,253,249,5
PKG-001,PROD-A,BATCH-PKG-001-2026-04-21,2026-04-21 08:00:00,2026-04-21 16:00:00,183,149,3
LAB-001,PROD-A,BATCH-LAB-001-2026-04-21,2026-04-21 08:00:00,2026-04-21 16:00:00,185,168,1
CNC-001,PROD-A,BATCH-CNC-001-2026-04-22,2026-04-22 08:00:00,2026-04-22 16:00:00,108,98,2
PRS-001,PROD-A,BATCH-PRS-001-2026-04-22,2026-04-22 08:00:00,2026-04-22 16:00:00,147,142,4
ROB-001,PROD-A,BATCH-ROB-001-2026-04-22,2026-04-22 08:00:00,2026-04-22 16:00:00,141,135,2
CNC-002,PROD-A,BATCH-CNC-002-2026-04-22,2026-04-22 08:00:00,2026-04-22 16:00:00,89,80,0
WLD-001,PROD-A,BATCH-WLD-001-2026-04-22,2026-04-22 08:00:00,2026-04-22 16:00:00,162,152,1
ROB-002,PROD-A,BATCH-ROB-002-2026-04-22,2026-04-22 08:00:00,2026-04-22 16:00:00,204,186,5
CON-001,PROD-A,BATCH-CON-001-2026-04-22,2026-04-22 08:00:00,2026-04-22 16:00:00,162,148,3
PKG-001,PROD-A,BATCH-PKG-001-2026-04-22,2026-04-22 08:00:00,2026-04-22 16:00:00,221,193,6
LAB-001,PROD-A,BATCH-LAB-001-2026-04-22,2026-04-22 08:00:00,2026-04-22 16:00:00,259,237,3
CNC-001,PROD-A,BATCH-CNC-001-2026-04-23,2026-04-23 08:00:00,2026-04-23 16:00:00,103,95,1
PRS-001,PROD-A,BATCH-PRS-001-2026-04-23,2026-04-23 08:00:00,2026-04-23 16:00:00,119,107,2
ROB-001,PROD-A,BATCH-ROB-001-2026-04-23,2026-04-23 08:00:00,2026-04-23 16:00:00,182,175,3
CNC-002,PROD-A,BATCH-CNC-002-2026-04-23,2026-04-23 08:00:00,2026-04-23 16:00:00,150,142,1
WLD-001,PROD-A,BATCH-WLD-001-2026-04-23,2026-04-23 08:00:00,2026-04-23 16:00:00,129,117,1
ROB-002,PROD-A,BATCH-ROB-002-2026-04-23,2026-04-23 08:00:00,2026-04-23 16:00:00,183,176,4
CON-001,PROD-A,BATCH-CON-001-2026-04-23,2026-04-23 08:00:00,2026-04-23 16:00:00,154,153,3
PKG-001,PROD-A,BATCH-PKG-001-2026-04-23,2026-04-23 08:00:00,2026-04-23 16:00:00,211,183,9
LAB-001,PROD-A,BATCH-LAB-001-2026-04-23,2026-04-23 08:00:00,2026-04-23 16:00:00,238,235,4
CNC-001,PROD-A,BATCH-CNC-001-2026-04-24,2026-04-24 08:00:00,2026-04-24 16:00:00,129,119,1
PRS-001,PROD-A,BATCH-PRS-001-2026-04-24,2026-04-24 08:00:00,2026-04-24 16:00:00,176,162,4
ROB-001,PROD-A,BATCH-ROB-001-2026-04-24,2026-04-24 08:00:00,2026-04-24 16:00:00,191,173,5
CNC-002,PROD-A,BATCH-CNC-002-2026-04-24,2026-04-24 08:00:00,2026-04-24 16:00:00,147,137,2
WLD-001,PROD-A,BATCH-WLD-001-2026-04-24,2026-04-24 08:00:00,2026-04-24 16:00:00,109,108,1
ROB-002,PROD-A,BATCH-ROB-002-2026-04-24,2026-04-24 08:00:00,2026-04-24 16:00:00,181,167,4
CON-001,PROD-A,BATCH-CON-001-2026-04-24,2026-04-24 08:00:00,2026-04-24 16:00:00,164,160,4
PKG-001,PROD-A,BATCH-PKG-001-2026-04-24,2026-04-24 08:00:00,2026-04-24 16:00:00,219,186,9
LAB-001,PROD-A,BATCH-LAB-001-2026-04-24,2026-04-24 08:00:00,2026-04-24 16:00:00,194,178,3
CNC-001,PROD-A,BATCH-CNC-001-2026-04-25,2026-04-25 08:00:00,2026-04-25 16:00:00,125,123,1
PRS-001,PROD-A,BATCH-PRS-001-2026-04-25,2026-04-25 08:00:00,2026-04-25 16:00:00,189,176,3
ROB-001,PROD-A,BATCH-ROB-001-2026-04-25,2026-04-25 08:00:00,2026-04-25 16:00:00,156,149,2
CNC-002,PROD-A,BATCH-CNC-002-2026-04-25,2026-04-25 08:00:00,2026-04-25 16:00:00,143,136,1
WLD-001,PROD-A,BATCH-WLD-001-2026-04-25,2026-04-25 08:00:00,2026-04-25 16:00:00,84,76,1
ROB-002,PROD-A,BATCH-ROB-002-2026-04-25,2026-04-25 08:00:00,2026-04-25 16:00:00,176,158,3
CON-001,PROD-A,BATCH-CON-001-2026-04-25,2026-04-25 08:00:00,2026-04-25 16:00:00,234,232,3
PKG-001,PROD-A,BATCH-PKG-001-2026-04-25,2026-04-25 08:00:00,2026-04-25 16:00:00,153,130,3
LAB-001,PROD-A,BATCH-LAB-001-2026-04-25,2026-04-25 08:00:00,2026-04-25 16:00:00,232,210,2
CNC-001,PROD-A,BATCH-CNC-001-2026-04-26,2026-04-26 08:00:00,2026-04-26 16:00:00,98,95,2
PRS-001,PROD-A,BATCH-PRS-001-2026-04-26,2026-04-26 08:00:00,2026-04-26 16:00:00,210,196,2
ROB-001,PROD-A,BATCH-ROB-001-2026-04-26,2026-04-26 08:00:00,2026-04-26 16:00:00,221,211,3
CNC-002,PROD-A,BATCH-CNC-002-2026-04-26,2026-04-26 08:00:00,2026-04-26 16:00:00,121,110,1
WLD-001,PROD-A,BATCH-WLD-001-2026-04-26,2026-04-26 08:00:00,2026-04-26 16:00:00,135,132,3
ROB-002,PROD-A,BATCH-ROB-002-2026-04-26,2026-04-26 08:00:00,2026-04-26 16:00:00,201,184,5
CON-001,PROD-A,BATCH-CON-001-2026-04-26,2026-04-26 08:00:00,2026-04-26 16:00:00,241,222,4
PKG-001,PROD-A,BATCH-PKG-001-2026-04-26,2026-04-26 08:00:00,2026-04-26 16:00:00,164,140,6
LAB-001,PROD-A,BATCH-LAB-001-2026-04-26,2026-04-26 08:00:00,2026-04-26 16:00:00,225,205,5
CNC-001,PROD-A,BATCH-CNC-001-2026-04-27,2026-04-27 08:00:00,2026-04-27 16:00:00,153,143,4
PRS-001,PROD-A,BATCH-PRS-001-2026-04-27,2026-04-27 08:00:00,2026-04-27 16:00:00,172,155,3
ROB-001,PROD-A,BATCH-ROB-001-2026-04-27,2026-04-27 08:00:00,2026-04-27 16:00:00,176,169,2
CNC-002,PROD-A,BATCH-CNC-002-2026-04-27,2026-04-27 08:00:00,2026-04-27 16:00:00,143,130,3
WLD-001,PROD-A,BATCH-WLD-001-2026-04-27,2026-04-27 08:00:00,2026-04-27 16:00:00,110,102,1
ROB-002,PROD-A,BATCH-ROB-002-2026-04-27,2026-04-27 08:00:00,2026-04-27 16:00:00,142,139,3
CON-001,PROD-A,BATCH-CON-001-2026-04-27,2026-04-27 08:00:00,2026-04-27 16:00:00,235,221,3
PKG-001,PROD-A,BATCH-PKG-001-2026-04-27,2026-04-27 08:00:00,2026-04-27 16:00:00,183,165,5
LAB-001,PROD-A,BATCH-LAB-001-2026-04-27,2026-04-27 08:00:00,2026-04-27 16:00:00,177,172,1
CNC-001,PROD-A,BATCH-CNC-001-2026-04-28,2026-04-28 08:00:00,2026-04-28 16:00:00,136,132,3
PRS-001,PROD-A,BATCH-PRS-001-2026-04-28,2026-04-28 08:00:00,2026-04-28 16:00:00,213,200,5
ROB-001,PROD-A,BATCH-ROB-001-2026-04-28,2026-04-28 08:00:00,2026-04-28 16:00:00,209,199,2
CNC-002,PROD-A,BATCH-CNC-002-2026-04-28,2026-04-28 08:00:00,2026-04-28 16:00:00,141,138,2
WLD-001,PROD-A,BATCH-WLD-001-2026-04-28,2026-04-28 08:00:00,2026-04-28 16:00:00,177,171,2
ROB-002,PROD-A,BATCH-ROB-002-2026-04-28,2026-04-28 08:00:00,2026-04-28 16:00:00,138,135,1
CON-001,PROD-A,BATCH-CON-001-2026-04-28,2026-04-28 08:00:00,2026-04-28 16:00:00,155,144,4
PKG-001,PROD-A,BATCH-PKG-001-2026-04-28,2026-04-28 08:00:00,2026-04-28 16:00:00,138,117,6
LAB-001,PROD-A,BATCH-LAB-001-2026-04-28,2026-04-28 08:00:00,2026-04-28 16:00:00,191,185,3
CNC-001,PROD-A,BATCH-CNC-001-2026-04-29,2026-04-29 08:00:00,2026-04-29 16:00:00,91,84,2
PRS-001,PROD-A,BATCH-PRS-001-2026-04-29,2026-04-29 08:00:00,2026-04-29 16:00:00,214,202,2
ROB-001,PROD-A,BATCH-ROB-001-2026-04-29,2026-04-29 08:00:00,2026-04-29 16:00:00,162,155,2
CNC-002,PROD-A,BATCH-CNC-002-2026-04-29,2026-04-29 08:00:00,2026-04-29 16:00:00,86,78,1
WLD-001,PROD-A,BATCH-WLD-001-2026-04-29,2026-04-29 08:00:00,2026-04-29 16:00:00,104,97,2
ROB-002,PROD-A,BATCH-ROB-002-2026-04-29,2026-04-29 08:00:00,2026-04-29 16:00:00,187,180,2
CON-001,PROD-A,BATCH-CON-001-2026-04-29,2026-04-29 08:00:00,2026-04-29 16:00:00,174,157,3
PKG-001,PROD-A,BATCH-PKG-001-2026-04-29,2026-04-29 08:00:00,2026-04-29 16:00:00,245,201,6
LAB-001,PROD-A,BATCH-LAB-001-2026-04-29,2026-04-29 08:00:00,2026-04-29 16:00:00,259,235,6
CNC-001,PROD-A,BATCH-CNC-001-2026-04-30,2026-04-30 08:00:00,2026-04-30 16:00:00,160,153,2
PRS-001,PROD-A,BATCH-PRS-001-2026-04-30,2026-04-30 08:00:00,2026-04-30 16:00:00,103,94,2
ROB-001,PROD-A,BATCH-ROB-001-2026-04-30,2026-04-30 08:00:00,2026-04-30 16:00:00,140,132,1
CNC-002,PROD-A,BATCH-CNC-002-2026-04-30,2026-04-30 08:00:00,2026-04-30 16:00:00,130,113,6
WLD-001,PROD-A,BATCH-WLD-001-2026-04-30,2026-04-30 08:00:00,2026-04-30 16:00:00,113,102,2
ROB-002,PROD-A,BATCH-ROB-002-2026-04-30,2026-04-30 08:00:00,2026-04-30 16:00:00,167,156,2
CON-001,PROD-A,BATCH-CON-001-2026-04-30,2026-04-30 08:00:00,2026-04-30 16:00:00,197,186,2
PKG-001,PROD-A,BATCH-PKG-001-2026-04-30,2026-04-30 08:00:00,2026-04-30 16:00:00,239,200,10
LAB-001,PROD-A,BATCH-LAB-001-2026-04-30,2026-04-30 08:00:00,2026-04-30 16:00:00,294,266,6
CNC-001,PROD-A,BATCH-CNC-001-2026-05-01,2026-05-01 08:00:00,2026-05-01 16:00:00,92,83,1
PRS-001,PROD-A,BATCH-PRS-001-2026-05-01,2026-05-01 08:00:00,2026-05-01 16:00:00,169,159,3
ROB-001,PROD-A,BATCH-ROB-001-2026-05-01,2026-05-01 08:00:00,2026-05-01 16:00:00,178,170,4
CNC-002,PROD-A,BATCH-CNC-002-2026-05-01,2026-05-01 08:00:00,2026-05-01 16:00:00,146,125,5
WLD-001,PROD-A,BATCH-WLD-001-2026-05-01,2026-05-01 08:00:00,2026-05-01 16:00:00,140,134,1
ROB-002,PROD-A,BATCH-ROB-002-2026-05-01,2026-05-01 08:00:00,2026-05-01 16:00:00,196,177,4
CON-001,PROD-A,BATCH-CON-001-2026-05-01,2026-05-01 08:00:00,2026-05-01 16:00:00,158,150,4
PKG-001,PROD-A,BATCH-PKG-001-2026-05-01,2026-05-01 08:00:00,2026-05-01 16:00:00,157,128,6
LAB-001,PROD-A,BATCH-LAB-001-2026-05-01,2026-05-01 08:00:00,2026-05-01 16:00:00,194,193,2
CNC-001,PROD-A,BATCH-CNC-001-2026-05-02,2026-05-02 08:00:00,2026-05-02 16:00:00,107,104,1
PRS-001,PROD-A,BATCH-PRS-001-2026-05-02,2026-05-02 08:00:00,2026-05-02 16:00:00,154,139,3
ROB-001,PROD-A,BATCH-ROB-001-2026-05-02,2026-05-02 08:00:00,2026-05-02 16:00:00,171,170,3
CNC-002,PROD-A,BATCH-CNC-002-2026-05-02,2026-05-02 08:00:00,2026-05-02 16:00:00,156,130,7
WLD-001,PROD-A,BATCH-WLD-001-2026-05-02,2026-05-02 08:00:00,2026-05-02 16:00:00,88,79,1
ROB-002,PROD-A,BATCH-ROB-002-2026-05-02,2026-05-02 08:00:00,2026-05-02 16:00:00,203,200,4
CON-001,PROD-A,BATCH-CON-001-2026-05-02,2026-05-02 08:00:00,2026-05-02 16:00:00,153,149,3
PKG-001,PROD-A,BATCH-PKG-001-2026-05-02,2026-05-02 08:00:00,2026-05-02 16:00:00,227,185,4
LAB-001,PROD-A,BATCH-LAB-001-2026-05-02,2026-05-02 08:00:00,2026-05-02 16:00:00,295,282,7
CNC-001,PROD-A,BATCH-CNC-001-2026-05-03,2026-05-03 08:00:00,2026-05-03 16:00:00,92,91,1
PRS-001,PROD-A,BATCH-PRS-001-2026-05-03,2026-05-03 08:00:00,2026-05-03 16:00:00,112,109,2
ROB-001,PROD-A,BATCH-ROB-001-2026-05-03,2026-05-03 08:00:00,2026-05-03 16:00:00,208,205,3
CNC-002,PROD-A,BATCH-CNC-002-2026-05-03,2026-05-03 08:00:00,2026-05-03 16:00:00,142,125,4
WLD-001,PROD-A,BATCH-WLD-001-2026-05-03,2026-05-03 08:00:00,2026-05-03 16:00:00,102,94,1
ROB-002,PROD-A,BATCH-ROB-002-2026-05-03,2026-05-03 08:00:00,2026-05-03 16:00:00,222,200,5
CON-001,PROD-A,BATCH-CON-001-2026-05-03,2026-05-03 08:00:00,2026-05-03 16:00:00,234,226,2
PKG-001,PROD-A,BATCH-PKG-001-2026-05-03,2026-05-03 08:00:00,2026-05-03 16:00:00,241,226,12
LAB-001,PROD-A,BATCH-LAB-001-2026-05-03,2026-05-03 08:00:00,2026-05-03 16:00:00,155,144,3
CNC-001,PROD-A,BATCH-CNC-001-2026-05-04,2026-05-04 08:00:00,2026-05-04 16:00:00,119,110,2
PRS-001,PROD-A,BATCH-PRS-001-2026-05-04,2026-05-04 08:00:00,2026-05-04 16:00:00,189,183,5
ROB-001,PROD-A,BATCH-ROB-001-2026-05-04,2026-05-04 08:00:00,2026-05-04 16:00:00,178,162,4
CNC-002,PROD-A,BATCH-CNC-002-2026-05-04,2026-05-04 08:00:00,2026-05-04 16:00:00,136,124,4
WLD-001,PROD-A,BATCH-WLD-001-2026-05-04,2026-05-04 08:00:00,2026-05-04 16:00:00,173,162,3
ROB-002,PROD-A,BATCH-ROB-002-2026-05-04,2026-05-04 08:00:00,2026-05-04 16:00:00,168,158,4
CON-001,PROD-A,BATCH-CON-001-2026-05-04,2026-05-04 08:00:00,2026-05-04 16:00:00,254,247,6
PKG-001,PROD-A,BATCH-PKG-001-2026-05-04,2026-05-04 08:00:00,2026-05-04 16:00:00,215,198,8
LAB-001,PROD-A,BATCH-LAB-001-2026-05-04,2026-05-04 08:00:00,2026-05-04 16:00:00,190,172,4
CNC-001,PROD-A,BATCH-CNC-001-2026-05-05,2026-05-05 08:00:00,2026-05-05 16:00:00,131,119,3
PRS-001,PROD-A,BATCH-PRS-001-2026-05-05,2026-05-05 08:00:00,2026-05-05 16:00:00,212,202,2
ROB-001,PROD-A,BATCH-ROB-001-2026-05-05,2026-05-05 08:00:00,2026-05-05 16:00:00,171,168,2
CNC-002,PROD-A,BATCH-CNC-002-2026-05-05,2026-05-05 08:00:00,2026-05-05 16:00:00,138,111,3
WLD-001,PROD-A,BATCH-WLD-001-2026-05-05,2026-05-05 08:00:00,2026-05-05 16:00:00,105,97,2
ROB-002,PROD-A,BATCH-ROB-002-2026-05-05,2026-05-05 08:00:00,2026-05-05 16:00:00,249,233,6
CON-001,PROD-A,BATCH-CON-001-2026-05-05,2026-05-05 08:00:00,2026-05-05 16:00:00,157,131,5
PKG-001,PROD-A,BATCH-PKG-001-2026-05-05,2026-05-05 08:00:00,2026-05-05 16:00:00,234,193,10
LAB-001,PROD-A,BATCH-LAB-001-2026-05-05,2026-05-05 08:00:00,2026-05-05 16:00:00,300,286,4
CNC-001,PROD-A,BATCH-CNC-001-2026-05-06,2026-05-06 08:00:00,2026-05-06 16:00:00,113,110,2
PRS-001,PROD-A,BATCH-PRS-001-2026-05-06,2026-05-06 08:00:00,2026-05-06 16:00:00,136,122,1
ROB-001,PROD-A,BATCH-ROB-001-2026-05-06,2026-05-06 08:00:00,2026-05-06 16:00:00,174,171,3
CNC-002,PROD-A,BATCH-CNC-002-2026-05-06,2026-05-06 08:00:00,2026-05-06 16:00:00,106,89,3
WLD-001,PROD-A,BATCH-WLD-001-2026-05-06,2026-05-06 08:00:00,2026-05-06 16:00:00,82,80,2
ROB-002,PROD-A,BATCH-ROB-002-2026-05-06,2026-05-06 08:00:00,2026-05-06 16:00:00,122,115,1
CON-001,PROD-A,BATCH-CON-001-2026-05-06,2026-05-06 08:00:00,2026-05-06 16:00:00,194,172,3
PKG-001,PROD-A,BATCH-PKG-001-2026-05-06,2026-05-06 08:00:00,2026-05-06 16:00:00,184,163,9
LAB-001,PROD-A,BATCH-LAB-001-2026-05-06,2026-05-06 08:00:00,2026-05-06 16:00:00,220,207,3
CNC-001,PROD-A,BATCH-CNC-001-2026-05-07,2026-05-07 08:00:00,2026-05-07 16:00:00,124,117,1
PRS-001,PROD-A,BATCH-PRS-001-2026-05-07,2026-05-07 08:00:00,2026-05-07 16:00:00,138,133,3
ROB-001,PROD-A,BATCH-ROB-001-2026-05-07,2026-05-07 08:00:00,2026-05-07 16:00:00,221,211,2
CNC-002,PROD-A,BATCH-CNC-002-2026-05-07,2026-05-07 08:00:00,2026-05-07 16:00:00,127,112,4
WLD-001,PROD-A,BATCH-WLD-001-2026-05-07,2026-05-07 08:00:00,2026-05-07 16:00:00,116,107,1
ROB-002,PROD-A,BATCH-ROB-002-2026-05-07,2026-05-07 08:00:00,2026-05-07 16:00:00,136,126,1
CON-001,PROD-A,BATCH-CON-001-2026-05-07,2026-05-07 08:00:00,2026-05-07 16:00:00,233,216,6
PKG-001,PROD-A,BATCH-PKG-001-2026-05-07,2026-05-07 08:00:00,2026-05-07 16:00:00,196,162,6
LAB-001,PROD-A,BATCH-LAB-001-2026-05-07,2026-05-07 08:00:00,2026-05-07 16:00:00,211,208,5
CNC-001,PROD-A,BATCH-CNC-001-2026-05-08,2026-05-08 08:00:00,2026-05-08 16:00:00,156,146,2
PRS-001,PROD-A,BATCH-PRS-001-2026-05-08,2026-05-08 08:00:00,2026-05-08 16:00:00,117,113,2
ROB-001,PROD-A,BATCH-ROB-001-2026-05-08,2026-05-08 08:00:00,2026-05-08 16:00:00,195,180,3
CNC-002,PROD-A,BATCH-CNC-002-2026-05-08,2026-05-08 08:00:00,2026-05-08 16:00:00,129,117,5
WLD-001,PROD-A,BATCH-WLD-001-2026-05-08,2026-05-08 08:00:00,2026-05-08 16:00:00,153,150,2
ROB-002,PROD-A,BATCH-ROB-002-2026-05-08,2026-05-08 08:00:00,2026-05-08 16:00:00,176,170,3
CON-001,PROD-A,BATCH-CON-001-2026-05-08,2026-05-08 08:00:00,2026-05-08 16:00:00,271,253,11
PKG-001,PROD-A,BATCH-PKG-001-2026-05-08,2026-05-08 08:00:00,2026-05-08 16:00:00,249,210,5
LAB-001,PROD-A,BATCH-LAB-001-2026-05-08,2026-05-08 08:00:00,2026-05-08 16:00:00,292,268,3
CNC-001,PROD-A,BATCH-CNC-001-2026-05-09,2026-05-09 08:00:00,2026-05-09 16:00:00,96,93,2
PRS-001,PROD-A,BATCH-PRS-001-2026-05-09,2026-05-09 08:00:00,2026-05-09 16:00:00,171,166,2
ROB-001,PROD-A,BATCH-ROB-001-2026-05-09,2026-05-09 08:00:00,2026-05-09 16:00:00,205,197,2
CNC-002,PROD-A,BATCH-CNC-002-2026-05-09,2026-05-09 08:00:00,2026-05-09 16:00:00,108,98,3
WLD-001,PROD-A,BATCH-WLD-001-2026-05-09,2026-05-09 08:00:00,2026-05-09 16:00:00,180,177,3
ROB-002,PROD-A,BATCH-ROB-002-2026-05-09,2026-05-09 08:00:00,2026-05-09 16:00:00,195,184,2
CON-001,PROD-A,BATCH-CON-001-2026-05-09,2026-05-09 08:00:00,2026-05-09 16:00:00,163,151,6
PKG-001,PROD-A,BATCH-PKG-001-2026-05-09,2026-05-09 08:00:00,2026-05-09 16:00:00,138,120,3
LAB-001,PROD-A,BATCH-LAB-001-2026-05-09,2026-05-09 08:00:00,2026-05-09 16:00:00,180,177,3
CNC-001,PROD-A,BATCH-CNC-001-2026-05-10,2026-05-10 08:00:00,2026-05-10 16:00:00,118,111,3
PRS-001,PROD-A,BATCH-PRS-001-2026-05-10,2026-05-10 08:00:00,2026-05-10 16:00:00,119,108,1
ROB-001,PROD-A,BATCH-ROB-001-2026-05-10,2026-05-10 08:00:00,2026-05-10 16:00:00,224,223,6
CNC-002,PROD-A,BATCH-CNC-002-2026-05-10,2026-05-10 08:00:00,2026-05-10 16:00:00,138,113,6
WLD-001,PROD-A,BATCH-WLD-001-2026-05-10,2026-05-10 08:00:00,2026-05-10 16:00:00,103,100,1
ROB-002,PROD-A,BATCH-ROB-002-2026-05-10,2026-05-10 08:00:00,2026-05-10 16:00:00,165,153,1
CON-001,PROD-A,BATCH-CON-001-2026-05-10,2026-05-10 08:00:00,2026-05-10 16:00:00,265,222,11
PKG-001,PROD-A,BATCH-PKG-001-2026-05-10,2026-05-10 08:00:00,2026-05-10 16:00:00,163,144,3
LAB-001,PROD-A,BATCH-LAB-001-2026-05-10,2026-05-10 08:00:00,2026-05-10 16:00:00,172,157,2
CNC-001,PROD-A,BATCH-CNC-001-2026-05-11,2026-05-11 08:00:00,2026-05-11 16:00:00,134,126,3
PRS-001,PROD-A,BATCH-PRS-001-2026-05-11,2026-05-11 08:00:00,2026-05-11 16:00:00,149,134,2
ROB-001,PROD-A,BATCH-ROB-001-2026-05-11,2026-05-11 08:00:00,2026-05-11 16:00:00,215,213,5
CNC-002,PROD-A,BATCH-CNC-002-2026-05-11,2026-05-11 08:00:00,2026-05-11 16:00:00,147,121,5
WLD-001,PROD-A,BATCH-WLD-001-2026-05-11,2026-05-11 08:00:00,2026-05-11 16:00:00,160,155,2
ROB-002,PROD-A,BATCH-ROB-002-2026-05-11,2026-05-11 08:00:00,2026-05-11 16:00:00,208,193,2
CON-001,PROD-A,BATCH-CON-001-2026-05-11,2026-05-11 08:00:00,2026-05-11 16:00:00,278,246,6
PKG-001,PROD-A,BATCH-PKG-001-2026-05-11,2026-05-11 08:00:00,2026-05-11 16:00:00,131,110,3
LAB-001,PROD-A,BATCH-LAB-001-2026-05-11,2026-05-11 08:00:00,2026-05-11 16:00:00,283,271,4
CNC-001,PROD-A,BATCH-CNC-001-2026-05-12,2026-05-12 08:00:00,2026-05-12 16:00:00,97,90,2
PRS-001,PROD-A,BATCH-PRS-001-2026-05-12,2026-05-12 08:00:00,2026-05-12 16:00:00,145,141,1
ROB-001,PROD-A,BATCH-ROB-001-2026-05-12,2026-05-12 08:00:00,2026-05-12 16:00:00,223,201,2
CNC-002,PROD-A,BATCH-CNC-002-2026-05-12,2026-05-12 08:00:00,2026-05-12 16:00:00,96,79,1
WLD-001,PROD-A,BATCH-WLD-001-2026-05-12,2026-05-12 08:00:00,2026-05-12 16:00:00,144,132,2
ROB-002,PROD-A,BATCH-ROB-002-2026-05-12,2026-05-12 08:00:00,2026-05-12 16:00:00,129,120,2
CON-001,PROD-A,BATCH-CON-001-2026-05-12,2026-05-12 08:00:00,2026-05-12 16:00:00,286,255,11
PKG-001,PROD-A,BATCH-PKG-001-2026-05-12,2026-05-12 08:00:00,2026-05-12 16:00:00,132,118,5
LAB-001,PROD-A,BATCH-LAB-001-2026-05-12,2026-05-12 08:00:00,2026-05-12 16:00:00,155,140,1
CNC-001,PROD-A,BATCH-CNC-001-2026-05-13,2026-05-13 08:00:00,2026-05-13 16:00:00,136,127,2
PRS-001,PROD-A,BATCH-PRS-001-2026-05-13,2026-05-13 08:00:00,2026-05-13 16:00:00,160,155,2
ROB-001,PROD-A,BATCH-ROB-001-2026-05-13,2026-05-13 08:00:00,2026-05-13 16:00:00,122,113,2
CNC-002,PROD-A,BATCH-CNC-002-2026-05-13,2026-05-13 08:00:00,2026-05-13 16:00:00,146,122,5
WLD-001,PROD-A,BATCH-WLD-001-2026-05-13,2026-05-13 08:00:00,2026-05-13 16:00:00,97,91,2
ROB-002,PROD-A,BATCH-ROB-002-2026-05-13,2026-05-13 08:00:00,2026-05-13 16:00:00,250,242,2
CON-001,PROD-A,BATCH-CON-001-2026-05-13,2026-05-13 08:00:00,2026-05-13 16:00:00,179,164,6
PKG-001,PROD-A,BATCH-PKG-001-2026-05-13,2026-05-13 08:00:00,2026-05-13 16:00:00,171,156,8
LAB-001,PROD-A,BATCH-LAB-001-2026-05-13,2026-05-13 08:00:00,2026-05-13 16:00:00,201,188,3
CNC-001,PROD-A,BATCH-CNC-001-2026-05-14,2026-05-14 08:00:00,2026-05-14 16:00:00,100,90,1
PRS-001,PROD-A,BATCH-PRS-001-2026-05-14,2026-05-14 08:00:00,2026-05-14 16:00:00,126,122,2
ROB-001,PROD-A,BATCH-ROB-001-2026-05-14,2026-05-14 08:00:00,2026-05-14 16:00:00,180,162,3
CNC-002,PROD-A,BATCH-CNC-002-2026-05-14,2026-05-14 08:00:00,2026-05-14 16:00:00,94,86,4
WLD-001,PROD-A,BATCH-WLD-001-2026-05-14,2026-05-14 08:00:00,2026-05-14 16:00:00,99,98,2
ROB-002,PROD-A,BATCH-ROB-002-2026-05-14,2026-05-14 08:00:00,2026-05-14 16:00:00,139,135,1
CON-001,PROD-A,BATCH-CON-001-2026-05-14,2026-05-14 08:00:00,2026-05-14 16:00:00,215,192,7
PKG-001,PROD-A,BATCH-PKG-001-2026-05-14,2026-05-14 08:00:00,2026-05-14 16:00:00,195,163,3
LAB-001,PROD-A,BATCH-LAB-001-2026-05-14,2026-05-14 08:00:00,2026-05-14 16:00:00,194,191,5
CNC-001,PROD-A,BATCH-CNC-001-2026-05-15,2026-05-15 08:00:00,2026-05-15 16:00:00,126,123,1
PRS-001,PROD-A,BATCH-PRS-001-2026-05-15,2026-05-15 08:00:00,2026-05-15 16:00:00,194,176,4
ROB-001,PROD-A,BATCH-ROB-001-2026-05-15,2026-05-15 08:00:00,2026-05-15 16:00:00,131,118,1
CNC-002,PROD-A,BATCH-CNC-002-2026-05-15,2026-05-15 08:00:00,2026-05-15 16:00:00,101,85,4
WLD-001,PROD-A,BATCH-WLD-001-2026-05-15,2026-05-15 08:00:00,2026-05-15 16:00:00,159,147,3
ROB-002,PROD-A,BATCH-ROB-002-2026-05-15,2026-05-15 08:00:00,2026-05-15 16:00:00,215,211,2
CON-001,PROD-A,BATCH-CON-001-2026-05-15,2026-05-15 08:00:00,2026-05-15 16:00:00,252,216,8
PKG-001,PROD-A,BATCH-PKG-001-2026-05-15,2026-05-15 08:00:00,2026-05-15 16:00:00,218,196,7
LAB-001,PROD-A,BATCH-LAB-001-2026-05-15,2026-05-15 08:00:00,2026-05-15 16:00:00,257,247,6
CNC-001,PROD-A,BATCH-CNC-001-2026-05-16,2026-05-16 08:00:00,2026-05-16 16:00:00,94,85,2
PRS-001,PROD-A,BATCH-PRS-001-2026-05-16,2026-05-16 08:00:00,2026-05-16 16:00:00,220,216,2
ROB-001,PROD-A,BATCH-ROB-001-2026-05-16,2026-05-16 08:00:00,2026-05-16 16:00:00,243,238,5
CNC-002,PROD-A,BATCH-CNC-002-2026-05-16,2026-05-16 08:00:00,2026-05-16 16:00:00,103,91,4
WLD-001,PROD-A,BATCH-WLD-001-2026-05-16,2026-05-16 08:00:00,2026-05-16 16:00:00,158,142,3
ROB-002,PROD-A,BATCH-ROB-002-2026-05-16,2026-05-16 08:00:00,2026-05-16 16:00:00,153,145,2
CON-001,PROD-A,BATCH-CON-001-2026-05-16,2026-05-16 08:00:00,2026-05-16 16:00:00,255,220,4
PKG-001,PROD-A,BATCH-PKG-001-2026-05-16,2026-05-16 08:00:00,2026-05-16 16:00:00,200,160,8
LAB-001,PROD-A,BATCH-LAB-001-2026-05-16,2026-05-16 08:00:00,2026-05-16 16:00:00,284,259,11
CNC-001,PROD-A,BATCH-CNC-001-2026-05-17,2026-05-17 08:00:00,2026-05-17 16:00:00,152,140,4
PRS-001,PROD-A,BATCH-PRS-001-2026-05-17,2026-05-17 08:00:00,2026-05-17 16:00:00,211,197,4
ROB-001,PROD-A,BATCH-ROB-001-2026-05-17,2026-05-17 08:00:00,2026-05-17 16:00:00,144,124,6
CNC-002,PROD-A,BATCH-CNC-002-2026-05-17,2026-05-17 08:00:00,2026-05-17 16:00:00,141,120,5
WLD-001,PROD-A,BATCH-WLD-001-2026-05-17,2026-05-17 08:00:00,2026-05-17 16:00:00,129,118,3
ROB-002,PROD-A,BATCH-ROB-002-2026-05-17,2026-05-17 08:00:00,2026-05-17 16:00:00,133,119,3
CON-001,PROD-A,BATCH-CON-001-2026-05-17,2026-05-17 08:00:00,2026-05-17 16:00:00,279,258,13
PKG-001,PROD-A,BATCH-PKG-001-2026-05-17,2026-05-17 08:00:00,2026-05-17 16:00:00,162,131,5
LAB-001,PROD-A,BATCH-LAB-001-2026-05-17,2026-05-17 08:00:00,2026-05-17 16:00:00,211,196,3
CNC-001,PROD-A,BATCH-CNC-001-2026-05-18,2026-05-18 08:00:00,2026-05-18 16:00:00,144,132,3
PRS-001,PROD-A,BATCH-PRS-001-2026-05-18,2026-05-18 08:00:00,2026-05-18 16:00:00,151,148,1
ROB-001,PROD-A,BATCH-ROB-001-2026-05-18,2026-05-18 08:00:00,2026-05-18 16:00:00,233,214,8
CNC-002,PROD-A,BATCH-CNC-002-2026-05-18,2026-05-18 08:00:00,2026-05-18 16:00:00,143,135,1
WLD-001,PROD-A,BATCH-WLD-001-2026-05-18,2026-05-18 08:00:00,2026-05-18 16:00:00,143,139,1
ROB-002,PROD-A,BATCH-ROB-002-2026-05-18,2026-05-18 08:00:00,2026-05-18 16:00:00,223,209,4
CON-001,PROD-A,BATCH-CON-001-2026-05-18,2026-05-18 08:00:00,2026-05-18 16:00:00,150,138,7
PKG-001,PROD-A,BATCH-PKG-001-2026-05-18,2026-05-18 08:00:00,2026-05-18 16:00:00,197,183,7
LAB-001,PROD-A,BATCH-LAB-001-2026-05-18,2026-05-18 08:00:00,2026-05-18 16:00:00,266,264,4
CNC-001,PROD-A,BATCH-CNC-001-2026-05-19,2026-05-19 08:00:00,2026-05-19 16:00:00,86,84,2
PRS-001,PROD-A,BATCH-PRS-001-2026-05-19,2026-05-19 08:00:00,2026-05-19 16:00:00,142,135,3
ROB-001,PROD-A,BATCH-ROB-001-2026-05-19,2026-05-19 08:00:00,2026-05-19 16:00:00,241,218,7
CNC-002,PROD-A,BATCH-CNC-002-2026-05-19,2026-05-19 08:00:00,2026-05-19 16:00:00,137,124,3
WLD-001,PROD-A,BATCH-WLD-001-2026-05-19,2026-05-19 08:00:00,2026-05-19 16:00:00,108,97,1
ROB-002,PROD-A,BATCH-ROB-002-2026-05-19,2026-05-19 08:00:00,2026-05-19 16:00:00,194,185,3
CON-001,PROD-A,BATCH-CON-001-2026-05-19,2026-05-19 08:00:00,2026-05-19 16:00:00,177,142,3
PKG-001,PROD-A,BATCH-PKG-001-2026-05-19,2026-05-19 08:00:00,2026-05-19 16:00:00,155,143,7
LAB-001,PROD-A,BATCH-LAB-001-2026-05-19,2026-05-19 08:00:00,2026-05-19 16:00:00,254,231,5
CNC-001,PROD-A,BATCH-CNC-001-2026-05-20,2026-05-20 08:00:00,2026-05-20 16:00:00,104,94,2
PRS-001,PROD-A,BATCH-PRS-001-2026-05-20,2026-05-20 08:00:00,2026-05-20 16:00:00,127,120,3
ROB-001,PROD-A,BATCH-ROB-001-2026-05-20,2026-05-20 08:00:00,2026-05-20 16:00:00,206,168,6
CNC-002,PROD-A,BATCH-CNC-002-2026-05-20,2026-05-20 08:00:00,2026-05-20 16:00:00,155,141,3
WLD-001,PROD-A,BATCH-WLD-001-2026-05-20,2026-05-20 08:00:00,2026-05-20 16:00:00,138,133,3
ROB-002,PROD-A,BATCH-ROB-002-2026-05-20,2026-05-20 08:00:00,2026-05-20 16:00:00,154,153,1
CON-001,PROD-A,BATCH-CON-001-2026-05-20,2026-05-20 08:00:00,2026-05-20 16:00:00,162,143,5
PKG-001,PROD-A,BATCH-PKG-001-2026-05-20,2026-05-20 08:00:00,2026-05-20 16:00:00,243,228,11
LAB-001,PROD-A,BATCH-LAB-001-2026-05-20,2026-05-20 08:00:00,2026-05-20 16:00:00,195,188,2
CNC-001,PROD-A,BATCH-CNC-001-2026-05-21,2026-05-21 08:00:00,2026-05-21 16:00:00,96,87,2
PRS-001,PROD-A,BATCH-PRS-001-2026-05-21,2026-05-21 08:00:00,2026-05-21 16:00:00,177,174,3
ROB-001,PROD-A,BATCH-ROB-001-2026-05-21,2026-05-21 08:00:00,2026-05-21 16:00:00,218,188,8
CNC-002,PROD-A,BATCH-CNC-002-2026-05-21,2026-05-21 08:00:00,2026-05-21 16:00:00,111,102,2
WLD-001,PROD-A,BATCH-WLD-001-2026-05-21,2026-05-21 08:00:00,2026-05-21 16:00:00,117,110,1
ROB-002,PROD-A,BATCH-ROB-002-2026-05-21,2026-05-21 08:00:00,2026-05-21 16:00:00,225,216,5
CON-001,PROD-A,BATCH-CON-001-2026-05-21,2026-05-21 08:00:00,2026-05-21 16:00:00,281,237,11
PKG-001,PROD-A,BATCH-PKG-001-2026-05-21,2026-05-21 08:00:00,2026-05-21 16:00:00,200,181,10
LAB-001,PROD-A,BATCH-LAB-001-2026-05-21,2026-05-21 08:00:00,2026-05-21 16:00:00,205,188,4
CNC-001,PROD-A,BATCH-CNC-001-2026-05-22,2026-05-22 08:00:00,2026-05-22 16:00:00,117,113,3
PRS-001,PROD-A,BATCH-PRS-001-2026-05-22,2026-05-22 08:00:00,2026-05-22 16:00:00,116,115,2
ROB-001,PROD-A,BATCH-ROB-001-2026-05-22,2026-05-22 08:00:00,2026-05-22 16:00:00,165,144,6
CNC-002,PROD-A,BATCH-CNC-002-2026-05-22,2026-05-22 08:00:00,2026-05-22 16:00:00,121,117,2
WLD-001,PROD-A,BATCH-WLD-001-2026-05-22,2026-05-22 08:00:00,2026-05-22 16:00:00,151,143,3
ROB-002,PROD-A,BATCH-ROB-002-2026-05-22,2026-05-22 08:00:00,2026-05-22 16:00:00,226,218,6
CON-001,PROD-A,BATCH-CON-001-2026-05-22,2026-05-22 08:00:00,2026-05-22 16:00:00,286,265,7
PKG-001,PROD-A,BATCH-PKG-001-2026-05-22,2026-05-22 08:00:00,2026-05-22 16:00:00,123,108,2
LAB-001,PROD-A,BATCH-LAB-001-2026-05-22,2026-05-22 08:00:00,2026-05-22 16:00:00,187,169,1
CNC-001,PROD-A,BATCH-CNC-001-2026-05-23,2026-05-23 08:00:00,2026-05-23 16:00:00,114,111,1
PRS-001,PROD-A,BATCH-PRS-001-2026-05-23,2026-05-23 08:00:00,2026-05-23 16:00:00,136,131,1
ROB-001,PROD-A,BATCH-ROB-001-2026-05-23,2026-05-23 08:00:00,2026-05-23 16:00:00,135,130,2
CNC-002,PROD-A,BATCH-CNC-002-2026-05-23,2026-05-23 08:00:00,2026-05-23 16:00:00,149,134,3
WLD-001,PROD-A,BATCH-WLD-001-2026-05-23,2026-05-23 08:00:00,2026-05-23 16:00:00,93,89,2
ROB-002,PROD-A,BATCH-ROB-002-2026-05-23,2026-05-23 08:00:00,2026-05-23 16:00:00,177,172,3
CON-001,PROD-A,BATCH-CON-001-2026-05-23,2026-05-23 08:00:00,2026-05-23 16:00:00,210,199,5
PKG-001,PROD-A,BATCH-PKG-001-2026-05-23,2026-05-23 08:00:00,2026-05-23 16:00:00,193,174,3
LAB-001,PROD-A,BATCH-LAB-001-2026-05-23,2026-05-23 08:00:00,2026-05-23 16:00:00,247,231,6
CNC-001,PROD-A,BATCH-CNC-001-2026-05-24,2026-05-24 08:00:00,2026-05-24 16:00:00,120,119,1
PRS-001,PROD-A,BATCH-PRS-001-2026-05-24,2026-05-24 08:00:00,2026-05-24 16:00:00,195,180,4
ROB-001,PROD-A,BATCH-ROB-001-2026-05-24,2026-05-24 08:00:00,2026-05-24 16:00:00,233,229,6
CNC-002,PROD-A,BATCH-CNC-002-2026-05-24,2026-05-24 08:00:00,2026-05-24 16:00:00,127,123,2
WLD-001,PROD-A,BATCH-WLD-001-2026-05-24,2026-05-24 08:00:00,2026-05-24 16:00:00,157,144,3
ROB-002,PROD-A,BATCH-ROB-002-2026-05-24,2026-05-24 08:00:00,2026-05-24 16:00:00,169,157,2
CON-001,PROD-A,BATCH-CON-001-2026-05-24,2026-05-24 08:00:00,2026-05-24 16:00:00,169,155,2
PKG-001,PROD-A,BATCH-PKG-001-2026-05-24,2026-05-24 08:00:00,2026-05-24 16:00:00,150,128,4
LAB-001,PROD-A,BATCH-LAB-001-2026-05-24,2026-05-24 08:00:00,2026-05-24 16:00:00,292,270,3
CNC-001,PROD-A,BATCH-CNC-001-2026-05-25,2026-05-25 08:00:00,2026-05-25 16:00:00,112,100,1
PRS-001,PROD-A,BATCH-PRS-001-2026-05-25,2026-05-25 08:00:00,2026-05-25 16:00:00,219,200,2
ROB-001,PROD-A,BATCH-ROB-001-2026-05-25,2026-05-25 08:00:00,2026-05-25 16:00:00,202,193,4
CNC-002,PROD-A,BATCH-CNC-002-2026-05-25,2026-05-25 08:00:00,2026-05-25 16:00:00,160,153,3
WLD-001,PROD-A,BATCH-WLD-001-2026-05-25,2026-05-25 08:00:00,2026-05-25 16:00:00,142,139,2
ROB-002,PROD-A,BATCH-ROB-002-2026-05-25,2026-05-25 08:00:00,2026-05-25 16:00:00,138,135,2
CON-001,PROD-A,BATCH-CON-001-2026-05-25,2026-05-25 08:00:00,2026-05-25 16:00:00,206,205,4
PKG-001,PROD-A,BATCH-PKG-001-2026-05-25,2026-05-25 08:00:00,2026-05-25 16:00:00,249,228,4
LAB-001,PROD-A,BATCH-LAB-001-2026-05-25,2026-05-25 08:00:00,2026-05-25 16:00:00,253,230,3
CNC-001,PROD-A,BATCH-CNC-001-2026-05-26,2026-05-26 08:00:00,2026-05-26 16:00:00,107,103,1
PRS-001,PROD-A,BATCH-PRS-001-2026-05-26,2026-05-26 08:00:00,2026-05-26 16:00:00,137,126,3
ROB-001,PROD-A,BATCH-ROB-001-2026-05-26,2026-05-26 08:00:00,2026-05-26 16:00:00,241,240,6
CNC-002,PROD-A,BATCH-CNC-002-2026-05-26,2026-05-26 08:00:00,2026-05-26 16:00:00,81,73,1
WLD-001,PROD-A,BATCH-WLD-001-2026-05-26,2026-05-26 08:00:00,2026-05-26 16:00:00,110,108,2
ROB-002,PROD-A,BATCH-ROB-002-2026-05-26,2026-05-26 08:00:00,2026-05-26 16:00:00,182,181,4
CON-001,PROD-A,BATCH-CON-001-2026-05-26,2026-05-26 08:00:00,2026-05-26 16:00:00,232,217,5
PKG-001,PROD-A,BATCH-PKG-001-2026-05-26,2026-05-26 08:00:00,2026-05-26 16:00:00,149,139,2
LAB-001,PROD-A,BATCH-LAB-001-2026-05-26,2026-05-26 08:00:00,2026-05-26 16:00:00,222,200,4
CNC-001,PROD-A,BATCH-CNC-001-2026-05-27,2026-05-27 08:00:00,2026-05-27 16:00:00,127,120,2
PRS-001,PROD-A,BATCH-PRS-001-2026-05-27,2026-05-27 08:00:00,2026-05-27 16:00:00,162,146,4
ROB-001,PROD-A,BATCH-ROB-001-2026-05-27,2026-05-27 08:00:00,2026-05-27 16:00:00,169,157,1
CNC-002,PROD-A,BATCH-CNC-002-2026-05-27,2026-05-27 08:00:00,2026-05-27 16:00:00,92,84,2
WLD-001,PROD-A,BATCH-WLD-001-2026-05-27,2026-05-27 08:00:00,2026-05-27 16:00:00,148,141,3
ROB-002,PROD-A,BATCH-ROB-002-2026-05-27,2026-05-27 08:00:00,2026-05-27 16:00:00,173,167,4
CON-001,PROD-A,BATCH-CON-001-2026-05-27,2026-05-27 08:00:00,2026-05-27 16:00:00,258,253,3
PKG-001,PROD-A,BATCH-PKG-001-2026-05-27,2026-05-27 08:00:00,2026-05-27 16:00:00,231,222,6
LAB-001,PROD-A,BATCH-LAB-001-2026-05-27,2026-05-27 08:00:00,2026-05-27 16:00:00,189,170,4
CNC-001,PROD-A,BATCH-CNC-001-2026-05-28,2026-05-28 08:00:00,2026-05-28 16:00:00,84,76,0
PRS-001,PROD-A,BATCH-PRS-001-2026-05-28,2026-05-28 08:00:00,2026-05-28 16:00:00,201,185,2
ROB-001,PROD-A,BATCH-ROB-001-2026-05-28,2026-05-28 08:00:00,2026-05-28 16:00:00,178,176,3
CNC-002,PROD-A,BATCH-CNC-002-2026-05-28,2026-05-28 08:00:00,2026-05-28 16:00:00,137,131,2
WLD-001,PROD-A,BATCH-WLD-001-2026-05-28,2026-05-28 08:00:00,2026-05-28 16:00:00,82,76,0
ROB-002,PROD-A,BATCH-ROB-002-2026-05-28,2026-05-28 08:00:00,2026-05-28 16:00:00,121,116,2
CON-001,PROD-A,BATCH-CON-001-2026-05-28,2026-05-28 08:00:00,2026-05-28 16:00:00,299,270,7
PKG-001,PROD-A,BATCH-PKG-001-2026-05-28,2026-05-28 08:00:00,2026-05-28 16:00:00,211,209,2
LAB-001,PROD-A,BATCH-LAB-001-2026-05-28,2026-05-28 08:00:00,2026-05-28 16:00:00,227,218,3
CNC-001,PROD-A,BATCH-CNC-001-2026-05-29,2026-05-29 08:00:00,2026-05-29 16:00:00,136,127,3
PRS-001,PROD-A,BATCH-PRS-001-2026-05-29,2026-05-29 08:00:00,2026-05-29 16:00:00,103,97,2
ROB-001,PROD-A,BATCH-ROB-001-2026-05-29,2026-05-29 08:00:00,2026-05-29 16:00:00,154,150,3
CNC-002,PROD-A,BATCH-CNC-002-2026-05-29,2026-05-29 08:00:00,2026-05-29 16:00:00,149,138,3
WLD-001,PROD-A,BATCH-WLD-001-2026-05-29,2026-05-29 08:00:00,2026-05-29 16:00:00,118,114,3
ROB-002,PROD-A,BATCH-ROB-002-2026-05-29,2026-05-29 08:00:00,2026-05-29 16:00:00,215,214,2
CON-001,PROD-A,BATCH-CON-001-2026-05-29,2026-05-29 08:00:00,2026-05-29 16:00:00,292,266,2
PKG-001,PROD-A,BATCH-PKG-001-2026-05-29,2026-05-29 08:00:00,2026-05-29 16:00:00,220,209,6
LAB-001,PROD-A,BATCH-LAB-001-2026-05-29,2026-05-29 08:00:00,2026-05-29 16:00:00,228,209,5
CNC-001,PROD-A,BATCH-CNC-001-2026-05-30,2026-05-30 08:00:00,2026-05-30 16:00:00,124,114,3
PRS-001,PROD-A,BATCH-PRS-001-2026-05-30,2026-05-30 08:00:00,2026-05-30 16:00:00,208,197,2
ROB-001,PROD-A,BATCH-ROB-001-2026-05-30,2026-05-30 08:00:00,2026-05-30 16:00:00,176,169,2
CNC-002,PROD-A,BATCH-CNC-002-2026-05-30,2026-05-30 08:00:00,2026-05-30 16:00:00,94,86,2
WLD-001,PROD-A,BATCH-WLD-001-2026-05-30,2026-05-30 08:00:00,2026-05-30 16:00:00,86,84,2
ROB-002,PROD-A,BATCH-ROB-002-2026-05-30,2026-05-30 08:00:00,2026-05-30 16:00:00,238,229,2
CON-001,PROD-A,BATCH-CON-001-2026-05-30,2026-05-30 08:00:00,2026-05-30 16:00:00,167,154,2
PKG-001,PROD-A,BATCH-PKG-001-2026-05-30,2026-05-30 08:00:00,2026-05-30 16:00:00,244,242,4
LAB-001,PROD-A,BATCH-LAB-001-2026-05-30,2026-05-30 08:00:00,2026-05-30 16:00:00,210,191,4
CNC-001,PROD-A,BATCH-CNC-001-2026-05-31,2026-05-31 08:00:00,2026-05-31 16:00:00,104,96,1
PRS-001,PROD-A,BATCH-PRS-001-2026-05-31,2026-05-31 08:00:00,2026-05-31 16:00:00,178,171,4
ROB-001,PROD-A,BATCH-ROB-001-2026-05-31,2026-05-31 08:00:00,2026-05-31 16:00:00,159,152,2
CNC-002,PROD-A,BATCH-CNC-002-2026-05-31,2026-05-31 08:00:00,2026-05-31 16:00:00,120,119,1
WLD-001,PROD-A,BATCH-WLD-001-2026-05-31,2026-05-31 08:00:00,2026-05-31 16:00:00,120,110,1
ROB-002,PROD-A,BATCH-ROB-002-2026-05-31,2026-05-31 08:00:00,2026-05-31 16:00:00,231,214,3
CON-001,PROD-A,BATCH-CON-001-2026-05-31,2026-05-31 08:00:00,2026-05-31 16:00:00,234,231,4
PKG-001,PROD-A,BATCH-PKG-001-2026-05-31,2026-05-31 08:00:00,2026-05-31 16:00:00,211,206,4
LAB-001,PROD-A,BATCH-LAB-001-2026-05-31,2026-05-31 08:00:00,2026-05-31 16:00:00,177,162,3
CNC-001,PROD-A,BATCH-CNC-001-2026-06-01,2026-06-01 08:00:00,2026-06-01 16:00:00,115,113,1
PRS-001,PROD-A,BATCH-PRS-001-2026-06-01,2026-06-01 08:00:00,2026-06-01 16:00:00,168,154,3
ROB-001,PROD-A,BATCH-ROB-001-2026-06-01,2026-06-01 08:00:00,2026-06-01 16:00:00,139,135,3
CNC-002,PROD-A,BATCH-CNC-002-2026-06-01,2026-06-01 08:00:00,2026-06-01 16:00:00,144,138,3
WLD-001,PROD-A,BATCH-WLD-001-2026-06-01,2026-06-01 08:00:00,2026-06-01 16:00:00,154,144,3
ROB-002,PROD-A,BATCH-ROB-002-2026-06-01,2026-06-01 08:00:00,2026-06-01 16:00:00,129,123,2
CON-001,PROD-A,BATCH-CON-001-2026-06-01,2026-06-01 08:00:00,2026-06-01 16:00:00,288,272,6
PKG-001,PROD-A,BATCH-PKG-001-2026-06-01,2026-06-01 08:00:00,2026-06-01 16:00:00,213,200,5
LAB-001,PROD-A,BATCH-LAB-001-2026-06-01,2026-06-01 08:00:00,2026-06-01 16:00:00,300,291,4
CNC-001,PROD-A,BATCH-CNC-001-2026-06-02,2026-06-02 08:00:00,2026-06-02 16:00:00,139,132,1
PRS-001,PROD-A,BATCH-PRS-001-2026-06-02,2026-06-02 08:00:00,2026-06-02 16:00:00,146,138,3
ROB-001,PROD-A,BATCH-ROB-001-2026-06-02,2026-06-02 08:00:00,2026-06-02 16:00:00,162,158,2
CNC-002,PROD-A,BATCH-CNC-002-2026-06-02,2026-06-02 08:00:00,2026-06-02 16:00:00,100,91,2
WLD-001,PROD-A,BATCH-WLD-001-2026-06-02,2026-06-02 08:00:00,2026-06-02 16:00:00,164,161,2
ROB-002,PROD-A,BATCH-ROB-002-2026-06-02,2026-06-02 08:00:00,2026-06-02 16:00:00,243,241,2
CON-001,PROD-A,BATCH-CON-001-2026-06-02,2026-06-02 08:00:00,2026-06-02 16:00:00,274,252,3
PKG-001,PROD-A,BATCH-PKG-001-2026-06-02,2026-06-02 08:00:00,2026-06-02 16:00:00,179,161,2
LAB-001,PROD-A,BATCH-LAB-001-2026-06-02,2026-06-02 08:00:00,2026-06-02 16:00:00,242,227,6
CNC-001,PROD-A,BATCH-CNC-001-2026-06-03,2026-06-03 08:00:00,2026-06-03 16:00:00,85,76,1
PRS-001,PROD-A,BATCH-PRS-001-2026-06-03,2026-06-03 08:00:00,2026-06-03 16:00:00,113,109,2
ROB-001,PROD-A,BATCH-ROB-001-2026-06-03,2026-06-03 08:00:00,2026-06-03 16:00:00,190,186,2
CNC-002,PROD-A,BATCH-CNC-002-2026-06-03,2026-06-03 08:00:00,2026-06-03 16:00:00,149,142,2
WLD-001,PROD-A,BATCH-WLD-001-2026-06-03,2026-06-03 08:00:00,2026-06-03 16:00:00,128,119,2
ROB-002,PROD-A,BATCH-ROB-002-2026-06-03,2026-06-03 08:00:00,2026-06-03 16:00:00,139,132,2
CON-001,PROD-A,BATCH-CON-001-2026-06-03,2026-06-03 08:00:00,2026-06-03 16:00:00,207,196,3
PKG-001,PROD-A,BATCH-PKG-001-2026-06-03,2026-06-03 08:00:00,2026-06-03 16:00:00,208,197,3
LAB-001,PROD-A,BATCH-LAB-001-2026-06-03,2026-06-03 08:00:00,2026-06-03 16:00:00,151,143,1
CNC-001,PROD-A,BATCH-CNC-001-2026-06-04,2026-06-04 08:00:00,2026-06-04 16:00:00,101,93,1
PRS-001,PROD-A,BATCH-PRS-001-2026-06-04,2026-06-04 08:00:00,2026-06-04 16:00:00,135,124,1
ROB-001,PROD-A,BATCH-ROB-001-2026-06-04,2026-06-04 08:00:00,2026-06-04 16:00:00,212,203,5
CNC-002,PROD-A,BATCH-CNC-002-2026-06-04,2026-06-04 08:00:00,2026-06-04 16:00:00,109,102,1
WLD-001,PROD-A,BATCH-WLD-001-2026-06-04,2026-06-04 08:00:00,2026-06-04 16:00:00,94,89,1
ROB-002,PROD-A,BATCH-ROB-002-2026-06-04,2026-06-04 08:00:00,2026-06-04 16:00:00,173,165,3
CON-001,PROD-A,BATCH-CON-001-2026-06-04,2026-06-04 08:00:00,2026-06-04 16:00:00,255,230,2
PKG-001,PROD-A,BATCH-PKG-001-2026-06-04,2026-06-04 08:00:00,2026-06-04 16:00:00,161,147,2
LAB-001,PROD-A,BATCH-LAB-001-2026-06-04,2026-06-04 08:00:00,2026-06-04 16:00:00,296,270,3
CNC-001,PROD-A,BATCH-CNC-001-2026-06-05,2026-06-05 08:00:00,2026-06-05 16:00:00,103,98,1
PRS-001,PROD-A,BATCH-PRS-001-2026-06-05,2026-06-05 08:00:00,2026-06-05 16:00:00,172,165,4
ROB-001,PROD-A,BATCH-ROB-001-2026-06-05,2026-06-05 08:00:00,2026-06-05 16:00:00,192,190,2
CNC-002,PROD-A,BATCH-CNC-002-2026-06-05,2026-06-05 08:00:00,2026-06-05 16:00:00,157,156,4
WLD-001,PROD-A,BATCH-WLD-001-2026-06-05,2026-06-05 08:00:00,2026-06-05 16:00:00,101,93,1
ROB-002,PROD-A,BATCH-ROB-002-2026-06-05,2026-06-05 08:00:00,2026-06-05 16:00:00,156,152,4
CON-001,PROD-A,BATCH-CON-001-2026-06-05,2026-06-05 08:00:00,2026-06-05 16:00:00,196,188,3
PKG-001,PROD-A,BATCH-PKG-001-2026-06-05,2026-06-05 08:00:00,2026-06-05 16:00:00,162,157,2
LAB-001,PROD-A,BATCH-LAB-001-2026-06-05,2026-06-05 08:00:00,2026-06-05 16:00:00,266,255,2
CNC-001,PROD-A,BATCH-CNC-001-2026-06-06,2026-06-06 08:00:00,2026-06-06 16:00:00,128,120,1
PRS-001,PROD-A,BATCH-PRS-001-2026-06-06,2026-06-06 08:00:00,2026-06-06 16:00:00,125,119,3
ROB-001,PROD-A,BATCH-ROB-001-2026-06-06,2026-06-06 08:00:00,2026-06-06 16:00:00,227,223,4
CNC-002,PROD-A,BATCH-CNC-002-2026-06-06,2026-06-06 08:00:00,2026-06-06 16:00:00,102,96,2
WLD-001,PROD-A,BATCH-WLD-001-2026-06-06,2026-06-06 08:00:00,2026-06-06 16:00:00,84,82,1
ROB-002,PROD-A,BATCH-ROB-002-2026-06-06,2026-06-06 08:00:00,2026-06-06 16:00:00,150,136,3
CON-001,PROD-A,BATCH-CON-001-2026-06-06,2026-06-06 08:00:00,2026-06-06 16:00:00,288,283,7
PKG-001,PROD-A,BATCH-PKG-001-2026-06-06,2026-06-06 08:00:00,2026-06-06 16:00:00,230,219,3
LAB-001,PROD-A,BATCH-LAB-001-2026-06-06,2026-06-06 08:00:00,2026-06-06 16:00:00,161,156,2
CNC-001,PROD-A,BATCH-CNC-001-2026-06-07,2026-06-07 08:00:00,2026-06-07 16:00:00,141,138,2
PRS-001,PROD-A,BATCH-PRS-001-2026-06-07,2026-06-07 08:00:00,2026-06-07 16:00:00,175,171,4
ROB-001,PROD-A,BATCH-ROB-001-2026-06-07,2026-06-07 08:00:00,2026-06-07 16:00:00,145,136,2
CNC-002,PROD-A,BATCH-CNC-002-2026-06-07,2026-06-07 08:00:00,2026-06-07 16:00:00,109,108,1
WLD-001,PROD-A,BATCH-WLD-001-2026-06-07,2026-06-07 08:00:00,2026-06-07 16:00:00,156,154,2
ROB-002,PROD-A,BATCH-ROB-002-2026-06-07,2026-06-07 08:00:00,2026-06-07 16:00:00,168,151,3
CON-001,PROD-A,BATCH-CON-001-2026-06-07,2026-06-07 08:00:00,2026-06-07 16:00:00,151,144,1
PKG-001,PROD-A,BATCH-PKG-001-2026-06-07,2026-06-07 08:00:00,2026-06-07 16:00:00,121,113,1
LAB-001,PROD-A,BATCH-LAB-001-2026-06-07,2026-06-07 08:00:00,2026-06-07 16:00:00,230,216,2
CNC-001,PROD-A,BATCH-CNC-001-2026-06-08,2026-06-08 08:00:00,2026-06-08 16:00:00,134,129,1
PRS-001,PROD-A,BATCH-PRS-001-2026-06-08,2026-06-08 08:00:00,2026-06-08 16:00:00,209,199,4
ROB-001,PROD-A,BATCH-ROB-001-2026-06-08,2026-06-08 08:00:00,2026-06-08 16:00:00,190,189,3
CNC-002,PROD-A,BATCH-CNC-002-2026-06-08,2026-06-08 08:00:00,2026-06-08 16:00:00,106,99,2
WLD-001,PROD-A,BATCH-WLD-001-2026-06-08,2026-06-08 08:00:00,2026-06-08 16:00:00,141,129,2
ROB-002,PROD-A,BATCH-ROB-002-2026-06-08,2026-06-08 08:00:00,2026-06-08 16:00:00,243,224,3
CON-001,PROD-A,BATCH-CON-001-2026-06-08,2026-06-08 08:00:00,2026-06-08 16:00:00,238,232,4
PKG-001,PROD-A,BATCH-PKG-001-2026-06-08,2026-06-08 08:00:00,2026-06-08 16:00:00,155,152,3
LAB-001,PROD-A,BATCH-LAB-001-2026-06-08,2026-06-08 08:00:00,2026-06-08 16:00:00,208,196,4
CNC-001,PROD-A,BATCH-CNC-001-2026-06-09,2026-06-09 08:00:00,2026-06-09 16:00:00,100,91,1
PRS-001,PROD-A,BATCH-PRS-001-2026-06-09,2026-06-09 08:00:00,2026-06-09 16:00:00,200,186,3
ROB-001,PROD-A,BATCH-ROB-001-2026-06-09,2026-06-09 08:00:00,2026-06-09 16:00:00,133,121,3
CNC-002,PROD-A,BATCH-CNC-002-2026-06-09,2026-06-09 08:00:00,2026-06-09 16:00:00,80,78,2
WLD-001,PROD-A,BATCH-WLD-001-2026-06-09,2026-06-09 08:00:00,2026-06-09 16:00:00,140,138,2
ROB-002,PROD-A,BATCH-ROB-002-2026-06-09,2026-06-09 08:00:00,2026-06-09 16:00:00,136,125,2
CON-001,PROD-A,BATCH-CON-001-2026-06-09,2026-06-09 08:00:00,2026-06-09 16:00:00,159,154,4
PKG-001,PROD-A,BATCH-PKG-001-2026-06-09,2026-06-09 08:00:00,2026-06-09 16:00:00,222,213,4
LAB-001,PROD-A,BATCH-LAB-001-2026-06-09,2026-06-09 08:00:00,2026-06-09 16:00:00,164,163,4
CNC-001,PROD-A,BATCH-CNC-001-2026-06-10,2026-06-10 08:00:00,2026-06-10 16:00:00,143,134,1
PRS-001,PROD-A,BATCH-PRS-001-2026-06-10,2026-06-10 08:00:00,2026-06-10 16:00:00,184,182,3
ROB-001,PROD-A,BATCH-ROB-001-2026-06-10,2026-06-10 08:00:00,2026-06-10 16:00:00,169,152,3
CNC-002,PROD-A,BATCH-CNC-002-2026-06-10,2026-06-10 08:00:00,2026-06-10 16:00:00,146,141,3
WLD-001,PROD-A,BATCH-WLD-001-2026-06-10,2026-06-10 08:00:00,2026-06-10 16:00:00,166,149,2
ROB-002,PROD-A,BATCH-ROB-002-2026-06-10,2026-06-10 08:00:00,2026-06-10 16:00:00,120,119,1
CON-001,PROD-A,BATCH-CON-001-2026-06-10,2026-06-10 08:00:00,2026-06-10 16:00:00,220,215,3
PKG-001,PROD-A,BATCH-PKG-001-2026-06-10,2026-06-10 08:00:00,2026-06-10 16:00:00,221,207,2
LAB-001,PROD-A,BATCH-LAB-001-2026-06-10,2026-06-10 08:00:00,2026-06-10 16:00:00,153,148,1
CNC-001,PROD-A,BATCH-CNC-001-2026-06-11,2026-06-11 08:00:00,2026-06-11 16:00:00,91,86,2
PRS-001,PROD-A,BATCH-PRS-001-2026-06-11,2026-06-11 08:00:00,2026-06-11 16:00:00,171,169,2
ROB-001,PROD-A,BATCH-ROB-001-2026-06-11,2026-06-11 08:00:00,2026-06-11 16:00:00,190,175,5
CNC-002,PROD-A,BATCH-CNC-002-2026-06-11,2026-06-11 08:00:00,2026-06-11 16:00:00,138,137,2
WLD-001,PROD-A,BATCH-WLD-001-2026-06-11,2026-06-11 08:00:00,2026-06-11 16:00:00,113,103,2
ROB-002,PROD-A,BATCH-ROB-002-2026-06-11,2026-06-11 08:00:00,2026-06-11 16:00:00,138,131,2
CON-001,PROD-A,BATCH-CON-001-2026-06-11,2026-06-11 08:00:00,2026-06-11 16:00:00,179,175,5
PKG-001,PROD-A,BATCH-PKG-001-2026-06-11,2026-06-11 08:00:00,2026-06-11 16:00:00,184,166,9
LAB-001,PROD-A,BATCH-LAB-001-2026-06-11,2026-06-11 08:00:00,2026-06-11 16:00:00,294,278,4
CNC-001,PROD-A,BATCH-CNC-001-2026-06-12,2026-06-12 08:00:00,2026-06-12 16:00:00,123,116,4
PRS-001,PROD-A,BATCH-PRS-001-2026-06-12,2026-06-12 08:00:00,2026-06-12 16:00:00,158,156,4
ROB-001,PROD-A,BATCH-ROB-001-2026-06-12,2026-06-12 08:00:00,2026-06-12 16:00:00,243,221,2
CNC-002,PROD-A,BATCH-CNC-002-2026-06-12,2026-06-12 08:00:00,2026-06-12 16:00:00,108,97,2
WLD-001,PROD-A,BATCH-WLD-001-2026-06-12,2026-06-12 08:00:00,2026-06-12 16:00:00,120,112,1
ROB-002,PROD-A,BATCH-ROB-002-2026-06-12,2026-06-12 08:00:00,2026-06-12 16:00:00,122,118,1
CON-001,PROD-A,BATCH-CON-001-2026-06-12,2026-06-12 08:00:00,2026-06-12 16:00:00,223,202,4
PKG-001,PROD-A,BATCH-PKG-001-2026-06-12,2026-06-12 08:00:00,2026-06-12 16:00:00,207,167,9
LAB-001,PROD-A,BATCH-LAB-001-2026-06-12,2026-06-12 08:00:00,2026-06-12 16:00:00,271,252,3
CNC-001,PROD-A,BATCH-CNC-001-2026-06-13,2026-06-13 08:00:00,2026-06-13 16:00:00,153,128,7
PRS-001,PROD-A,BATCH-PRS-001-2026-06-13,2026-06-13 08:00:00,2026-06-13 16:00:00,187,185,2
ROB-001,PROD-A,BATCH-ROB-001-2026-06-13,2026-06-13 08:00:00,2026-06-13 16:00:00,171,157,2
CNC-002,PROD-A,BATCH-CNC-002-2026-06-13,2026-06-13 08:00:00,2026-06-13 16:00:00,113,93,2
WLD-001,PROD-A,BATCH-WLD-001-2026-06-13,2026-06-13 08:00:00,2026-06-13 16:00:00,111,109,1
ROB-002,PROD-A,BATCH-ROB-002-2026-06-13,2026-06-13 08:00:00,2026-06-13 16:00:00,147,134,1
CON-001,PROD-A,BATCH-CON-001-2026-06-13,2026-06-13 08:00:00,2026-06-13 16:00:00,276,265,6
PKG-001,PROD-A,BATCH-PKG-001-2026-06-13,2026-06-13 08:00:00,2026-06-13 16:00:00,130,120,4
LAB-001,PROD-A,BATCH-LAB-001-2026-06-13,2026-06-13 08:00:00,2026-06-13 16:00:00,230,218,6
CNC-001,PROD-A,BATCH-CNC-001-2026-06-14,2026-06-14 08:00:00,2026-06-14 16:00:00,153,142,5
PRS-001,PROD-A,BATCH-PRS-001-2026-06-14,2026-06-14 08:00:00,2026-06-14 16:00:00,197,195,3
ROB-001,PROD-A,BATCH-ROB-001-2026-06-14,2026-06-14 08:00:00,2026-06-14 16:00:00,176,171,2
CNC-002,PROD-A,BATCH-CNC-002-2026-06-14,2026-06-14 08:00:00,2026-06-14 16:00:00,147,135,5
WLD-001,PROD-A,BATCH-WLD-001-2026-06-14,2026-06-14 08:00:00,2026-06-14 16:00:00,149,134,2
ROB-002,PROD-A,BATCH-ROB-002-2026-06-14,2026-06-14 08:00:00,2026-06-14 16:00:00,164,155,1
CON-001,PROD-A,BATCH-CON-001-2026-06-14,2026-06-14 08:00:00,2026-06-14 16:00:00,282,266,6
PKG-001,PROD-A,BATCH-PKG-001-2026-06-14,2026-06-14 08:00:00,2026-06-14 16:00:00,123,110,3
LAB-001,PROD-A,BATCH-LAB-001-2026-06-14,2026-06-14 08:00:00,2026-06-14 16:00:00,175,163,3
CNC-001,PROD-A,BATCH-CNC-001-2026-06-15,2026-06-15 08:00:00,2026-06-15 16:00:00,113,93,2
PRS-001,PROD-A,BATCH-PRS-001-2026-06-15,2026-06-15 08:00:00,2026-06-15 16:00:00,134,126,2
ROB-001,PROD-A,BATCH-ROB-001-2026-06-15,2026-06-15 08:00:00,2026-06-15 16:00:00,213,195,3
CNC-002,PROD-A,BATCH-CNC-002-2026-06-15,2026-06-15 08:00:00,2026-06-15 16:00:00,133,120,4
WLD-001,PROD-A,BATCH-WLD-001-2026-06-15,2026-06-15 08:00:00,2026-06-15 16:00:00,131,121,1
ROB-002,PROD-A,BATCH-ROB-002-2026-06-15,2026-06-15 08:00:00,2026-06-15 16:00:00,153,152,3
CON-001,PROD-A,BATCH-CON-001-2026-06-15,2026-06-15 08:00:00,2026-06-15 16:00:00,175,170,4
PKG-001,PROD-A,BATCH-PKG-001-2026-06-15,2026-06-15 08:00:00,2026-06-15 16:00:00,230,213,5
LAB-001,PROD-A,BATCH-LAB-001-2026-06-15,2026-06-15 08:00:00,2026-06-15 16:00:00,188,178,1
CNC-001,PROD-A,BATCH-CNC-001-2026-06-16,2026-06-16 08:00:00,2026-06-16 16:00:00,133,116,6
PRS-001,PROD-A,BATCH-PRS-001-2026-06-16,2026-06-16 08:00:00,2026-06-16 16:00:00,208,200,4
ROB-001,PROD-A,BATCH-ROB-001-2026-06-16,2026-06-16 08:00:00,2026-06-16 16:00:00,200,195,3
CNC-002,PROD-A,BATCH-CNC-002-2026-06-16,2026-06-16 08:00:00,2026-06-16 16:00:00,151,140,3
WLD-001,PROD-A,BATCH-WLD-001-2026-06-16,2026-06-16 08:00:00,2026-06-16 16:00:00,92,89,0
ROB-002,PROD-A,BATCH-ROB-002-2026-06-16,2026-06-16 08:00:00,2026-06-16 16:00:00,185,175,3
CON-001,PROD-A,BATCH-CON-001-2026-06-16,2026-06-16 08:00:00,2026-06-16 16:00:00,265,258,3
PKG-001,PROD-A,BATCH-PKG-001-2026-06-16,2026-06-16 08:00:00,2026-06-16 16:00:00,212,202,5
LAB-001,PROD-A,BATCH-LAB-001-2026-06-16,2026-06-16 08:00:00,2026-06-16 16:00:00,215,200,3
CNC-001,PROD-A,BATCH-CNC-001-2026-06-17,2026-06-17 08:00:00,2026-06-17 16:00:00,124,115,6
PRS-001,PROD-A,BATCH-PRS-001-2026-06-17,2026-06-17 08:00:00,2026-06-17 16:00:00,125,119,2
ROB-001,PROD-A,BATCH-ROB-001-2026-06-17,2026-06-17 08:00:00,2026-06-17 16:00:00,164,163,2
CNC-002,PROD-A,BATCH-CNC-002-2026-06-17,2026-06-17 08:00:00,2026-06-17 16:00:00,121,109,4
WLD-001,PROD-A,BATCH-WLD-001-2026-06-17,2026-06-17 08:00:00,2026-06-17 16:00:00,174,164,1
ROB-002,PROD-A,BATCH-ROB-002-2026-06-17,2026-06-17 08:00:00,2026-06-17 16:00:00,193,182,5
CON-001,PROD-A,BATCH-CON-001-2026-06-17,2026-06-17 08:00:00,2026-06-17 16:00:00,192,185,5
PKG-001,PROD-A,BATCH-PKG-001-2026-06-17,2026-06-17 08:00:00,2026-06-17 16:00:00,227,218,4
LAB-001,PROD-A,BATCH-LAB-001-2026-06-17,2026-06-17 08:00:00,2026-06-17 16:00:00,168,152,2
CNC-001,PROD-A,BATCH-CNC-001-2026-06-18,2026-06-18 08:00:00,2026-06-18 16:00:00,120,101,3
PRS-001,PROD-A,BATCH-PRS-001-2026-06-18,2026-06-18 08:00:00,2026-06-18 16:00:00,134,128,2
ROB-001,PROD-A,BATCH-ROB-001-2026-06-18,2026-06-18 08:00:00,2026-06-18 16:00:00,233,227,6
CNC-002,PROD-A,BATCH-CNC-002-2026-06-18,2026-06-18 08:00:00,2026-06-18 16:00:00,155,136,5
WLD-001,PROD-A,BATCH-WLD-001-2026-06-18,2026-06-18 08:00:00,2026-06-18 16:00:00,101,92,0
ROB-002,PROD-A,BATCH-ROB-002-2026-06-18,2026-06-18 08:00:00,2026-06-18 16:00:00,180,173,4
CON-001,PROD-A,BATCH-CON-001-2026-06-18,2026-06-18 08:00:00,2026-06-18 16:00:00,170,156,2
PKG-001,PROD-A,BATCH-PKG-001-2026-06-18,2026-06-18 08:00:00,2026-06-18 16:00:00,144,130,3
LAB-001,PROD-A,BATCH-LAB-001-2026-06-18,2026-06-18 08:00:00,2026-06-18 16:00:00,290,262,6
CNC-001,PROD-A,BATCH-CNC-001-2026-06-19,2026-06-19 08:00:00,2026-06-19 16:00:00,147,134,3
PRS-001,PROD-A,BATCH-PRS-001-2026-06-19,2026-06-19 08:00:00,2026-06-19 16:00:00,133,127,1
ROB-001,PROD-A,BATCH-ROB-001-2026-06-19,2026-06-19 08:00:00,2026-06-19 16:00:00,219,203,3
CNC-002,PROD-A,BATCH-CNC-002-2026-06-19,2026-06-19 08:00:00,2026-06-19 16:00:00,116,100,2
WLD-001,PROD-A,BATCH-WLD-001-2026-06-19,2026-06-19 08:00:00,2026-06-19 16:00:00,147,144,1
ROB-002,PROD-A,BATCH-ROB-002-2026-06-19,2026-06-19 08:00:00,2026-06-19 16:00:00,211,208,3
CON-001,PROD-A,BATCH-CON-001-2026-06-19,2026-06-19 08:00:00,2026-06-19 16:00:00,271,256,7
PKG-001,PROD-A,BATCH-PKG-001-2026-06-19,2026-06-19 08:00:00,2026-06-19 16:00:00,189,180,2
LAB-001,PROD-A,BATCH-LAB-001-2026-06-19,2026-06-19 08:00:00,2026-06-19 16:00:00,288,264,5
CNC-001,PROD-A,BATCH-CNC-001-2026-06-20,2026-06-20 08:00:00,2026-06-20 16:00:00,160,145,7
PRS-001,PROD-A,BATCH-PRS-001-2026-06-20,2026-06-20 08:00:00,2026-06-20 16:00:00,155,147,3
ROB-001,PROD-A,BATCH-ROB-001-2026-06-20,2026-06-20 08:00:00,2026-06-20 16:00:00,199,197,3
CNC-002,PROD-A,BATCH-CNC-002-2026-06-20,2026-06-20 08:00:00,2026-06-20 16:00:00,109,100,3
WLD-001,PROD-A,BATCH-WLD-001-2026-06-20,2026-06-20 08:00:00,2026-06-20 16:00:00,126,118,1
ROB-002,PROD-A,BATCH-ROB-002-2026-06-20,2026-06-20 08:00:00,2026-06-20 16:00:00,122,109,2
CON-001,PROD-A,BATCH-CON-001-2026-06-20,2026-06-20 08:00:00,2026-06-20 16:00:00,184,171,3
PKG-001,PROD-A,BATCH-PKG-001-2026-06-20,2026-06-20 08:00:00,2026-06-20 16:00:00,122,118,2
LAB-001,PROD-A,BATCH-LAB-001-2026-06-20,2026-06-20 08:00:00,2026-06-20 16:00:00,272,252,6
CNC-001,PROD-A,BATCH-CNC-001-2026-06-21,2026-06-21 08:00:00,2026-06-21 16:00:00,117,104,5
PRS-001,PROD-A,BATCH-PRS-001-2026-06-21,2026-06-21 08:00:00,2026-06-21 16:00:00,170,145,5
ROB-001,PROD-A,BATCH-ROB-001-2026-06-21,2026-06-21 08:00:00,2026-06-21 16:00:00,231,198,5
CNC-002,PROD-A,BATCH-CNC-002-2026-06-21,2026-06-21 08:00:00,2026-06-21 16:00:00,129,126,1
WLD-001,PROD-A,BATCH-WLD-001-2026-06-21,2026-06-21 08:00:00,2026-06-21 16:00:00,90,84,1
ROB-002,PROD-A,BATCH-ROB-002-2026-06-21,2026-06-21 08:00:00,2026-06-21 16:00:00,189,175,4
CON-001,PROD-A,BATCH-CON-001-2026-06-21,2026-06-21 08:00:00,2026-06-21 16:00:00,218,205,5
PKG-001,PROD-A,BATCH-PKG-001-2026-06-21,2026-06-21 08:00:00,2026-06-21 16:00:00,166,151,1
LAB-001,PROD-A,BATCH-LAB-001-2026-06-21,2026-06-21 08:00:00,2026-06-21 16:00:00,266,255,3
CNC-001,PROD-A,BATCH-CNC-001-2026-06-22,2026-06-22 08:00:00,2026-06-22 16:00:00,159,138,4
PRS-001,PROD-A,BATCH-PRS-001-2026-06-22,2026-06-22 08:00:00,2026-06-22 16:00:00,119,96,3
ROB-001,PROD-A,BATCH-ROB-001-2026-06-22,2026-06-22 08:00:00,2026-06-22 16:00:00,167,157,4
CNC-002,PROD-A,BATCH-CNC-002-2026-06-22,2026-06-22 08:00:00,2026-06-22 16:00:00,96,93,2
WLD-001,PROD-A,BATCH-WLD-001-2026-06-22,2026-06-22 08:00:00,2026-06-22 16:00:00,109,99,1
ROB-002,PROD-A,BATCH-ROB-002-2026-06-22,2026-06-22 08:00:00,2026-06-22 16:00:00,175,163,2
CON-001,PROD-A,BATCH-CON-001-2026-06-22,2026-06-22 08:00:00,2026-06-22 16:00:00,277,276,5
PKG-001,PROD-A,BATCH-PKG-001-2026-06-22,2026-06-22 08:00:00,2026-06-22 16:00:00,128,119,3
LAB-001,PROD-A,BATCH-LAB-001-2026-06-22,2026-06-22 08:00:00,2026-06-22 16:00:00,187,169,4
CNC-001,PROD-A,BATCH-CNC-001-2026-06-23,2026-06-23 08:00:00,2026-06-23 16:00:00,89,78,2
PRS-001,PROD-A,BATCH-PRS-001-2026-06-23,2026-06-23 08:00:00,2026-06-23 16:00:00,214,198,10
ROB-001,PROD-A,BATCH-ROB-001-2026-06-23,2026-06-23 08:00:00,2026-06-23 16:00:00,123,100,5
CNC-002,PROD-A,BATCH-CNC-002-2026-06-23,2026-06-23 08:00:00,2026-06-23 16:00:00,111,104,3
WLD-001,PROD-A,BATCH-WLD-001-2026-06-23,2026-06-23 08:00:00,2026-06-23 16:00:00,111,108,1
ROB-002,PROD-A,BATCH-ROB-002-2026-06-23,2026-06-23 08:00:00,2026-06-23 16:00:00,237,215,5
CON-001,PROD-A,BATCH-CON-001-2026-06-23,2026-06-23 08:00:00,2026-06-23 16:00:00,203,192,4
PKG-001,PROD-A,BATCH-PKG-001-2026-06-23,2026-06-23 08:00:00,2026-06-23 16:00:00,199,197,2
LAB-001,PROD-A,BATCH-LAB-001-2026-06-23,2026-06-23 08:00:00,2026-06-23 16:00:00,160,155,3
CNC-001,PROD-A,BATCH-CNC-001-2026-06-24,2026-06-24 08:00:00,2026-06-24 16:00:00,95,79,3
PRS-001,PROD-A,BATCH-PRS-001-2026-06-24,2026-06-24 08:00:00,2026-06-24 16:00:00,125,106,2
ROB-001,PROD-A,BATCH-ROB-001-2026-06-24,2026-06-24 08:00:00,2026-06-24 16:00:00,175,165,4
CNC-002,PROD-A,BATCH-CNC-002-2026-06-24,2026-06-24 08:00:00,2026-06-24 16:00:00,135,125,1
WLD-001,PROD-A,BATCH-WLD-001-2026-06-24,2026-06-24 08:00:00,2026-06-24 16:00:00,115,110,1
ROB-002,PROD-A,BATCH-ROB-002-2026-06-24,2026-06-24 08:00:00,2026-06-24 16:00:00,182,145,3
CON-001,PROD-A,BATCH-CON-001-2026-06-24,2026-06-24 08:00:00,2026-06-24 16:00:00,271,262,3
PKG-001,PROD-A,BATCH-PKG-001-2026-06-24,2026-06-24 08:00:00,2026-06-24 16:00:00,142,131,2
LAB-001,PROD-A,BATCH-LAB-001-2026-06-24,2026-06-24 08:00:00,2026-06-24 16:00:00,236,234,7
CNC-001,PROD-A,BATCH-CNC-001-2026-06-25,2026-06-25 08:00:00,2026-06-25 16:00:00,160,129,4
PRS-001,PROD-A,BATCH-PRS-001-2026-06-25,2026-06-25 08:00:00,2026-06-25 16:00:00,119,107,5
ROB-001,PROD-A,BATCH-ROB-001-2026-06-25,2026-06-25 08:00:00,2026-06-25 16:00:00,152,132,4
CNC-002,PROD-A,BATCH-CNC-002-2026-06-25,2026-06-25 08:00:00,2026-06-25 16:00:00,151,147,3
WLD-001,PROD-A,BATCH-WLD-001-2026-06-25,2026-06-25 08:00:00,2026-06-25 16:00:00,136,132,1
ROB-002,PROD-A,BATCH-ROB-002-2026-06-25,2026-06-25 08:00:00,2026-06-25 16:00:00,216,184,4
CON-001,PROD-A,BATCH-CON-001-2026-06-25,2026-06-25 08:00:00,2026-06-25 16:00:00,160,151,2
PKG-001,PROD-A,BATCH-PKG-001-2026-06-25,2026-06-25 08:00:00,2026-06-25 16:00:00,195,186,3
LAB-001,PROD-A,BATCH-LAB-001-2026-06-25,2026-06-25 08:00:00,2026-06-25 16:00:00,295,271,4
CNC-001,PROD-A,BATCH-CNC-001-2026-06-26,2026-06-26 08:00:00,2026-06-26 16:00:00,139,116,6
PRS-001,PROD-A,BATCH-PRS-001-2026-06-26,2026-06-26 08:00:00,2026-06-26 16:00:00,217,201,5
ROB-001,PROD-A,BATCH-ROB-001-2026-06-26,2026-06-26 08:00:00,2026-06-26 16:00:00,159,137,7
CNC-002,PROD-A,BATCH-CNC-002-2026-06-26,2026-06-26 08:00:00,2026-06-26 16:00:00,149,139,1
WLD-001,PROD-A,BATCH-WLD-001-2026-06-26,2026-06-26 08:00:00,2026-06-26 16:00:00,161,153,3
ROB-002,PROD-A,BATCH-ROB-002-2026-06-26,2026-06-26 08:00:00,2026-06-26 16:00:00,124,110,3
CON-001,PROD-A,BATCH-CON-001-2026-06-26,2026-06-26 08:00:00,2026-06-26 16:00:00,211,196,2
PKG-001,PROD-A,BATCH-PKG-001-2026-06-26,2026-06-26 08:00:00,2026-06-26 16:00:00,219,201,4
LAB-001,PROD-A,BATCH-LAB-001-2026-06-26,2026-06-26 08:00:00,2026-06-26 16:00:00,291,266,4
CNC-001,PROD-A,BATCH-CNC-001-2026-06-27,2026-06-27 08:00:00,2026-06-27 16:00:00,132,118,2
PRS-001,PROD-A,BATCH-PRS-001-2026-06-27,2026-06-27 08:00:00,2026-06-27 16:00:00,166,160,1
ROB-001,PROD-A,BATCH-ROB-001-2026-06-27,2026-06-27 08:00:00,2026-06-27 16:00:00,153,126,2
CNC-002,PROD-A,BATCH-CNC-002-2026-06-27,2026-06-27 08:00:00,2026-06-27 16:00:00,93,88,1
WLD-001,PROD-A,BATCH-WLD-001-2026-06-27,2026-06-27 08:00:00,2026-06-27 16:00:00,153,147,2
ROB-002,PROD-A,BATCH-ROB-002-2026-06-27,2026-06-27 08:00:00,2026-06-27 16:00:00,245,215,10
CON-001,PROD-A,BATCH-CON-001-2026-06-27,2026-06-27 08:00:00,2026-06-27 16:00:00,215,194,2
PKG-001,PROD-A,BATCH-PKG-001-2026-06-27,2026-06-27 08:00:00,2026-06-27 16:00:00,138,124,3
LAB-001,PROD-A,BATCH-LAB-001-2026-06-27,2026-06-27 08:00:00,2026-06-27 16:00:00,275,273,7
CNC-001,PROD-A,BATCH-CNC-001-2026-06-28,2026-06-28 08:00:00,2026-06-28 16:00:00,139,127,2
PRS-001,PROD-A,BATCH-PRS-001-2026-06-28,2026-06-28 08:00:00,2026-06-28 16:00:00,171,166,4
ROB-001,PROD-A,BATCH-ROB-001-2026-06-28,2026-06-28 08:00:00,2026-06-28 16:00:00,214,209,2
CNC-002,PROD-A,BATCH-CNC-002-2026-06-28,2026-06-28 08:00:00,2026-06-28 16:00:00,158,146,1
WLD-001,PROD-A,BATCH-WLD-001-2026-06-28,2026-06-28 08:00:00,2026-06-28 16:00:00,89,87,1
ROB-002,PROD-A,BATCH-ROB-002-2026-06-28,2026-06-28 08:00:00,2026-06-28 16:00:00,175,165,3
CON-001,PROD-A,BATCH-CON-001-2026-06-28,2026-06-28 08:00:00,2026-06-28 16:00:00,209,199,2
PKG-001,PROD-A,BATCH-PKG-001-2026-06-28,2026-06-28 08:00:00,2026-06-28 16:00:00,183,175,5
LAB-001,PROD-A,BATCH-LAB-001-2026-06-28,2026-06-28 08:00:00,2026-06-28 16:00:00,292,284,5
CNC-001,PROD-A,BATCH-CNC-001-2026-06-29,2026-06-29 08:00:00,2026-06-29 16:00:00,93,85,3
PRS-001,PROD-A,BATCH-PRS-001-2026-06-29,2026-06-29 08:00:00,2026-06-29 16:00:00,186,175,4
ROB-001,PROD-A,BATCH-ROB-001-2026-06-29,2026-06-29 08:00:00,2026-06-29 16:00:00,146,133,1
CNC-002,PROD-A,BATCH-CNC-002-2026-06-29,2026-06-29 08:00:00,2026-06-29 16:00:00,131,124,2
WLD-001,PROD-A,BATCH-WLD-001-2026-06-29,2026-06-29 08:00:00,2026-06-29 16:00:00,148,147,2
ROB-002,PROD-A,BATCH-ROB-002-2026-06-29,2026-06-29 08:00:00,2026-06-29 16:00:00,210,196,8
CON-001,PROD-A,BATCH-CON-001-2026-06-29,2026-06-29 08:00:00,2026-06-29 16:00:00,233,229,4
PKG-001,PROD-A,BATCH-PKG-001-2026-06-29,2026-06-29 08:00:00,2026-06-29 16:00:00,230,226,3
LAB-001,PROD-A,BATCH-LAB-001-2026-06-29,2026-06-29 08:00:00,2026-06-29 16:00:00,211,201,2
CNC-001,PROD-A,BATCH-CNC-001-2026-06-30,2026-06-30 08:00:00,2026-06-30 16:00:00,150,140,4
PRS-001,PROD-A,BATCH-PRS-001-2026-06-30,2026-06-30 08:00:00,2026-06-30 16:00:00,157,148,2
ROB-001,PROD-A,BATCH-ROB-001-2026-06-30,2026-06-30 08:00:00,2026-06-30 16:00:00,128,127,2
CNC-002,PROD-A,BATCH-CNC-002-2026-06-30,2026-06-30 08:00:00,2026-06-30 16:00:00,146,133,3
WLD-001,PROD-A,BATCH-WLD-001-2026-06-30,2026-06-30 08:00:00,2026-06-30 16:00:00,80,74,1
ROB-002,PROD-A,BATCH-ROB-002-2026-06-30,2026-06-30 08:00:00,2026-06-30 16:00:00,200,160,8
CON-001,PROD-A,BATCH-CON-001-2026-06-30,2026-06-30 08:00:00,2026-06-30 16:00:00,220,218,4
PKG-001,PROD-A,BATCH-PKG-001-2026-06-30,2026-06-30 08:00:00,2026-06-30 16:00:00,159,144,2
LAB-001,PROD-A,BATCH-LAB-001-2026-06-30,2026-06-30 08:00:00,2026-06-30 16:00:00,189,172,2
CNC-001,PROD-A,BATCH-CNC-001-2026-07-01,2026-07-01 08:00:00,2026-07-01 16:00:00,154,128,3
PRS-001,PROD-A,BATCH-PRS-001-2026-07-01,2026-07-01 08:00:00,2026-07-01 16:00:00,138,125,2
ROB-001,PROD-A,BATCH-ROB-001-2026-07-01,2026-07-01 08:00:00,2026-07-01 16:00:00,175,170,4
CNC-002,PROD-A,BATCH-CNC-002-2026-07-01,2026-07-01 08:00:00,2026-07-01 16:00:00,141,129,3
WLD-001,PROD-A,BATCH-WLD-001-2026-07-01,2026-07-01 08:00:00,2026-07-01 16:00:00,168,163,4
ROB-002,PROD-A,BATCH-ROB-002-2026-07-01,2026-07-01 08:00:00,2026-07-01 16:00:00,144,128,4
CON-001,PROD-A,BATCH-CON-001-2026-07-01,2026-07-01 08:00:00,2026-07-01 16:00:00,297,278,7
PKG-001,PROD-A,BATCH-PKG-001-2026-07-01,2026-07-01 08:00:00,2026-07-01 16:00:00,205,191,5
LAB-001,PROD-A,BATCH-LAB-001-2026-07-01,2026-07-01 08:00:00,2026-07-01 16:00:00,256,254,3
CNC-001,PROD-A,BATCH-CNC-001-2026-07-02,2026-07-02 08:00:00,2026-07-02 16:00:00,109,99,5
PRS-001,PROD-A,BATCH-PRS-001-2026-07-02,2026-07-02 08:00:00,2026-07-02 16:00:00,218,196,5
ROB-001,PROD-A,BATCH-ROB-001-2026-07-02,2026-07-02 08:00:00,2026-07-02 16:00:00,217,196,4
CNC-002,PROD-A,BATCH-CNC-002-2026-07-02,2026-07-02 08:00:00,2026-07-02 16:00:00,120,114,1
WLD-001,PROD-A,BATCH-WLD-001-2026-07-02,2026-07-02 08:00:00,2026-07-02 16:00:00,144,139,1
ROB-002,PROD-A,BATCH-ROB-002-2026-07-02,2026-07-02 08:00:00,2026-07-02 16:00:00,220,208,10
CON-001,PROD-A,BATCH-CON-001-2026-07-02,2026-07-02 08:00:00,2026-07-02 16:00:00,297,282,4
PKG-001,PROD-A,BATCH-PKG-001-2026-07-02,2026-07-02 08:00:00,2026-07-02 16:00:00,194,189,2
LAB-001,PROD-A,BATCH-LAB-001-2026-07-02,2026-07-02 08:00:00,2026-07-02 16:00:00,236,214,4
CNC-001,PROD-A,BATCH-CNC-001-2026-07-03,2026-07-03 08:00:00,2026-07-03 16:00:00,86,75,2
PRS-001,PROD-A,BATCH-PRS-001-2026-07-03,2026-07-03 08:00:00,2026-07-03 16:00:00,151,143,3
ROB-001,PROD-A,BATCH-ROB-001-2026-07-03,2026-07-03 08:00:00,2026-07-03 16:00:00,153,149,2
CNC-002,PROD-A,BATCH-CNC-002-2026-07-03,2026-07-03 08:00:00,2026-07-03 16:00:00,105,99,2
WLD-001,PROD-A,BATCH-WLD-001-2026-07-03,2026-07-03 08:00:00,2026-07-03 16:00:00,105,100,2
ROB-002,PROD-A,BATCH-ROB-002-2026-07-03,2026-07-03 08:00:00,2026-07-03 16:00:00,183,153,4
CON-001,PROD-A,BATCH-CON-001-2026-07-03,2026-07-03 08:00:00,2026-07-03 16:00:00,260,242,6
PKG-001,PROD-A,BATCH-PKG-001-2026-07-03,2026-07-03 08:00:00,2026-07-03 16:00:00,142,129,2
LAB-001,PROD-A,BATCH-LAB-001-2026-07-03,2026-07-03 08:00:00,2026-07-03 16:00:00,243,227,3
CNC-001,PROD-A,BATCH-CNC-001-2026-07-04,2026-07-04 08:00:00,2026-07-04 16:00:00,156,140,7
PRS-001,PROD-A,BATCH-PRS-001-2026-07-04,2026-07-04 08:00:00,2026-07-04 16:00:00,121,120,2
ROB-001,PROD-A,BATCH-ROB-001-2026-07-04,2026-07-04 08:00:00,2026-07-04 16:00:00,233,224,4
CNC-002,PROD-A,BATCH-CNC-002-2026-07-04,2026-07-04 08:00:00,2026-07-04 16:00:00,109,100,1
WLD-001,PROD-A,BATCH-WLD-001-2026-07-04,2026-07-04 08:00:00,2026-07-04 16:00:00,176,171,2
ROB-002,PROD-A,BATCH-ROB-002-2026-07-04,2026-07-04 08:00:00,2026-07-04 16:00:00,133,111,4
CON-001,PROD-A,BATCH-CON-001-2026-07-04,2026-07-04 08:00:00,2026-07-04 16:00:00,187,184,4
PKG-001,PROD-A,BATCH-PKG-001-2026-07-04,2026-07-04 08:00:00,2026-07-04 16:00:00,123,114,2
LAB-001,PROD-A,BATCH-LAB-001-2026-07-04,2026-07-04 08:00:00,2026-07-04 16:00:00,228,215,2
CNC-001,PROD-A,BATCH-CNC-001-2026-07-05,2026-07-05 08:00:00,2026-07-05 16:00:00,106,96,2
PRS-001,PROD-A,BATCH-PRS-001-2026-07-05,2026-07-05 08:00:00,2026-07-05 16:00:00,169,160,2
ROB-001,PROD-A,BATCH-ROB-001-2026-07-05,2026-07-05 08:00:00,2026-07-05 16:00:00,243,233,6
CNC-002,PROD-A,BATCH-CNC-002-2026-07-05,2026-07-05 08:00:00,2026-07-05 16:00:00,82,76,2
WLD-001,PROD-A,BATCH-WLD-001-2026-07-05,2026-07-05 08:00:00,2026-07-05 16:00:00,147,132,1
ROB-002,PROD-A,BATCH-ROB-002-2026-07-05,2026-07-05 08:00:00,2026-07-05 16:00:00,192,159,7
CON-001,PROD-A,BATCH-CON-001-2026-07-05,2026-07-05 08:00:00,2026-07-05 16:00:00,219,198,4
PKG-001,PROD-A,BATCH-PKG-001-2026-07-05,2026-07-05 08:00:00,2026-07-05 16:00:00,122,110,2
LAB-001,PROD-A,BATCH-LAB-001-2026-07-05,2026-07-05 08:00:00,2026-07-05 16:00:00,242,238,2
CNC-001,PROD-A,BATCH-CNC-001-2026-07-06,2026-07-06 08:00:00,2026-07-06 16:00:00,129,107,3
PRS-001,PROD-A,BATCH-PRS-001-2026-07-06,2026-07-06 08:00:00,2026-07-06 16:00:00,190,172,2
ROB-001,PROD-A,BATCH-ROB-001-2026-07-06,2026-07-06 08:00:00,2026-07-06 16:00:00,142,130,2
CNC-002,PROD-A,BATCH-CNC-002-2026-07-06,2026-07-06 08:00:00,2026-07-06 16:00:00,138,131,3
WLD-001,PROD-A,BATCH-WLD-001-2026-07-06,2026-07-06 08:00:00,2026-07-06 16:00:00,85,78,1
ROB-002,PROD-A,BATCH-ROB-002-2026-07-06,2026-07-06 08:00:00,2026-07-06 16:00:00,205,179,8
CON-001,PROD-A,BATCH-CON-001-2026-07-06,2026-07-06 08:00:00,2026-07-06 16:00:00,154,143,2
PKG-001,PROD-A,BATCH-PKG-001-2026-07-06,2026-07-06 08:00:00,2026-07-06 16:00:00,197,181,5
LAB-001,PROD-A,BATCH-LAB-001-2026-07-06,2026-07-06 08:00:00,2026-07-06 16:00:00,278,257,2
CNC-001,PROD-A,BATCH-CNC-001-2026-07-07,2026-07-07 08:00:00,2026-07-07 16:00:00,112,110,3
PRS-001,PROD-A,BATCH-PRS-001-2026-07-07,2026-07-07 08:00:00,2026-07-07 16:00:00,204,203,5
ROB-001,PROD-A,BATCH-ROB-001-2026-07-07,2026-07-07 08:00:00,2026-07-07 16:00:00,191,176,2
CNC-002,PROD-A,BATCH-CNC-002-2026-07-07,2026-07-07 08:00:00,2026-07-07 16:00:00,130,125,1
WLD-001,PROD-A,BATCH-WLD-001-2026-07-07,2026-07-07 08:00:00,2026-07-07 16:00:00,128,121,2
ROB-002,PROD-A,BATCH-ROB-002-2026-07-07,2026-07-07 08:00:00,2026-07-07 16:00:00,178,153,6
CON-001,PROD-A,BATCH-CON-001-2026-07-07,2026-07-07 08:00:00,2026-07-07 16:00:00,259,258,7
PKG-001,PROD-A,BATCH-PKG-001-2026-07-07,2026-07-07 08:00:00,2026-07-07 16:00:00,204,192,2
LAB-001,PROD-A,BATCH-LAB-001-2026-07-07,2026-07-07 08:00:00,2026-07-07 16:00:00,185,177,4
CNC-001,PROD-A,BATCH-CNC-001-2026-07-08,2026-07-08 08:00:00,2026-07-08 16:00:00,105,103,1
PRS-001,PROD-A,BATCH-PRS-001-2026-07-08,2026-07-08 08:00:00,2026-07-08 16:00:00,190,188,5
ROB-001,PROD-A,BATCH-ROB-001-2026-07-08,2026-07-08 08:00:00,2026-07-08 16:00:00,230,229,6
CNC-002,PROD-A,BATCH-CNC-002-2026-07-08,2026-07-08 08:00:00,2026-07-08 16:00:00,98,94,2
WLD-001,PROD-A,BATCH-WLD-001-2026-07-08,2026-07-08 08:00:00,2026-07-08 16:00:00,100,93,1
ROB-002,PROD-A,BATCH-ROB-002-2026-07-08,2026-07-08 08:00:00,2026-07-08 16:00:00,150,124,6
CON-001,PROD-A,BATCH-CON-001-2026-07-08,2026-07-08 08:00:00,2026-07-08 16:00:00,187,181,4
PKG-001,PROD-A,BATCH-PKG-001-2026-07-08,2026-07-08 08:00:00,2026-07-08 16:00:00,225,224,3
LAB-001,PROD-A,BATCH-LAB-001-2026-07-08,2026-07-08 08:00:00,2026-07-08 16:00:00,220,201,2
CNC-001,PROD-A,BATCH-CNC-001-2026-07-09,2026-07-09 08:00:00,2026-07-09 16:00:00,96,88,2
PRS-001,PROD-A,BATCH-PRS-001-2026-07-09,2026-07-09 08:00:00,2026-07-09 16:00:00,178,171,3
ROB-001,PROD-A,BATCH-ROB-001-2026-07-09,2026-07-09 08:00:00,2026-07-09 16:00:00,179,171,2
CNC-002,PROD-A,BATCH-CNC-002-2026-07-09,2026-07-09 08:00:00,2026-07-09 16:00:00,83,77,1
WLD-001,PROD-A,BATCH-WLD-001-2026-07-09,2026-07-09 08:00:00,2026-07-09 16:00:00,141,128,3
ROB-002,PROD-A,BATCH-ROB-002-2026-07-09,2026-07-09 08:00:00,2026-07-09 16:00:00,240,217,7
CON-001,PROD-A,BATCH-CON-001-2026-07-09,2026-07-09 08:00:00,2026-07-09 16:00:00,249,236,3
PKG-001,PROD-A,BATCH-PKG-001-2026-07-09,2026-07-09 08:00:00,2026-07-09 16:00:00,169,155,2
LAB-001,PROD-A,BATCH-LAB-001-2026-07-09,2026-07-09 08:00:00,2026-07-09 16:00:00,153,151,4
CNC-001,PROD-A,BATCH-CNC-001-2026-07-10,2026-07-10 08:00:00,2026-07-10 16:00:00,108,105,3
PRS-001,PROD-A,BATCH-PRS-001-2026-07-10,2026-07-10 08:00:00,2026-07-10 16:00:00,196,180,2
ROB-001,PROD-A,BATCH-ROB-001-2026-07-10,2026-07-10 08:00:00,2026-07-10 16:00:00,232,228,4
CNC-002,PROD-A,BATCH-CNC-002-2026-07-10,2026-07-10 08:00:00,2026-07-10 16:00:00,121,119,3
WLD-001,PROD-A,BATCH-WLD-001-2026-07-10,2026-07-10 08:00:00,2026-07-10 16:00:00,134,126,1
ROB-002,PROD-A,BATCH-ROB-002-2026-07-10,2026-07-10 08:00:00,2026-07-10 16:00:00,217,197,7
CON-001,PROD-A,BATCH-CON-001-2026-07-10,2026-07-10 08:00:00,2026-07-10 16:00:00,296,283,5
PKG-001,PROD-A,BATCH-PKG-001-2026-07-10,2026-07-10 08:00:00,2026-07-10 16:00:00,129,122,2
LAB-001,PROD-A,BATCH-LAB-001-2026-07-10,2026-07-10 08:00:00,2026-07-10 16:00:00,160,158,2
CNC-001,PROD-A,BATCH-CNC-001-2026-07-11,2026-07-11 08:00:00,2026-07-11 16:00:00,148,139,3
PRS-001,PROD-A,BATCH-PRS-001-2026-07-11,2026-07-11 08:00:00,2026-07-11 16:00:00,171,160,4
ROB-001,PROD-A,BATCH-ROB-001-2026-07-11,2026-07-11 08:00:00,2026-07-11 16:00:00,132,121,2
CNC-002,PROD-A,BATCH-CNC-002-2026-07-11,2026-07-11 08:00:00,2026-07-11 16:00:00,118,115,1
WLD-001,PROD-A,BATCH-WLD-001-2026-07-11,2026-07-11 08:00:00,2026-07-11 16:00:00,101,95,2
ROB-002,PROD-A,BATCH-ROB-002-2026-07-11,2026-07-11 08:00:00,2026-07-11 16:00:00,133,120,6
CON-001,PROD-A,BATCH-CON-001-2026-07-11,2026-07-11 08:00:00,2026-07-11 16:00:00,268,263,5
PKG-001,PROD-A,BATCH-PKG-001-2026-07-11,2026-07-11 08:00:00,2026-07-11 16:00:00,248,226,5
LAB-001,PROD-A,BATCH-LAB-001-2026-07-11,2026-07-11 08:00:00,2026-07-11 16:00:00,289,237,8
CNC-001,PROD-A,BATCH-CNC-001-2026-07-12,2026-07-12 08:00:00,2026-07-12 16:00:00,137,123,2
PRS-001,PROD-A,BATCH-PRS-001-2026-07-12,2026-07-12 08:00:00,2026-07-12 16:00:00,214,207,2
ROB-001,PROD-A,BATCH-ROB-001-2026-07-12,2026-07-12 08:00:00,2026-07-12 16:00:00,236,214,3
CNC-002,PROD-A,BATCH-CNC-002-2026-07-12,2026-07-12 08:00:00,2026-07-12 16:00:00,100,97,1
WLD-001,PROD-A,BATCH-WLD-001-2026-07-12,2026-07-12 08:00:00,2026-07-12 16:00:00,94,91,2
ROB-002,PROD-A,BATCH-ROB-002-2026-07-12,2026-07-12 08:00:00,2026-07-12 16:00:00,141,123,4
CON-001,PROD-A,BATCH-CON-001-2026-07-12,2026-07-12 08:00:00,2026-07-12 16:00:00,280,269,3
PKG-001,PROD-A,BATCH-PKG-001-2026-07-12,2026-07-12 08:00:00,2026-07-12 16:00:00,217,196,2
LAB-001,PROD-A,BATCH-LAB-001-2026-07-12,2026-07-12 08:00:00,2026-07-12 16:00:00,235,207,9
CNC-001,PROD-A,BATCH-CNC-001-2026-07-13,2026-07-13 08:00:00,2026-07-13 16:00:00,99,81,2
PRS-001,PROD-A,BATCH-PRS-001-2026-07-13,2026-07-13 08:00:00,2026-07-13 16:00:00,198,192,3
ROB-001,PROD-A,BATCH-ROB-001-2026-07-13,2026-07-13 08:00:00,2026-07-13 16:00:00,199,193,5
CNC-002,PROD-A,BATCH-CNC-002-2026-07-13,2026-07-13 08:00:00,2026-07-13 16:00:00,116,111,1
WLD-001,PROD-A,BATCH-WLD-001-2026-07-13,2026-07-13 08:00:00,2026-07-13 16:00:00,96,95,0
ROB-002,PROD-A,BATCH-ROB-002-2026-07-13,2026-07-13 08:00:00,2026-07-13 16:00:00,184,165,3
CON-001,PROD-A,BATCH-CON-001-2026-07-13,2026-07-13 08:00:00,2026-07-13 16:00:00,277,264,2
PKG-001,PROD-A,BATCH-PKG-001-2026-07-13,2026-07-13 08:00:00,2026-07-13 16:00:00,246,205,8
LAB-001,PROD-A,BATCH-LAB-001-2026-07-13,2026-07-13 08:00:00,2026-07-13 16:00:00,271,235,8
CNC-001,PROD-A,BATCH-CNC-001-2026-07-14,2026-07-14 08:00:00,2026-07-14 16:00:00,156,138,4
PRS-001,PROD-A,BATCH-PRS-001-2026-07-14,2026-07-14 08:00:00,2026-07-14 16:00:00,170,157,3
ROB-001,PROD-A,BATCH-ROB-001-2026-07-14,2026-07-14 08:00:00,2026-07-14 16:00:00,173,156,2
CNC-002,PROD-A,BATCH-CNC-002-2026-07-14,2026-07-14 08:00:00,2026-07-14 16:00:00,124,112,3
WLD-001,PROD-A,BATCH-WLD-001-2026-07-14,2026-07-14 08:00:00,2026-07-14 16:00:00,165,158,3
ROB-002,PROD-A,BATCH-ROB-002-2026-07-14,2026-07-14 08:00:00,2026-07-14 16:00:00,204,202,2
CON-001,PROD-A,BATCH-CON-001-2026-07-14,2026-07-14 08:00:00,2026-07-14 16:00:00,256,255,3
PKG-001,PROD-A,BATCH-PKG-001-2026-07-14,2026-07-14 08:00:00,2026-07-14 16:00:00,192,171,8
LAB-001,PROD-A,BATCH-LAB-001-2026-07-14,2026-07-14 08:00:00,2026-07-14 16:00:00,296,271,7
CNC-001,PROD-A,BATCH-CNC-001-2026-07-15,2026-07-15 08:00:00,2026-07-15 16:00:00,138,125,4
PRS-001,PROD-A,BATCH-PRS-001-2026-07-15,2026-07-15 08:00:00,2026-07-15 16:00:00,104,94,1
ROB-001,PROD-A,BATCH-ROB-001-2026-07-15,2026-07-15 08:00:00,2026-07-15 16:00:00,214,211,5
CNC-002,PROD-A,BATCH-CNC-002-2026-07-15,2026-07-15 08:00:00,2026-07-15 16:00:00,134,124,2
WLD-001,PROD-A,BATCH-WLD-001-2026-07-15,2026-07-15 08:00:00,2026-07-15 16:00:00,140,127,3
ROB-002,PROD-A,BATCH-ROB-002-2026-07-15,2026-07-15 08:00:00,2026-07-15 16:00:00,190,177,3
CON-001,PROD-A,BATCH-CON-001-2026-07-15,2026-07-15 08:00:00,2026-07-15 16:00:00,203,196,4
PKG-001,PROD-A,BATCH-PKG-001-2026-07-15,2026-07-15 08:00:00,2026-07-15 16:00:00,147,130,7
LAB-001,PROD-A,BATCH-LAB-001-2026-07-15,2026-07-15 08:00:00,2026-07-15 16:00:00,285,270,10
CNC-001,PROD-A,BATCH-CNC-001-2026-07-16,2026-07-16 08:00:00,2026-07-16 16:00:00,157,147,8
PRS-001,PROD-A,BATCH-PRS-001-2026-07-16,2026-07-16 08:00:00,2026-07-16 16:00:00,136,128,3
ROB-001,PROD-A,BATCH-ROB-001-2026-07-16,2026-07-16 08:00:00,2026-07-16 16:00:00,186,177,5
CNC-002,PROD-A,BATCH-CNC-002-2026-07-16,2026-07-16 08:00:00,2026-07-16 16:00:00,125,117,5
WLD-001,PROD-A,BATCH-WLD-001-2026-07-16,2026-07-16 08:00:00,2026-07-16 16:00:00,143,136,3
ROB-002,PROD-A,BATCH-ROB-002-2026-07-16,2026-07-16 08:00:00,2026-07-16 16:00:00,246,241,6
CON-001,PROD-A,BATCH-CON-001-2026-07-16,2026-07-16 08:00:00,2026-07-16 16:00:00,209,202,5
PKG-001,PROD-A,BATCH-PKG-001-2026-07-16,2026-07-16 08:00:00,2026-07-16 16:00:00,120,98,3
LAB-001,PROD-A,BATCH-LAB-001-2026-07-16,2026-07-16 08:00:00,2026-07-16 16:00:00,180,163,4
CNC-001,PROD-A,BATCH-CNC-001-2026-07-17,2026-07-17 08:00:00,2026-07-17 16:00:00,158,150,5
PRS-001,PROD-A,BATCH-PRS-001-2026-07-17,2026-07-17 08:00:00,2026-07-17 16:00:00,142,132,3
ROB-001,PROD-A,BATCH-ROB-001-2026-07-17,2026-07-17 08:00:00,2026-07-17 16:00:00,174,156,2
CNC-002,PROD-A,BATCH-CNC-002-2026-07-17,2026-07-17 08:00:00,2026-07-17 16:00:00,116,97,2
WLD-001,PROD-A,BATCH-WLD-001-2026-07-17,2026-07-17 08:00:00,2026-07-17 16:00:00,118,112,1
ROB-002,PROD-A,BATCH-ROB-002-2026-07-17,2026-07-17 08:00:00,2026-07-17 16:00:00,121,110,1
CON-001,PROD-A,BATCH-CON-001-2026-07-17,2026-07-17 08:00:00,2026-07-17 16:00:00,251,244,5
PKG-001,PROD-A,BATCH-PKG-001-2026-07-17,2026-07-17 08:00:00,2026-07-17 16:00:00,127,117,3
LAB-001,PROD-A,BATCH-LAB-001-2026-07-17,2026-07-17 08:00:00,2026-07-17 16:00:00,236,221,8
CNC-001,PROD-A,BATCH-CNC-001-2026-07-18,2026-07-18 08:00:00,2026-07-18 16:00:00,140,128,5
PRS-001,PROD-A,BATCH-PRS-001-2026-07-18,2026-07-18 08:00:00,2026-07-18 16:00:00,161,147,2
ROB-001,PROD-A,BATCH-ROB-001-2026-07-18,2026-07-18 08:00:00,2026-07-18 16:00:00,205,193,5
CNC-002,PROD-A,BATCH-CNC-002-2026-07-18,2026-07-18 08:00:00,2026-07-18 16:00:00,87,80,2
WLD-001,PROD-A,BATCH-WLD-001-2026-07-18,2026-07-18 08:00:00,2026-07-18 16:00:00,172,166,3
ROB-002,PROD-A,BATCH-ROB-002-2026-07-18,2026-07-18 08:00:00,2026-07-18 16:00:00,124,114,2
CON-001,PROD-A,BATCH-CON-001-2026-07-18,2026-07-18 08:00:00,2026-07-18 16:00:00,240,217,2
PKG-001,PROD-A,BATCH-PKG-001-2026-07-18,2026-07-18 08:00:00,2026-07-18 16:00:00,127,108,3
LAB-001,PROD-A,BATCH-LAB-001-2026-07-18,2026-07-18 08:00:00,2026-07-18 16:00:00,286,264,11
CNC-001,PROD-A,BATCH-CNC-001-2026-07-19,2026-07-19 08:00:00,2026-07-19 16:00:00,129,106,2
PRS-001,PROD-A,BATCH-PRS-001-2026-07-19,2026-07-19 08:00:00,2026-07-19 16:00:00,200,195,4
ROB-001,PROD-A,BATCH-ROB-001-2026-07-19,2026-07-19 08:00:00,2026-07-19 16:00:00,200,194,2
CNC-002,PROD-A,BATCH-CNC-002-2026-07-19,2026-07-19 08:00:00,2026-07-19 16:00:00,91,86,1
WLD-001,PROD-A,BATCH-WLD-001-2026-07-19,2026-07-19 08:00:00,2026-07-19 16:00:00,137,134,2
ROB-002,PROD-A,BATCH-ROB-002-2026-07-19,2026-07-19 08:00:00,2026-07-19 16:00:00,197,180,3
CON-001,PROD-A,BATCH-CON-001-2026-07-19,2026-07-19 08:00:00,2026-07-19 16:00:00,159,155,4
PKG-001,PROD-A,BATCH-PKG-001-2026-07-19,2026-07-19 08:00:00,2026-07-19 16:00:00,233,204,10
LAB-001,PROD-A,BATCH-LAB-001-2026-07-19,2026-07-19 08:00:00,2026-07-19 16:00:00,278,228,7
CNC-001,PROD-A,BATCH-CNC-001-2026-07-20,2026-07-20 08:00:00,2026-07-20 16:00:00,141,128,5
PRS-001,PROD-A,BATCH-PRS-001-2026-07-20,2026-07-20 08:00:00,2026-07-20 16:00:00,199,185,4
ROB-001,PROD-A,BATCH-ROB-001-2026-07-20,2026-07-20 08:00:00,2026-07-20 16:00:00,145,142,4
CNC-002,PROD-A,BATCH-CNC-002-2026-07-20,2026-07-20 08:00:00,2026-07-20 16:00:00,96,88,0
WLD-001,PROD-A,BATCH-WLD-001-2026-07-20,2026-07-20 08:00:00,2026-07-20 16:00:00,129,125,2
ROB-002,PROD-A,BATCH-ROB-002-2026-07-20,2026-07-20 08:00:00,2026-07-20 16:00:00,121,112,1
CON-001,PROD-A,BATCH-CON-001-2026-07-20,2026-07-20 08:00:00,2026-07-20 16:00:00,172,160,4
PKG-001,PROD-A,BATCH-PKG-001-2026-07-20,2026-07-20 08:00:00,2026-07-20 16:00:00,146,128,5
LAB-001,PROD-A,BATCH-LAB-001-2026-07-20,2026-07-20 08:00:00,2026-07-20 16:00:00,229,183,9
CNC-001,PROD-A,BATCH-CNC-001-2026-07-21,2026-07-21 08:00:00,2026-07-21 16:00:00,106,89,2
PRS-001,PROD-A,BATCH-PRS-001-2026-07-21,2026-07-21 08:00:00,2026-07-21 16:00:00,135,128,3
ROB-001,PROD-A,BATCH-ROB-001-2026-07-21,2026-07-21 08:00:00,2026-07-21 16:00:00,150,139,1
CNC-002,PROD-A,BATCH-CNC-002-2026-07-21,2026-07-21 08:00:00,2026-07-21 16:00:00,94,84,1
WLD-001,PROD-A,BATCH-WLD-001-2026-07-21,2026-07-21 08:00:00,2026-07-21 16:00:00,145,131,2
ROB-002,PROD-A,BATCH-ROB-002-2026-07-21,2026-07-21 08:00:00,2026-07-21 16:00:00,201,186,5
CON-001,PROD-A,BATCH-CON-001-2026-07-21,2026-07-21 08:00:00,2026-07-21 16:00:00,222,212,2
PKG-001,PROD-A,BATCH-PKG-001-2026-07-21,2026-07-21 08:00:00,2026-07-21 16:00:00,199,177,5
LAB-001,PROD-A,BATCH-LAB-001-2026-07-21,2026-07-21 08:00:00,2026-07-21 16:00:00,263,212,4
CNC-001,PROD-A,BATCH-CNC-001-2026-07-22,2026-07-22 08:00:00,2026-07-22 16:00:00,86,70,1
PRS-001,PROD-A,BATCH-PRS-001-2026-07-22,2026-07-22 08:00:00,2026-07-22 16:00:00,154,144,3
ROB-001,PROD-A,BATCH-ROB-001-2026-07-22,2026-07-22 08:00:00,2026-07-22 16:00:00,234,225,3
CNC-002,PROD-A,BATCH-CNC-002-2026-07-22,2026-07-22 08:00:00,2026-07-22 16:00:00,105,101,2
WLD-001,PROD-A,BATCH-WLD-001-2026-07-22,2026-07-22 08:00:00,2026-07-22 16:00:00,148,134,3
ROB-002,PROD-A,BATCH-ROB-002-2026-07-22,2026-07-22 08:00:00,2026-07-22 16:00:00,239,228,2
CON-001,PROD-A,BATCH-CON-001-2026-07-22,2026-07-22 08:00:00,2026-07-22 16:00:00,269,244,3
PKG-001,PROD-A,BATCH-PKG-001-2026-07-22,2026-07-22 08:00:00,2026-07-22 16:00:00,239,226,6
LAB-001,PROD-A,BATCH-LAB-001-2026-07-22,2026-07-22 08:00:00,2026-07-22 16:00:00,186,172,7
CNC-001,PROD-A,BATCH-CNC-001-2026-07-23,2026-07-23 08:00:00,2026-07-23 16:00:00,126,108,5
PRS-001,PROD-A,BATCH-PRS-001-2026-07-23,2026-07-23 08:00:00,2026-07-23 16:00:00,185,172,4
ROB-001,PROD-A,BATCH-ROB-001-2026-07-23,2026-07-23 08:00:00,2026-07-23 16:00:00,203,191,2
CNC-002,PROD-A,BATCH-CNC-002-2026-07-23,2026-07-23 08:00:00,2026-07-23 16:00:00,140,127,2
WLD-001,PROD-A,BATCH-WLD-001-2026-07-23,2026-07-23 08:00:00,2026-07-23 16:00:00,101,93,1
ROB-002,PROD-A,BATCH-ROB-002-2026-07-23,2026-07-23 08:00:00,2026-07-23 16:00:00,152,144,2
CON-001,PROD-A,BATCH-CON-001-2026-07-23,2026-07-23 08:00:00,2026-07-23 16:00:00,177,165,3
PKG-001,PROD-A,BATCH-PKG-001-2026-07-23,2026-07-23 08:00:00,2026-07-23 16:00:00,197,187,3
LAB-001,PROD-A,BATCH-LAB-001-2026-07-23,2026-07-23 08:00:00,2026-07-23 16:00:00,255,235,3
CNC-001,PROD-A,BATCH-CNC-001-2026-07-24,2026-07-24 08:00:00,2026-07-24 16:00:00,100,94,3
PRS-001,PROD-A,BATCH-PRS-001-2026-07-24,2026-07-24 08:00:00,2026-07-24 16:00:00,143,131,3
ROB-001,PROD-A,BATCH-ROB-001-2026-07-24,2026-07-24 08:00:00,2026-07-24 16:00:00,230,225,4
CNC-002,PROD-A,BATCH-CNC-002-2026-07-24,2026-07-24 08:00:00,2026-07-24 16:00:00,123,117,1
WLD-001,PROD-A,BATCH-WLD-001-2026-07-24,2026-07-24 08:00:00,2026-07-24 16:00:00,164,158,3
ROB-002,PROD-A,BATCH-ROB-002-2026-07-24,2026-07-24 08:00:00,2026-07-24 16:00:00,244,222,4
CON-001,PROD-A,BATCH-CON-001-2026-07-24,2026-07-24 08:00:00,2026-07-24 16:00:00,233,222,5
PKG-001,PROD-A,BATCH-PKG-001-2026-07-24,2026-07-24 08:00:00,2026-07-24 16:00:00,165,153,2
LAB-001,PROD-A,BATCH-LAB-001-2026-07-24,2026-07-24 08:00:00,2026-07-24 16:00:00,177,171,3
CNC-001,PROD-A,BATCH-CNC-001-2026-07-25,2026-07-25 08:00:00,2026-07-25 16:00:00,128,108,4
PRS-001,PROD-A,BATCH-PRS-001-2026-07-25,2026-07-25 08:00:00,2026-07-25 16:00:00,107,97,2
ROB-001,PROD-A,BATCH-ROB-001-2026-07-25,2026-07-25 08:00:00,2026-07-25 16:00:00,120,117,2
CNC-002,PROD-A,BATCH-CNC-002-2026-07-25,2026-07-25 08:00:00,2026-07-25 16:00:00,137,130,2
WLD-001,PROD-A,BATCH-WLD-001-2026-07-25,2026-07-25 08:00:00,2026-07-25 16:00:00,153,144,2
ROB-002,PROD-A,BATCH-ROB-002-2026-07-25,2026-07-25 08:00:00,2026-07-25 16:00:00,201,186,4
CON-001,PROD-A,BATCH-CON-001-2026-07-25,2026-07-25 08:00:00,2026-07-25 16:00:00,227,225,6
PKG-001,PROD-A,BATCH-PKG-001-2026-07-25,2026-07-25 08:00:00,2026-07-25 16:00:00,208,207,4
LAB-001,PROD-A,BATCH-LAB-001-2026-07-25,2026-07-25 08:00:00,2026-07-25 16:00:00,280,263,3
CNC-001,PROD-A,BATCH-CNC-001-2026-07-26,2026-07-26 08:00:00,2026-07-26 16:00:00,117,94,5
PRS-001,PROD-A,BATCH-PRS-001-2026-07-26,2026-07-26 08:00:00,2026-07-26 16:00:00,106,95,2
ROB-001,PROD-A,BATCH-ROB-001-2026-07-26,2026-07-26 08:00:00,2026-07-26 16:00:00,211,192,3
CNC-002,PROD-A,BATCH-CNC-002-2026-07-26,2026-07-26 08:00:00,2026-07-26 16:00:00,83,76,1
WLD-001,PROD-A,BATCH-WLD-001-2026-07-26,2026-07-26 08:00:00,2026-07-26 16:00:00,130,125,3
ROB-002,PROD-A,BATCH-ROB-002-2026-07-26,2026-07-26 08:00:00,2026-07-26 16:00:00,223,209,4
CON-001,PROD-A,BATCH-CON-001-2026-07-26,2026-07-26 08:00:00,2026-07-26 16:00:00,194,183,2
PKG-001,PROD-A,BATCH-PKG-001-2026-07-26,2026-07-26 08:00:00,2026-07-26 16:00:00,218,214,3
LAB-001,PROD-A,BATCH-LAB-001-2026-07-26,2026-07-26 08:00:00,2026-07-26 16:00:00,256,234,7
CNC-001,PROD-A,BATCH-CNC-001-2026-07-27,2026-07-27 08:00:00,2026-07-27 16:00:00,96,78,1
PRS-001,PROD-A,BATCH-PRS-001-2026-07-27,2026-07-27 08:00:00,2026-07-27 16:00:00,102,93,2
ROB-001,PROD-A,BATCH-ROB-001-2026-07-27,2026-07-27 08:00:00,2026-07-27 16:00:00,231,230,2
CNC-002,PROD-A,BATCH-CNC-002-2026-07-27,2026-07-27 08:00:00,2026-07-27 16:00:00,97,93,1
WLD-001,PROD-A,BATCH-WLD-001-2026-07-27,2026-07-27 08:00:00,2026-07-27 16:00:00,138,136,3
ROB-002,PROD-A,BATCH-ROB-002-2026-07-27,2026-07-27 08:00:00,2026-07-27 16:00:00,228,219,4
CON-001,PROD-A,BATCH-CON-001-2026-07-27,2026-07-27 08:00:00,2026-07-27 16:00:00,258,246,4
PKG-001,PROD-A,BATCH-PKG-001-2026-07-27,2026-07-27 08:00:00,2026-07-27 16:00:00,210,193,3
LAB-001,PROD-A,BATCH-LAB-001-2026-07-27,2026-07-27 08:00:00,2026-07-27 16:00:00,151,144,3
CNC-001,PROD-A,BATCH-CNC-001-2026-07-28,2026-07-28 08:00:00,2026-07-28 16:00:00,110,99,3
PRS-001,PROD-A,BATCH-PRS-001-2026-07-28,2026-07-28 08:00:00,2026-07-28 16:00:00,218,192,6
ROB-001,PROD-A,BATCH-ROB-001-2026-07-28,2026-07-28 08:00:00,2026-07-28 16:00:00,129,123,2
CNC-002,PROD-A,BATCH-CNC-002-2026-07-28,2026-07-28 08:00:00,2026-07-28 16:00:00,94,90,2
WLD-001,PROD-A,BATCH-WLD-001-2026-07-28,2026-07-28 08:00:00,2026-07-28 16:00:00,90,82,2
ROB-002,PROD-A,BATCH-ROB-002-2026-07-28,2026-07-28 08:00:00,2026-07-28 16:00:00,191,180,2
CON-001,PROD-A,BATCH-CON-001-2026-07-28,2026-07-28 08:00:00,2026-07-28 16:00:00,172,159,3
PKG-001,PROD-A,BATCH-PKG-001-2026-07-28,2026-07-28 08:00:00,2026-07-28 16:00:00,139,134,2
LAB-001,PROD-A,BATCH-LAB-001-2026-07-28,2026-07-28 08:00:00,2026-07-28 16:00:00,298,277,3
CNC-001,PROD-A,BATCH-CNC-001-2026-07-29,2026-07-29 08:00:00,2026-07-29 16:00:00,123,108,2
PRS-001,PROD-A,BATCH-PRS-001-2026-07-29,2026-07-29 08:00:00,2026-07-29 16:00:00,158,138,5
ROB-001,PROD-A,BATCH-ROB-001-2026-07-29,2026-07-29 08:00:00,2026-07-29 16:00:00,204,192,5
CNC-002,PROD-A,BATCH-CNC-002-2026-07-29,2026-07-29 08:00:00,2026-07-29 16:00:00,117,108,1
WLD-001,PROD-A,BATCH-WLD-001-2026-07-29,2026-07-29 08:00:00,2026-07-29 16:00:00,156,152,3
ROB-002,PROD-A,BATCH-ROB-002-2026-07-29,2026-07-29 08:00:00,2026-07-29 16:00:00,186,168,3
CON-001,PROD-A,BATCH-CON-001-2026-07-29,2026-07-29 08:00:00,2026-07-29 16:00:00,193,184,4
PKG-001,PROD-A,BATCH-PKG-001-2026-07-29,2026-07-29 08:00:00,2026-07-29 16:00:00,194,190,4
LAB-001,PROD-A,BATCH-LAB-001-2026-07-29,2026-07-29 08:00:00,2026-07-29 16:00:00,223,211,2
CNC-001,PROD-A,BATCH-CNC-001-2026-07-30,2026-07-30 08:00:00,2026-07-30 16:00:00,89,82,2
PRS-001,PROD-A,BATCH-PRS-001-2026-07-30,2026-07-30 08:00:00,2026-07-30 16:00:00,116,103,3
ROB-001,PROD-A,BATCH-ROB-001-2026-07-30,2026-07-30 08:00:00,2026-07-30 16:00:00,185,166,2
CNC-002,PROD-A,BATCH-CNC-002-2026-07-30,2026-07-30 08:00:00,2026-07-30 16:00:00,102,101,2
WLD-001,PROD-A,BATCH-WLD-001-2026-07-30,2026-07-30 08:00:00,2026-07-30 16:00:00,164,154,4
ROB-002,PROD-A,BATCH-ROB-002-2026-07-30,2026-07-30 08:00:00,2026-07-30 16:00:00,186,181,2
CON-001,PROD-A,BATCH-CON-001-2026-07-30,2026-07-30 08:00:00,2026-07-30 16:00:00,196,192,5
PKG-001,PROD-A,BATCH-PKG-001-2026-07-30,2026-07-30 08:00:00,2026-07-30 16:00:00,207,206,6
LAB-001,PROD-A,BATCH-LAB-001-2026-07-30,2026-07-30 08:00:00,2026-07-30 16:00:00,189,185,4
CNC-001,PROD-A,BATCH-CNC-001-2026-07-31,2026-07-31 08:00:00,2026-07-31 16:00:00,132,120,3
PRS-001,PROD-A,BATCH-PRS-001-2026-07-31,2026-07-31 08:00:00,2026-07-31 16:00:00,156,141,3
ROB-001,PROD-A,BATCH-ROB-001-2026-07-31,2026-07-31 08:00:00,2026-07-31 16:00:00,208,188,2
CNC-002,PROD-A,BATCH-CNC-002-2026-07-31,2026-07-31 08:00:00,2026-07-31 16:00:00,94,85,1
WLD-001,PROD-A,BATCH-WLD-001-2026-07-31,2026-07-31 08:00:00,2026-07-31 16:00:00,140,130,3
ROB-002,PROD-A,BATCH-ROB-002-2026-07-31,2026-07-31 08:00:00,2026-07-31 16:00:00,179,167,4
CON-001,PROD-A,BATCH-CON-001-2026-07-31,2026-07-31 08:00:00,2026-07-31 16:00:00,271,251,5
PKG-001,PROD-A,BATCH-PKG-001-2026-07-31,2026-07-31 08:00:00,2026-07-31 16:00:00,231,208,5
LAB-001,PROD-A,BATCH-LAB-001-2026-07-31,2026-07-31 08:00:00,2026-07-31 16:00:00,264,247,4
CNC-001,PROD-A,BATCH-CNC-001-2026-08-01,2026-08-01 08:00:00,2026-08-01 16:00:00,147,132,2
PRS-001,PROD-A,BATCH-PRS-001-2026-08-01,2026-08-01 08:00:00,2026-08-01 16:00:00,217,190,6
ROB-001,PROD-A,BATCH-ROB-001-2026-08-01,2026-08-01 08:00:00,2026-08-01 16:00:00,230,221,5
CNC-002,PROD-A,BATCH-CNC-002-2026-08-01,2026-08-01 08:00:00,2026-08-01 16:00:00,114,106,1
WLD-001,PROD-A,BATCH-WLD-001-2026-08-01,2026-08-01 08:00:00,2026-08-01 16:00:00,92,85,1
ROB-002,PROD-A,BATCH-ROB-002-2026-08-01,2026-08-01 08:00:00,2026-08-01 16:00:00,238,232,5
CON-001,PROD-A,BATCH-CON-001-2026-08-01,2026-08-01 08:00:00,2026-08-01 16:00:00,300,293,5
PKG-001,PROD-A,BATCH-PKG-001-2026-08-01,2026-08-01 08:00:00,2026-08-01 16:00:00,166,154,1
LAB-001,PROD-A,BATCH-LAB-001-2026-08-01,2026-08-01 08:00:00,2026-08-01 16:00:00,152,149,1
CNC-001,PROD-A,BATCH-CNC-001-2026-08-02,2026-08-02 08:00:00,2026-08-02 16:00:00,92,80,3
PRS-001,PROD-A,BATCH-PRS-001-2026-08-02,2026-08-02 08:00:00,2026-08-02 16:00:00,144,119,3
ROB-001,PROD-A,BATCH-ROB-001-2026-08-02,2026-08-02 08:00:00,2026-08-02 16:00:00,169,152,3
CNC-002,PROD-A,BATCH-CNC-002-2026-08-02,2026-08-02 08:00:00,2026-08-02 16:00:00,87,86,1
WLD-001,PROD-A,BATCH-WLD-001-2026-08-02,2026-08-02 08:00:00,2026-08-02 16:00:00,107,106,2
ROB-002,PROD-A,BATCH-ROB-002-2026-08-02,2026-08-02 08:00:00,2026-08-02 16:00:00,150,121,5
CON-001,PROD-A,BATCH-CON-001-2026-08-02,2026-08-02 08:00:00,2026-08-02 16:00:00,246,237,6
PKG-001,PROD-A,BATCH-PKG-001-2026-08-02,2026-08-02 08:00:00,2026-08-02 16:00:00,167,165,3
LAB-001,PROD-A,BATCH-LAB-001-2026-08-02,2026-08-02 08:00:00,2026-08-02 16:00:00,214,198,4
CNC-001,PROD-A,BATCH-CNC-001-2026-08-03,2026-08-03 08:00:00,2026-08-03 16:00:00,89,79,4
PRS-001,PROD-A,BATCH-PRS-001-2026-08-03,2026-08-03 08:00:00,2026-08-03 16:00:00,135,123,5
ROB-001,PROD-A,BATCH-ROB-001-2026-08-03,2026-08-03 08:00:00,2026-08-03 16:00:00,202,186,4
CNC-002,PROD-A,BATCH-CNC-002-2026-08-03,2026-08-03 08:00:00,2026-08-03 16:00:00,115,112,1
WLD-001,PROD-A,BATCH-WLD-001-2026-08-03,2026-08-03 08:00:00,2026-08-03 16:00:00,122,121,1
ROB-002,PROD-A,BATCH-ROB-002-2026-08-03,2026-08-03 08:00:00,2026-08-03 16:00:00,187,171,1
CON-001,PROD-A,BATCH-CON-001-2026-08-03,2026-08-03 08:00:00,2026-08-03 16:00:00,201,193,2
PKG-001,PROD-A,BATCH-PKG-001-2026-08-03,2026-08-03 08:00:00,2026-08-03 16:00:00,245,223,4
LAB-001,PROD-A,BATCH-LAB-001-2026-08-03,2026-08-03 08:00:00,2026-08-03 16:00:00,260,239,5
CNC-001,PROD-A,BATCH-CNC-001-2026-08-04,2026-08-04 08:00:00,2026-08-04 16:00:00,136,123,2
PRS-001,PROD-A,BATCH-PRS-001-2026-08-04,2026-08-04 08:00:00,2026-08-04 16:00:00,109,88,4
ROB-001,PROD-A,BATCH-ROB-001-2026-08-04,2026-08-04 08:00:00,2026-08-04 16:00:00,234,211,4
CNC-002,PROD-A,BATCH-CNC-002-2026-08-04,2026-08-04 08:00:00,2026-08-04 16:00:00,80,79,1
WLD-001,PROD-A,BATCH-WLD-001-2026-08-04,2026-08-04 08:00:00,2026-08-04 16:00:00,114,104,1
ROB-002,PROD-A,BATCH-ROB-002-2026-08-04,2026-08-04 08:00:00,2026-08-04 16:00:00,220,210,4
CON-001,PROD-A,BATCH-CON-001-2026-08-04,2026-08-04 08:00:00,2026-08-04 16:00:00,275,260,4
PKG-001,PROD-A,BATCH-PKG-001-2026-08-04,2026-08-04 08:00:00,2026-08-04 16:00:00,137,130,1
LAB-001,PROD-A,BATCH-LAB-001-2026-08-04,2026-08-04 08:00:00,2026-08-04 16:00:00,273,249,5
CNC-001,PROD-A,BATCH-CNC-001-2026-08-05,2026-08-05 08:00:00,2026-08-05 16:00:00,125,106,3
PRS-001,PROD-A,BATCH-PRS-001-2026-08-05,2026-08-05 08:00:00,2026-08-05 16:00:00,107,95,5
ROB-001,PROD-A,BATCH-ROB-001-2026-08-05,2026-08-05 08:00:00,2026-08-05 16:00:00,143,133,3
CNC-002,PROD-A,BATCH-CNC-002-2026-08-05,2026-08-05 08:00:00,2026-08-05 16:00:00,123,111,2
WLD-001,PROD-A,BATCH-WLD-001-2026-08-05,2026-08-05 08:00:00,2026-08-05 16:00:00,178,150,4
ROB-002,PROD-A,BATCH-ROB-002-2026-08-05,2026-08-05 08:00:00,2026-08-05 16:00:00,130,129,2
CON-001,PROD-A,BATCH-CON-001-2026-08-05,2026-08-05 08:00:00,2026-08-05 16:00:00,226,219,6
PKG-001,PROD-A,BATCH-PKG-001-2026-08-05,2026-08-05 08:00:00,2026-08-05 16:00:00,211,200,5
LAB-001,PROD-A,BATCH-LAB-001-2026-08-05,2026-08-05 08:00:00,2026-08-05 16:00:00,262,255,3
CNC-001,PROD-A,BATCH-CNC-001-2026-08-06,2026-08-06 08:00:00,2026-08-06 16:00:00,104,83,4
PRS-001,PROD-A,BATCH-PRS-001-2026-08-06,2026-08-06 08:00:00,2026-08-06 16:00:00,130,113,2
ROB-001,PROD-A,BATCH-ROB-001-2026-08-06,2026-08-06 08:00:00,2026-08-06 16:00:00,198,188,5
CNC-002,PROD-A,BATCH-CNC-002-2026-08-06,2026-08-06 08:00:00,2026-08-06 16:00:00,137,136,1
WLD-001,PROD-A,BATCH-WLD-001-2026-08-06,2026-08-06 08:00:00,2026-08-06 16:00:00,123,99,5
ROB-002,PROD-A,BATCH-ROB-002-2026-08-06,2026-08-06 08:00:00,2026-08-06 16:00:00,130,122,1
CON-001,PROD-A,BATCH-CON-001-2026-08-06,2026-08-06 08:00:00,2026-08-06 16:00:00,283,267,6
PKG-001,PROD-A,BATCH-PKG-001-2026-08-06,2026-08-06 08:00:00,2026-08-06 16:00:00,158,153,2
LAB-001,PROD-A,BATCH-LAB-001-2026-08-06,2026-08-06 08:00:00,2026-08-06 16:00:00,168,151,1
CNC-001,PROD-A,BATCH-CNC-001-2026-08-07,2026-08-07 08:00:00,2026-08-07 16:00:00,82,71,4
PRS-001,PROD-A,BATCH-PRS-001-2026-08-07,2026-08-07 08:00:00,2026-08-07 16:00:00,105,87,3
ROB-001,PROD-A,BATCH-ROB-001-2026-08-07,2026-08-07 08:00:00,2026-08-07 16:00:00,123,112,1
CNC-002,PROD-A,BATCH-CNC-002-2026-08-07,2026-08-07 08:00:00,2026-08-07 16:00:00,119,116,1
WLD-001,PROD-A,BATCH-WLD-001-2026-08-07,2026-08-07 08:00:00,2026-08-07 16:00:00,158,130,5
ROB-002,PROD-A,BATCH-ROB-002-2026-08-07,2026-08-07 08:00:00,2026-08-07 16:00:00,147,133,2
CON-001,PROD-A,BATCH-CON-001-2026-08-07,2026-08-07 08:00:00,2026-08-07 16:00:00,206,186,2
PKG-001,PROD-A,BATCH-PKG-001-2026-08-07,2026-08-07 08:00:00,2026-08-07 16:00:00,206,202,5
LAB-001,PROD-A,BATCH-LAB-001-2026-08-07,2026-08-07 08:00:00,2026-08-07 16:00:00,252,234,6
CNC-001,PROD-A,BATCH-CNC-001-2026-08-08,2026-08-08 08:00:00,2026-08-08 16:00:00,153,134,4
PRS-001,PROD-A,BATCH-PRS-001-2026-08-08,2026-08-08 08:00:00,2026-08-08 16:00:00,201,167,3
ROB-001,PROD-A,BATCH-ROB-001-2026-08-08,2026-08-08 08:00:00,2026-08-08 16:00:00,164,153,1
CNC-002,PROD-A,BATCH-CNC-002-2026-08-08,2026-08-08 08:00:00,2026-08-08 16:00:00,98,95,1
WLD-001,PROD-A,BATCH-WLD-001-2026-08-08,2026-08-08 08:00:00,2026-08-08 16:00:00,127,112,4
ROB-002,PROD-A,BATCH-ROB-002-2026-08-08,2026-08-08 08:00:00,2026-08-08 16:00:00,130,118,3
CON-001,PROD-A,BATCH-CON-001-2026-08-08,2026-08-08 08:00:00,2026-08-08 16:00:00,246,240,2
PKG-001,PROD-A,BATCH-PKG-001-2026-08-08,2026-08-08 08:00:00,2026-08-08 16:00:00,244,221,2
LAB-001,PROD-A,BATCH-LAB-001-2026-08-08,2026-08-08 08:00:00,2026-08-08 16:00:00,172,166,3
CNC-001,PROD-A,BATCH-CNC-001-2026-08-09,2026-08-09 08:00:00,2026-08-09 16:00:00,116,100,5
PRS-001,PROD-A,BATCH-PRS-001-2026-08-09,2026-08-09 08:00:00,2026-08-09 16:00:00,198,172,4
ROB-001,PROD-A,BATCH-ROB-001-2026-08-09,2026-08-09 08:00:00,2026-08-09 16:00:00,156,150,3
CNC-002,PROD-A,BATCH-CNC-002-2026-08-09,2026-08-09 08:00:00,2026-08-09 16:00:00,132,121,1
WLD-001,PROD-A,BATCH-WLD-001-2026-08-09,2026-08-09 08:00:00,2026-08-09 16:00:00,168,135,3
ROB-002,PROD-A,BATCH-ROB-002-2026-08-09,2026-08-09 08:00:00,2026-08-09 16:00:00,247,237,2
CON-001,PROD-A,BATCH-CON-001-2026-08-09,2026-08-09 08:00:00,2026-08-09 16:00:00,227,212,2
PKG-001,PROD-A,BATCH-PKG-001-2026-08-09,2026-08-09 08:00:00,2026-08-09 16:00:00,180,165,4
LAB-001,PROD-A,BATCH-LAB-001-2026-08-09,2026-08-09 08:00:00,2026-08-09 16:00:00,174,167,4
CNC-001,PROD-A,BATCH-CNC-001-2026-08-10,2026-08-10 08:00:00,2026-08-10 16:00:00,149,130,5
PRS-001,PROD-A,BATCH-PRS-001-2026-08-10,2026-08-10 08:00:00,2026-08-10 16:00:00,180,161,5
ROB-001,PROD-A,BATCH-ROB-001-2026-08-10,2026-08-10 08:00:00,2026-08-10 16:00:00,169,154,1
CNC-002,PROD-A,BATCH-CNC-002-2026-08-10,2026-08-10 08:00:00,2026-08-10 16:00:00,140,132,1
WLD-001,PROD-A,BATCH-WLD-001-2026-08-10,2026-08-10 08:00:00,2026-08-10 16:00:00,85,76,1
ROB-002,PROD-A,BATCH-ROB-002-2026-08-10,2026-08-10 08:00:00,2026-08-10 16:00:00,173,163,2
CON-001,PROD-A,BATCH-CON-001-2026-08-10,2026-08-10 08:00:00,2026-08-10 16:00:00,266,240,5
PKG-001,PROD-A,BATCH-PKG-001-2026-08-10,2026-08-10 08:00:00,2026-08-10 16:00:00,165,151,1
LAB-001,PROD-A,BATCH-LAB-001-2026-08-10,2026-08-10 08:00:00,2026-08-10 16:00:00,281,256,7
CNC-001,PROD-A,BATCH-CNC-001-2026-08-11,2026-08-11 08:00:00,2026-08-11 16:00:00,136,120,3
PRS-001,PROD-A,BATCH-PRS-001-2026-08-11,2026-08-11 08:00:00,2026-08-11 16:00:00,125,114,6
ROB-001,PROD-A,BATCH-ROB-001-2026-08-11,2026-08-11 08:00:00,2026-08-11 16:00:00,178,174,2
CNC-002,PROD-A,BATCH-CNC-002-2026-08-11,2026-08-11 08:00:00,2026-08-11 16:00:00,92,84,1
WLD-001,PROD-A,BATCH-WLD-001-2026-08-11,2026-08-11 08:00:00,2026-08-11 16:00:00,105,98,1
ROB-002,PROD-A,BATCH-ROB-002-2026-08-11,2026-08-11 08:00:00,2026-08-11 16:00:00,240,230,2
CON-001,PROD-A,BATCH-CON-001-2026-08-11,2026-08-11 08:00:00,2026-08-11 16:00:00,261,238,6
PKG-001,PROD-A,BATCH-PKG-001-2026-08-11,2026-08-11 08:00:00,2026-08-11 16:00:00,236,216,3
LAB-001,PROD-A,BATCH-LAB-001-2026-08-11,2026-08-11 08:00:00,2026-08-11 16:00:00,267,259,5
CNC-001,PROD-A,BATCH-CNC-001-2026-08-12,2026-08-12 08:00:00,2026-08-12 16:00:00,114,94,2
PRS-001,PROD-A,BATCH-PRS-001-2026-08-12,2026-08-12 08:00:00,2026-08-12 16:00:00,188,166,5
ROB-001,PROD-A,BATCH-ROB-001-2026-08-12,2026-08-12 08:00:00,2026-08-12 16:00:00,148,145,2
CNC-002,PROD-A,BATCH-CNC-002-2026-08-12,2026-08-12 08:00:00,2026-08-12 16:00:00,101,98,1
WLD-001,PROD-A,BATCH-WLD-001-2026-08-12,2026-08-12 08:00:00,2026-08-12 16:00:00,117,112,2
ROB-002,PROD-A,BATCH-ROB-002-2026-08-12,2026-08-12 08:00:00,2026-08-12 16:00:00,163,156,3
CON-001,PROD-A,BATCH-CON-001-2026-08-12,2026-08-12 08:00:00,2026-08-12 16:00:00,208,188,5
PKG-001,PROD-A,BATCH-PKG-001-2026-08-12,2026-08-12 08:00:00,2026-08-12 16:00:00,245,241,3
LAB-001,PROD-A,BATCH-LAB-001-2026-08-12,2026-08-12 08:00:00,2026-08-12 16:00:00,271,266,4
CNC-001,PROD-A,BATCH-CNC-001-2026-08-13,2026-08-13 08:00:00,2026-08-13 16:00:00,134,121,3
PRS-001,PROD-A,BATCH-PRS-001-2026-08-13,2026-08-13 08:00:00,2026-08-13 16:00:00,141,121,3
ROB-001,PROD-A,BATCH-ROB-001-2026-08-13,2026-08-13 08:00:00,2026-08-13 16:00:00,158,156,4
CNC-002,PROD-A,BATCH-CNC-002-2026-08-13,2026-08-13 08:00:00,2026-08-13 16:00:00,133,125,2
WLD-001,PROD-A,BATCH-WLD-001-2026-08-13,2026-08-13 08:00:00,2026-08-13 16:00:00,140,136,2
ROB-002,PROD-A,BATCH-ROB-002-2026-08-13,2026-08-13 08:00:00,2026-08-13 16:00:00,228,217,4
CON-001,PROD-A,BATCH-CON-001-2026-08-13,2026-08-13 08:00:00,2026-08-13 16:00:00,175,165,2
PKG-001,PROD-A,BATCH-PKG-001-2026-08-13,2026-08-13 08:00:00,2026-08-13 16:00:00,123,119,2
LAB-001,PROD-A,BATCH-LAB-001-2026-08-13,2026-08-13 08:00:00,2026-08-13 16:00:00,205,187,2
CNC-001,PROD-A,BATCH-CNC-001-2026-08-14,2026-08-14 08:00:00,2026-08-14 16:00:00,91,73,3
PRS-001,PROD-A,BATCH-PRS-001-2026-08-14,2026-08-14 08:00:00,2026-08-14 16:00:00,120,116,3
ROB-001,PROD-A,BATCH-ROB-001-2026-08-14,2026-08-14 08:00:00,2026-08-14 16:00:00,126,125,2
CNC-002,PROD-A,BATCH-CNC-002-2026-08-14,2026-08-14 08:00:00,2026-08-14 16:00:00,97,90,3
WLD-001,PROD-A,BATCH-WLD-001-2026-08-14,2026-08-14 08:00:00,2026-08-14 16:00:00,127,122,2
ROB-002,PROD-A,BATCH-ROB-002-2026-08-14,2026-08-14 08:00:00,2026-08-14 16:00:00,120,118,1
CON-001,PROD-A,BATCH-CON-001-2026-08-14,2026-08-14 08:00:00,2026-08-14 16:00:00,235,223,3
PKG-001,PROD-A,BATCH-PKG-001-2026-08-14,2026-08-14 08:00:00,2026-08-14 16:00:00,189,183,4
LAB-001,PROD-A,BATCH-LAB-001-2026-08-14,2026-08-14 08:00:00,2026-08-14 16:00:00,297,290,7
CNC-001,PROD-A,BATCH-CNC-001-2026-08-15,2026-08-15 08:00:00,2026-08-15 16:00:00,90,80,2
PRS-001,PROD-A,BATCH-PRS-001-2026-08-15,2026-08-15 08:00:00,2026-08-15 16:00:00,219,198,5
ROB-001,PROD-A,BATCH-ROB-001-2026-08-15,2026-08-15 08:00:00,2026-08-15 16:00:00,213,210,2
CNC-002,PROD-A,BATCH-CNC-002-2026-08-15,2026-08-15 08:00:00,2026-08-15 16:00:00,126,109,2
WLD-001,PROD-A,BATCH-WLD-001-2026-08-15,2026-08-15 08:00:00,2026-08-15 16:00:00,126,115,2
ROB-002,PROD-A,BATCH-ROB-002-2026-08-15,2026-08-15 08:00:00,2026-08-15 16:00:00,137,130,3
CON-001,PROD-A,BATCH-CON-001-2026-08-15,2026-08-15 08:00:00,2026-08-15 16:00:00,185,184,2
PKG-001,PROD-A,BATCH-PKG-001-2026-08-15,2026-08-15 08:00:00,2026-08-15 16:00:00,149,143,3
LAB-001,PROD-A,BATCH-LAB-001-2026-08-15,2026-08-15 08:00:00,2026-08-15 16:00:00,298,294,7
CNC-001,PROD-A,BATCH-CNC-001-2026-08-16,2026-08-16 08:00:00,2026-08-16 16:00:00,108,91,5
PRS-001,PROD-A,BATCH-PRS-001-2026-08-16,2026-08-16 08:00:00,2026-08-16 16:00:00,164,158,2
ROB-001,PROD-A,BATCH-ROB-001-2026-08-16,2026-08-16 08:00:00,2026-08-16 16:00:00,136,127,2
CNC-002,PROD-A,BATCH-CNC-002-2026-08-16,2026-08-16 08:00:00,2026-08-16 16:00:00,144,126,3
WLD-001,PROD-A,BATCH-WLD-001-2026-08-16,2026-08-16 08:00:00,2026-08-16 16:00:00,170,162,4
ROB-002,PROD-A,BATCH-ROB-002-2026-08-16,2026-08-16 08:00:00,2026-08-16 16:00:00,194,183,3
CON-001,PROD-A,BATCH-CON-001-2026-08-16,2026-08-16 08:00:00,2026-08-16 16:00:00,166,152,4
PKG-001,PROD-A,BATCH-PKG-001-2026-08-16,2026-08-16 08:00:00,2026-08-16 16:00:00,142,128,3
LAB-001,PROD-A,BATCH-LAB-001-2026-08-16,2026-08-16 08:00:00,2026-08-16 16:00:00,223,222,2
CNC-001,PROD-A,BATCH-CNC-001-2026-08-17,2026-08-17 08:00:00,2026-08-17 16:00:00,101,84,4
PRS-001,PROD-A,BATCH-PRS-001-2026-08-17,2026-08-17 08:00:00,2026-08-17 16:00:00,163,149,2
ROB-001,PROD-A,BATCH-ROB-001-2026-08-17,2026-08-17 08:00:00,2026-08-17 16:00:00,125,116,3
CNC-002,PROD-A,BATCH-CNC-002-2026-08-17,2026-08-17 08:00:00,2026-08-17 16:00:00,149,140,5
WLD-001,PROD-A,BATCH-WLD-001-2026-08-17,2026-08-17 08:00:00,2026-08-17 16:00:00,133,125,2
ROB-002,PROD-A,BATCH-ROB-002-2026-08-17,2026-08-17 08:00:00,2026-08-17 16:00:00,194,178,1
CON-001,PROD-A,BATCH-CON-001-2026-08-17,2026-08-17 08:00:00,2026-08-17 16:00:00,209,205,4
PKG-001,PROD-A,BATCH-PKG-001-2026-08-17,2026-08-17 08:00:00,2026-08-17 16:00:00,205,192,3
LAB-001,PROD-A,BATCH-LAB-001-2026-08-17,2026-08-17 08:00:00,2026-08-17 16:00:00,233,221,5
CNC-001,PROD-A,BATCH-CNC-001-2026-08-18,2026-08-18 08:00:00,2026-08-18 16:00:00,147,136,5
PRS-001,PROD-A,BATCH-PRS-001-2026-08-18,2026-08-18 08:00:00,2026-08-18 16:00:00,138,132,3
ROB-001,PROD-A,BATCH-ROB-001-2026-08-18,2026-08-18 08:00:00,2026-08-18 16:00:00,198,181,2
CNC-002,PROD-A,BATCH-CNC-002-2026-08-18,2026-08-18 08:00:00,2026-08-18 16:00:00,141,120,3
WLD-001,PROD-A,BATCH-WLD-001-2026-08-18,2026-08-18 08:00:00,2026-08-18 16:00:00,86,78,1
ROB-002,PROD-A,BATCH-ROB-002-2026-08-18,2026-08-18 08:00:00,2026-08-18 16:00:00,162,155,2
CON-001,PROD-A,BATCH-CON-001-2026-08-18,2026-08-18 08:00:00,2026-08-18 16:00:00,287,266,7
PKG-001,PROD-A,BATCH-PKG-001-2026-08-18,2026-08-18 08:00:00,2026-08-18 16:00:00,159,145,1
LAB-001,PROD-A,BATCH-LAB-001-2026-08-18,2026-08-18 08:00:00,2026-08-18 16:00:00,231,221,4
CNC-001,PROD-A,BATCH-CNC-001-2026-08-19,2026-08-19 08:00:00,2026-08-19 16:00:00,127,105,4
PRS-001,PROD-A,BATCH-PRS-001-2026-08-19,2026-08-19 08:00:00,2026-08-19 16:00:00,104,100,2
ROB-001,PROD-A,BATCH-ROB-001-2026-08-19,2026-08-19 08:00:00,2026-08-19 16:00:00,157,147,3
CNC-002,PROD-A,BATCH-CNC-002-2026-08-19,2026-08-19 08:00:00,2026-08-19 16:00:00,100,88,2
WLD-001,PROD-A,BATCH-WLD-001-2026-08-19,2026-08-19 08:00:00,2026-08-19 16:00:00,83,78,1
ROB-002,PROD-A,BATCH-ROB-002-2026-08-19,2026-08-19 08:00:00,2026-08-19 16:00:00,157,156,4
CON-001,PROD-A,BATCH-CON-001-2026-08-19,2026-08-19 08:00:00,2026-08-19 16:00:00,189,170,4
PKG-001,PROD-A,BATCH-PKG-001-2026-08-19,2026-08-19 08:00:00,2026-08-19 16:00:00,249,232,5
LAB-001,PROD-A,BATCH-LAB-001-2026-08-19,2026-08-19 08:00:00,2026-08-19 16:00:00,271,268,7
CNC-001,PROD-A,BATCH-CNC-001-2026-08-20,2026-08-20 08:00:00,2026-08-20 16:00:00,153,137,7
PRS-001,PROD-A,BATCH-PRS-001-2026-08-20,2026-08-20 08:00:00,2026-08-20 16:00:00,193,191,3
ROB-001,PROD-A,BATCH-ROB-001-2026-08-20,2026-08-20 08:00:00,2026-08-20 16:00:00,148,144,4
CNC-002,PROD-A,BATCH-CNC-002-2026-08-20,2026-08-20 08:00:00,2026-08-20 16:00:00,97,93,1
WLD-001,PROD-A,BATCH-WLD-001-2026-08-20,2026-08-20 08:00:00,2026-08-20 16:00:00,83,78,2
ROB-002,PROD-A,BATCH-ROB-002-2026-08-20,2026-08-20 08:00:00,2026-08-20 16:00:00,234,218,3
CON-001,PROD-A,BATCH-CON-001-2026-08-20,2026-08-20 08:00:00,2026-08-20 16:00:00,199,190,2
PKG-001,PROD-A,BATCH-PKG-001-2026-08-20,2026-08-20 08:00:00,2026-08-20 16:00:00,191,175,2
LAB-001,PROD-A,BATCH-LAB-001-2026-08-20,2026-08-20 08:00:00,2026-08-20 16:00:00,264,255,7
CNC-001,PROD-A,BATCH-CNC-001-2026-08-21,2026-08-21 08:00:00,2026-08-21 16:00:00,145,124,4
PRS-001,PROD-A,BATCH-PRS-001-2026-08-21,2026-08-21 08:00:00,2026-08-21 16:00:00,177,170,4
ROB-001,PROD-A,BATCH-ROB-001-2026-08-21,2026-08-21 08:00:00,2026-08-21 16:00:00,212,199,4
CNC-002,PROD-A,BATCH-CNC-002-2026-08-21,2026-08-21 08:00:00,2026-08-21 16:00:00,134,125,2
WLD-001,PROD-A,BATCH-WLD-001-2026-08-21,2026-08-21 08:00:00,2026-08-21 16:00:00,116,108,1
ROB-002,PROD-A,BATCH-ROB-002-2026-08-21,2026-08-21 08:00:00,2026-08-21 16:00:00,234,231,2
CON-001,PROD-A,BATCH-CON-001-2026-08-21,2026-08-21 08:00:00,2026-08-21 16:00:00,263,256,4
PKG-001,PROD-A,BATCH-PKG-001-2026-08-21,2026-08-21 08:00:00,2026-08-21 16:00:00,233,216,5
LAB-001,PROD-A,BATCH-LAB-001-2026-08-21,2026-08-21 08:00:00,2026-08-21 16:00:00,258,250,4
CNC-001,PROD-A,BATCH-CNC-001-2026-08-22,2026-08-22 08:00:00,2026-08-22 16:00:00,155,137,3
PRS-001,PROD-A,BATCH-PRS-001-2026-08-22,2026-08-22 08:00:00,2026-08-22 16:00:00,138,130,3
ROB-001,PROD-A,BATCH-ROB-001-2026-08-22,2026-08-22 08:00:00,2026-08-22 16:00:00,205,185,5
CNC-002,PROD-A,BATCH-CNC-002-2026-08-22,2026-08-22 08:00:00,2026-08-22 16:00:00,128,116,2
WLD-001,PROD-A,BATCH-WLD-001-2026-08-22,2026-08-22 08:00:00,2026-08-22 16:00:00,114,107,2
ROB-002,PROD-A,BATCH-ROB-002-2026-08-22,2026-08-22 08:00:00,2026-08-22 16:00:00,155,142,3
CON-001,PROD-A,BATCH-CON-001-2026-08-22,2026-08-22 08:00:00,2026-08-22 16:00:00,224,214,2
PKG-001,PROD-A,BATCH-PKG-001-2026-08-22,2026-08-22 08:00:00,2026-08-22 16:00:00,197,193,3
LAB-001,PROD-A,BATCH-LAB-001-2026-08-22,2026-08-22 08:00:00,2026-08-22 16:00:00,293,285,4
CNC-001,PROD-A,BATCH-CNC-001-2026-08-23,2026-08-23 08:00:00,2026-08-23 16:00:00,80,65,2
PRS-001,PROD-A,BATCH-PRS-001-2026-08-23,2026-08-23 08:00:00,2026-08-23 16:00:00,181,177,3
ROB-001,PROD-A,BATCH-ROB-001-2026-08-23,2026-08-23 08:00:00,2026-08-23 16:00:00,193,181,3
CNC-002,PROD-A,BATCH-CNC-002-2026-08-23,2026-08-23 08:00:00,2026-08-23 16:00:00,111,100,2
WLD-001,PROD-A,BATCH-WLD-001-2026-08-23,2026-08-23 08:00:00,2026-08-23 16:00:00,143,142,1
ROB-002,PROD-A,BATCH-ROB-002-2026-08-23,2026-08-23 08:00:00,2026-08-23 16:00:00,212,203,4
CON-001,PROD-A,BATCH-CON-001-2026-08-23,2026-08-23 08:00:00,2026-08-23 16:00:00,216,207,4
PKG-001,PROD-A,BATCH-PKG-001-2026-08-23,2026-08-23 08:00:00,2026-08-23 16:00:00,150,140,3
LAB-001,PROD-A,BATCH-LAB-001-2026-08-23,2026-08-23 08:00:00,2026-08-23 16:00:00,154,142,3
CNC-001,PROD-A,BATCH-CNC-001-2026-08-24,2026-08-24 08:00:00,2026-08-24 16:00:00,87,71,2
PRS-001,PROD-A,BATCH-PRS-001-2026-08-24,2026-08-24 08:00:00,2026-08-24 16:00:00,188,154,4
ROB-001,PROD-A,BATCH-ROB-001-2026-08-24,2026-08-24 08:00:00,2026-08-24 16:00:00,189,176,3
CNC-002,PROD-A,BATCH-CNC-002-2026-08-24,2026-08-24 08:00:00,2026-08-24 16:00:00,125,113,1
WLD-001,PROD-A,BATCH-WLD-001-2026-08-24,2026-08-24 08:00:00,2026-08-24 16:00:00,161,159,3
ROB-002,PROD-A,BATCH-ROB-002-2026-08-24,2026-08-24 08:00:00,2026-08-24 16:00:00,166,162,3
CON-001,PROD-A,BATCH-CON-001-2026-08-24,2026-08-24 08:00:00,2026-08-24 16:00:00,192,183,5
PKG-001,PROD-A,BATCH-PKG-001-2026-08-24,2026-08-24 08:00:00,2026-08-24 16:00:00,197,182,4
LAB-001,PROD-A,BATCH-LAB-001-2026-08-24,2026-08-24 08:00:00,2026-08-24 16:00:00,242,197,8
CNC-001,PROD-A,BATCH-CNC-001-2026-08-25,2026-08-25 08:00:00,2026-08-25 16:00:00,98,78,3
PRS-001,PROD-A,BATCH-PRS-001-2026-08-25,2026-08-25 08:00:00,2026-08-25 16:00:00,147,134,4
ROB-001,PROD-A,BATCH-ROB-001-2026-08-25,2026-08-25 08:00:00,2026-08-25 16:00:00,161,146,1
CNC-002,PROD-A,BATCH-CNC-002-2026-08-25,2026-08-25 08:00:00,2026-08-25 16:00:00,108,106,2
WLD-001,PROD-A,BATCH-WLD-001-2026-08-25,2026-08-25 08:00:00,2026-08-25 16:00:00,151,145,3
ROB-002,PROD-A,BATCH-ROB-002-2026-08-25,2026-08-25 08:00:00,2026-08-25 16:00:00,149,140,3
CON-001,PROD-A,BATCH-CON-001-2026-08-25,2026-08-25 08:00:00,2026-08-25 16:00:00,179,175,4
PKG-001,PROD-A,BATCH-PKG-001-2026-08-25,2026-08-25 08:00:00,2026-08-25 16:00:00,242,226,5
LAB-001,PROD-A,BATCH-LAB-001-2026-08-25,2026-08-25 08:00:00,2026-08-25 16:00:00,185,170,9
CNC-001,PROD-A,BATCH-CNC-001-2026-08-26,2026-08-26 08:00:00,2026-08-26 16:00:00,156,137,8
PRS-001,PROD-A,BATCH-PRS-001-2026-08-26,2026-08-26 08:00:00,2026-08-26 16:00:00,122,110,2
ROB-001,PROD-A,BATCH-ROB-001-2026-08-26,2026-08-26 08:00:00,2026-08-26 16:00:00,150,138,3
CNC-002,PROD-A,BATCH-CNC-002-2026-08-26,2026-08-26 08:00:00,2026-08-26 16:00:00,98,94,1
WLD-001,PROD-A,BATCH-WLD-001-2026-08-26,2026-08-26 08:00:00,2026-08-26 16:00:00,106,96,1
ROB-002,PROD-A,BATCH-ROB-002-2026-08-26,2026-08-26 08:00:00,2026-08-26 16:00:00,148,134,3
CON-001,PROD-A,BATCH-CON-001-2026-08-26,2026-08-26 08:00:00,2026-08-26 16:00:00,260,235,2
PKG-001,PROD-A,BATCH-PKG-001-2026-08-26,2026-08-26 08:00:00,2026-08-26 16:00:00,135,127,3
LAB-001,PROD-A,BATCH-LAB-001-2026-08-26,2026-08-26 08:00:00,2026-08-26 16:00:00,161,130,6
CNC-001,PROD-A,BATCH-CNC-001-2026-08-27,2026-08-27 08:00:00,2026-08-27 16:00:00,92,84,4
PRS-001,PROD-A,BATCH-PRS-001-2026-08-27,2026-08-27 08:00:00,2026-08-27 16:00:00,126,111,3
ROB-001,PROD-A,BATCH-ROB-001-2026-08-27,2026-08-27 08:00:00,2026-08-27 16:00:00,209,188,2
CNC-002,PROD-A,BATCH-CNC-002-2026-08-27,2026-08-27 08:00:00,2026-08-27 16:00:00,115,114,1
WLD-001,PROD-A,BATCH-WLD-001-2026-08-27,2026-08-27 08:00:00,2026-08-27 16:00:00,100,98,2
ROB-002,PROD-A,BATCH-ROB-002-2026-08-27,2026-08-27 08:00:00,2026-08-27 16:00:00,181,172,1
CON-001,PROD-A,BATCH-CON-001-2026-08-27,2026-08-27 08:00:00,2026-08-27 16:00:00,298,290,5
PKG-001,PROD-A,BATCH-PKG-001-2026-08-27,2026-08-27 08:00:00,2026-08-27 16:00:00,169,168,2
LAB-001,PROD-A,BATCH-LAB-001-2026-08-27,2026-08-27 08:00:00,2026-08-27 16:00:00,287,229,11
CNC-001,PROD-A,BATCH-CNC-001-2026-08-28,2026-08-28 08:00:00,2026-08-28 16:00:00,107,100,5
PRS-001,PROD-A,BATCH-PRS-001-2026-08-28,2026-08-28 08:00:00,2026-08-28 16:00:00,160,136,5
ROB-001,PROD-A,BATCH-ROB-001-2026-08-28,2026-08-28 08:00:00,2026-08-28 16:00:00,232,224,2
CNC-002,PROD-A,BATCH-CNC-002-2026-08-28,2026-08-28 08:00:00,2026-08-28 16:00:00,125,124,2
WLD-001,PROD-A,BATCH-WLD-001-2026-08-28,2026-08-28 08:00:00,2026-08-28 16:00:00,145,133,1
ROB-002,PROD-A,BATCH-ROB-002-2026-08-28,2026-08-28 08:00:00,2026-08-28 16:00:00,200,182,2
CON-001,PROD-A,BATCH-CON-001-2026-08-28,2026-08-28 08:00:00,2026-08-28 16:00:00,184,174,2
PKG-001,PROD-A,BATCH-PKG-001-2026-08-28,2026-08-28 08:00:00,2026-08-28 16:00:00,193,184,1
LAB-001,PROD-A,BATCH-LAB-001-2026-08-28,2026-08-28 08:00:00,2026-08-28 16:00:00,233,203,7
CNC-001,PROD-A,BATCH-CNC-001-2026-08-29,2026-08-29 08:00:00,2026-08-29 16:00:00,138,122,3
PRS-001,PROD-A,BATCH-PRS-001-2026-08-29,2026-08-29 08:00:00,2026-08-29 16:00:00,207,179,7
ROB-001,PROD-A,BATCH-ROB-001-2026-08-29,2026-08-29 08:00:00,2026-08-29 16:00:00,194,193,3
CNC-002,PROD-A,BATCH-CNC-002-2026-08-29,2026-08-29 08:00:00,2026-08-29 16:00:00,88,87,2
WLD-001,PROD-A,BATCH-WLD-001-2026-08-29,2026-08-29 08:00:00,2026-08-29 16:00:00,166,155,1
ROB-002,PROD-A,BATCH-ROB-002-2026-08-29,2026-08-29 08:00:00,2026-08-29 16:00:00,245,220,7
CON-001,PROD-A,BATCH-CON-001-2026-08-29,2026-08-29 08:00:00,2026-08-29 16:00:00,283,273,3
PKG-001,PROD-A,BATCH-PKG-001-2026-08-29,2026-08-29 08:00:00,2026-08-29 16:00:00,156,146,3
LAB-001,PROD-A,BATCH-LAB-001-2026-08-29,2026-08-29 08:00:00,2026-08-29 16:00:00,176,160,8
CNC-001,PROD-A,BATCH-CNC-001-2026-08-30,2026-08-30 08:00:00,2026-08-30 16:00:00,101,81,4
PRS-001,PROD-A,BATCH-PRS-001-2026-08-30,2026-08-30 08:00:00,2026-08-30 16:00:00,143,118,6
ROB-001,PROD-A,BATCH-ROB-001-2026-08-30,2026-08-30 08:00:00,2026-08-30 16:00:00,223,203,5
CNC-002,PROD-A,BATCH-CNC-002-2026-08-30,2026-08-30 08:00:00,2026-08-30 16:00:00,143,132,3
WLD-001,PROD-A,BATCH-WLD-001-2026-08-30,2026-08-30 08:00:00,2026-08-30 16:00:00,154,147,3
ROB-002,PROD-A,BATCH-ROB-002-2026-08-30,2026-08-30 08:00:00,2026-08-30 16:00:00,222,189,8
CON-001,PROD-A,BATCH-CON-001-2026-08-30,2026-08-30 08:00:00,2026-08-30 16:00:00,253,252,5
PKG-001,PROD-A,BATCH-PKG-001-2026-08-30,2026-08-30 08:00:00,2026-08-30 16:00:00,157,153,1
LAB-001,PROD-A,BATCH-LAB-001-2026-08-30,2026-08-30 08:00:00,2026-08-30 16:00:00,214,203,2
CNC-001,PROD-A,BATCH-CNC-001-2026-08-31,2026-08-31 08:00:00,2026-08-31 16:00:00,97,78,3
PRS-001,PROD-A,BATCH-PRS-001-2026-08-31,2026-08-31 08:00:00,2026-08-31 16:00:00,206,166,7
ROB-001,PROD-A,BATCH-ROB-001-2026-08-31,2026-08-31 08:00:00,2026-08-31 16:00:00,165,154,3
CNC-002,PROD-A,BATCH-CNC-002-2026-08-31,2026-08-31 08:00:00,2026-08-31 16:00:00,99,92,2
WLD-001,PROD-A,BATCH-WLD-001-2026-08-31,2026-08-31 08:00:00,2026-08-31 16:00:00,177,143,7
ROB-002,PROD-A,BATCH-ROB-002-2026-08-31,2026-08-31 08:00:00,2026-08-31 16:00:00,246,226,6
CON-001,PROD-A,BATCH-CON-001-2026-08-31,2026-08-31 08:00:00,2026-08-31 16:00:00,277,262,3
PKG-001,PROD-A,BATCH-PKG-001-2026-08-31,2026-08-31 08:00:00,2026-08-31 16:00:00,207,203,4
LAB-001,PROD-A,BATCH-LAB-001-2026-08-31,2026-08-31 08:00:00,2026-08-31 16:00:00,154,153,1
CNC-001,PROD-A,BATCH-CNC-001-2026-09-01,2026-09-01 08:00:00,2026-09-01 16:00:00,135,125,3
PRS-001,PROD-A,BATCH-PRS-001-2026-09-01,2026-09-01 08:00:00,2026-09-01 16:00:00,157,133,4
ROB-001,PROD-A,BATCH-ROB-001-2026-09-01,2026-09-01 08:00:00,2026-09-01 16:00:00,237,214,2
CNC-002,PROD-A,BATCH-CNC-002-2026-09-01,2026-09-01 08:00:00,2026-09-01 16:00:00,118,116,1
WLD-001,PROD-A,BATCH-WLD-001-2026-09-01,2026-09-01 08:00:00,2026-09-01 16:00:00,135,110,5
ROB-002,PROD-A,BATCH-ROB-002-2026-09-01,2026-09-01 08:00:00,2026-09-01 16:00:00,244,223,9
CON-001,PROD-A,BATCH-CON-001-2026-09-01,2026-09-01 08:00:00,2026-09-01 16:00:00,275,265,6
PKG-001,PROD-A,BATCH-PKG-001-2026-09-01,2026-09-01 08:00:00,2026-09-01 16:00:00,240,227,6
LAB-001,PROD-A,BATCH-LAB-001-2026-09-01,2026-09-01 08:00:00,2026-09-01 16:00:00,279,252,3
CNC-001,PROD-A,BATCH-CNC-001-2026-09-02,2026-09-02 08:00:00,2026-09-02 16:00:00,155,146,6
PRS-001,PROD-A,BATCH-PRS-001-2026-09-02,2026-09-02 08:00:00,2026-09-02 16:00:00,145,132,4
ROB-001,PROD-A,BATCH-ROB-001-2026-09-02,2026-09-02 08:00:00,2026-09-02 16:00:00,135,108,2
CNC-002,PROD-A,BATCH-CNC-002-2026-09-02,2026-09-02 08:00:00,2026-09-02 16:00:00,126,117,2
WLD-001,PROD-A,BATCH-WLD-001-2026-09-02,2026-09-02 08:00:00,2026-09-02 16:00:00,83,75,3
ROB-002,PROD-A,BATCH-ROB-002-2026-09-02,2026-09-02 08:00:00,2026-09-02 16:00:00,217,176,5
CON-001,PROD-A,BATCH-CON-001-2026-09-02,2026-09-02 08:00:00,2026-09-02 16:00:00,241,226,2
PKG-001,PROD-A,BATCH-PKG-001-2026-09-02,2026-09-02 08:00:00,2026-09-02 16:00:00,182,168,3
LAB-001,PROD-A,BATCH-LAB-001-2026-09-02,2026-09-02 08:00:00,2026-09-02 16:00:00,171,169,1
CNC-001,PROD-A,BATCH-CNC-001-2026-09-03,2026-09-03 08:00:00,2026-09-03 16:00:00,119,97,2
PRS-001,PROD-A,BATCH-PRS-001-2026-09-03,2026-09-03 08:00:00,2026-09-03 16:00:00,168,142,5
ROB-001,PROD-A,BATCH-ROB-001-2026-09-03,2026-09-03 08:00:00,2026-09-03 16:00:00,228,201,11
CNC-002,PROD-A,BATCH-CNC-002-2026-09-03,2026-09-03 08:00:00,2026-09-03 16:00:00,114,102,1
WLD-001,PROD-A,BATCH-WLD-001-2026-09-03,2026-09-03 08:00:00,2026-09-03 16:00:00,82,81,1
ROB-002,PROD-A,BATCH-ROB-002-2026-09-03,2026-09-03 08:00:00,2026-09-03 16:00:00,219,185,4
CON-001,PROD-A,BATCH-CON-001-2026-09-03,2026-09-03 08:00:00,2026-09-03 16:00:00,275,250,5
PKG-001,PROD-A,BATCH-PKG-001-2026-09-03,2026-09-03 08:00:00,2026-09-03 16:00:00,206,195,5
LAB-001,PROD-A,BATCH-LAB-001-2026-09-03,2026-09-03 08:00:00,2026-09-03 16:00:00,236,216,3
CNC-001,PROD-A,BATCH-CNC-001-2026-09-04,2026-09-04 08:00:00,2026-09-04 16:00:00,135,112,5
PRS-001,PROD-A,BATCH-PRS-001-2026-09-04,2026-09-04 08:00:00,2026-09-04 16:00:00,200,162,8
ROB-001,PROD-A,BATCH-ROB-001-2026-09-04,2026-09-04 08:00:00,2026-09-04 16:00:00,174,161,1
CNC-002,PROD-A,BATCH-CNC-002-2026-09-04,2026-09-04 08:00:00,2026-09-04 16:00:00,153,143,2
WLD-001,PROD-A,BATCH-WLD-001-2026-09-04,2026-09-04 08:00:00,2026-09-04 16:00:00,175,174,4
ROB-002,PROD-A,BATCH-ROB-002-2026-09-04,2026-09-04 08:00:00,2026-09-04 16:00:00,144,127,3
CON-001,PROD-A,BATCH-CON-001-2026-09-04,2026-09-04 08:00:00,2026-09-04 16:00:00,295,289,5
PKG-001,PROD-A,BATCH-PKG-001-2026-09-04,2026-09-04 08:00:00,2026-09-04 16:00:00,173,161,1
LAB-001,PROD-A,BATCH-LAB-001-2026-09-04,2026-09-04 08:00:00,2026-09-04 16:00:00,227,215,3
CNC-001,PROD-A,BATCH-CNC-001-2026-09-05,2026-09-05 08:00:00,2026-09-05 16:00:00,149,126,4
PRS-001,PROD-A,BATCH-PRS-001-2026-09-05,2026-09-05 08:00:00,2026-09-05 16:00:00,132,117,4
ROB-001,PROD-A,BATCH-ROB-001-2026-09-05,2026-09-05 08:00:00,2026-09-05 16:00:00,166,164,3
CNC-002,PROD-A,BATCH-CNC-002-2026-09-05,2026-09-05 08:00:00,2026-09-05 16:00:00,146,143,3
WLD-001,PROD-A,BATCH-WLD-001-2026-09-05,2026-09-05 08:00:00,2026-09-05 16:00:00,107,103,2
ROB-002,PROD-A,BATCH-ROB-002-2026-09-05,2026-09-05 08:00:00,2026-09-05 16:00:00,239,200,9
CON-001,PROD-A,BATCH-CON-001-2026-09-05,2026-09-05 08:00:00,2026-09-05 16:00:00,261,259,6
PKG-001,PROD-A,BATCH-PKG-001-2026-09-05,2026-09-05 08:00:00,2026-09-05 16:00:00,135,128,2
LAB-001,PROD-A,BATCH-LAB-001-2026-09-05,2026-09-05 08:00:00,2026-09-05 16:00:00,187,172,4
CNC-001,PROD-A,BATCH-CNC-001-2026-09-06,2026-09-06 08:00:00,2026-09-06 16:00:00,118,109,3
PRS-001,PROD-A,BATCH-PRS-001-2026-09-06,2026-09-06 08:00:00,2026-09-06 16:00:00,210,194,4
ROB-001,PROD-A,BATCH-ROB-001-2026-09-06,2026-09-06 08:00:00,2026-09-06 16:00:00,172,169,2
CNC-002,PROD-A,BATCH-CNC-002-2026-09-06,2026-09-06 08:00:00,2026-09-06 16:00:00,116,111,1
WLD-001,PROD-A,BATCH-WLD-001-2026-09-06,2026-09-06 08:00:00,2026-09-06 16:00:00,156,144,2
ROB-002,PROD-A,BATCH-ROB-002-2026-09-06,2026-09-06 08:00:00,2026-09-06 16:00:00,158,130,3
CON-001,PROD-A,BATCH-CON-001-2026-09-06,2026-09-06 08:00:00,2026-09-06 16:00:00,229,216,4
PKG-001,PROD-A,BATCH-PKG-001-2026-09-06,2026-09-06 08:00:00,2026-09-06 16:00:00,231,217,6
LAB-001,PROD-A,BATCH-LAB-001-2026-09-06,2026-09-06 08:00:00,2026-09-06 16:00:00,201,184,2
CNC-001,PROD-A,BATCH-CNC-001-2026-09-07,2026-09-07 08:00:00,2026-09-07 16:00:00,113,103,3
PRS-001,PROD-A,BATCH-PRS-001-2026-09-07,2026-09-07 08:00:00,2026-09-07 16:00:00,170,140,7
ROB-001,PROD-A,BATCH-ROB-001-2026-09-07,2026-09-07 08:00:00,2026-09-07 16:00:00,244,238,2
CNC-002,PROD-A,BATCH-CNC-002-2026-09-07,2026-09-07 08:00:00,2026-09-07 16:00:00,90,83,1
WLD-001,PROD-A,BATCH-WLD-001-2026-09-07,2026-09-07 08:00:00,2026-09-07 16:00:00,88,87,1
ROB-002,PROD-A,BATCH-ROB-002-2026-09-07,2026-09-07 08:00:00,2026-09-07 16:00:00,213,191,10
CON-001,PROD-A,BATCH-CON-001-2026-09-07,2026-09-07 08:00:00,2026-09-07 16:00:00,251,249,6
PKG-001,PROD-A,BATCH-PKG-001-2026-09-07,2026-09-07 08:00:00,2026-09-07 16:00:00,155,143,3
LAB-001,PROD-A,BATCH-LAB-001-2026-09-07,2026-09-07 08:00:00,2026-09-07 16:00:00,278,276,5
CNC-001,PROD-A,BATCH-CNC-001-2026-09-08,2026-09-08 08:00:00,2026-09-08 16:00:00,154,145,8
PRS-001,PROD-A,BATCH-PRS-001-2026-09-08,2026-09-08 08:00:00,2026-09-08 16:00:00,132,115,2
ROB-001,PROD-A,BATCH-ROB-001-2026-09-08,2026-09-08 08:00:00,2026-09-08 16:00:00,151,147,2
CNC-002,PROD-A,BATCH-CNC-002-2026-09-08,2026-09-08 08:00:00,2026-09-08 16:00:00,154,149,3
WLD-001,PROD-A,BATCH-WLD-001-2026-09-08,2026-09-08 08:00:00,2026-09-08 16:00:00,175,161,2
ROB-002,PROD-A,BATCH-ROB-002-2026-09-08,2026-09-08 08:00:00,2026-09-08 16:00:00,156,127,3
CON-001,PROD-A,BATCH-CON-001-2026-09-08,2026-09-08 08:00:00,2026-09-08 16:00:00,220,207,3
PKG-001,PROD-A,BATCH-PKG-001-2026-09-08,2026-09-08 08:00:00,2026-09-08 16:00:00,134,127,2
LAB-001,PROD-A,BATCH-LAB-001-2026-09-08,2026-09-08 08:00:00,2026-09-08 16:00:00,178,165,3
CNC-001,PROD-A,BATCH-CNC-001-2026-09-09,2026-09-09 08:00:00,2026-09-09 16:00:00,111,104,5
PRS-001,PROD-A,BATCH-PRS-001-2026-09-09,2026-09-09 08:00:00,2026-09-09 16:00:00,219,179,6
ROB-001,PROD-A,BATCH-ROB-001-2026-09-09,2026-09-09 08:00:00,2026-09-09 16:00:00,214,210,2
CNC-002,PROD-A,BATCH-CNC-002-2026-09-09,2026-09-09 08:00:00,2026-09-09 16:00:00,157,141,3
WLD-001,PROD-A,BATCH-WLD-001-2026-09-09,2026-09-09 08:00:00,2026-09-09 16:00:00,86,83,2
ROB-002,PROD-A,BATCH-ROB-002-2026-09-09,2026-09-09 08:00:00,2026-09-09 16:00:00,181,167,2
CON-001,PROD-A,BATCH-CON-001-2026-09-09,2026-09-09 08:00:00,2026-09-09 16:00:00,242,239,5
PKG-001,PROD-A,BATCH-PKG-001-2026-09-09,2026-09-09 08:00:00,2026-09-09 16:00:00,180,177,3
LAB-001,PROD-A,BATCH-LAB-001-2026-09-09,2026-09-09 08:00:00,2026-09-09 16:00:00,250,248,7
CNC-001,PROD-A,BATCH-CNC-001-2026-09-10,2026-09-10 08:00:00,2026-09-10 16:00:00,118,95,5
PRS-001,PROD-A,BATCH-PRS-001-2026-09-10,2026-09-10 08:00:00,2026-09-10 16:00:00,130,109,5
ROB-001,PROD-A,BATCH-ROB-001-2026-09-10,2026-09-10 08:00:00,2026-09-10 16:00:00,161,159,3
CNC-002,PROD-A,BATCH-CNC-002-2026-09-10,2026-09-10 08:00:00,2026-09-10 16:00:00,132,129,1
WLD-001,PROD-A,BATCH-WLD-001-2026-09-10,2026-09-10 08:00:00,2026-09-10 16:00:00,90,88,2
ROB-002,PROD-A,BATCH-ROB-002-2026-09-10,2026-09-10 08:00:00,2026-09-10 16:00:00,240,233,6
CON-001,PROD-A,BATCH-CON-001-2026-09-10,2026-09-10 08:00:00,2026-09-10 16:00:00,235,228,6
PKG-001,PROD-A,BATCH-PKG-001-2026-09-10,2026-09-10 08:00:00,2026-09-10 16:00:00,145,142,3
LAB-001,PROD-A,BATCH-LAB-001-2026-09-10,2026-09-10 08:00:00,2026-09-10 16:00:00,279,252,4
CNC-001,PROD-A,BATCH-CNC-001-2026-09-11,2026-09-11 08:00:00,2026-09-11 16:00:00,150,136,5
PRS-001,PROD-A,BATCH-PRS-001-2026-09-11,2026-09-11 08:00:00,2026-09-11 16:00:00,103,94,4
ROB-001,PROD-A,BATCH-ROB-001-2026-09-11,2026-09-11 08:00:00,2026-09-11 16:00:00,167,160,4
CNC-002,PROD-A,BATCH-CNC-002-2026-09-11,2026-09-11 08:00:00,2026-09-11 16:00:00,97,87,1
WLD-001,PROD-A,BATCH-WLD-001-2026-09-11,2026-09-11 08:00:00,2026-09-11 16:00:00,119,110,1
ROB-002,PROD-A,BATCH-ROB-002-2026-09-11,2026-09-11 08:00:00,2026-09-11 16:00:00,160,147,3
CON-001,PROD-A,BATCH-CON-001-2026-09-11,2026-09-11 08:00:00,2026-09-11 16:00:00,183,180,4
PKG-001,PROD-A,BATCH-PKG-001-2026-09-11,2026-09-11 08:00:00,2026-09-11 16:00:00,201,189,5
LAB-001,PROD-A,BATCH-LAB-001-2026-09-11,2026-09-11 08:00:00,2026-09-11 16:00:00,184,170,4
CNC-001,PROD-A,BATCH-CNC-001-2026-09-12,2026-09-12 08:00:00,2026-09-12 16:00:00,121,111,3
PRS-001,PROD-A,BATCH-PRS-001-2026-09-12,2026-09-12 08:00:00,2026-09-12 16:00:00,153,130,4
ROB-001,PROD-A,BATCH-ROB-001-2026-09-12,2026-09-12 08:00:00,2026-09-12 16:00:00,216,214,5
CNC-002,PROD-A,BATCH-CNC-002-2026-09-12,2026-09-12 08:00:00,2026-09-12 16:00:00,108,97,1
WLD-001,PROD-A,BATCH-WLD-001-2026-09-12,2026-09-12 08:00:00,2026-09-12 16:00:00,151,145,3
ROB-002,PROD-A,BATCH-ROB-002-2026-09-12,2026-09-12 08:00:00,2026-09-12 16:00:00,142,141,1
CON-001,PROD-A,BATCH-CON-001-2026-09-12,2026-09-12 08:00:00,2026-09-12 16:00:00,193,174,3
PKG-001,PROD-A,BATCH-PKG-001-2026-09-12,2026-09-12 08:00:00,2026-09-12 16:00:00,186,170,4
LAB-001,PROD-A,BATCH-LAB-001-2026-09-12,2026-09-12 08:00:00,2026-09-12 16:00:00,193,191,2
CNC-001,PROD-A,BATCH-CNC-001-2026-09-13,2026-09-13 08:00:00,2026-09-13 16:00:00,147,127,7
PRS-001,PROD-A,BATCH-PRS-001-2026-09-13,2026-09-13 08:00:00,2026-09-13 16:00:00,158,146,5
ROB-001,PROD-A,BATCH-ROB-001-2026-09-13,2026-09-13 08:00:00,2026-09-13 16:00:00,177,171,2
CNC-002,PROD-A,BATCH-CNC-002-2026-09-13,2026-09-13 08:00:00,2026-09-13 16:00:00,114,105,2
WLD-001,PROD-A,BATCH-WLD-001-2026-09-13,2026-09-13 08:00:00,2026-09-13 16:00:00,96,90,1
ROB-002,PROD-A,BATCH-ROB-002-2026-09-13,2026-09-13 08:00:00,2026-09-13 16:00:00,175,174,2
CON-001,PROD-A,BATCH-CON-001-2026-09-13,2026-09-13 08:00:00,2026-09-13 16:00:00,198,186,3
PKG-001,PROD-A,BATCH-PKG-001-2026-09-13,2026-09-13 08:00:00,2026-09-13 16:00:00,157,141,4
LAB-001,PROD-A,BATCH-LAB-001-2026-09-13,2026-09-13 08:00:00,2026-09-13 16:00:00,210,201,5
CNC-001,PROD-A,BATCH-CNC-001-2026-09-14,2026-09-14 08:00:00,2026-09-14 16:00:00,127,112,5
PRS-001,PROD-A,BATCH-PRS-001-2026-09-14,2026-09-14 08:00:00,2026-09-14 16:00:00,110,88,2
ROB-001,PROD-A,BATCH-ROB-001-2026-09-14,2026-09-14 08:00:00,2026-09-14 16:00:00,202,201,3
CNC-002,PROD-A,BATCH-CNC-002-2026-09-14,2026-09-14 08:00:00,2026-09-14 16:00:00,107,103,2
WLD-001,PROD-A,BATCH-WLD-001-2026-09-14,2026-09-14 08:00:00,2026-09-14 16:00:00,174,166,1
ROB-002,PROD-A,BATCH-ROB-002-2026-09-14,2026-09-14 08:00:00,2026-09-14 16:00:00,135,122,3
CON-001,PROD-A,BATCH-CON-001-2026-09-14,2026-09-14 08:00:00,2026-09-14 16:00:00,270,267,7
PKG-001,PROD-A,BATCH-PKG-001-2026-09-14,2026-09-14 08:00:00,2026-09-14 16:00:00,131,104,4
LAB-001,PROD-A,BATCH-LAB-001-2026-09-14,2026-09-14 08:00:00,2026-09-14 16:00:00,247,229,4
CNC-001,PROD-A,BATCH-CNC-001-2026-09-15,2026-09-15 08:00:00,2026-09-15 16:00:00,127,104,5
PRS-001,PROD-A,BATCH-PRS-001-2026-09-15,2026-09-15 08:00:00,2026-09-15 16:00:00,105,93,2
ROB-001,PROD-A,BATCH-ROB-001-2026-09-15,2026-09-15 08:00:00,2026-09-15 16:00:00,248,235,3
CNC-002,PROD-A,BATCH-CNC-002-2026-09-15,2026-09-15 08:00:00,2026-09-15 16:00:00,139,126,2
WLD-001,PROD-A,BATCH-WLD-001-2026-09-15,2026-09-15 08:00:00,2026-09-15 16:00:00,147,138,2
ROB-002,PROD-A,BATCH-ROB-002-2026-09-15,2026-09-15 08:00:00,2026-09-15 16:00:00,200,180,2
CON-001,PROD-A,BATCH-CON-001-2026-09-15,2026-09-15 08:00:00,2026-09-15 16:00:00,221,215,6
PKG-001,PROD-A,BATCH-PKG-001-2026-09-15,2026-09-15 08:00:00,2026-09-15 16:00:00,192,179,5
LAB-001,PROD-A,BATCH-LAB-001-2026-09-15,2026-09-15 08:00:00,2026-09-15 16:00:00,217,206,3
CNC-001,PROD-A,BATCH-CNC-001-2026-09-16,2026-09-16 08:00:00,2026-09-16 16:00:00,101,85,5
PRS-001,PROD-A,BATCH-PRS-001-2026-09-16,2026-09-16 08:00:00,2026-09-16 16:00:00,197,185,7
ROB-001,PROD-A,BATCH-ROB-001-2026-09-16,2026-09-16 08:00:00,2026-09-16 16:00:00,232,210,2
CNC-002,PROD-A,BATCH-CNC-002-2026-09-16,2026-09-16 08:00:00,2026-09-16 16:00:00,109,100,1
WLD-001,PROD-A,BATCH-WLD-001-2026-09-16,2026-09-16 08:00:00,2026-09-16 16:00:00,100,97,1
ROB-002,PROD-A,BATCH-ROB-002-2026-09-16,2026-09-16 08:00:00,2026-09-16 16:00:00,246,222,3
CON-001,PROD-A,BATCH-CON-001-2026-09-16,2026-09-16 08:00:00,2026-09-16 16:00:00,293,277,5
PKG-001,PROD-A,BATCH-PKG-001-2026-09-16,2026-09-16 08:00:00,2026-09-16 16:00:00,157,128,3
LAB-001,PROD-A,BATCH-LAB-001-2026-09-16,2026-09-16 08:00:00,2026-09-16 16:00:00,222,203,2
CNC-001,PROD-A,BATCH-CNC-001-2026-09-17,2026-09-17 08:00:00,2026-09-17 16:00:00,145,133,5
PRS-001,PROD-A,BATCH-PRS-001-2026-09-17,2026-09-17 08:00:00,2026-09-17 16:00:00,184,163,7
ROB-001,PROD-A,BATCH-ROB-001-2026-09-17,2026-09-17 08:00:00,2026-09-17 16:00:00,121,115,2
CNC-002,PROD-A,BATCH-CNC-002-2026-09-17,2026-09-17 08:00:00,2026-09-17 16:00:00,133,131,1
WLD-001,PROD-A,BATCH-WLD-001-2026-09-17,2026-09-17 08:00:00,2026-09-17 16:00:00,143,138,3
ROB-002,PROD-A,BATCH-ROB-002-2026-09-17,2026-09-17 08:00:00,2026-09-17 16:00:00,126,116,3
CON-001,PROD-A,BATCH-CON-001-2026-09-17,2026-09-17 08:00:00,2026-09-17 16:00:00,181,170,3
PKG-001,PROD-A,BATCH-PKG-001-2026-09-17,2026-09-17 08:00:00,2026-09-17 16:00:00,147,136,3
LAB-001,PROD-A,BATCH-LAB-001-2026-09-17,2026-09-17 08:00:00,2026-09-17 16:00:00,170,160,3
CNC-001,PROD-A,BATCH-CNC-001-2026-09-18,2026-09-18 08:00:00,2026-09-18 16:00:00,141,122,7
PRS-001,PROD-A,BATCH-PRS-001-2026-09-18,2026-09-18 08:00:00,2026-09-18 16:00:00,176,158,5
ROB-001,PROD-A,BATCH-ROB-001-2026-09-18,2026-09-18 08:00:00,2026-09-18 16:00:00,131,126,3
CNC-002,PROD-A,BATCH-CNC-002-2026-09-18,2026-09-18 08:00:00,2026-09-18 16:00:00,121,120,3
WLD-001,PROD-A,BATCH-WLD-001-2026-09-18,2026-09-18 08:00:00,2026-09-18 16:00:00,152,138,3
ROB-002,PROD-A,BATCH-ROB-002-2026-09-18,2026-09-18 08:00:00,2026-09-18 16:00:00,192,179,1
CON-001,PROD-A,BATCH-CON-001-2026-09-18,2026-09-18 08:00:00,2026-09-18 16:00:00,168,160,3
PKG-001,PROD-A,BATCH-PKG-001-2026-09-18,2026-09-18 08:00:00,2026-09-18 16:00:00,143,122,3
LAB-001,PROD-A,BATCH-LAB-001-2026-09-18,2026-09-18 08:00:00,2026-09-18 16:00:00,252,229,6
CNC-001,PROD-A,BATCH-CNC-001-2026-09-19,2026-09-19 08:00:00,2026-09-19 16:00:00,100,85,3
PRS-001,PROD-A,BATCH-PRS-001-2026-09-19,2026-09-19 08:00:00,2026-09-19 16:00:00,182,166,7
ROB-001,PROD-A,BATCH-ROB-001-2026-09-19,2026-09-19 08:00:00,2026-09-19 16:00:00,150,139,3
CNC-002,PROD-A,BATCH-CNC-002-2026-09-19,2026-09-19 08:00:00,2026-09-19 16:00:00,119,117,2
WLD-001,PROD-A,BATCH-WLD-001-2026-09-19,2026-09-19 08:00:00,2026-09-19 16:00:00,125,120,3
ROB-002,PROD-A,BATCH-ROB-002-2026-09-19,2026-09-19 08:00:00,2026-09-19 16:00:00,171,162,4
CON-001,PROD-A,BATCH-CON-001-2026-09-19,2026-09-19 08:00:00,2026-09-19 16:00:00,271,251,5
PKG-001,PROD-A,BATCH-PKG-001-2026-09-19,2026-09-19 08:00:00,2026-09-19 16:00:00,143,130,6
LAB-001,PROD-A,BATCH-LAB-001-2026-09-19,2026-09-19 08:00:00,2026-09-19 16:00:00,197,185,3
CNC-001,PROD-A,BATCH-CNC-001-2026-09-20,2026-09-20 08:00:00,2026-09-20 16:00:00,85,74,4
PRS-001,PROD-A,BATCH-PRS-001-2026-09-20,2026-09-20 08:00:00,2026-09-20 16:00:00,186,155,7
ROB-001,PROD-A,BATCH-ROB-001-2026-09-20,2026-09-20 08:00:00,2026-09-20 16:00:00,159,157,3
CNC-002,PROD-A,BATCH-CNC-002-2026-09-20,2026-09-20 08:00:00,2026-09-20 16:00:00,147,133,2
WLD-001,PROD-A,BATCH-WLD-001-2026-09-20,2026-09-20 08:00:00,2026-09-20 16:00:00,90,89,1
ROB-002,PROD-A,BATCH-ROB-002-2026-09-20,2026-09-20 08:00:00,2026-09-20 16:00:00,158,157,3
CON-001,PROD-A,BATCH-CON-001-2026-09-20,2026-09-20 08:00:00,2026-09-20 16:00:00,226,222,4
PKG-001,PROD-A,BATCH-PKG-001-2026-09-20,2026-09-20 08:00:00,2026-09-20 16:00:00,195,186,3
LAB-001,PROD-A,BATCH-LAB-001-2026-09-20,2026-09-20 08:00:00,2026-09-20 16:00:00,161,153,3
CNC-001,PROD-A,BATCH-CNC-001-2026-09-21,2026-09-21 08:00:00,2026-09-21 16:00:00,132,107,4
PRS-001,PROD-A,BATCH-PRS-001-2026-09-21,2026-09-21 08:00:00,2026-09-21 16:00:00,172,158,5
ROB-001,PROD-A,BATCH-ROB-001-2026-09-21,2026-09-21 08:00:00,2026-09-21 16:00:00,140,136,1
CNC-002,PROD-A,BATCH-CNC-002-2026-09-21,2026-09-21 08:00:00,2026-09-21 16:00:00,139,127,1
WLD-001,PROD-A,BATCH-WLD-001-2026-09-21,2026-09-21 08:00:00,2026-09-21 16:00:00,130,117,2
ROB-002,PROD-A,BATCH-ROB-002-2026-09-21,2026-09-21 08:00:00,2026-09-21 16:00:00,196,182,4
CON-001,PROD-A,BATCH-CON-001-2026-09-21,2026-09-21 08:00:00,2026-09-21 16:00:00,265,255,3
PKG-001,PROD-A,BATCH-PKG-001-2026-09-21,2026-09-21 08:00:00,2026-09-21 16:00:00,167,153,1
LAB-001,PROD-A,BATCH-LAB-001-2026-09-21,2026-09-21 08:00:00,2026-09-21 16:00:00,216,213,2
CNC-001,PROD-A,BATCH-CNC-001-2026-09-22,2026-09-22 08:00:00,2026-09-22 16:00:00,148,118,4
PRS-001,PROD-A,BATCH-PRS-001-2026-09-22,2026-09-22 08:00:00,2026-09-22 16:00:00,101,83,3
ROB-001,PROD-A,BATCH-ROB-001-2026-09-22,2026-09-22 08:00:00,2026-09-22 16:00:00,223,220,6
CNC-002,PROD-A,BATCH-CNC-002-2026-09-22,2026-09-22 08:00:00,2026-09-22 16:00:00,157,152,2
WLD-001,PROD-A,BATCH-WLD-001-2026-09-22,2026-09-22 08:00:00,2026-09-22 16:00:00,158,147,3
ROB-002,PROD-A,BATCH-ROB-002-2026-09-22,2026-09-22 08:00:00,2026-09-22 16:00:00,221,216,2
CON-001,PROD-A,BATCH-CON-001-2026-09-22,2026-09-22 08:00:00,2026-09-22 16:00:00,184,165,2
PKG-001,PROD-A,BATCH-PKG-001-2026-09-22,2026-09-22 08:00:00,2026-09-22 16:00:00,124,120,1
LAB-001,PROD-A,BATCH-LAB-001-2026-09-22,2026-09-22 08:00:00,2026-09-22 16:00:00,156,129,5
CNC-001,PROD-A,BATCH-CNC-001-2026-09-23,2026-09-23 08:00:00,2026-09-23 16:00:00,110,95,4
PRS-001,PROD-A,BATCH-PRS-001-2026-09-23,2026-09-23 08:00:00,2026-09-23 16:00:00,201,177,4
ROB-001,PROD-A,BATCH-ROB-001-2026-09-23,2026-09-23 08:00:00,2026-09-23 16:00:00,238,217,4
CNC-002,PROD-A,BATCH-CNC-002-2026-09-23,2026-09-23 08:00:00,2026-09-23 16:00:00,94,86,1
WLD-001,PROD-A,BATCH-WLD-001-2026-09-23,2026-09-23 08:00:00,2026-09-23 16:00:00,169,159,3
ROB-002,PROD-A,BATCH-ROB-002-2026-09-23,2026-09-23 08:00:00,2026-09-23 16:00:00,125,123,2
CON-001,PROD-A,BATCH-CON-001-2026-09-23,2026-09-23 08:00:00,2026-09-23 16:00:00,201,186,4
PKG-001,PROD-A,BATCH-PKG-001-2026-09-23,2026-09-23 08:00:00,2026-09-23 16:00:00,220,199,2
LAB-001,PROD-A,BATCH-LAB-001-2026-09-23,2026-09-23 08:00:00,2026-09-23 16:00:00,260,246,13
CNC-001,PROD-A,BATCH-CNC-001-2026-09-24,2026-09-24 08:00:00,2026-09-24 16:00:00,154,136,5
PRS-001,PROD-A,BATCH-PRS-001-2026-09-24,2026-09-24 08:00:00,2026-09-24 16:00:00,137,110,3
ROB-001,PROD-A,BATCH-ROB-001-2026-09-24,2026-09-24 08:00:00,2026-09-24 16:00:00,244,225,2
CNC-002,PROD-A,BATCH-CNC-002-2026-09-24,2026-09-24 08:00:00,2026-09-24 16:00:00,82,77,1
WLD-001,PROD-A,BATCH-WLD-001-2026-09-24,2026-09-24 08:00:00,2026-09-24 16:00:00,88,81,1
ROB-002,PROD-A,BATCH-ROB-002-2026-09-24,2026-09-24 08:00:00,2026-09-24 16:00:00,241,219,4
CON-001,PROD-A,BATCH-CON-001-2026-09-24,2026-09-24 08:00:00,2026-09-24 16:00:00,238,224,4
PKG-001,PROD-A,BATCH-PKG-001-2026-09-24,2026-09-24 08:00:00,2026-09-24 16:00:00,161,149,2
LAB-001,PROD-A,BATCH-LAB-001-2026-09-24,2026-09-24 08:00:00,2026-09-24 16:00:00,238,206,8
CNC-001,PROD-A,BATCH-CNC-001-2026-09-25,2026-09-25 08:00:00,2026-09-25 16:00:00,155,145,4
PRS-001,PROD-A,BATCH-PRS-001-2026-09-25,2026-09-25 08:00:00,2026-09-25 16:00:00,177,164,7
ROB-001,PROD-A,BATCH-ROB-001-2026-09-25,2026-09-25 08:00:00,2026-09-25 16:00:00,239,195,6
CNC-002,PROD-A,BATCH-CNC-002-2026-09-25,2026-09-25 08:00:00,2026-09-25 16:00:00,129,128,3
WLD-001,PROD-A,BATCH-WLD-001-2026-09-25,2026-09-25 08:00:00,2026-09-25 16:00:00,166,160,2
ROB-002,PROD-A,BATCH-ROB-002-2026-09-25,2026-09-25 08:00:00,2026-09-25 16:00:00,240,235,6
CON-001,PROD-A,BATCH-CON-001-2026-09-25,2026-09-25 08:00:00,2026-09-25 16:00:00,203,188,4
PKG-001,PROD-A,BATCH-PKG-001-2026-09-25,2026-09-25 08:00:00,2026-09-25 16:00:00,243,221,3
LAB-001,PROD-A,BATCH-LAB-001-2026-09-25,2026-09-25 08:00:00,2026-09-25 16:00:00,275,224,8
CNC-001,PROD-A,BATCH-CNC-001-2026-09-26,2026-09-26 08:00:00,2026-09-26 16:00:00,143,120,3
PRS-001,PROD-A,BATCH-PRS-001-2026-09-26,2026-09-26 08:00:00,2026-09-26 16:00:00,106,100,3
ROB-001,PROD-A,BATCH-ROB-001-2026-09-26,2026-09-26 08:00:00,2026-09-26 16:00:00,186,158,4
CNC-002,PROD-A,BATCH-CNC-002-2026-09-26,2026-09-26 08:00:00,2026-09-26 16:00:00,144,130,1
WLD-001,PROD-A,BATCH-WLD-001-2026-09-26,2026-09-26 08:00:00,2026-09-26 16:00:00,135,123,1
ROB-002,PROD-A,BATCH-ROB-002-2026-09-26,2026-09-26 08:00:00,2026-09-26 16:00:00,177,167,4
CON-001,PROD-A,BATCH-CON-001-2026-09-26,2026-09-26 08:00:00,2026-09-26 16:00:00,240,234,5
PKG-001,PROD-A,BATCH-PKG-001-2026-09-26,2026-09-26 08:00:00,2026-09-26 16:00:00,188,186,5
LAB-001,PROD-A,BATCH-LAB-001-2026-09-26,2026-09-26 08:00:00,2026-09-26 16:00:00,281,250,6
CNC-001,PROD-A,BATCH-CNC-001-2026-09-27,2026-09-27 08:00:00,2026-09-27 16:00:00,86,80,3
PRS-001,PROD-A,BATCH-PRS-001-2026-09-27,2026-09-27 08:00:00,2026-09-27 16:00:00,158,149,7
ROB-001,PROD-A,BATCH-ROB-001-2026-09-27,2026-09-27 08:00:00,2026-09-27 16:00:00,147,134,5
CNC-002,PROD-A,BATCH-CNC-002-2026-09-27,2026-09-27 08:00:00,2026-09-27 16:00:00,93,91,0
WLD-001,PROD-A,BATCH-WLD-001-2026-09-27,2026-09-27 08:00:00,2026-09-27 16:00:00,93,85,1
ROB-002,PROD-A,BATCH-ROB-002-2026-09-27,2026-09-27 08:00:00,2026-09-27 16:00:00,172,170,2
CON-001,PROD-A,BATCH-CON-001-2026-09-27,2026-09-27 08:00:00,2026-09-27 16:00:00,224,217,5
PKG-001,PROD-A,BATCH-PKG-001-2026-09-27,2026-09-27 08:00:00,2026-09-27 16:00:00,247,240,2
LAB-001,PROD-A,BATCH-LAB-001-2026-09-27,2026-09-27 08:00:00,2026-09-27 16:00:00,243,206,5
CNC-001,PROD-A,BATCH-CNC-001-2026-09-28,2026-09-28 08:00:00,2026-09-28 16:00:00,105,90,3
PRS-001,PROD-A,BATCH-PRS-001-2026-09-28,2026-09-28 08:00:00,2026-09-28 16:00:00,198,158,8
ROB-001,PROD-A,BATCH-ROB-001-2026-09-28,2026-09-28 08:00:00,2026-09-28 16:00:00,241,205,8
CNC-002,PROD-A,BATCH-CNC-002-2026-09-28,2026-09-28 08:00:00,2026-09-28 16:00:00,90,83,2
WLD-001,PROD-A,BATCH-WLD-001-2026-09-28,2026-09-28 08:00:00,2026-09-28 16:00:00,133,124,2
ROB-002,PROD-A,BATCH-ROB-002-2026-09-28,2026-09-28 08:00:00,2026-09-28 16:00:00,158,154,3
CON-001,PROD-A,BATCH-CON-001-2026-09-28,2026-09-28 08:00:00,2026-09-28 16:00:00,208,190,3
PKG-001,PROD-A,BATCH-PKG-001-2026-09-28,2026-09-28 08:00:00,2026-09-28 16:00:00,224,221,6
LAB-001,PROD-A,BATCH-LAB-001-2026-09-28,2026-09-28 08:00:00,2026-09-28 16:00:00,282,259,8
CNC-001,PROD-A,BATCH-CNC-001-2026-09-29,2026-09-29 08:00:00,2026-09-29 16:00:00,83,71,3
PRS-001,PROD-A,BATCH-PRS-001-2026-09-29,2026-09-29 08:00:00,2026-09-29 16:00:00,191,175,10
ROB-001,PROD-A,BATCH-ROB-001-2026-09-29,2026-09-29 08:00:00,2026-09-29 16:00:00,141,119,4
CNC-002,PROD-A,BATCH-CNC-002-2026-09-29,2026-09-29 08:00:00,2026-09-29 16:00:00,101,95,1
WLD-001,PROD-A,BATCH-WLD-001-2026-09-29,2026-09-29 08:00:00,2026-09-29 16:00:00,84,81,1
ROB-002,PROD-A,BATCH-ROB-002-2026-09-29,2026-09-29 08:00:00,2026-09-29 16:00:00,134,126,7
CON-001,PROD-A,BATCH-CON-001-2026-09-29,2026-09-29 08:00:00,2026-09-29 16:00:00,283,282,5
PKG-001,PROD-A,BATCH-PKG-001-2026-09-29,2026-09-29 08:00:00,2026-09-29 16:00:00,197,191,3
LAB-001,PROD-A,BATCH-LAB-001-2026-09-29,2026-09-29 08:00:00,2026-09-29 16:00:00,238,190,5
CNC-001,PROD-A,BATCH-CNC-001-2026-09-30,2026-09-30 08:00:00,2026-09-30 16:00:00,147,131,3
PRS-001,PROD-A,BATCH-PRS-001-2026-09-30,2026-09-30 08:00:00,2026-09-30 16:00:00,151,130,3
ROB-001,PROD-A,BATCH-ROB-001-2026-09-30,2026-09-30 08:00:00,2026-09-30 16:00:00,233,210,11
CNC-002,PROD-A,BATCH-CNC-002-2026-09-30,2026-09-30 08:00:00,2026-09-30 16:00:00,131,128,3
WLD-001,PROD-A,BATCH-WLD-001-2026-09-30,2026-09-30 08:00:00,2026-09-30 16:00:00,90,81,1
ROB-002,PROD-A,BATCH-ROB-002-2026-09-30,2026-09-30 08:00:00,2026-09-30 16:00:00,152,133,5
CON-001,PROD-A,BATCH-CON-001-2026-09-30,2026-09-30 08:00:00,2026-09-30 16:00:00,204,185,3
PKG-001,PROD-A,BATCH-PKG-001-2026-09-30,2026-09-30 08:00:00,2026-09-30 16:00:00,207,201,2
LAB-001,PROD-A,BATCH-LAB-001-2026-09-30,2026-09-30 08:00:00,2026-09-30 16:00:00,157,146,6
