machine_code,batch_number,inspection_time,result,defect_count
CNC-001,BATCH-CNC-001-2026-01-01,2026-01-01,PASS,0
PRS-001,BATCH-PRS-001-2026-01-01,2026-01-01,PASS,0
ROB-001,BATCH-ROB-001-2026-01-01,2026-01-01,PASS,0
CNC-002,BATCH-CNC-002-2026-01-01,2026-01-01,PASS,0
WLD-001,BATCH-WLD-001-2026-01-01,2026-01-01,PASS,0
ROB-002,BATCH-ROB-002-2026-01-01,2026-01-01,PASS,0
CON-001,BATCH-CON-001-2026-01-01,2026-01-01,PASS,0
PKG-001,BATCH-PKG-001-2026-01-01,2026-01-01,PASS,0
LAB-001,BATCH-LAB-001-2026-01-01,2026-01-01,PASS,0
CNC-001,BATCH-CNC-001-2026-01-02,2026-01-02,PASS,0
PRS-001,BATCH-PRS-001-2026-01-02,2026-01-02,PASS,0
ROB-001,BATCH-ROB-001-2026-01-02,2026-01-02,PASS,0
CNC-002,BATCH-CNC-002-2026-01-02,2026-01-02,PASS,0
WLD-001,BATCH-WLD-001-2026-01-02,2026-01-02,PASS,0
ROB-002,BATCH-ROB-002-2026-01-02,2026-01-02,PASS,0
CON-001,BATCH-CON-001-2026-01-02,2026-01-02,PASS,0
PKG-001,BATCH-PKG-001-2026-01-02,2026-01-02,PASS,0
LAB-001,BATCH-LAB-001-2026-01-02,2026-01-02,PASS,0
CNC-001,BATCH-CNC-001-2026-01-03,2026-01-03,PASS,0
PRS-001,BATCH-PRS-001-2026-01-03,2026-01-03,PASS,0
ROB-001,BATCH-ROB-001-2026-01-03,2026-01-03,PASS,0
CNC-002,BATCH-CNC-002-2026-01-03,2026-01-03,PASS,0
WLD-001,BATCH-WLD-001-2026-01-03,2026-01-03,PASS,0
ROB-002,BATCH-ROB-002-2026-01-03,2026-01-03,PASS,0
CON-001,BATCH-CON-001-2026-01-03,2026-01-03,REVIEW,2
PKG-001,BATCH-PKG-001-2026-01-03,2026-01-03,PASS,0
LAB-001,BATCH-LAB-001-2026-01-03,2026-01-03,PASS,0
CNC-001,BATCH-CNC-001-2026-01-04,2026-01-04,PASS,0
PRS-001,BATCH-PRS-001-2026-01-04,2026-01-04,REVIEW,2
ROB-001,BATCH-ROB-001-2026-01-04,2026-01-04,PASS,0
CNC-002,BATCH-CNC-002-2026-01-04,2026-01-04,PASS,0
WLD-001,BATCH-WLD-001-2026-01-04,2026-01-04,PASS,0
ROB-002,BATCH-ROB-002-2026-01-04,2026-01-04,PASS,0
CON-001,BATCH-CON-001-2026-01-04,2026-01-04,PASS,0
PKG-001,BATCH-PKG-001-2026-01-04,2026-01-04,PASS,0
LAB-001,BATCH-LAB-001-2026-01-04,2026-01-04,PASS,0
CNC-001,BATCH-CNC-001-2026-01-05,2026-01-05,PASS,0
PRS-001,BATCH-PRS-001-2026-01-05,2026-01-05,PASS,0
ROB-001,BATCH-ROB-001-2026-01-05,2026-01-05,PASS,0
CNC-002,BATCH-CNC-002-2026-01-05,2026-01-05,PASS,0
WLD-001,BATCH-WLD-001-2026-01-05,2026-01-05,PASS,0
ROB-002,BATCH-ROB-002-2026-01-05,2026-01-05,REVIEW,1
CON-001,BATCH-CON-001-2026-01-05,2026-01-05,PASS,0
PKG-001,BATCH-PKG-001-2026-01-05,2026-01-05,PASS,0
LAB-001,BATCH-LAB-001-2026-01-05,2026-01-05,FAIL,1
CNC-001,BATCH-CNC-001-2026-01-06,2026-01-06,PASS,0
PRS-001,BATCH-PRS-001-2026-01-06,2026-01-06,PASS,0
ROB-001,BATCH-ROB-001-2026-01-06,2026-01-06,PASS,0
CNC-002,BATCH-CNC-002-2026-01-06,2026-01-06,PASS,0
WLD-001,BATCH-WLD-001-2026-01-06,2026-01-06,PASS,0
ROB-002,BATCH-ROB-002-2026-01-06,2026-01-06,REVIEW,2
CON-001,BATCH-CON-001-2026-01-06,2026-01-06,PASS,0
PKG-001,BATCH-PKG-001-2026-01-06,2026-01-06,PASS,0
LAB-001,BATCH-LAB-001-2026-01-06,2026-01-06,PASS,0
CNC-001,BATCH-CNC-001-2026-01-07,2026-01-07,PASS,0
PRS-001,BATCH-PRS-001-2026-01-07,2026-01-07,PASS,0
ROB-001,BATCH-ROB-001-2026-01-07,2026-01-07,PASS,0
CNC-002,BATCH-CNC-002-2026-01-07,2026-01-07,PASS,0
WLD-001,BATCH-WLD-001-2026-01-07,2026-01-07,FAIL,1
ROB-002,BATCH-ROB-002-2026-01-07,2026-01-07,PASS,0
CON-001,BATCH-CON-001-2026-01-07,2026-01-07,PASS,0
PKG-001,BATCH-PKG-001-2026-01-07,2026-01-07,PASS,0
LAB-001,BATCH-LAB-001-2026-01-07,2026-01-07,PASS,0
CNC-001,BATCH-CNC-001-2026-01-08,2026-01-08,PASS,0
PRS-001,BATCH-PRS-001-2026-01-08,2026-01-08,PASS,0
ROB-001,BATCH-ROB-001-2026-01-08,2026-01-08,PASS,0
CNC-002,BATCH-CNC-002-2026-01-08,2026-01-08,PASS,0
WLD-001,BATCH-WLD-001-2026-01-08,2026-01-08,PASS,0
ROB-002,BATCH-ROB-002-2026-01-08,2026-01-08,PASS,0
CON-001,BATCH-CON-001-2026-01-08,2026-01-08,REVIEW,1
PKG-001,BATCH-PKG-001-2026-01-08,2026-01-08,PASS,0
LAB-001,BATCH-LAB-001-2026-01-08,2026-01-08,PASS,0
CNC-001,BATCH-CNC-001-2026-01-09,2026-01-09,PASS,0
PRS-001,BATCH-PRS-001-2026-01-09,2026-01-09,PASS,0
ROB-001,BATCH-ROB-001-2026-01-09,2026-01-09,PASS,0
CNC-002,BATCH-CNC-002-2026-01-09,2026-01-09,PASS,0
WLD-001,BATCH-WLD-001-2026-01-09,2026-01-09,PASS,0
ROB-002,BATCH-ROB-002-2026-01-09,2026-01-09,REVIEW,1
CON-001,BATCH-CON-001-2026-01-09,2026-01-09,PASS,0
PKG-001,BATCH-PKG-001-2026-01-09,2026-01-09,PASS,0
LAB-001,BATCH-LAB-001-2026-01-09,2026-01-09,PASS,0
CNC-001,BATCH-CNC-001-2026-01-10,2026-01-10,PASS,0
PRS-001,BATCH-PRS-001-2026-01-10,2026-01-10,PASS,0
ROB-001,BATCH-ROB-001-2026-01-10,2026-01-10,REVIEW,1
CNC-002,BATCH-CNC-002-2026-01-10,2026-01-10,PASS,0
WLD-001,BATCH-WLD-001-2026-01-10,2026-01-10,PASS,0
ROB-002,BATCH-ROB-002-2026-01-10,2026-01-10,FAIL,2
CON-001,BATCH-CON-001-2026-01-10,2026-01-10,REVIEW,1
PKG-001,BATCH-PKG-001-2026-01-10,2026-01-10,PASS,0
LAB-001,BATCH-LAB-001-2026-01-10,2026-01-10,PASS,0
CNC-001,BATCH-CNC-001-2026-01-11,2026-01-11,PASS,0
PRS-001,BATCH-PRS-001-2026-01-11,2026-01-11,PASS,0
ROB-001,BATCH-ROB-001-2026-01-11,2026-01-11,PASS,0
CNC-002,BATCH-CNC-002-2026-01-11,2026-01-11,PASS,0
WLD-001,BATCH-WLD-001-2026-01-11,2026-01-11,PASS,0
ROB-002,BATCH-ROB-002-2026-01-11,2026-01-11,PASS,0
CON-001,BATCH-CON-001-2026-01-11,2026-01-11,FAIL,2
PKG-001,BATCH-PKG-001-2026-01-11,2026-01-11,PASS,0
LAB-001,BATCH-LAB-001-2026-01-11,2026-01-11,PASS,0
CNC-001,BATCH-CNC-001-2026-01-12,2026-01-12,PASS,0
PRS-001,BATCH-PRS-001-2026-01-12,2026-01-12,PASS,0
ROB-001,BATCH-ROB-001-2026-01-12,2026-01-12,PASS,0
CNC-002,BATCH-CNC-002-2026-01-12,2026-01-12,PASS,0
WLD-001,BATCH-WLD-001-2026-01-12,2026-01-12,PASS,0
ROB-002,BATCH-ROB-002-2026-01-12,2026-01-12,REVIEW,2
CON-001,BATCH-CON-001-2026-01-12,2026-01-12,PASS,0
PKG-001,BATCH-PKG-001-2026-01-12,2026-01-12,PASS,0
LAB-001,BATCH-LAB-001-2026-01-12,2026-01-12,PASS,0
CNC-001,BATCH-CNC-001-2026-01-13,2026-01-13,PASS,0
PRS-001,BATCH-PRS-001-2026-01-13,2026-01-13,PASS,0
ROB-001,BATCH-ROB-001-2026-01-13,2026-01-13,PASS,0
CNC-002,BATCH-CNC-002-2026-01-13,2026-01-13,PASS,0
WLD-001,BATCH-WLD-001-2026-01-13,2026-01-13,PASS,0
ROB-002,BATCH-ROB-002-2026-01-13,2026-01-13,PASS,0
CON-001,BATCH-CON-001-2026-01-13,2026-01-13,PASS,0
PKG-001,BATCH-PKG-001-2026-01-13,2026-01-13,PASS,0
LAB-001,BATCH-LAB-001-2026-01-13,2026-01-13,PASS,0
CNC-001,BATCH-CNC-001-2026-01-14,2026-01-14,PASS,0
PRS-001,BATCH-PRS-001-2026-01-14,2026-01-14,PASS,0
ROB-001,BATCH-ROB-001-2026-01-14,2026-01-14,PASS,0
CNC-002,BATCH-CNC-002-2026-01-14,2026-01-14,PASS,0
WLD-001,BATCH-WLD-001-2026-01-14,2026-01-14,PASS,0
ROB-002,BATCH-ROB-002-2026-01-14,2026-01-14,PASS,0
CON-001,BATCH-CON-001-2026-01-14,2026-01-14,PASS,0
PKG-001,BATCH-PKG-001-2026-01-14,2026-01-14,PASS,0
LAB-001,BATCH-LAB-001-2026-01-14,2026-01-14,PASS,0
CNC-001,BATCH-CNC-001-2026-01-15,2026-01-15,PASS,0
PRS-001,BATCH-PRS-001-2026-01-15,2026-01-15,PASS,0
ROB-001,BATCH-ROB-001-2026-01-15,2026-01-15,PASS,0
CNC-002,BATCH-CNC-002-2026-01-15,2026-01-15,PASS,0
WLD-001,BATCH-WLD-001-2026-01-15,2026-01-15,PASS,0
ROB-002,BATCH-ROB-002-2026-01-15,2026-01-15,PASS,0
CON-001,BATCH-CON-001-2026-01-15,2026-01-15,PASS,0
PKG-001,BATCH-PKG-001-2026-01-15,2026-01-15,PASS,0
LAB-001,BATCH-LAB-001-2026-01-15,2026-01-15,PASS,0
CNC-001,BATCH-CNC-001-2026-01-16,2026-01-16,PASS,0
PRS-001,BATCH-PRS-001-2026-01-16,2026-01-16,PASS,0
ROB-001,BATCH-ROB-001-2026-01-16,2026-01-16,PASS,0
CNC-002,BATCH-CNC-002-2026-01-16,2026-01-16,PASS,0
WLD-001,BATCH-WLD-001-2026-01-16,2026-01-16,PASS,0
ROB-002,BATCH-ROB-002-2026-01-16,2026-01-16,PASS,0
CON-001,BATCH-CON-001-2026-01-16,2026-01-16,PASS,0
PKG-001,BATCH-PKG-001-2026-01-16,2026-01-16,REVIEW,1
LAB-001,BATCH-LAB-001-2026-01-16,2026-01-16,PASS,0
CNC-001,BATCH-CNC-001-2026-01-17,2026-01-17,PASS,0
PRS-001,BATCH-PRS-001-2026-01-17,2026-01-17,PASS,0
ROB-001,BATCH-ROB-001-2026-01-17,2026-01-17,PASS,0
CNC-002,BATCH-CNC-002-2026-01-17,2026-01-17,REVIEW,2
WLD-001,BATCH-WLD-001-2026-01-17,2026-01-17,PASS,0
ROB-002,BATCH-ROB-002-2026-01-17,2026-01-17,PASS,0
CON-001,BATCH-CON-001-2026-01-17,2026-01-17,PASS,0
PKG-001,BATCH-PKG-001-2026-01-17,2026-01-17,PASS,0
LAB-001,BATCH-LAB-001-2026-01-17,2026-01-17,PASS,0
CNC-001,BATCH-CNC-001-2026-01-18,2026-01-18,PASS,0
PRS-001,BATCH-PRS-001-2026-01-18,2026-01-18,REVIEW,1
ROB-001,BATCH-ROB-001-2026-01-18,2026-01-18,PASS,0
CNC-002,BATCH-CNC-002-2026-01-18,2026-01-18,PASS,0
WLD-001,BATCH-WLD-001-2026-01-18,2026-01-18,PASS,0
ROB-002,BATCH-ROB-002-2026-01-18,2026-01-18,PASS,0
CON-001,BATCH-CON-001-2026-01-18,2026-01-18,PASS,0
PKG-001,BATCH-PKG-001-2026-01-18,2026-01-18,PASS,0
LAB-001,BATCH-LAB-001-2026-01-18,2026-01-18,PASS,0
CNC-001,BATCH-CNC-001-2026-01-19,2026-01-19,PASS,0
PRS-001,BATCH-PRS-001-2026-01-19,2026-01-19,PASS,0
ROB-001,BATCH-ROB-001-2026-01-19,2026-01-19,PASS,0
CNC-002,BATCH-CNC-002-2026-01-19,2026-01-19,REVIEW,1
WLD-001,BATCH-WLD-001-2026-01-19,2026-01-19,PASS,0
ROB-002,BATCH-ROB-002-2026-01-19,2026-01-19,PASS,0
CON-001,BATCH-CON-001-2026-01-19,2026-01-19,PASS,0
PKG-001,BATCH-PKG-001-2026-01-19,2026-01-19,PASS,0
LAB-001,BATCH-LAB-001-2026-01-19,2026-01-19,REVIEW,1
CNC-001,BATCH-CNC-001-2026-01-20,2026-01-20,PASS,0
PRS-001,BATCH-PRS-001-2026-01-20,2026-01-20,PASS,0
ROB-001,BATCH-ROB-001-2026-01-20,2026-01-20,PASS,0
CNC-002,BATCH-CNC-002-2026-01-20,2026-01-20,REVIEW,1
WLD-001,BATCH-WLD-001-2026-01-20,2026-01-20,PASS,0
ROB-002,BATCH-ROB-002-2026-01-20,2026-01-20,PASS,0
CON-001,BATCH-CON-001-2026-01-20,2026-01-20,PASS,0
PKG-001,BATCH-PKG-001-2026-01-20,2026-01-20,FAIL,1
LAB-001,BATCH-LAB-001-2026-01-20,2026-01-20,REVIEW,1
CNC-001,BATCH-CNC-001-2026-01-21,2026-01-21,PASS,0
PRS-001,BATCH-PRS-001-2026-01-21,2026-01-21,PASS,0
ROB-001,BATCH-ROB-001-2026-01-21,2026-01-21,PASS,0
CNC-002,BATCH-CNC-002-2026-01-21,2026-01-21,PASS,0
WLD-001,BATCH-WLD-001-2026-01-21,2026-01-21,PASS,0
ROB-002,BATCH-ROB-002-2026-01-21,2026-01-21,PASS,0
CON-001,BATCH-CON-001-2026-01-21,2026-01-21,PASS,0
PKG-001,BATCH-PKG-001-2026-01-21,2026-01-21,PASS,0
LAB-001,BATCH-LAB-001-2026-01-21,2026-01-21,PASS,0
CNC-001,BATCH-CNC-001-2026-01-22,2026-01-22,REVIEW,1
PRS-001,BATCH-PRS-001-2026-01-22,2026-01-22,PASS,0
ROB-001,BATCH-ROB-001-2026-01-22,2026-01-22,PASS,0
CNC-002,BATCH-CNC-002-2026-01-22,2026-01-22,PASS,0
WLD-001,BATCH-WLD-001-2026-01-22,2026-01-22,REVIEW,1
ROB-002,BATCH-ROB-002-2026-01-22,2026-01-22,PASS,0
CON-001,BATCH-CON-001-2026-01-22,2026-01-22,PASS,0
PKG-001,BATCH-PKG-001-2026-01-22,2026-01-22,REVIEW,1
LAB-001,BATCH-LAB-001-2026-01-22,2026-01-22,PASS,0
CNC-001,BATCH-CNC-001-2026-01-23,2026-01-23,PASS,0
PRS-001,BATCH-PRS-001-2026-01-23,2026-01-23,PASS,0
ROB-001,BATCH-ROB-001-2026-01-23,2026-01-23,PASS,0
CNC-002,BATCH-CNC-002-2026-01-23,2026-01-23,PASS,0
WLD-001,BATCH-WLD-001-2026-01-23,2026-01-23,PASS,0
ROB-002,BATCH-ROB-002-2026-01-23,2026-01-23,PASS,0
CON-001,BATCH-CON-001-2026-01-23,2026-01-23,PASS,0
PKG-001,BATCH-PKG-001-2026-01-23,2026-01-23,PASS,0
LAB-001,BATCH-LAB-001-2026-01-23,2026-01-23,PASS,0
CNC-001,BATCH-CNC-001-2026-01-24,2026-01-24,PASS,0
PRS-001,BATCH-PRS-001-2026-01-24,2026-01-24,PASS,0
ROB-001,BATCH-ROB-001-2026-01-24,2026-01-24,PASS,0
CNC-002,BATCH-CNC-002-2026-01-24,2026-01-24,PASS,0
WLD-001,BATCH-WLD-001-2026-01-24,2026-01-24,PASS,0
ROB-002,BATCH-ROB-002-2026-01-24,2026-01-24,PASS,0
CON-001,BATCH-CON-001-2026-01-24,2026-01-24,REVIEW,1
PKG-001,BATCH-PKG-001-2026-01-24,2026-01-24,PASS,0
LAB-001,BATCH-LAB-001-2026-01-24,2026-01-24,PASS,0
CNC-001,BATCH-CNC-001-2026-01-25,2026-01-25,PASS,0
PRS-001,BATCH-PRS-001-2026-01-25,2026-01-25,REVIEW,1
ROB-001,BATCH-ROB-001-2026-01-25,2026-01-25,PASS,0
CNC-002,BATCH-CNC-002-2026-01-25,2026-01-25,PASS,0
WLD-001,BATCH-WLD-001-2026-01-25,2026-01-25,PASS,0
ROB-002,BATCH-ROB-002-2026-01-25,2026-01-25,PASS,0
CON-001,BATCH-CON-001-2026-01-25,2026-01-25,REVIEW,2
PKG-001,BATCH-PKG-001-2026-01-25,2026-01-25,PASS,0
LAB-001,BATCH-LAB-001-2026-01-25,2026-01-25,PASS,0
CNC-001,BATCH-CNC-001-2026-01-26,2026-01-26,PASS,0
PRS-001,BATCH-PRS-001-2026-01-26,2026-01-26,PASS,0
ROB-001,BATCH-ROB-001-2026-01-26,2026-01-26,PASS,0
CNC-002,BATCH-CNC-002-2026-01-26,2026-01-26,PASS,0
WLD-001,BATCH-WLD-001-2026-01-26,2026-01-26,PASS,0
ROB-002,BATCH-ROB-002-2026-01-26,2026-01-26,PASS,0
CON-001,BATCH-CON-001-2026-01-26,2026-01-26,PASS,0
PKG-001,BATCH-PKG-001-2026-01-26,2026-01-26,PASS,0
LAB-001,BATCH-LAB-001-2026-01-26,2026-01-26,PASS,0
CNC-001,BATCH-CNC-001-2026-01-27,2026-01-27,PASS,0
PRS-001,BATCH-PRS-001-2026-01-27,2026-01-27,PASS,0
ROB-001,BATCH-ROB-001-2026-01-27,2026-01-27,FAIL,1
CNC-002,BATCH-CNC-002-2026-01-27,2026-01-27,PASS,0
WLD-001,BATCH-WLD-001-2026-01-27,2026-01-27,PASS,0
ROB-002,BATCH-ROB-002-2026-01-27,2026-01-27,PASS,0
CON-001,BATCH-CON-001-2026-01-27,2026-01-27,PASS,0
PKG-001,BATCH-PKG-001-2026-01-27,2026-01-27,PASS,0
LAB-001,BATCH-LAB-001-2026-01-27,2026-01-27,PASS,0
CNC-001,BATCH-CNC-001-2026-01-28,2026-01-28,PASS,0
PRS-001,BATCH-PRS-001-2026-01-28,2026-01-28,PASS,0
ROB-001,BATCH-ROB-001-2026-01-28,2026-01-28,PASS,0
CNC-002,BATCH-CNC-002-2026-01-28,2026-01-28,REVIEW,1
WLD-001,BATCH-WLD-001-2026-01-28,2026-01-28,PASS,0
ROB-002,BATCH-ROB-002-2026-01-28,2026-01-28,PASS,0
CON-001,BATCH-CON-001-2026-01-28,2026-01-28,PASS,0
PKG-001,BATCH-PKG-001-2026-01-28,2026-01-28,REVIEW,2
LAB-001,BATCH-LAB-001-2026-01-28,2026-01-28,PASS,0
CNC-001,BATCH-CNC-001-2026-01-29,2026-01-29,PASS,0
PRS-001,BATCH-PRS-001-2026-01-29,2026-01-29,PASS,0
ROB-001,BATCH-ROB-001-2026-01-29,2026-01-29,PASS,0
CNC-002,BATCH-CNC-002-2026-01-29,2026-01-29,PASS,0
WLD-001,BATCH-WLD-001-2026-01-29,2026-01-29,PASS,0
ROB-002,BATCH-ROB-002-2026-01-29,2026-01-29,PASS,0
CON-001,BATCH-CON-001-2026-01-29,2026-01-29,PASS,0
PKG-001,BATCH-PKG-001-2026-01-29,2026-01-29,PASS,0
LAB-001,BATCH-LAB-001-2026-01-29,2026-01-29,PASS,0
CNC-001,BATCH-CNC-001-2026-01-30,2026-01-30,PASS,0
PRS-001,BATCH-PRS-001-2026-01-30,2026-01-30,PASS,0
ROB-001,BATCH-ROB-001-2026-01-30,2026-01-30,PASS,0
CNC-002,BATCH-CNC-002-2026-01-30,2026-01-30,PASS,0
WLD-001,BATCH-WLD-001-2026-01-30,2026-01-30,PASS,0
ROB-002,BATCH-ROB-002-2026-01-30,2026-01-30,PASS,0
CON-001,BATCH-CON-001-2026-01-30,2026-01-30,PASS,0
PKG-001,BATCH-PKG-001-2026-01-30,2026-01-30,REVIEW,1
LAB-001,BATCH-LAB-001-2026-01-30,2026-01-30,PASS,0
CNC-001,BATCH-CNC-001-2026-01-31,2026-01-31,REVIEW,1
PRS-001,BATCH-PRS-001-2026-01-31,2026-01-31,PASS,0
ROB-001,BATCH-ROB-001-2026-01-31,2026-01-31,PASS,0
CNC-002,BATCH-CNC-002-2026-01-31,2026-01-31,FAIL,1
WLD-001,BATCH-WLD-001-2026-01-31,2026-01-31,PASS,0
ROB-002,BATCH-ROB-002-2026-01-31,2026-01-31,PASS,0
CON-001,BATCH-CON-001-2026-01-31,2026-01-31,PASS,0
PKG-001,BATCH-PKG-001-2026-01-31,2026-01-31,PASS,0
LAB-001,BATCH-LAB-001-2026-01-31,2026-01-31,PASS,0
CNC-001,BATCH-CNC-001-2026-02-01,2026-02-01,PASS,0
PRS-001,BATCH-PRS-001-2026-02-01,2026-02-01,PASS,0
ROB-001,BATCH-ROB-001-2026-02-01,2026-02-01,PASS,0
CNC-002,BATCH-CNC-002-2026-02-01,2026-02-01,PASS,0
WLD-001,BATCH-WLD-001-2026-02-01,2026-02-01,PASS,0
ROB-002,BATCH-ROB-002-2026-02-01,2026-02-01,PASS,0
CON-001,BATCH-CON-001-2026-02-01,2026-02-01,PASS,0
PKG-001,BATCH-PKG-001-2026-02-01,2026-02-01,PASS,0
LAB-001,BATCH-LAB-001-2026-02-01,2026-02-01,PASS,0
CNC-001,BATCH-CNC-001-2026-02-02,2026-02-02,REVIEW,1
PRS-001,BATCH-PRS-001-2026-02-02,2026-02-02,PASS,0
ROB-001,BATCH-ROB-001-2026-02-02,2026-02-02,FAIL,2
CNC-002,BATCH-CNC-002-2026-02-02,2026-02-02,PASS,0
WLD-001,BATCH-WLD-001-2026-02-02,2026-02-02,PASS,0
ROB-002,BATCH-ROB-002-2026-02-02,2026-02-02,PASS,0
CON-001,BATCH-CON-001-2026-02-02,2026-02-02,PASS,0
PKG-001,BATCH-PKG-001-2026-02-02,2026-02-02,PASS,0
LAB-001,BATCH-LAB-001-2026-02-02,2026-02-02,PASS,0
CNC-001,BATCH-CNC-001-2026-02-03,2026-02-03,PASS,0
PRS-001,BATCH-PRS-001-2026-02-03,2026-02-03,PASS,0
ROB-001,BATCH-ROB-001-2026-02-03,2026-02-03,PASS,0
CNC-002,BATCH-CNC-002-2026-02-03,2026-02-03,PASS,0
WLD-001,BATCH-WLD-001-2026-02-03,2026-02-03,PASS,0
ROB-002,BATCH-ROB-002-2026-02-03,2026-02-03,PASS,0
CON-001,BATCH-CON-001-2026-02-03,2026-02-03,PASS,0
PKG-001,BATCH-PKG-001-2026-02-03,2026-02-03,PASS,0
LAB-001,BATCH-LAB-001-2026-02-03,2026-02-03,PASS,0
CNC-001,BATCH-CNC-001-2026-02-04,2026-02-04,PASS,0
PRS-001,BATCH-PRS-001-2026-02-04,2026-02-04,PASS,0
ROB-001,BATCH-ROB-001-2026-02-04,2026-02-04,PASS,0
CNC-002,BATCH-CNC-002-2026-02-04,2026-02-04,PASS,0
WLD-001,BATCH-WLD-001-2026-02-04,2026-02-04,PASS,0
ROB-002,BATCH-ROB-002-2026-02-04,2026-02-04,PASS,0
CON-001,BATCH-CON-001-2026-02-04,2026-02-04,PASS,0
PKG-001,BATCH-PKG-001-2026-02-04,2026-02-04,PASS,0
LAB-001,BATCH-LAB-001-2026-02-04,2026-02-04,PASS,0
CNC-001,BATCH-CNC-001-2026-02-05,2026-02-05,PASS,0
PRS-001,BATCH-PRS-001-2026-02-05,2026-02-05,REVIEW,1
ROB-001,BATCH-ROB-001-2026-02-05,2026-02-05,PASS,0
CNC-002,BATCH-CNC-002-2026-02-05,2026-02-05,REVIEW,1
WLD-001,BATCH-WLD-001-2026-02-05,2026-02-05,PASS,0
ROB-002,BATCH-ROB-002-2026-02-05,2026-02-05,PASS,0
CON-001,BATCH-CON-001-2026-02-05,2026-02-05,PASS,0
PKG-001,BATCH-PKG-001-2026-02-05,2026-02-05,PASS,0
LAB-001,BATCH-LAB-001-2026-02-05,2026-02-05,PASS,0
CNC-001,BATCH-CNC-001-2026-02-06,2026-02-06,PASS,0
PRS-001,BATCH-PRS-001-2026-02-06,2026-02-06,PASS,0
ROB-001,BATCH-ROB-001-2026-02-06,2026-02-06,PASS,0
CNC-002,BATCH-CNC-002-2026-02-06,2026-02-06,PASS,0
WLD-001,BATCH-WLD-001-2026-02-06,2026-02-06,PASS,0
ROB-002,BATCH-ROB-002-2026-02-06,2026-02-06,PASS,0
CON-001,BATCH-CON-001-2026-02-06,2026-02-06,PASS,0
PKG-001,BATCH-PKG-001-2026-02-06,2026-02-06,REVIEW,1
LAB-001,BATCH-LAB-001-2026-02-06,2026-02-06,PASS,0
CNC-001,BATCH-CNC-001-2026-02-07,2026-02-07,PASS,0
PRS-001,BATCH-PRS-001-2026-02-07,2026-02-07,PASS,0
ROB-001,BATCH-ROB-001-2026-02-07,2026-02-07,PASS,0
CNC-002,BATCH-CNC-002-2026-02-07,2026-02-07,PASS,0
WLD-001,BATCH-WLD-001-2026-02-07,2026-02-07,PASS,0
ROB-002,BATCH-ROB-002-2026-02-07,2026-02-07,PASS,0
CON-001,BATCH-CON-001-2026-02-07,2026-02-07,PASS,0
PKG-001,BATCH-PKG-001-2026-02-07,2026-02-07,PASS,0
LAB-001,BATCH-LAB-001-2026-02-07,2026-02-07,PASS,0
CNC-001,BATCH-CNC-001-2026-02-08,2026-02-08,REVIEW,1
PRS-001,BATCH-PRS-001-2026-02-08,2026-02-08,PASS,0
ROB-001,BATCH-ROB-001-2026-02-08,2026-02-08,PASS,0
CNC-002,BATCH-CNC-002-2026-02-08,2026-02-08,FAIL,1
WLD-001,BATCH-WLD-001-2026-02-08,2026-02-08,PASS,0
ROB-002,BATCH-ROB-002-2026-02-08,2026-02-08,REVIEW,1
CON-001,BATCH-CON-001-2026-02-08,2026-02-08,PASS,0
PKG-001,BATCH-PKG-001-2026-02-08,2026-02-08,PASS,0
LAB-001,BATCH-LAB-001-2026-02-08,2026-02-08,PASS,0
CNC-001,BATCH-CNC-001-2026-02-09,2026-02-09,REVIEW,1
PRS-001,BATCH-PRS-001-2026-02-09,2026-02-09,PASS,0
ROB-001,BATCH-ROB-001-2026-02-09,2026-02-09,PASS,0
CNC-002,BATCH-CNC-002-2026-02-09,2026-02-09,PASS,0
WLD-001,BATCH-WLD-001-2026-02-09,2026-02-09,PASS,0
ROB-002,BATCH-ROB-002-2026-02-09,2026-02-09,PASS,0
CON-001,BATCH-CON-001-2026-02-09,2026-02-09,REVIEW,1
PKG-001,BATCH-PKG-001-2026-02-09,2026-02-09,PASS,0
LAB-001,BATCH-LAB-001-2026-02-09,2026-02-09,REVIEW,2
CNC-001,BATCH-CNC-001-2026-02-10,2026-02-10,PASS,0
PRS-001,BATCH-PRS-001-2026-02-10,2026-02-10,PASS,0
ROB-001,BATCH-ROB-001-2026-02-10,2026-02-10,PASS,0
CNC-002,BATCH-CNC-002-2026-02-10,2026-02-10,PASS,0
WLD-001,BATCH-WLD-001-2026-02-10,2026-02-10,PASS,0
ROB-002,BATCH-ROB-002-2026-02-10,2026-02-10,FAIL,1
CON-001,BATCH-CON-001-2026-02-10,2026-02-10,PASS,0
PKG-001,BATCH-PKG-001-2026-02-10,2026-02-10,PASS,0
LAB-001,BATCH-LAB-001-2026-02-10,2026-02-10,PASS,0
CNC-001,BATCH-CNC-001-2026-02-11,2026-02-11,PASS,0
PRS-001,BATCH-PRS-001-2026-02-11,2026-02-11,PASS,0
ROB-001,BATCH-ROB-001-2026-02-11,2026-02-11,PASS,0
CNC-002,BATCH-CNC-002-2026-02-11,2026-02-11,PASS,0
WLD-001,BATCH-WLD-001-2026-02-11,2026-02-11,PASS,0
ROB-002,BATCH-ROB-002-2026-02-11,2026-02-11,PASS,0
CON-001,BATCH-CON-001-2026-02-11,2026-02-11,PASS,0
PKG-001,BATCH-PKG-001-2026-02-11,2026-02-11,PASS,0
LAB-001,BATCH-LAB-001-2026-02-11,2026-02-11,PASS,0
CNC-001,BATCH-CNC-001-2026-02-12,2026-02-12,PASS,0
PRS-001,BATCH-PRS-001-2026-02-12,2026-02-12,PASS,0
ROB-001,BATCH-ROB-001-2026-02-12,2026-02-12,REVIEW,2
CNC-002,BATCH-CNC-002-2026-02-12,2026-02-12,PASS,0
WLD-001,BATCH-WLD-001-2026-02-12,2026-02-12,PASS,0
ROB-002,BATCH-ROB-002-2026-02-12,2026-02-12,PASS,0
CON-001,BATCH-CON-001-2026-02-12,2026-02-12,PASS,0
PKG-001,BATCH-PKG-001-2026-02-12,2026-02-12,PASS,0
LAB-001,BATCH-LAB-001-2026-02-12,2026-02-12,PASS,0
CNC-001,BATCH-CNC-001-2026-02-13,2026-02-13,PASS,0
PRS-001,BATCH-PRS-001-2026-02-13,2026-02-13,PASS,0
ROB-001,BATCH-ROB-001-2026-02-13,2026-02-13,PASS,0
CNC-002,BATCH-CNC-002-2026-02-13,2026-02-13,PASS,0
WLD-001,BATCH-WLD-001-2026-02-13,2026-02-13,PASS,0
ROB-002,BATCH-ROB-002-2026-02-13,2026-02-13,PASS,0
CON-001,BATCH-CON-001-2026-02-13,2026-02-13,PASS,0
PKG-001,BATCH-PKG-001-2026-02-13,2026-02-13,PASS,0
LAB-001,BATCH-LAB-001-2026-02-13,2026-02-13,PASS,0
CNC-001,BATCH-CNC-001-2026-02-14,2026-02-14,PASS,0
PRS-001,BATCH-PRS-001-2026-02-14,2026-02-14,PASS,0
ROB-001,BATCH-ROB-001-2026-02-14,2026-02-14,PASS,0
CNC-002,BATCH-CNC-002-2026-02-14,2026-02-14,PASS,0
WLD-001,BATCH-WLD-001-2026-02-14,2026-02-14,PASS,0
ROB-002,BATCH-ROB-002-2026-02-14,2026-02-14,PASS,0
CON-001,BATCH-CON-001-2026-02-14,2026-02-14,PASS,0
PKG-001,BATCH-PKG-001-2026-02-14,2026-02-14,PASS,0
LAB-001,BATCH-LAB-001-2026-02-14,2026-02-14,PASS,0
CNC-001,BATCH-CNC-001-2026-02-15,2026-02-15,PASS,0
PRS-001,BATCH-PRS-001-2026-02-15,2026-02-15,PASS,0
ROB-001,BATCH-ROB-001-2026-02-15,2026-02-15,PASS,0
CNC-002,BATCH-CNC-002-2026-02-15,2026-02-15,PASS,0
WLD-001,BATCH-WLD-001-2026-02-15,2026-02-15,PASS,0
ROB-002,BATCH-ROB-002-2026-02-15,2026-02-15,PASS,0
CON-001,BATCH-CON-001-2026-02-15,2026-02-15,PASS,0
PKG-001,BATCH-PKG-001-2026-02-15,2026-02-15,PASS,0
LAB-001,BATCH-LAB-001-2026-02-15,2026-02-15,FAIL,2
CNC-001,BATCH-CNC-001-2026-02-16,2026-02-16,PASS,0
PRS-001,BATCH-PRS-001-2026-02-16,2026-02-16,PASS,0
ROB-001,BATCH-ROB-001-2026-02-16,2026-02-16,PASS,0
CNC-002,BATCH-CNC-002-2026-02-16,2026-02-16,REVIEW,1
WLD-001,BATCH-WLD-001-2026-02-16,2026-02-16,PASS,0
ROB-002,BATCH-ROB-002-2026-02-16,2026-02-16,PASS,0
CON-001,BATCH-CON-001-2026-02-16,2026-02-16,PASS,0
PKG-001,BATCH-PKG-001-2026-02-16,2026-02-16,PASS,0
LAB-001,BATCH-LAB-001-2026-02-16,2026-02-16,FAIL,1
CNC-001,BATCH-CNC-001-2026-02-17,2026-02-17,PASS,0
PRS-001,BATCH-PRS-001-2026-02-17,2026-02-17,PASS,0
ROB-001,BATCH-ROB-001-2026-02-17,2026-02-17,PASS,0
CNC-002,BATCH-CNC-002-2026-02-17,2026-02-17,PASS,0
WLD-001,BATCH-WLD-001-2026-02-17,2026-02-17,PASS,0
ROB-002,BATCH-ROB-002-2026-02-17,2026-02-17,PASS,0
CON-001,BATCH-CON-001-2026-02-17,2026-02-17,REVIEW,2
PKG-001,BATCH-PKG-001-2026-02-17,2026-02-17,PASS,0
LAB-001,BATCH-LAB-001-2026-02-17,2026-02-17,PASS,0
CNC-001,BATCH-CNC-001-2026-02-18,2026-02-18,REVIEW,1
PRS-001,BATCH-PRS-001-2026-02-18,2026-02-18,PASS,0
ROB-001,BATCH-ROB-001-2026-02-18,2026-02-18,PASS,0
CNC-002,BATCH-CNC-002-2026-02-18,2026-02-18,PASS,0
WLD-001,BATCH-WLD-001-2026-02-18,2026-02-18,PASS,0
ROB-002,BATCH-ROB-002-2026-02-18,2026-02-18,PASS,0
CON-001,BATCH-CON-001-2026-02-18,2026-02-18,REVIEW,1
PKG-001,BATCH-PKG-001-2026-02-18,2026-02-18,PASS,0
LAB-001,BATCH-LAB-001-2026-02-18,2026-02-18,PASS,0
CNC-001,BATCH-CNC-001-2026-02-19,2026-02-19,PASS,0
PRS-001,BATCH-PRS-001-2026-02-19,2026-02-19,PASS,0
ROB-001,BATCH-ROB-001-2026-02-19,2026-02-19,PASS,0
CNC-002,BATCH-CNC-002-2026-02-19,2026-02-19,PASS,0
WLD-001,BATCH-WLD-001-2026-02-19,2026-02-19,PASS,0
ROB-002,BATCH-ROB-002-2026-02-19,2026-02-19,FAIL,2
CON-001,BATCH-CON-001-2026-02-19,2026-02-19,PASS,0
PKG-001,BATCH-PKG-001-2026-02-19,2026-02-19,PASS,0
LAB-001,BATCH-LAB-001-2026-02-19,2026-02-19,PASS,0
CNC-001,BATCH-CNC-001-2026-02-20,2026-02-20,PASS,0
PRS-001,BATCH-PRS-001-2026-02-20,2026-02-20,PASS,0
ROB-001,BATCH-ROB-001-2026-02-20,2026-02-20,PASS,0
CNC-002,BATCH-CNC-002-2026-02-20,2026-02-20,PASS,0
WLD-001,BATCH-WLD-001-2026-02-20,2026-02-20,PASS,0
ROB-002,BATCH-ROB-002-2026-02-20,2026-02-20,PASS,0
CON-001,BATCH-CON-001-2026-02-20,2026-02-20,PASS,0
PKG-001,BATCH-PKG-001-2026-02-20,2026-02-20,PASS,0
LAB-001,BATCH-LAB-001-2026-02-20,2026-02-20,PASS,0
CNC-001,BATCH-CNC-001-2026-02-21,2026-02-21,PASS,0
PRS-001,BATCH-PRS-001-2026-02-21,2026-02-21,PASS,0
ROB-001,BATCH-ROB-001-2026-02-21,2026-02-21,PASS,0
CNC-002,BATCH-CNC-002-2026-02-21,2026-02-21,PASS,0
WLD-001,BATCH-WLD-001-2026-02-21,2026-02-21,PASS,0
ROB-002,BATCH-ROB-002-2026-02-21,2026-02-21,PASS,0
CON-001,BATCH-CON-001-2026-02-21,2026-02-21,PASS,0
PKG-001,BATCH-PKG-001-2026-02-21,2026-02-21,PASS,0
LAB-001,BATCH-LAB-001-2026-02-21,2026-02-21,PASS,0
CNC-001,BATCH-CNC-001-2026-02-22,2026-02-22,PASS,0
PRS-001,BATCH-PRS-001-2026-02-22,2026-02-22,PASS,0
ROB-001,BATCH-ROB-001-2026-02-22,2026-02-22,PASS,0
CNC-002,BATCH-CNC-002-2026-02-22,2026-02-22,PASS,0
WLD-001,BATCH-WLD-001-2026-02-22,2026-02-22,PASS,0
ROB-002,BATCH-ROB-002-2026-02-22,2026-02-22,PASS,0
CON-001,BATCH-CON-001-2026-02-22,2026-02-22,PASS,0
PKG-001,BATCH-PKG-001-2026-02-22,2026-02-22,REVIEW,2
LAB-001,BATCH-LAB-001-2026-02-22,2026-02-22,PASS,0
CNC-001,BATCH-CNC-001-2026-02-23,2026-02-23,PASS,0
PRS-001,BATCH-PRS-001-2026-02-23,2026-02-23,PASS,0
ROB-001,BATCH-ROB-001-2026-02-23,2026-02-23,PASS,0
CNC-002,BATCH-CNC-002-2026-02-23,2026-02-23,PASS,0
WLD-001,BATCH-WLD-001-2026-02-23,2026-02-23,PASS,0
ROB-002,BATCH-ROB-002-2026-02-23,2026-02-23,PASS,0
CON-001,BATCH-CON-001-2026-02-23,2026-02-23,PASS,0
PKG-001,BATCH-PKG-001-2026-02-23,2026-02-23,REVIEW,1
LAB-001,BATCH-LAB-001-2026-02-23,2026-02-23,PASS,0
CNC-001,BATCH-CNC-001-2026-02-24,2026-02-24,PASS,0
PRS-001,BATCH-PRS-001-2026-02-24,2026-02-24,PASS,0
ROB-001,BATCH-ROB-001-2026-02-24,2026-02-24,PASS,0
CNC-002,BATCH-CNC-002-2026-02-24,2026-02-24,PASS,0
WLD-001,BATCH-WLD-001-2026-02-24,2026-02-24,PASS,0
ROB-002,BATCH-ROB-002-2026-02-24,2026-02-24,FAIL,1
CON-001,BATCH-CON-001-2026-02-24,2026-02-24,PASS,0
PKG-001,BATCH-PKG-001-2026-02-24,2026-02-24,PASS,0
LAB-001,BATCH-LAB-001-2026-02-24,2026-02-24,PASS,0
CNC-001,BATCH-CNC-001-2026-02-25,2026-02-25,PASS,0
PRS-001,BATCH-PRS-001-2026-02-25,2026-02-25,PASS,0
ROB-001,BATCH-ROB-001-2026-02-25,2026-02-25,PASS,0
CNC-002,BATCH-CNC-002-2026-02-25,2026-02-25,PASS,0
WLD-001,BATCH-WLD-001-2026-02-25,2026-02-25,PASS,0
ROB-002,BATCH-ROB-002-2026-02-25,2026-02-25,PASS,0
CON-001,BATCH-CON-001-2026-02-25,2026-02-25,PASS,0
PKG-001,BATCH-PKG-001-2026-02-25,2026-02-25,PASS,0
LAB-001,BATCH-LAB-001-2026-02-25,2026-02-25,PASS,0
CNC-001,BATCH-CNC-001-2026-02-26,2026-02-26,PASS,0
PRS-001,BATCH-PRS-001-2026-02-26,2026-02-26,PASS,0
ROB-001,BATCH-ROB-001-2026-02-26,2026-02-26,PASS,0
CNC-002,BATCH-CNC-002-2026-02-26,2026-02-26,PASS,0
WLD-001,BATCH-WLD-001-2026-02-26,2026-02-26,PASS,0
ROB-002,BATCH-ROB-002-2026-02-26,2026-02-26,PASS,0
CON-001,BATCH-CON-001-2026-02-26,2026-02-26,PASS,0
PKG-001,BATCH-PKG-001-2026-02-26,2026-02-26,PASS,0
LAB-001,BATCH-LAB-001-2026-02-26,2026-02-26,PASS,0
CNC-001,BATCH-CNC-001-2026-02-27,2026-02-27,PASS,0
PRS-001,BATCH-PRS-001-2026-02-27,2026-02-27,PASS,0
ROB-001,BATCH-ROB-001-2026-02-27,2026-02-27,PASS,0
CNC-002,BATCH-CNC-002-2026-02-27,2026-02-27,PASS,0
WLD-001,BATCH-WLD-001-2026-02-27,2026-02-27,PASS,0
ROB-002,BATCH-ROB-002-2026-02-27,2026-02-27,PASS,0
CON-001,BATCH-CON-001-2026-02-27,2026-02-27,PASS,0
PKG-001,BATCH-PKG-001-2026-02-27,2026-02-27,PASS,0
LAB-001,BATCH-LAB-001-2026-02-27,2026-02-27,PASS,0
CNC-001,BATCH-CNC-001-2026-02-28,2026-02-28,PASS,0
PRS-001,BATCH-PRS-001-2026-02-28,2026-02-28,PASS,0
ROB-001,BATCH-ROB-001-2026-02-28,2026-02-28,PASS,0
CNC-002,BATCH-CNC-002-2026-02-28,2026-02-28,PASS,0
WLD-001,BATCH-WLD-001-2026-02-28,2026-02-28,PASS,0
ROB-002,BATCH-ROB-002-2026-02-28,2026-02-28,PASS,0
CON-001,BATCH-CON-001-2026-02-28,2026-02-28,PASS,0
PKG-001,BATCH-PKG-001-2026-02-28,2026-02-28,PASS,0
LAB-001,BATCH-LAB-001-2026-02-28,2026-02-28,PASS,0
CNC-001,BATCH-CNC-001-2026-03-01,2026-03-01,PASS,0
PRS-001,BATCH-PRS-001-2026-03-01,2026-03-01,PASS,0
ROB-001,BATCH-ROB-001-2026-03-01,2026-03-01,REVIEW,1
CNC-002,BATCH-CNC-002-2026-03-01,2026-03-01,PASS,0
WLD-001,BATCH-WLD-001-2026-03-01,2026-03-01,PASS,0
ROB-002,BATCH-ROB-002-2026-03-01,2026-03-01,PASS,0
CON-001,BATCH-CON-001-2026-03-01,2026-03-01,FAIL,1
PKG-001,BATCH-PKG-001-2026-03-01,2026-03-01,PASS,0
LAB-001,BATCH-LAB-001-2026-03-01,2026-03-01,PASS,0
CNC-001,BATCH-CNC-001-2026-03-02,2026-03-02,PASS,0
PRS-001,BATCH-PRS-001-2026-03-02,2026-03-02,PASS,0
ROB-001,BATCH-ROB-001-2026-03-02,2026-03-02,PASS,0
CNC-002,BATCH-CNC-002-2026-03-02,2026-03-02,PASS,0
WLD-001,BATCH-WLD-001-2026-03-02,2026-03-02,PASS,0
ROB-002,BATCH-ROB-002-2026-03-02,2026-03-02,PASS,0
CON-001,BATCH-CON-001-2026-03-02,2026-03-02,PASS,0
PKG-001,BATCH-PKG-001-2026-03-02,2026-03-02,PASS,0
LAB-001,BATCH-LAB-001-2026-03-02,2026-03-02,PASS,0
CNC-001,BATCH-CNC-001-2026-03-03,2026-03-03,PASS,0
PRS-001,BATCH-PRS-001-2026-03-03,2026-03-03,PASS,0
ROB-001,BATCH-ROB-001-2026-03-03,2026-03-03,PASS,0
CNC-002,BATCH-CNC-002-2026-03-03,2026-03-03,PASS,0
WLD-001,BATCH-WLD-001-2026-03-03,2026-03-03,PASS,0
ROB-002,BATCH-ROB-002-2026-03-03,2026-03-03,PASS,0
CON-001,BATCH-CON-001-2026-03-03,2026-03-03,PASS,0
PKG-001,BATCH-PKG-001-2026-03-03,2026-03-03,PASS,0
LAB-001,BATCH-LAB-001-2026-03-03,2026-03-03,PASS,0
CNC-001,BATCH-CNC-001-2026-03-04,2026-03-04,PASS,0
PRS-001,BATCH-PRS-001-2026-03-04,2026-03-04,REVIEW,1
ROB-001,BATCH-ROB-001-2026-03-04,2026-03-04,PASS,0
CNC-002,BATCH-CNC-002-2026-03-04,2026-03-04,PASS,0
WLD-001,BATCH-WLD-001-2026-03-04,2026-03-04,PASS,0
ROB-002,BATCH-ROB-002-2026-03-04,2026-03-04,PASS,0
CON-001,BATCH-CON-001-2026-03-04,2026-03-04,PASS,0
PKG-001,BATCH-PKG-001-2026-03-04,2026-03-04,PASS,0
LAB-001,BATCH-LAB-001-2026-03-04,2026-03-04,PASS,0
CNC-001,BATCH-CNC-001-2026-03-05,2026-03-05,PASS,0
PRS-001,BATCH-PRS-001-2026-03-05,2026-03-05,PASS,0
ROB-001,BATCH-ROB-001-2026-03-05,2026-03-05,FAIL,2
CNC-002,BATCH-CNC-002-2026-03-05,2026-03-05,PASS,0
WLD-001,BATCH-WLD-001-2026-03-05,2026-03-05,REVIEW,1
ROB-002,BATCH-ROB-002-2026-03-05,2026-03-05,PASS,0
CON-001,BATCH-CON-001-2026-03-05,2026-03-05,PASS,0
PKG-001,BATCH-PKG-001-2026-03-05,2026-03-05,PASS,0
LAB-001,BATCH-LAB-001-2026-03-05,2026-03-05,PASS,0
CNC-001,BATCH-CNC-001-2026-03-06,2026-03-06,PASS,0
PRS-001,BATCH-PRS-001-2026-03-06,2026-03-06,PASS,0
ROB-001,BATCH-ROB-001-2026-03-06,2026-03-06,PASS,0
CNC-002,BATCH-CNC-002-2026-03-06,2026-03-06,PASS,0
WLD-001,BATCH-WLD-001-2026-03-06,2026-03-06,PASS,0
ROB-002,BATCH-ROB-002-2026-03-06,2026-03-06,REVIEW,1
CON-001,BATCH-CON-001-2026-03-06,2026-03-06,PASS,0
PKG-001,BATCH-PKG-001-2026-03-06,2026-03-06,PASS,0
LAB-001,BATCH-LAB-001-2026-03-06,2026-03-06,PASS,0
CNC-001,BATCH-CNC-001-2026-03-07,2026-03-07,PASS,0
PRS-001,BATCH-PRS-001-2026-03-07,2026-03-07,PASS,0
ROB-001,BATCH-ROB-001-2026-03-07,2026-03-07,REVIEW,1
CNC-002,BATCH-CNC-002-2026-03-07,2026-03-07,REVIEW,1
WLD-001,BATCH-WLD-001-2026-03-07,2026-03-07,PASS,0
ROB-002,BATCH-ROB-002-2026-03-07,2026-03-07,PASS,0
CON-001,BATCH-CON-001-2026-03-07,2026-03-07,PASS,0
PKG-001,BATCH-PKG-001-2026-03-07,2026-03-07,PASS,0
LAB-001,BATCH-LAB-001-2026-03-07,2026-03-07,PASS,0
CNC-001,BATCH-CNC-001-2026-03-08,2026-03-08,PASS,0
PRS-001,BATCH-PRS-001-2026-03-08,2026-03-08,PASS,0
ROB-001,BATCH-ROB-001-2026-03-08,2026-03-08,PASS,0
CNC-002,BATCH-CNC-002-2026-03-08,2026-03-08,PASS,0
WLD-001,BATCH-WLD-001-2026-03-08,2026-03-08,PASS,0
ROB-002,BATCH-ROB-002-2026-03-08,2026-03-08,PASS,0
CON-001,BATCH-CON-001-2026-03-08,2026-03-08,PASS,0
PKG-001,BATCH-PKG-001-2026-03-08,2026-03-08,PASS,0
LAB-001,BATCH-LAB-001-2026-03-08,2026-03-08,PASS,0
CNC-001,BATCH-CNC-001-2026-03-09,2026-03-09,PASS,0
PRS-001,BATCH-PRS-001-2026-03-09,2026-03-09,PASS,0
ROB-001,BATCH-ROB-001-2026-03-09,2026-03-09,PASS,0
CNC-002,BATCH-CNC-002-2026-03-09,2026-03-09,PASS,0
WLD-001,BATCH-WLD-001-2026-03-09,2026-03-09,PASS,0
ROB-002,BATCH-ROB-002-2026-03-09,2026-03-09,PASS,0
CON-001,BATCH-CON-001-2026-03-09,2026-03-09,PASS,0
PKG-001,BATCH-PKG-001-2026-03-09,2026-03-09,REVIEW,2
LAB-001,BATCH-LAB-001-2026-03-09,2026-03-09,FAIL,2
CNC-001,BATCH-CNC-001-2026-03-10,2026-03-10,PASS,0
PRS-001,BATCH-PRS-001-2026-03-10,2026-03-10,PASS,0
ROB-001,BATCH-ROB-001-2026-03-10,2026-03-10,PASS,0
CNC-002,BATCH-CNC-002-2026-03-10,2026-03-10,PASS,0
WLD-001,BATCH-WLD-001-2026-03-10,2026-03-10,PASS,0
ROB-002,BATCH-ROB-002-2026-03-10,2026-03-10,PASS,0
CON-001,BATCH-CON-001-2026-03-10,2026-03-10,REVIEW,2
PKG-001,BATCH-PKG-001-2026-03-10,2026-03-10,PASS,0
LAB-001,BATCH-LAB-001-2026-03-10,2026-03-10,PASS,0
CNC-001,BATCH-CNC-001-2026-03-11,2026-03-11,PASS,0
PRS-001,BATCH-PRS-001-2026-03-11,2026-03-11,PASS,0
ROB-001,BATCH-ROB-001-2026-03-11,2026-03-11,PASS,0
CNC-002,BATCH-CNC-002-2026-03-11,2026-03-11,PASS,0
WLD-001,BATCH-WLD-001-2026-03-11,2026-03-11,PASS,0
ROB-002,BATCH-ROB-002-2026-03-11,2026-03-11,PASS,0
CON-001,BATCH-CON-001-2026-03-11,2026-03-11,PASS,0
PKG-001,BATCH-PKG-001-2026-03-11,2026-03-11,PASS,0
LAB-001,BATCH-LAB-001-2026-03-11,2026-03-11,PASS,0
CNC-001,BATCH-CNC-001-2026-03-12,2026-03-12,PASS,0
PRS-001,BATCH-PRS-001-2026-03-12,2026-03-12,PASS,0
ROB-001,BATCH-ROB-001-2026-03-12,2026-03-12,PASS,0
CNC-002,BATCH-CNC-002-2026-03-12,2026-03-12,REVIEW,1
WLD-001,BATCH-WLD-001-2026-03-12,2026-03-12,PASS,0
ROB-002,BATCH-ROB-002-2026-03-12,2026-03-12,PASS,0
CON-001,BATCH-CON-001-2026-03-12,2026-03-12,REVIEW,2
PKG-001,BATCH-PKG-001-2026-03-12,2026-03-12,PASS,0
LAB-001,BATCH-LAB-001-2026-03-12,2026-03-12,PASS,0
CNC-001,BATCH-CNC-001-2026-03-13,2026-03-13,PASS,0
PRS-001,BATCH-PRS-001-2026-03-13,2026-03-13,PASS,0
ROB-001,BATCH-ROB-001-2026-03-13,2026-03-13,PASS,0
CNC-002,BATCH-CNC-002-2026-03-13,2026-03-13,PASS,0
WLD-001,BATCH-WLD-001-2026-03-13,2026-03-13,PASS,0
ROB-002,BATCH-ROB-002-2026-03-13,2026-03-13,PASS,0
CON-001,BATCH-CON-001-2026-03-13,2026-03-13,PASS,0
PKG-001,BATCH-PKG-001-2026-03-13,2026-03-13,PASS,0
LAB-001,BATCH-LAB-001-2026-03-13,2026-03-13,PASS,0
CNC-001,BATCH-CNC-001-2026-03-14,2026-03-14,PASS,0
PRS-001,BATCH-PRS-001-2026-03-14,2026-03-14,PASS,0
ROB-001,BATCH-ROB-001-2026-03-14,2026-03-14,PASS,0
CNC-002,BATCH-CNC-002-2026-03-14,2026-03-14,PASS,0
WLD-001,BATCH-WLD-001-2026-03-14,2026-03-14,PASS,0
ROB-002,BATCH-ROB-002-2026-03-14,2026-03-14,PASS,0
CON-001,BATCH-CON-001-2026-03-14,2026-03-14,PASS,0
PKG-001,BATCH-PKG-001-2026-03-14,2026-03-14,PASS,0
LAB-001,BATCH-LAB-001-2026-03-14,2026-03-14,PASS,0
CNC-001,BATCH-CNC-001-2026-03-15,2026-03-15,PASS,0
PRS-001,BATCH-PRS-001-2026-03-15,2026-03-15,PASS,0
ROB-001,BATCH-ROB-001-2026-03-15,2026-03-15,PASS,0
CNC-002,BATCH-CNC-002-2026-03-15,2026-03-15,REVIEW,1
WLD-001,BATCH-WLD-001-2026-03-15,2026-03-15,PASS,0
ROB-002,BATCH-ROB-002-2026-03-15,2026-03-15,PASS,0
CON-001,BATCH-CON-001-2026-03-15,2026-03-15,PASS,0
PKG-001,BATCH-PKG-001-2026-03-15,2026-03-15,PASS,0
LAB-001,BATCH-LAB-001-2026-03-15,2026-03-15,PASS,0
CNC-001,BATCH-CNC-001-2026-03-16,2026-03-16,PASS,0
PRS-001,BATCH-PRS-001-2026-03-16,2026-03-16,PASS,0
ROB-001,BATCH-ROB-001-2026-03-16,2026-03-16,FAIL,1
CNC-002,BATCH-CNC-002-2026-03-16,2026-03-16,PASS,0
WLD-001,BATCH-WLD-001-2026-03-16,2026-03-16,PASS,0
ROB-002,BATCH-ROB-002-2026-03-16,2026-03-16,REVIEW,2
CON-001,BATCH-CON-001-2026-03-16,2026-03-16,PASS,0
PKG-001,BATCH-PKG-001-2026-03-16,2026-03-16,REVIEW,2
LAB-001,BATCH-LAB-001-2026-03-16,2026-03-16,PASS,0
CNC-001,BATCH-CNC-001-2026-03-17,2026-03-17,PASS,0
PRS-001,BATCH-PRS-001-2026-03-17,2026-03-17,PASS,0
ROB-001,BATCH-ROB-001-2026-03-17,2026-03-17,PASS,0
CNC-002,BATCH-CNC-002-2026-03-17,2026-03-17,REVIEW,1
WLD-001,BATCH-WLD-001-2026-03-17,2026-03-17,REVIEW,1
ROB-002,BATCH-ROB-002-2026-03-17,2026-03-17,PASS,0
CON-001,BATCH-CON-001-2026-03-17,2026-03-17,PASS,0
PKG-001,BATCH-PKG-001-2026-03-17,2026-03-17,FAIL,1
LAB-001,BATCH-LAB-001-2026-03-17,2026-03-17,PASS,0
CNC-001,BATCH-CNC-001-2026-03-18,2026-03-18,PASS,0
PRS-001,BATCH-PRS-001-2026-03-18,2026-03-18,PASS,0
ROB-001,BATCH-ROB-001-2026-03-18,2026-03-18,PASS,0
CNC-002,BATCH-CNC-002-2026-03-18,2026-03-18,PASS,0
WLD-001,BATCH-WLD-001-2026-03-18,2026-03-18,PASS,0
ROB-002,BATCH-ROB-002-2026-03-18,2026-03-18,PASS,0
CON-001,BATCH-CON-001-2026-03-18,2026-03-18,FAIL,1
PKG-001,BATCH-PKG-001-2026-03-18,2026-03-18,PASS,0
LAB-001,BATCH-LAB-001-2026-03-18,2026-03-18,PASS,0
CNC-001,BATCH-CNC-001-2026-03-19,2026-03-19,PASS,0
PRS-001,BATCH-PRS-001-2026-03-19,2026-03-19,PASS,0
ROB-001,BATCH-ROB-001-2026-03-19,2026-03-19,PASS,0
CNC-002,BATCH-CNC-002-2026-03-19,2026-03-19,PASS,0
WLD-001,BATCH-WLD-001-2026-03-19,2026-03-19,PASS,0
ROB-002,BATCH-ROB-002-2026-03-19,2026-03-19,PASS,0
CON-001,BATCH-CON-001-2026-03-19,2026-03-19,PASS,0
PKG-001,BATCH-PKG-001-2026-03-19,2026-03-19,PASS,0
LAB-001,BATCH-LAB-001-2026-03-19,2026-03-19,PASS,0
CNC-001,BATCH-CNC-001-2026-03-20,2026-03-20,PASS,0
PRS-001,BATCH-PRS-001-2026-03-20,2026-03-20,PASS,0
ROB-001,BATCH-ROB-001-2026-03-20,2026-03-20,PASS,0
CNC-002,BATCH-CNC-002-2026-03-20,2026-03-20,PASS,0
WLD-001,BATCH-WLD-001-2026-03-20,2026-03-20,PASS,0
ROB-002,BATCH-ROB-002-2026-03-20,2026-03-20,PASS,0
CON-001,BATCH-CON-001-2026-03-20,2026-03-20,PASS,0
PKG-001,BATCH-PKG-001-2026-03-20,2026-03-20,PASS,0
LAB-001,BATCH-LAB-001-2026-03-20,2026-03-20,REVIEW,2
CNC-001,BATCH-CNC-001-2026-03-21,2026-03-21,PASS,0
PRS-001,BATCH-PRS-001-2026-03-21,2026-03-21,PASS,0
ROB-001,BATCH-ROB-001-2026-03-21,2026-03-21,PASS,0
CNC-002,BATCH-CNC-002-2026-03-21,2026-03-21,PASS,0
WLD-001,BATCH-WLD-001-2026-03-21,2026-03-21,PASS,0
ROB-002,BATCH-ROB-002-2026-03-21,2026-03-21,PASS,0
CON-001,BATCH-CON-001-2026-03-21,2026-03-21,PASS,0
PKG-001,BATCH-PKG-001-2026-03-21,2026-03-21,PASS,0
LAB-001,BATCH-LAB-001-2026-03-21,2026-03-21,PASS,0
CNC-001,BATCH-CNC-001-2026-03-22,2026-03-22,PASS,0
PRS-001,BATCH-PRS-001-2026-03-22,2026-03-22,PASS,0
ROB-001,BATCH-ROB-001-2026-03-22,2026-03-22,PASS,0
CNC-002,BATCH-CNC-002-2026-03-22,2026-03-22,PASS,0
WLD-001,BATCH-WLD-001-2026-03-22,2026-03-22,PASS,0
ROB-002,BATCH-ROB-002-2026-03-22,2026-03-22,PASS,0
CON-001,BATCH-CON-001-2026-03-22,2026-03-22,PASS,0
PKG-001,BATCH-PKG-001-2026-03-22,2026-03-22,PASS,0
LAB-001,BATCH-LAB-001-2026-03-22,2026-03-22,PASS,0
CNC-001,BATCH-CNC-001-2026-03-23,2026-03-23,PASS,0
PRS-001,BATCH-PRS-001-2026-03-23,2026-03-23,PASS,0
ROB-001,BATCH-ROB-001-2026-03-23,2026-03-23,PASS,0
CNC-002,BATCH-CNC-002-2026-03-23,2026-03-23,PASS,0
WLD-001,BATCH-WLD-001-2026-03-23,2026-03-23,PASS,0
ROB-002,BATCH-ROB-002-2026-03-23,2026-03-23,PASS,0
CON-001,BATCH-CON-001-2026-03-23,2026-03-23,PASS,0
PKG-001,BATCH-PKG-001-2026-03-23,2026-03-23,PASS,0
LAB-001,BATCH-LAB-001-2026-03-23,2026-03-23,PASS,0
CNC-001,BATCH-CNC-001-2026-03-24,2026-03-24,PASS,0
PRS-001,BATCH-PRS-001-2026-03-24,2026-03-24,PASS,0
ROB-001,BATCH-ROB-001-2026-03-24,2026-03-24,PASS,0
CNC-002,BATCH-CNC-002-2026-03-24,2026-03-24,PASS,0
WLD-001,BATCH-WLD-001-2026-03-24,2026-03-24,REVIEW,1
ROB-002,BATCH-ROB-002-2026-03-24,2026-03-24,PASS,0
CON-001,BATCH-CON-001-2026-03-24,2026-03-24,PASS,0
PKG-001,BATCH-PKG-001-2026-03-24,2026-03-24,PASS,0
LAB-001,BATCH-LAB-001-2026-03-24,2026-03-24,PASS,0
CNC-001,BATCH-CNC-001-2026-03-25,2026-03-25,PASS,0
PRS-001,BATCH-PRS-001-2026-03-25,2026-03-25,PASS,0
ROB-001,BATCH-ROB-001-2026-03-25,2026-03-25,PASS,0
CNC-002,BATCH-CNC-002-2026-03-25,2026-03-25,PASS,0
WLD-001,BATCH-WLD-001-2026-03-25,2026-03-25,PASS,0
ROB-002,BATCH-ROB-002-2026-03-25,2026-03-25,PASS,0
CON-001,BATCH-CON-001-2026-03-25,2026-03-25,PASS,0
PKG-001,BATCH-PKG-001-2026-03-25,2026-03-25,PASS,0
LAB-001,BATCH-LAB-001-2026-03-25,2026-03-25,PASS,0
CNC-001,BATCH-CNC-001-2026-03-26,2026-03-26,PASS,0
PRS-001,BATCH-PRS-001-2026-03-26,2026-03-26,REVIEW,2
ROB-001,BATCH-ROB-001-2026-03-26,2026-03-26,PASS,0
CNC-002,BATCH-CNC-002-2026-03-26,2026-03-26,PASS,0
WLD-001,BATCH-WLD-001-2026-03-26,2026-03-26,PASS,0
ROB-002,BATCH-ROB-002-2026-03-26,2026-03-26,PASS,0
CON-001,BATCH-CON-001-2026-03-26,2026-03-26,PASS,0
PKG-001,BATCH-PKG-001-2026-03-26,2026-03-26,PASS,0
LAB-001,BATCH-LAB-001-2026-03-26,2026-03-26,PASS,0
CNC-001,BATCH-CNC-001-2026-03-27,2026-03-27,PASS,0
PRS-001,BATCH-PRS-001-2026-03-27,2026-03-27,PASS,0
ROB-001,BATCH-ROB-001-2026-03-27,2026-03-27,PASS,0
CNC-002,BATCH-CNC-002-2026-03-27,2026-03-27,PASS,0
WLD-001,BATCH-WLD-001-2026-03-27,2026-03-27,PASS,0
ROB-002,BATCH-ROB-002-2026-03-27,2026-03-27,PASS,0
CON-001,BATCH-CON-001-2026-03-27,2026-03-27,PASS,0
PKG-001,BATCH-PKG-001-2026-03-27,2026-03-27,PASS,0
LAB-001,BATCH-LAB-001-2026-03-27,2026-03-27,PASS,0
CNC-001,BATCH-CNC-001-2026-03-28,2026-03-28,PASS,0
PRS-001,BATCH-PRS-001-2026-03-28,2026-03-28,PASS,0
ROB-001,BATCH-ROB-001-2026-03-28,2026-03-28,REVIEW,2
CNC-002,BATCH-CNC-002-2026-03-28,2026-03-28,PASS,0
WLD-001,BATCH-WLD-001-2026-03-28,2026-03-28,PASS,0
ROB-002,BATCH-ROB-002-2026-03-28,2026-03-28,PASS,0
CON-001,BATCH-CON-001-2026-03-28,2026-03-28,PASS,0
PKG-001,BATCH-PKG-001-2026-03-28,2026-03-28,PASS,0
LAB-001,BATCH-LAB-001-2026-03-28,2026-03-28,PASS,0
CNC-001,BATCH-CNC-001-2026-03-29,2026-03-29,PASS,0
PRS-001,BATCH-PRS-001-2026-03-29,2026-03-29,PASS,0
ROB-001,BATCH-ROB-001-2026-03-29,2026-03-29,PASS,0
CNC-002,BATCH-CNC-002-2026-03-29,2026-03-29,PASS,0
WLD-001,BATCH-WLD-001-2026-03-29,2026-03-29,PASS,0
ROB-002,BATCH-ROB-002-2026-03-29,2026-03-29,PASS,0
CON-001,BATCH-CON-001-2026-03-29,2026-03-29,PASS,0
PKG-001,BATCH-PKG-001-2026-03-29,2026-03-29,PASS,0
LAB-001,BATCH-LAB-001-2026-03-29,2026-03-29,PASS,0
CNC-001,BATCH-CNC-001-2026-03-30,2026-03-30,PASS,0
PRS-001,BATCH-PRS-001-2026-03-30,2026-03-30,PASS,0
ROB-001,BATCH-ROB-001-2026-03-30,2026-03-30,PASS,0
CNC-002,BATCH-CNC-002-2026-03-30,2026-03-30,PASS,0
WLD-001,BATCH-WLD-001-2026-03-30,2026-03-30,PASS,0
ROB-002,BATCH-ROB-002-2026-03-30,2026-03-30,PASS,0
CON-001,BATCH-CON-001-2026-03-30,2026-03-30,PASS,0
PKG-001,BATCH-PKG-001-2026-03-30,2026-03-30,PASS,0
LAB-001,BATCH-LAB-001-2026-03-30,2026-03-30,PASS,0
CNC-001,BATCH-CNC-001-2026-03-31,2026-03-31,PASS,0
PRS-001,BATCH-PRS-001-2026-03-31,2026-03-31,PASS,0
ROB-001,BATCH-ROB-001-2026-03-31,2026-03-31,PASS,0
CNC-002,BATCH-CNC-002-2026-03-31,2026-03-31,PASS,0
WLD-001,BATCH-WLD-001-2026-03-31,2026-03-31,PASS,0
ROB-002,BATCH-ROB-002-2026-03-31,2026-03-31,PASS,0
CON-001,BATCH-CON-001-2026-03-31,2026-03-31,PASS,0
PKG-001,BATCH-PKG-001-2026-03-31,2026-03-31,PASS,0
LAB-001,BATCH-LAB-001-2026-03-31,2026-03-31,PASS,0
CNC-001,BATCH-CNC-001-2026-04-01,2026-04-01,PASS,0
PRS-001,BATCH-PRS-001-2026-04-01,2026-04-01,PASS,0
ROB-001,BATCH-ROB-001-2026-04-01,2026-04-01,PASS,0
CNC-002,BATCH-CNC-002-2026-04-01,2026-04-01,PASS,0
WLD-001,BATCH-WLD-001-2026-04-01,2026-04-01,PASS,0
ROB-002,BATCH-ROB-002-2026-04-01,2026-04-01,PASS,0
CON-001,BATCH-CON-001-2026-04-01,2026-04-01,PASS,0
PKG-001,BATCH-PKG-001-2026-04-01,2026-04-01,PASS,0
LAB-001,BATCH-LAB-001-2026-04-01,2026-04-01,PASS,0
CNC-001,BATCH-CNC-001-2026-04-02,2026-04-02,PASS,0
PRS-001,BATCH-PRS-001-2026-04-02,2026-04-02,PASS,0
ROB-001,BATCH-ROB-001-2026-04-02,2026-04-02,PASS,0
CNC-002,BATCH-CNC-002-2026-04-02,2026-04-02,PASS,0
WLD-001,BATCH-WLD-001-2026-04-02,2026-04-02,PASS,0
ROB-002,BATCH-ROB-002-2026-04-02,2026-04-02,PASS,0
CON-001,BATCH-CON-001-2026-04-02,2026-04-02,PASS,0
PKG-001,BATCH-PKG-001-2026-04-02,2026-04-02,REVIEW,2
LAB-001,BATCH-LAB-001-2026-04-02,2026-04-02,PASS,0
CNC-001,BATCH-CNC-001-2026-04-03,2026-04-03,PASS,0
PRS-001,BATCH-PRS-001-2026-04-03,2026-04-03,PASS,0
ROB-001,BATCH-ROB-001-2026-04-03,2026-04-03,PASS,0
CNC-002,BATCH-CNC-002-2026-04-03,2026-04-03,PASS,0
WLD-001,BATCH-WLD-001-2026-04-03,2026-04-03,PASS,0
ROB-002,BATCH-ROB-002-2026-04-03,2026-04-03,REVIEW,1
CON-001,BATCH-CON-001-2026-04-03,2026-04-03,PASS,0
PKG-001,BATCH-PKG-001-2026-04-03,2026-04-03,PASS,0
LAB-001,BATCH-LAB-001-2026-04-03,2026-04-03,PASS,0
CNC-001,BATCH-CNC-001-2026-04-04,2026-04-04,PASS,0
PRS-001,BATCH-PRS-001-2026-04-04,2026-04-04,PASS,0
ROB-001,BATCH-ROB-001-2026-04-04,2026-04-04,PASS,0
CNC-002,BATCH-CNC-002-2026-04-04,2026-04-04,PASS,0
WLD-001,BATCH-WLD-001-2026-04-04,2026-04-04,PASS,0
ROB-002,BATCH-ROB-002-2026-04-04,2026-04-04,PASS,0
CON-001,BATCH-CON-001-2026-04-04,2026-04-04,PASS,0
PKG-001,BATCH-PKG-001-2026-04-04,2026-04-04,PASS,0
LAB-001,BATCH-LAB-001-2026-04-04,2026-04-04,PASS,0
CNC-001,BATCH-CNC-001-2026-04-05,2026-04-05,PASS,0
PRS-001,BATCH-PRS-001-2026-04-05,2026-04-05,REVIEW,1
ROB-001,BATCH-ROB-001-2026-04-05,2026-04-05,PASS,0
CNC-002,BATCH-CNC-002-2026-04-05,2026-04-05,PASS,0
WLD-001,BATCH-WLD-001-2026-04-05,2026-04-05,PASS,0
ROB-002,BATCH-ROB-002-2026-04-05,2026-04-05,PASS,0
CON-001,BATCH-CON-001-2026-04-05,2026-04-05,PASS,0
PKG-001,BATCH-PKG-001-2026-04-05,2026-04-05,PASS,0
LAB-001,BATCH-LAB-001-2026-04-05,2026-04-05,PASS,0
CNC-001,BATCH-CNC-001-2026-04-06,2026-04-06,PASS,0
PRS-001,BATCH-PRS-001-2026-04-06,2026-04-06,PASS,0
ROB-001,BATCH-ROB-001-2026-04-06,2026-04-06,PASS,0
CNC-002,BATCH-CNC-002-2026-04-06,2026-04-06,FAIL,2
WLD-001,BATCH-WLD-001-2026-04-06,2026-04-06,PASS,0
ROB-002,BATCH-ROB-002-2026-04-06,2026-04-06,PASS,0
CON-001,BATCH-CON-001-2026-04-06,2026-04-06,PASS,0
PKG-001,BATCH-PKG-001-2026-04-06,2026-04-06,PASS,0
LAB-001,BATCH-LAB-001-2026-04-06,2026-04-06,PASS,0
CNC-001,BATCH-CNC-001-2026-04-07,2026-04-07,PASS,0
PRS-001,BATCH-PRS-001-2026-04-07,2026-04-07,PASS,0
ROB-001,BATCH-ROB-001-2026-04-07,2026-04-07,PASS,0
CNC-002,BATCH-CNC-002-2026-04-07,2026-04-07,REVIEW,1
WLD-001,BATCH-WLD-001-2026-04-07,2026-04-07,PASS,0
ROB-002,BATCH-ROB-002-2026-04-07,2026-04-07,PASS,0
CON-001,BATCH-CON-001-2026-04-07,2026-04-07,PASS,0
PKG-001,BATCH-PKG-001-2026-04-07,2026-04-07,PASS,0
LAB-001,BATCH-LAB-001-2026-04-07,2026-04-07,PASS,0
CNC-001,BATCH-CNC-001-2026-04-08,2026-04-08,PASS,0
PRS-001,BATCH-PRS-001-2026-04-08,2026-04-08,PASS,0
ROB-001,BATCH-ROB-001-2026-04-08,2026-04-08,PASS,0
CNC-002,BATCH-CNC-002-2026-04-08,2026-04-08,PASS,0
WLD-001,BATCH-WLD-001-2026-04-08,2026-04-08,PASS,0
ROB-002,BATCH-ROB-002-2026-04-08,2026-04-08,PASS,0
CON-001,BATCH-CON-001-2026-04-08,2026-04-08,PASS,0
PKG-001,BATCH-PKG-001-2026-04-08,2026-04-08,PASS,0
LAB-001,BATCH-LAB-001-2026-04-08,2026-04-08,PASS,0
CNC-001,BATCH-CNC-001-2026-04-09,2026-04-09,PASS,0
PRS-001,BATCH-PRS-001-2026-04-09,2026-04-09,PASS,0
ROB-001,BATCH-ROB-001-2026-04-09,2026-04-09,PASS,0
CNC-002,BATCH-CNC-002-2026-04-09,2026-04-09,PASS,0
WLD-001,BATCH-WLD-001-2026-04-09,2026-04-09,PASS,0
ROB-002,BATCH-ROB-002-2026-04-09,2026-04-09,PASS,0
CON-001,BATCH-CON-001-2026-04-09,2026-04-09,PASS,0
PKG-001,BATCH-PKG-001-2026-04-09,2026-04-09,PASS,0
LAB-001,BATCH-LAB-001-2026-04-09,2026-04-09,PASS,0
CNC-001,BATCH-CNC-001-2026-04-10,2026-04-10,PASS,0
PRS-001,BATCH-PRS-001-2026-04-10,2026-04-10,PASS,0
ROB-001,BATCH-ROB-001-2026-04-10,2026-04-10,PASS,0
CNC-002,BATCH-CNC-002-2026-04-10,2026-04-10,PASS,0
WLD-001,BATCH-WLD-001-2026-04-10,2026-04-10,PASS,0
ROB-002,BATCH-ROB-002-2026-04-10,2026-04-10,PASS,0
CON-001,BATCH-CON-001-2026-04-10,2026-04-10,PASS,0
PKG-001,BATCH-PKG-001-2026-04-10,2026-04-10,PASS,0
LAB-001,BATCH-LAB-001-2026-04-10,2026-04-10,PASS,0
CNC-001,BATCH-CNC-001-2026-04-11,2026-04-11,PASS,0
PRS-001,BATCH-PRS-001-2026-04-11,2026-04-11,PASS,0
ROB-001,BATCH-ROB-001-2026-04-11,2026-04-11,PASS,0
CNC-002,BATCH-CNC-002-2026-04-11,2026-04-11,REVIEW,2
WLD-001,BATCH-WLD-001-2026-04-11,2026-04-11,REVIEW,1
ROB-002,BATCH-ROB-002-2026-04-11,2026-04-11,PASS,0
CON-001,BATCH-CON-001-2026-04-11,2026-04-11,PASS,0
PKG-001,BATCH-PKG-001-2026-04-11,2026-04-11,PASS,0
LAB-001,BATCH-LAB-001-2026-04-11,2026-04-11,PASS,0
CNC-001,BATCH-CNC-001-2026-04-12,2026-04-12,PASS,0
PRS-001,BATCH-PRS-001-2026-04-12,2026-04-12,PASS,0
ROB-001,BATCH-ROB-001-2026-04-12,2026-04-12,PASS,0
CNC-002,BATCH-CNC-002-2026-04-12,2026-04-12,PASS,0
WLD-001,BATCH-WLD-001-2026-04-12,2026-04-12,PASS,0
ROB-002,BATCH-ROB-002-2026-04-12,2026-04-12,PASS,0
CON-001,BATCH-CON-001-2026-04-12,2026-04-12,PASS,0
PKG-001,BATCH-PKG-001-2026-04-12,2026-04-12,PASS,0
LAB-001,BATCH-LAB-001-2026-04-12,2026-04-12,PASS,0
CNC-001,BATCH-CNC-001-2026-04-13,2026-04-13,PASS,0
PRS-001,BATCH-PRS-001-2026-04-13,2026-04-13,PASS,0
ROB-001,BATCH-ROB-001-2026-04-13,2026-04-13,REVIEW,2
CNC-002,BATCH-CNC-002-2026-04-13,2026-04-13,PASS,0
WLD-001,BATCH-WLD-001-2026-04-13,2026-04-13,PASS,0
ROB-002,BATCH-ROB-002-2026-04-13,2026-04-13,PASS,0
CON-001,BATCH-CON-001-2026-04-13,2026-04-13,PASS,0
PKG-001,BATCH-PKG-001-2026-04-13,2026-04-13,PASS,0
LAB-001,BATCH-LAB-001-2026-04-13,2026-04-13,PASS,0
CNC-001,BATCH-CNC-001-2026-04-14,2026-04-14,PASS,0
PRS-001,BATCH-PRS-001-2026-04-14,2026-04-14,PASS,0
ROB-001,BATCH-ROB-001-2026-04-14,2026-04-14,PASS,0
CNC-002,BATCH-CNC-002-2026-04-14,2026-04-14,PASS,0
WLD-001,BATCH-WLD-001-2026-04-14,2026-04-14,PASS,0
ROB-002,BATCH-ROB-002-2026-04-14,2026-04-14,PASS,0
CON-001,BATCH-CON-001-2026-04-14,2026-04-14,REVIEW,2
PKG-001,BATCH-PKG-001-2026-04-14,2026-04-14,PASS,0
LAB-001,BATCH-LAB-001-2026-04-14,2026-04-14,PASS,0
CNC-001,BATCH-CNC-001-2026-04-15,2026-04-15,REVIEW,2
PRS-001,BATCH-PRS-001-2026-04-15,2026-04-15,PASS,0
ROB-001,BATCH-ROB-001-2026-04-15,2026-04-15,PASS,0
CNC-002,BATCH-CNC-002-2026-04-15,2026-04-15,PASS,0
WLD-001,BATCH-WLD-001-2026-04-15,2026-04-15,PASS,0
ROB-002,BATCH-ROB-002-2026-04-15,2026-04-15,PASS,0
CON-001,BATCH-CON-001-2026-04-15,2026-04-15,PASS,0
PKG-001,BATCH-PKG-001-2026-04-15,2026-04-15,PASS,0
LAB-001,BATCH-LAB-001-2026-04-15,2026-04-15,PASS,0
CNC-001,BATCH-CNC-001-2026-04-16,2026-04-16,PASS,0
PRS-001,BATCH-PRS-001-2026-04-16,2026-04-16,REVIEW,1
ROB-001,BATCH-ROB-001-2026-04-16,2026-04-16,PASS,0
CNC-002,BATCH-CNC-002-2026-04-16,2026-04-16,FAIL,1
WLD-001,BATCH-WLD-001-2026-04-16,2026-04-16,PASS,0
ROB-002,BATCH-ROB-002-2026-04-16,2026-04-16,PASS,0
CON-001,BATCH-CON-001-2026-04-16,2026-04-16,REVIEW,2
PKG-001,BATCH-PKG-001-2026-04-16,2026-04-16,PASS,0
LAB-001,BATCH-LAB-001-2026-04-16,2026-04-16,PASS,0
CNC-001,BATCH-CNC-001-2026-04-17,2026-04-17,REVIEW,2
PRS-001,BATCH-PRS-001-2026-04-17,2026-04-17,PASS,0
ROB-001,BATCH-ROB-001-2026-04-17,2026-04-17,PASS,0
CNC-002,BATCH-CNC-002-2026-04-17,2026-04-17,PASS,0
WLD-001,BATCH-WLD-001-2026-04-17,2026-04-17,PASS,0
ROB-002,BATCH-ROB-002-2026-04-17,2026-04-17,PASS,0
CON-001,BATCH-CON-001-2026-04-17,2026-04-17,PASS,0
PKG-001,BATCH-PKG-001-2026-04-17,2026-04-17,PASS,0
LAB-001,BATCH-LAB-001-2026-04-17,2026-04-17,PASS,0
CNC-001,BATCH-CNC-001-2026-04-18,2026-04-18,PASS,0
PRS-001,BATCH-PRS-001-2026-04-18,2026-04-18,PASS,0
ROB-001,BATCH-ROB-001-2026-04-18,2026-04-18,PASS,0
CNC-002,BATCH-CNC-002-2026-04-18,2026-04-18,PASS,0
WLD-001,BATCH-WLD-001-2026-04-18,2026-04-18,PASS,0
ROB-002,BATCH-ROB-002-2026-04-18,2026-04-18,PASS,0
CON-001,BATCH-CON-001-2026-04-18,2026-04-18,PASS,0
PKG-001,BATCH-PKG-001-2026-04-18,2026-04-18,PASS,0
LAB-001,BATCH-LAB-001-2026-04-18,2026-04-18,PASS,0
CNC-001,BATCH-CNC-001-2026-04-19,2026-04-19,PASS,0
PRS-001,BATCH-PRS-001-2026-04-19,2026-04-19,PASS,0
ROB-001,BATCH-ROB-001-2026-04-19,2026-04-19,REVIEW,1
CNC-002,BATCH-CNC-002-2026-04-19,2026-04-19,PASS,0
WLD-001,BATCH-WLD-001-2026-04-19,2026-04-19,PASS,0
ROB-002,BATCH-ROB-002-2026-04-19,2026-04-19,PASS,0
CON-001,BATCH-CON-001-2026-04-19,2026-04-19,PASS,0
PKG-001,BATCH-PKG-001-2026-04-19,2026-04-19,PASS,0
LAB-001,BATCH-LAB-001-2026-04-19,2026-04-19,PASS,0
CNC-001,BATCH-CNC-001-2026-04-20,2026-04-20,PASS,0
PRS-001,BATCH-PRS-001-2026-04-20,2026-04-20,PASS,0
ROB-001,BATCH-ROB-001-2026-04-20,2026-04-20,PASS,0
CNC-002,BATCH-CNC-002-2026-04-20,2026-04-20,REVIEW,1
WLD-001,BATCH-WLD-001-2026-04-20,2026-04-20,PASS,0
ROB-002,BATCH-ROB-002-2026-04-20,2026-04-20,FAIL,1
CON-001,BATCH-CON-001-2026-04-20,2026-04-20,PASS,0
PKG-001,BATCH-PKG-001-2026-04-20,2026-04-20,REVIEW,1
LAB-001,BATCH-LAB-001-2026-04-20,2026-04-20,PASS,0
CNC-001,BATCH-CNC-001-2026-04-21,2026-04-21,PASS,0
PRS-001,BATCH-PRS-001-2026-04-21,2026-04-21,PASS,0
ROB-001,BATCH-ROB-001-2026-04-21,2026-04-21,PASS,0
CNC-002,BATCH-CNC-002-2026-04-21,2026-04-21,PASS,0
WLD-001,BATCH-WLD-001-2026-04-21,2026-04-21,PASS,0
ROB-002,BATCH-ROB-002-2026-04-21,2026-04-21,FAIL,2
CON-001,BATCH-CON-001-2026-04-21,2026-04-21,PASS,0
PKG-001,BATCH-PKG-001-2026-04-21,2026-04-21,PASS,0
LAB-001,BATCH-LAB-001-2026-04-21,2026-04-21,PASS,0
CNC-001,BATCH-CNC-001-2026-04-22,2026-04-22,PASS,0
PRS-001,BATCH-PRS-001-2026-04-22,2026-04-22,PASS,0
ROB-001,BATCH-ROB-001-2026-04-22,2026-04-22,PASS,0
CNC-002,BATCH-CNC-002-2026-04-22,2026-04-22,PASS,0
WLD-001,BATCH-WLD-001-2026-04-22,2026-04-22,PASS,0
ROB-002,BATCH-ROB-002-2026-04-22,2026-04-22,PASS,0
CON-001,BATCH-CON-001-2026-04-22,2026-04-22,PASS,0
PKG-001,BATCH-PKG-001-2026-04-22,2026-04-22,PASS,0
LAB-001,BATCH-LAB-001-2026-04-22,2026-04-22,PASS,0
CNC-001,BATCH-CNC-001-2026-04-23,2026-04-23,PASS,0
PRS-001,BATCH-PRS-001-2026-04-23,2026-04-23,PASS,0
ROB-001,BATCH-ROB-001-2026-04-23,2026-04-23,PASS,0
CNC-002,BATCH-CNC-002-2026-04-23,2026-04-23,PASS,0
WLD-001,BATCH-WLD-001-2026-04-23,2026-04-23,PASS,0
ROB-002,BATCH-ROB-002-2026-04-23,2026-04-23,PASS,0
CON-001,BATCH-CON-001-2026-04-23,2026-04-23,PASS,0
PKG-001,BATCH-PKG-001-2026-04-23,2026-04-23,PASS,0
LAB-001,BATCH-LAB-001-2026-04-23,2026-04-23,REVIEW,2
CNC-001,BATCH-CNC-001-2026-04-24,2026-04-24,PASS,0
PRS-001,BATCH-PRS-001-2026-04-24,2026-04-24,PASS,0
ROB-001,BATCH-ROB-001-2026-04-24,2026-04-24,PASS,0
CNC-002,BATCH-CNC-002-2026-04-24,2026-04-24,PASS,0
WLD-001,BATCH-WLD-001-2026-04-24,2026-04-24,PASS,0
ROB-002,BATCH-ROB-002-2026-04-24,2026-04-24,PASS,0
CON-001,BATCH-CON-001-2026-04-24,2026-04-24,PASS,0
PKG-001,BATCH-PKG-001-2026-04-24,2026-04-24,PASS,0
LAB-001,BATCH-LAB-001-2026-04-24,2026-04-24,PASS,0
CNC-001,BATCH-CNC-001-2026-04-25,2026-04-25,PASS,0
PRS-001,BATCH-PRS-001-2026-04-25,2026-04-25,PASS,0
ROB-001,BATCH-ROB-001-2026-04-25,2026-04-25,PASS,0
CNC-002,BATCH-CNC-002-2026-04-25,2026-04-25,PASS,0
WLD-001,BATCH-WLD-001-2026-04-25,2026-04-25,PASS,0
ROB-002,BATCH-ROB-002-2026-04-25,2026-04-25,PASS,0
CON-001,BATCH-CON-001-2026-04-25,2026-04-25,PASS,0
PKG-001,BATCH-PKG-001-2026-04-25,2026-04-25,PASS,0
LAB-001,BATCH-LAB-001-2026-04-25,2026-04-25,FAIL,2
CNC-001,BATCH-CNC-001-2026-04-26,2026-04-26,PASS,0
PRS-001,BATCH-PRS-001-2026-04-26,2026-04-26,PASS,0
ROB-001,BATCH-ROB-001-2026-04-26,2026-04-26,PASS,0
CNC-002,BATCH-CNC-002-2026-04-26,2026-04-26,REVIEW,1
WLD-001,BATCH-WLD-001-2026-04-26,2026-04-26,PASS,0
ROB-002,BATCH-ROB-002-2026-04-26,2026-04-26,PASS,0
CON-001,BATCH-CON-001-2026-04-26,2026-04-26,PASS,0
PKG-001,BATCH-PKG-001-2026-04-26,2026-04-26,PASS,0
LAB-001,BATCH-LAB-001-2026-04-26,2026-04-26,PASS,0
CNC-001,BATCH-CNC-001-2026-04-27,2026-04-27,PASS,0
PRS-001,BATCH-PRS-001-2026-04-27,2026-04-27,PASS,0
ROB-001,BATCH-ROB-001-2026-04-27,2026-04-27,PASS,0
CNC-002,BATCH-CNC-002-2026-04-27,2026-04-27,REVIEW,2
WLD-001,BATCH-WLD-001-2026-04-27,2026-04-27,PASS,0
ROB-002,BATCH-ROB-002-2026-04-27,2026-04-27,PASS,0
CON-001,BATCH-CON-001-2026-04-27,2026-04-27,PASS,0
PKG-001,BATCH-PKG-001-2026-04-27,2026-04-27,REVIEW,4
LAB-001,BATCH-LAB-001-2026-04-27,2026-04-27,PASS,0
CNC-001,BATCH-CNC-001-2026-04-28,2026-04-28,PASS,0
PRS-001,BATCH-PRS-001-2026-04-28,2026-04-28,PASS,0
ROB-001,BATCH-ROB-001-2026-04-28,2026-04-28,PASS,0
CNC-002,BATCH-CNC-002-2026-04-28,2026-04-28,PASS,0
WLD-001,BATCH-WLD-001-2026-04-28,2026-04-28,FAIL,2
ROB-002,BATCH-ROB-002-2026-04-28,2026-04-28,PASS,0
CON-001,BATCH-CON-001-2026-04-28,2026-04-28,PASS,0
PKG-001,BATCH-PKG-001-2026-04-28,2026-04-28,FAIL,2
LAB-001,BATCH-LAB-001-2026-04-28,2026-04-28,PASS,0
CNC-001,BATCH-CNC-001-2026-04-29,2026-04-29,PASS,0
PRS-001,BATCH-PRS-001-2026-04-29,2026-04-29,PASS,0
ROB-001,BATCH-ROB-001-2026-04-29,2026-04-29,PASS,0
CNC-002,BATCH-CNC-002-2026-04-29,2026-04-29,PASS,0
WLD-001,BATCH-WLD-001-2026-04-29,2026-04-29,FAIL,1
ROB-002,BATCH-ROB-002-2026-04-29,2026-04-29,PASS,0
CON-001,BATCH-CON-001-2026-04-29,2026-04-29,FAIL,2
PKG-001,BATCH-PKG-001-2026-04-29,2026-04-29,FAIL,1
LAB-001,BATCH-LAB-001-2026-04-29,2026-04-29,PASS,0
CNC-001,BATCH-CNC-001-2026-04-30,2026-04-30,PASS,0
PRS-001,BATCH-PRS-001-2026-04-30,2026-04-30,PASS,0
ROB-001,BATCH-ROB-001-2026-04-30,2026-04-30,PASS,0
CNC-002,BATCH-CNC-002-2026-04-30,2026-04-30,PASS,0
WLD-001,BATCH-WLD-001-2026-04-30,2026-04-30,REVIEW,2
ROB-002,BATCH-ROB-002-2026-04-30,2026-04-30,PASS,0
CON-001,BATCH-CON-001-2026-04-30,2026-04-30,PASS,0
PKG-001,BATCH-PKG-001-2026-04-30,2026-04-30,FAIL,2
LAB-001,BATCH-LAB-001-2026-04-30,2026-04-30,PASS,0
CNC-001,BATCH-CNC-001-2026-05-01,2026-05-01,REVIEW,1
PRS-001,BATCH-PRS-001-2026-05-01,2026-05-01,PASS,0
ROB-001,BATCH-ROB-001-2026-05-01,2026-05-01,PASS,0
CNC-002,BATCH-CNC-002-2026-05-01,2026-05-01,FAIL,2
WLD-001,BATCH-WLD-001-2026-05-01,2026-05-01,PASS,0
ROB-002,BATCH-ROB-002-2026-05-01,2026-05-01,PASS,0
CON-001,BATCH-CON-001-2026-05-01,2026-05-01,PASS,0
PKG-001,BATCH-PKG-001-2026-05-01,2026-05-01,FAIL,5
LAB-001,BATCH-LAB-001-2026-05-01,2026-05-01,PASS,0
CNC-001,BATCH-CNC-001-2026-05-02,2026-05-02,PASS,0
PRS-001,BATCH-PRS-001-2026-05-02,2026-05-02,PASS,0
ROB-001,BATCH-ROB-001-2026-05-02,2026-05-02,PASS,0
CNC-002,BATCH-CNC-002-2026-05-02,2026-05-02,PASS,0
WLD-001,BATCH-WLD-001-2026-05-02,2026-05-02,PASS,0
ROB-002,BATCH-ROB-002-2026-05-02,2026-05-02,PASS,0
CON-001,BATCH-CON-001-2026-05-02,2026-05-02,PASS,0
PKG-001,BATCH-PKG-001-2026-05-02,2026-05-02,REVIEW,3
LAB-001,BATCH-LAB-001-2026-05-02,2026-05-02,PASS,0
CNC-001,BATCH-CNC-001-2026-05-03,2026-05-03,PASS,0
PRS-001,BATCH-PRS-001-2026-05-03,2026-05-03,PASS,0
ROB-001,BATCH-ROB-001-2026-05-03,2026-05-03,PASS,0
CNC-002,BATCH-CNC-002-2026-05-03,2026-05-03,PASS,0
WLD-001,BATCH-WLD-001-2026-05-03,2026-05-03,REVIEW,1
ROB-002,BATCH-ROB-002-2026-05-03,2026-05-03,PASS,0
CON-001,BATCH-CON-001-2026-05-03,2026-05-03,REVIEW,2
PKG-001,BATCH-PKG-001-2026-05-03,2026-05-03,PASS,0
LAB-001,BATCH-LAB-001-2026-05-03,2026-05-03,PASS,0
CNC-001,BATCH-CNC-001-2026-05-04,2026-05-04,PASS,0
PRS-001,BATCH-PRS-001-2026-05-04,2026-05-04,PASS,0
ROB-001,BATCH-ROB-001-2026-05-04,2026-05-04,PASS,0
CNC-002,BATCH-CNC-002-2026-05-04,2026-05-04,PASS,0
WLD-001,BATCH-WLD-001-2026-05-04,2026-05-04,PASS,0
ROB-002,BATCH-ROB-002-2026-05-04,2026-05-04,PASS,0
CON-001,BATCH-CON-001-2026-05-04,2026-05-04,PASS,0
PKG-001,BATCH-PKG-001-2026-05-04,2026-05-04,REVIEW,4
LAB-001,BATCH-LAB-001-2026-05-04,2026-05-04,PASS,0
CNC-001,BATCH-CNC-001-2026-05-05,2026-05-05,PASS,0
PRS-001,BATCH-PRS-001-2026-05-05,2026-05-05,PASS,0
ROB-001,BATCH-ROB-001-2026-05-05,2026-05-05,PASS,0
CNC-002,BATCH-CNC-002-2026-05-05,2026-05-05,PASS,0
WLD-001,BATCH-WLD-001-2026-05-05,2026-05-05,PASS,0
ROB-002,BATCH-ROB-002-2026-05-05,2026-05-05,PASS,0
CON-001,BATCH-CON-001-2026-05-05,2026-05-05,FAIL,5
PKG-001,BATCH-PKG-001-2026-05-05,2026-05-05,PASS,0
LAB-001,BATCH-LAB-001-2026-05-05,2026-05-05,PASS,0
CNC-001,BATCH-CNC-001-2026-05-06,2026-05-06,PASS,0
PRS-001,BATCH-PRS-001-2026-05-06,2026-05-06,PASS,0
ROB-001,BATCH-ROB-001-2026-05-06,2026-05-06,PASS,0
CNC-002,BATCH-CNC-002-2026-05-06,2026-05-06,PASS,0
WLD-001,BATCH-WLD-001-2026-05-06,2026-05-06,PASS,0
ROB-002,BATCH-ROB-002-2026-05-06,2026-05-06,PASS,0
CON-001,BATCH-CON-001-2026-05-06,2026-05-06,PASS,0
PKG-001,BATCH-PKG-001-2026-05-06,2026-05-06,FAIL,3
LAB-001,BATCH-LAB-001-2026-05-06,2026-05-06,PASS,0
CNC-001,BATCH-CNC-001-2026-05-07,2026-05-07,PASS,0
PRS-001,BATCH-PRS-001-2026-05-07,2026-05-07,REVIEW,2
ROB-001,BATCH-ROB-001-2026-05-07,2026-05-07,PASS,0
CNC-002,BATCH-CNC-002-2026-05-07,2026-05-07,PASS,0
WLD-001,BATCH-WLD-001-2026-05-07,2026-05-07,PASS,0
ROB-002,BATCH-ROB-002-2026-05-07,2026-05-07,PASS,0
CON-001,BATCH-CON-001-2026-05-07,2026-05-07,PASS,0
PKG-001,BATCH-PKG-001-2026-05-07,2026-05-07,REVIEW,2
LAB-001,BATCH-LAB-001-2026-05-07,2026-05-07,PASS,0
CNC-001,BATCH-CNC-001-2026-05-08,2026-05-08,PASS,0
PRS-001,BATCH-PRS-001-2026-05-08,2026-05-08,PASS,0
ROB-001,BATCH-ROB-001-2026-05-08,2026-05-08,PASS,0
CNC-002,BATCH-CNC-002-2026-05-08,2026-05-08,PASS,0
WLD-001,BATCH-WLD-001-2026-05-08,2026-05-08,PASS,0
ROB-002,BATCH-ROB-002-2026-05-08,2026-05-08,PASS,0
CON-001,BATCH-CON-001-2026-05-08,2026-05-08,PASS,0
PKG-001,BATCH-PKG-001-2026-05-08,2026-05-08,REVIEW,1
LAB-001,BATCH-LAB-001-2026-05-08,2026-05-08,PASS,0
CNC-001,BATCH-CNC-001-2026-05-09,2026-05-09,FAIL,2
PRS-001,BATCH-PRS-001-2026-05-09,2026-05-09,PASS,0
ROB-001,BATCH-ROB-001-2026-05-09,2026-05-09,PASS,0
CNC-002,BATCH-CNC-002-2026-05-09,2026-05-09,REVIEW,3
WLD-001,BATCH-WLD-001-2026-05-09,2026-05-09,REVIEW,2
ROB-002,BATCH-ROB-002-2026-05-09,2026-05-09,PASS,0
CON-001,BATCH-CON-001-2026-05-09,2026-05-09,PASS,0
PKG-001,BATCH-PKG-001-2026-05-09,2026-05-09,FAIL,3
LAB-001,BATCH-LAB-001-2026-05-09,2026-05-09,PASS,0
CNC-001,BATCH-CNC-001-2026-05-10,2026-05-10,PASS,0
PRS-001,BATCH-PRS-001-2026-05-10,2026-05-10,PASS,0
ROB-001,BATCH-ROB-001-2026-05-10,2026-05-10,PASS,0
CNC-002,BATCH-CNC-002-2026-05-10,2026-05-10,PASS,0
WLD-001,BATCH-WLD-001-2026-05-10,2026-05-10,PASS,0
ROB-002,BATCH-ROB-002-2026-05-10,2026-05-10,PASS,0
CON-001,BATCH-CON-001-2026-05-10,2026-05-10,PASS,0
PKG-001,BATCH-PKG-001-2026-05-10,2026-05-10,PASS,0
LAB-001,BATCH-LAB-001-2026-05-10,2026-05-10,REVIEW,2
CNC-001,BATCH-CNC-001-2026-05-11,2026-05-11,PASS,0
PRS-001,BATCH-PRS-001-2026-05-11,2026-05-11,PASS,0
ROB-001,BATCH-ROB-001-2026-05-11,2026-05-11,PASS,0
CNC-002,BATCH-CNC-002-2026-05-11,2026-05-11,REVIEW,1
WLD-001,BATCH-WLD-001-2026-05-11,2026-05-11,REVIEW,1
ROB-002,BATCH-ROB-002-2026-05-11,2026-05-11,PASS,0
CON-001,BATCH-CON-001-2026-05-11,2026-05-11,PASS,0
PKG-001,BATCH-PKG-001-2026-05-11,2026-05-11,FAIL,2
LAB-001,BATCH-LAB-001-2026-05-11,2026-05-11,PASS,0
CNC-001,BATCH-CNC-001-2026-05-12,2026-05-12,PASS,0
PRS-001,BATCH-PRS-001-2026-05-12,2026-05-12,PASS,0
ROB-001,BATCH-ROB-001-2026-05-12,2026-05-12,REVIEW,2
CNC-002,BATCH-CNC-002-2026-05-12,2026-05-12,PASS,0
WLD-001,BATCH-WLD-001-2026-05-12,2026-05-12,PASS,0
ROB-002,BATCH-ROB-002-2026-05-12,2026-05-12,PASS,0
CON-001,BATCH-CON-001-2026-05-12,2026-05-12,PASS,0
PKG-001,BATCH-PKG-001-2026-05-12,2026-05-12,PASS,0
LAB-001,BATCH-LAB-001-2026-05-12,2026-05-12,PASS,0
CNC-001,BATCH-CNC-001-2026-05-13,2026-05-13,PASS,0
PRS-001,BATCH-PRS-001-2026-05-13,2026-05-13,REVIEW,2
ROB-001,BATCH-ROB-001-2026-05-13,2026-05-13,PASS,0
CNC-002,BATCH-CNC-002-2026-05-13,2026-05-13,REVIEW,3
WLD-001,BATCH-WLD-001-2026-05-13,2026-05-13,PASS,0
ROB-002,BATCH-ROB-002-2026-05-13,2026-05-13,PASS,0
CON-001,BATCH-CON-001-2026-05-13,2026-05-13,PASS,0
PKG-001,BATCH-PKG-001-2026-05-13,2026-05-13,REVIEW,4
LAB-001,BATCH-LAB-001-2026-05-13,2026-05-13,PASS,0
CNC-001,BATCH-CNC-001-2026-05-14,2026-05-14,PASS,0
PRS-001,BATCH-PRS-001-2026-05-14,2026-05-14,PASS,0
ROB-001,BATCH-ROB-001-2026-05-14,2026-05-14,REVIEW,2
CNC-002,BATCH-CNC-002-2026-05-14,2026-05-14,PASS,0
WLD-001,BATCH-WLD-001-2026-05-14,2026-05-14,PASS,0
ROB-002,BATCH-ROB-002-2026-05-14,2026-05-14,PASS,0
CON-001,BATCH-CON-001-2026-05-14,2026-05-14,PASS,0
PKG-001,BATCH-PKG-001-2026-05-14,2026-05-14,PASS,0
LAB-001,BATCH-LAB-001-2026-05-14,2026-05-14,PASS,0
CNC-001,BATCH-CNC-001-2026-05-15,2026-05-15,PASS,0
PRS-001,BATCH-PRS-001-2026-05-15,2026-05-15,PASS,0
ROB-001,BATCH-ROB-001-2026-05-15,2026-05-15,PASS,0
CNC-002,BATCH-CNC-002-2026-05-15,2026-05-15,FAIL,3
WLD-001,BATCH-WLD-001-2026-05-15,2026-05-15,PASS,0
ROB-002,BATCH-ROB-002-2026-05-15,2026-05-15,PASS,0
CON-001,BATCH-CON-001-2026-05-15,2026-05-15,PASS,0
PKG-001,BATCH-PKG-001-2026-05-15,2026-05-15,PASS,0
LAB-001,BATCH-LAB-001-2026-05-15,2026-05-15,PASS,0
CNC-001,BATCH-CNC-001-2026-05-16,2026-05-16,PASS,0
PRS-001,BATCH-PRS-001-2026-05-16,2026-05-16,PASS,0
ROB-001,BATCH-ROB-001-2026-05-16,2026-05-16,PASS,0
CNC-002,BATCH-CNC-002-2026-05-16,2026-05-16,REVIEW,1
WLD-001,BATCH-WLD-001-2026-05-16,2026-05-16,PASS,0
ROB-002,BATCH-ROB-002-2026-05-16,2026-05-16,REVIEW,1
CON-001,BATCH-CON-001-2026-05-16,2026-05-16,PASS,0
PKG-001,BATCH-PKG-001-2026-05-16,2026-05-16,PASS,0
LAB-001,BATCH-LAB-001-2026-05-16,2026-05-16,PASS,0
CNC-001,BATCH-CNC-001-2026-05-17,2026-05-17,PASS,0
PRS-001,BATCH-PRS-001-2026-05-17,2026-05-17,PASS,0
ROB-001,BATCH-ROB-001-2026-05-17,2026-05-17,PASS,0
CNC-002,BATCH-CNC-002-2026-05-17,2026-05-17,PASS,0
WLD-001,BATCH-WLD-001-2026-05-17,2026-05-17,PASS,0
ROB-002,BATCH-ROB-002-2026-05-17,2026-05-17,PASS,0
CON-001,BATCH-CON-001-2026-05-17,2026-05-17,REVIEW,4
PKG-001,BATCH-PKG-001-2026-05-17,2026-05-17,REVIEW,5
LAB-001,BATCH-LAB-001-2026-05-17,2026-05-17,REVIEW,2
CNC-001,BATCH-CNC-001-2026-05-18,2026-05-18,PASS,0
PRS-001,BATCH-PRS-001-2026-05-18,2026-05-18,PASS,0
ROB-001,BATCH-ROB-001-2026-05-18,2026-05-18,PASS,0
CNC-002,BATCH-CNC-002-2026-05-18,2026-05-18,PASS,0
WLD-001,BATCH-WLD-001-2026-05-18,2026-05-18,PASS,0
ROB-002,BATCH-ROB-002-2026-05-18,2026-05-18,PASS,0
CON-001,BATCH-CON-001-2026-05-18,2026-05-18,PASS,0
PKG-001,BATCH-PKG-001-2026-05-18,2026-05-18,PASS,0
LAB-001,BATCH-LAB-001-2026-05-18,2026-05-18,PASS,0
CNC-001,BATCH-CNC-001-2026-05-19,2026-05-19,PASS,0
PRS-001,BATCH-PRS-001-2026-05-19,2026-05-19,PASS,0
ROB-001,BATCH-ROB-001-2026-05-19,2026-05-19,PASS,0
CNC-002,BATCH-CNC-002-2026-05-19,2026-05-19,PASS,0
WLD-001,BATCH-WLD-001-2026-05-19,2026-05-19,PASS,0
ROB-002,BATCH-ROB-002-2026-05-19,2026-05-19,PASS,0
CON-001,BATCH-CON-001-2026-05-19,2026-05-19,PASS,0
PKG-001,BATCH-PKG-001-2026-05-19,2026-05-19,PASS,0
LAB-001,BATCH-LAB-001-2026-05-19,2026-05-19,PASS,0
CNC-001,BATCH-CNC-001-2026-05-20,2026-05-20,PASS,0
PRS-001,BATCH-PRS-001-2026-05-20,2026-05-20,PASS,0
ROB-001,BATCH-ROB-001-2026-05-20,2026-05-20,PASS,0
CNC-002,BATCH-CNC-002-2026-05-20,2026-05-20,REVIEW,1
WLD-001,BATCH-WLD-001-2026-05-20,2026-05-20,PASS,0
ROB-002,BATCH-ROB-002-2026-05-20,2026-05-20,REVIEW,1
CON-001,BATCH-CON-001-2026-05-20,2026-05-20,PASS,0
PKG-001,BATCH-PKG-001-2026-05-20,2026-05-20,PASS,0
LAB-001,BATCH-LAB-001-2026-05-20,2026-05-20,PASS,0
CNC-001,BATCH-CNC-001-2026-05-21,2026-05-21,PASS,0
PRS-001,BATCH-PRS-001-2026-05-21,2026-05-21,PASS,0
ROB-001,BATCH-ROB-001-2026-05-21,2026-05-21,PASS,0
CNC-002,BATCH-CNC-002-2026-05-21,2026-05-21,PASS,0
WLD-001,BATCH-WLD-001-2026-05-21,2026-05-21,PASS,0
ROB-002,BATCH-ROB-002-2026-05-21,2026-05-21,PASS,0
CON-001,BATCH-CON-001-2026-05-21,2026-05-21,REVIEW,2
PKG-001,BATCH-PKG-001-2026-05-21,2026-05-21,PASS,0
LAB-001,BATCH-LAB-001-2026-05-21,2026-05-21,PASS,0
CNC-001,BATCH-CNC-001-2026-05-22,2026-05-22,PASS,0
PRS-001,BATCH-PRS-001-2026-05-22,2026-05-22,PASS,0
ROB-001,BATCH-ROB-001-2026-05-22,2026-05-22,PASS,0
CNC-002,BATCH-CNC-002-2026-05-22,2026-05-22,PASS,0
WLD-001,BATCH-WLD-001-2026-05-22,2026-05-22,PASS,0
ROB-002,BATCH-ROB-002-2026-05-22,2026-05-22,PASS,0
CON-001,BATCH-CON-001-2026-05-22,2026-05-22,PASS,0
PKG-001,BATCH-PKG-001-2026-05-22,2026-05-22,PASS,0
LAB-001,BATCH-LAB-001-2026-05-22,2026-05-22,REVIEW,1
CNC-001,BATCH-CNC-001-2026-05-23,2026-05-23,PASS,0
PRS-001,BATCH-PRS-001-2026-05-23,2026-05-23,PASS,0
ROB-001,BATCH-ROB-001-2026-05-23,2026-05-23,PASS,0
CNC-002,BATCH-CNC-002-2026-05-23,2026-05-23,PASS,0
WLD-001,BATCH-WLD-001-2026-05-23,2026-05-23,PASS,0
ROB-002,BATCH-ROB-002-2026-05-23,2026-05-23,PASS,0
CON-001,BATCH-CON-001-2026-05-23,2026-05-23,PASS,0
PKG-001,BATCH-PKG-001-2026-05-23,2026-05-23,PASS,0
LAB-001,BATCH-LAB-001-2026-05-23,2026-05-23,PASS,0
CNC-001,BATCH-CNC-001-2026-05-24,2026-05-24,PASS,0
PRS-001,BATCH-PRS-001-2026-05-24,2026-05-24,PASS,0
ROB-001,BATCH-ROB-001-2026-05-24,2026-05-24,PASS,0
CNC-002,BATCH-CNC-002-2026-05-24,2026-05-24,PASS,0
WLD-001,BATCH-WLD-001-2026-05-24,2026-05-24,PASS,0
ROB-002,BATCH-ROB-002-2026-05-24,2026-05-24,PASS,0
CON-001,BATCH-CON-001-2026-05-24,2026-05-24,PASS,0
PKG-001,BATCH-PKG-001-2026-05-24,2026-05-24,PASS,0
LAB-001,BATCH-LAB-001-2026-05-24,2026-05-24,PASS,0
CNC-001,BATCH-CNC-001-2026-05-25,2026-05-25,PASS,0
PRS-001,BATCH-PRS-001-2026-05-25,2026-05-25,PASS,0
ROB-001,BATCH-ROB-001-2026-05-25,2026-05-25,PASS,0
CNC-002,BATCH-CNC-002-2026-05-25,2026-05-25,PASS,0
WLD-001,BATCH-WLD-001-2026-05-25,2026-05-25,PASS,0
ROB-002,BATCH-ROB-002-2026-05-25,2026-05-25,PASS,0
CON-001,BATCH-CON-001-2026-05-25,2026-05-25,PASS,0
PKG-001,BATCH-PKG-001-2026-05-25,2026-05-25,PASS,0
LAB-001,BATCH-LAB-001-2026-05-25,2026-05-25,PASS,0
CNC-001,BATCH-CNC-001-2026-05-26,2026-05-26,PASS,0
PRS-001,BATCH-PRS-001-2026-05-26,2026-05-26,PASS,0
ROB-001,BATCH-ROB-001-2026-05-26,2026-05-26,PASS,0
CNC-002,BATCH-CNC-002-2026-05-26,2026-05-26,PASS,0
WLD-001,BATCH-WLD-001-2026-05-26,2026-05-26,PASS,0
ROB-002,BATCH-ROB-002-2026-05-26,2026-05-26,PASS,0
CON-001,BATCH-CON-001-2026-05-26,2026-05-26,PASS,0
PKG-001,BATCH-PKG-001-2026-05-26,2026-05-26,PASS,0
LAB-001,BATCH-LAB-001-2026-05-26,2026-05-26,PASS,0
CNC-001,BATCH-CNC-001-2026-05-27,2026-05-27,PASS,0
PRS-001,BATCH-PRS-001-2026-05-27,2026-05-27,REVIEW,2
ROB-001,BATCH-ROB-001-2026-05-27,2026-05-27,REVIEW,1
CNC-002,BATCH-CNC-002-2026-05-27,2026-05-27,PASS,0
WLD-001,BATCH-WLD-001-2026-05-27,2026-05-27,PASS,0
ROB-002,BATCH-ROB-002-2026-05-27,2026-05-27,PASS,0
CON-001,BATCH-CON-001-2026-05-27,2026-05-27,PASS,0
PKG-001,BATCH-PKG-001-2026-05-27,2026-05-27,PASS,0
LAB-001,BATCH-LAB-001-2026-05-27,2026-05-27,PASS,0
CNC-001,BATCH-CNC-001-2026-05-28,2026-05-28,PASS,0
PRS-001,BATCH-PRS-001-2026-05-28,2026-05-28,PASS,0
ROB-001,BATCH-ROB-001-2026-05-28,2026-05-28,FAIL,2
CNC-002,BATCH-CNC-002-2026-05-28,2026-05-28,PASS,0
WLD-001,BATCH-WLD-001-2026-05-28,2026-05-28,PASS,0
ROB-002,BATCH-ROB-002-2026-05-28,2026-05-28,PASS,0
CON-001,BATCH-CON-001-2026-05-28,2026-05-28,PASS,0
PKG-001,BATCH-PKG-001-2026-05-28,2026-05-28,REVIEW,2
LAB-001,BATCH-LAB-001-2026-05-28,2026-05-28,PASS,0
CNC-001,BATCH-CNC-001-2026-05-29,2026-05-29,PASS,0
PRS-001,BATCH-PRS-001-2026-05-29,2026-05-29,PASS,0
ROB-001,BATCH-ROB-001-2026-05-29,2026-05-29,PASS,0
CNC-002,BATCH-CNC-002-2026-05-29,2026-05-29,PASS,0
WLD-001,BATCH-WLD-001-2026-05-29,2026-05-29,REVIEW,2
ROB-002,BATCH-ROB-002-2026-05-29,2026-05-29,PASS,0
CON-001,BATCH-CON-001-2026-05-29,2026-05-29,PASS,0
PKG-001,BATCH-PKG-001-2026-05-29,2026-05-29,FAIL,1
LAB-001,BATCH-LAB-001-2026-05-29,2026-05-29,REVIEW,1
CNC-001,BATCH-CNC-001-2026-05-30,2026-05-30,PASS,0
PRS-001,BATCH-PRS-001-2026-05-30,2026-05-30,PASS,0
ROB-001,BATCH-ROB-001-2026-05-30,2026-05-30,PASS,0
CNC-002,BATCH-CNC-002-2026-05-30,2026-05-30,PASS,0
WLD-001,BATCH-WLD-001-2026-05-30,2026-05-30,PASS,0
ROB-002,BATCH-ROB-002-2026-05-30,2026-05-30,PASS,0
CON-001,BATCH-CON-001-2026-05-30,2026-05-30,PASS,0
PKG-001,BATCH-PKG-001-2026-05-30,2026-05-30,PASS,0
LAB-001,BATCH-LAB-001-2026-05-30,2026-05-30,PASS,0
CNC-001,BATCH-CNC-001-2026-05-31,2026-05-31,PASS,0
PRS-001,BATCH-PRS-001-2026-05-31,2026-05-31,PASS,0
ROB-001,BATCH-ROB-001-2026-05-31,2026-05-31,PASS,0
CNC-002,BATCH-CNC-002-2026-05-31,2026-05-31,PASS,0
WLD-001,BATCH-WLD-001-2026-05-31,2026-05-31,PASS,0
ROB-002,BATCH-ROB-002-2026-05-31,2026-05-31,PASS,0
CON-001,BATCH-CON-001-2026-05-31,2026-05-31,PASS,0
PKG-001,BATCH-PKG-001-2026-05-31,2026-05-31,REVIEW,1
LAB-001,BATCH-LAB-001-2026-05-31,2026-05-31,PASS,0
CNC-001,BATCH-CNC-001-2026-06-01,2026-06-01,REVIEW,1
PRS-001,BATCH-PRS-001-2026-06-01,2026-06-01,PASS,0
ROB-001,BATCH-ROB-001-2026-06-01,2026-06-01,PASS,0
CNC-002,BATCH-CNC-002-2026-06-01,2026-06-01,PASS,0
WLD-001,BATCH-WLD-001-2026-06-01,2026-06-01,PASS,0
ROB-002,BATCH-ROB-002-2026-06-01,2026-06-01,PASS,0
CON-001,BATCH-CON-001-2026-06-01,2026-06-01,PASS,0
PKG-001,BATCH-PKG-001-2026-06-01,2026-06-01,PASS,0
LAB-001,BATCH-LAB-001-2026-06-01,2026-06-01,PASS,0
CNC-001,BATCH-CNC-001-2026-06-02,2026-06-02,FAIL,1
PRS-001,BATCH-PRS-001-2026-06-02,2026-06-02,PASS,0
ROB-001,BATCH-ROB-001-2026-06-02,2026-06-02,PASS,0
CNC-002,BATCH-CNC-002-2026-06-02,2026-06-02,PASS,0
WLD-001,BATCH-WLD-001-2026-06-02,2026-06-02,PASS,0
ROB-002,BATCH-ROB-002-2026-06-02,2026-06-02,PASS,0
CON-001,BATCH-CON-001-2026-06-02,2026-06-02,PASS,0
PKG-001,BATCH-PKG-001-2026-06-02,2026-06-02,PASS,0
LAB-001,BATCH-LAB-001-2026-06-02,2026-06-02,PASS,0
CNC-001,BATCH-CNC-001-2026-06-03,2026-06-03,PASS,0
PRS-001,BATCH-PRS-001-2026-06-03,2026-06-03,PASS,0
ROB-001,BATCH-ROB-001-2026-06-03,2026-06-03,PASS,0
CNC-002,BATCH-CNC-002-2026-06-03,2026-06-03,PASS,0
WLD-001,BATCH-WLD-001-2026-06-03,2026-06-03,PASS,0
ROB-002,BATCH-ROB-002-2026-06-03,2026-06-03,PASS,0
CON-001,BATCH-CON-001-2026-06-03,2026-06-03,PASS,0
PKG-001,BATCH-PKG-001-2026-06-03,2026-06-03,PASS,0
LAB-001,BATCH-LAB-001-2026-06-03,2026-06-03,PASS,0
CNC-001,BATCH-CNC-001-2026-06-04,2026-06-04,PASS,0
PRS-001,BATCH-PRS-001-2026-06-04,2026-06-04,PASS,0
ROB-001,BATCH-ROB-001-2026-06-04,2026-06-04,PASS,0
CNC-002,BATCH-CNC-002-2026-06-04,2026-06-04,PASS,0
WLD-001,BATCH-WLD-001-2026-06-04,2026-06-04,PASS,0
ROB-002,BATCH-ROB-002-2026-06-04,2026-06-04,PASS,0
CON-001,BATCH-CON-001-2026-06-04,2026-06-04,REVIEW,1
PKG-001,BATCH-PKG-001-2026-06-04,2026-06-04,PASS,0
LAB-001,BATCH-LAB-001-2026-06-04,2026-06-04,PASS,0
CNC-001,BATCH-CNC-001-2026-06-05,2026-06-05,PASS,0
PRS-001,BATCH-PRS-001-2026-06-05,2026-06-05,PASS,0
ROB-001,BATCH-ROB-001-2026-06-05,2026-06-05,PASS,0
CNC-002,BATCH-CNC-002-2026-06-05,2026-06-05,REVIEW,2
WLD-001,BATCH-WLD-001-2026-06-05,2026-06-05,PASS,0
ROB-002,BATCH-ROB-002-2026-06-05,2026-06-05,PASS,0
CON-001,BATCH-CON-001-2026-06-05,2026-06-05,PASS,0
PKG-001,BATCH-PKG-001-2026-06-05,2026-06-05,PASS,0
LAB-001,BATCH-LAB-001-2026-06-05,2026-06-05,PASS,0
CNC-001,BATCH-CNC-001-2026-06-06,2026-06-06,PASS,0
PRS-001,BATCH-PRS-001-2026-06-06,2026-06-06,PASS,0
ROB-001,BATCH-ROB-001-2026-06-06,2026-06-06,PASS,0
CNC-002,BATCH-CNC-002-2026-06-06,2026-06-06,PASS,0
WLD-001,BATCH-WLD-001-2026-06-06,2026-06-06,PASS,0
ROB-002,BATCH-ROB-002-2026-06-06,2026-06-06,PASS,0
CON-001,BATCH-CON-001-2026-06-06,2026-06-06,PASS,0
PKG-001,BATCH-PKG-001-2026-06-06,2026-06-06,PASS,0
LAB-001,BATCH-LAB-001-2026-06-06,2026-06-06,REVIEW,2
CNC-001,BATCH-CNC-001-2026-06-07,2026-06-07,PASS,0
PRS-001,BATCH-PRS-001-2026-06-07,2026-06-07,PASS,0
ROB-001,BATCH-ROB-001-2026-06-07,2026-06-07,PASS,0
CNC-002,BATCH-CNC-002-2026-06-07,2026-06-07,PASS,0
WLD-001,BATCH-WLD-001-2026-06-07,2026-06-07,PASS,0
ROB-002,BATCH-ROB-002-2026-06-07,2026-06-07,PASS,0
CON-001,BATCH-CON-001-2026-06-07,2026-06-07,PASS,0
PKG-001,BATCH-PKG-001-2026-06-07,2026-06-07,PASS,0
LAB-001,BATCH-LAB-001-2026-06-07,2026-06-07,PASS,0
CNC-001,BATCH-CNC-001-2026-06-08,2026-06-08,PASS,0
PRS-001,BATCH-PRS-001-2026-06-08,2026-06-08,PASS,0
ROB-001,BATCH-ROB-001-2026-06-08,2026-06-08,PASS,0
CNC-002,BATCH-CNC-002-2026-06-08,2026-06-08,PASS,0
WLD-001,BATCH-WLD-001-2026-06-08,2026-06-08,PASS,0
ROB-002,BATCH-ROB-002-2026-06-08,2026-06-08,PASS,0
CON-001,BATCH-CON-001-2026-06-08,2026-06-08,PASS,0
PKG-001,BATCH-PKG-001-2026-06-08,2026-06-08,PASS,0
LAB-001,BATCH-LAB-001-2026-06-08,2026-06-08,PASS,0
CNC-001,BATCH-CNC-001-2026-06-09,2026-06-09,PASS,0
PRS-001,BATCH-PRS-001-2026-06-09,2026-06-09,PASS,0
ROB-001,BATCH-ROB-001-2026-06-09,2026-06-09,PASS,0
CNC-002,BATCH-CNC-002-2026-06-09,2026-06-09,PASS,0
WLD-001,BATCH-WLD-001-2026-06-09,2026-06-09,PASS,0
ROB-002,BATCH-ROB-002-2026-06-09,2026-06-09,PASS,0
CON-001,BATCH-CON-001-2026-06-09,2026-06-09,PASS,0
PKG-001,BATCH-PKG-001-2026-06-09,2026-06-09,PASS,0
LAB-001,BATCH-LAB-001-2026-06-09,2026-06-09,PASS,0
CNC-001,BATCH-CNC-001-2026-06-10,2026-06-10,PASS,0
PRS-001,BATCH-PRS-001-2026-06-10,2026-06-10,PASS,0
ROB-001,BATCH-ROB-001-2026-06-10,2026-06-10,PASS,0
CNC-002,BATCH-CNC-002-2026-06-10,2026-06-10,PASS,0
WLD-001,BATCH-WLD-001-2026-06-10,2026-06-10,PASS,0
ROB-002,BATCH-ROB-002-2026-06-10,2026-06-10,REVIEW,1
CON-001,BATCH-CON-001-2026-06-10,2026-06-10,PASS,0
PKG-001,BATCH-PKG-001-2026-06-10,2026-06-10,PASS,0
LAB-001,BATCH-LAB-001-2026-06-10,2026-06-10,PASS,0
CNC-001,BATCH-CNC-001-2026-06-11,2026-06-11,PASS,0
PRS-001,BATCH-PRS-001-2026-06-11,2026-06-11,PASS,0
ROB-001,BATCH-ROB-001-2026-06-11,2026-06-11,PASS,0
CNC-002,BATCH-CNC-002-2026-06-11,2026-06-11,PASS,0
WLD-001,BATCH-WLD-001-2026-06-11,2026-06-11,PASS,0
ROB-002,BATCH-ROB-002-2026-06-11,2026-06-11,PASS,0
CON-001,BATCH-CON-001-2026-06-11,2026-06-11,REVIEW,2
PKG-001,BATCH-PKG-001-2026-06-11,2026-06-11,FAIL,3
LAB-001,BATCH-LAB-001-2026-06-11,2026-06-11,PASS,0
CNC-001,BATCH-CNC-001-2026-06-12,2026-06-12,PASS,0
PRS-001,BATCH-PRS-001-2026-06-12,2026-06-12,PASS,0
ROB-001,BATCH-ROB-001-2026-06-12,2026-06-12,PASS,0
CNC-002,BATCH-CNC-002-2026-06-12,2026-06-12,PASS,0
WLD-001,BATCH-WLD-001-2026-06-12,2026-06-12,PASS,0
ROB-002,BATCH-ROB-002-2026-06-12,2026-06-12,PASS,0
CON-001,BATCH-CON-001-2026-06-12,2026-06-12,PASS,0
PKG-001,BATCH-PKG-001-2026-06-12,2026-06-12,FAIL,2
LAB-001,BATCH-LAB-001-2026-06-12,2026-06-12,PASS,0
CNC-001,BATCH-CNC-001-2026-06-13,2026-06-13,FAIL,2
PRS-001,BATCH-PRS-001-2026-06-13,2026-06-13,PASS,0
ROB-001,BATCH-ROB-001-2026-06-13,2026-06-13,PASS,0
CNC-002,BATCH-CNC-002-2026-06-13,2026-06-13,REVIEW,1
WLD-001,BATCH-WLD-001-2026-06-13,2026-06-13,PASS,0
ROB-002,BATCH-ROB-002-2026-06-13,2026-06-13,PASS,0
CON-001,BATCH-CON-001-2026-06-13,2026-06-13,PASS,0
PKG-001,BATCH-PKG-001-2026-06-13,2026-06-13,PASS,0
LAB-001,BATCH-LAB-001-2026-06-13,2026-06-13,PASS,0
CNC-001,BATCH-CNC-001-2026-06-14,2026-06-14,PASS,0
PRS-001,BATCH-PRS-001-2026-06-14,2026-06-14,PASS,0
ROB-001,BATCH-ROB-001-2026-06-14,2026-06-14,PASS,0
CNC-002,BATCH-CNC-002-2026-06-14,2026-06-14,PASS,0
WLD-001,BATCH-WLD-001-2026-06-14,2026-06-14,PASS,0
ROB-002,BATCH-ROB-002-2026-06-14,2026-06-14,PASS,0
CON-001,BATCH-CON-001-2026-06-14,2026-06-14,REVIEW,2
PKG-001,BATCH-PKG-001-2026-06-14,2026-06-14,PASS,0
LAB-001,BATCH-LAB-001-2026-06-14,2026-06-14,PASS,0
CNC-001,BATCH-CNC-001-2026-06-15,2026-06-15,PASS,0
PRS-001,BATCH-PRS-001-2026-06-15,2026-06-15,PASS,0
ROB-001,BATCH-ROB-001-2026-06-15,2026-06-15,PASS,0
CNC-002,BATCH-CNC-002-2026-06-15,2026-06-15,PASS,0
WLD-001,BATCH-WLD-001-2026-06-15,2026-06-15,PASS,0
ROB-002,BATCH-ROB-002-2026-06-15,2026-06-15,PASS,0
CON-001,BATCH-CON-001-2026-06-15,2026-06-15,REVIEW,2
PKG-001,BATCH-PKG-001-2026-06-15,2026-06-15,PASS,0
LAB-001,BATCH-LAB-001-2026-06-15,2026-06-15,PASS,0
CNC-001,BATCH-CNC-001-2026-06-16,2026-06-16,REVIEW,5
PRS-001,BATCH-PRS-001-2026-06-16,2026-06-16,PASS,0
ROB-001,BATCH-ROB-001-2026-06-16,2026-06-16,PASS,0
CNC-002,BATCH-CNC-002-2026-06-16,2026-06-16,PASS,0
WLD-001,BATCH-WLD-001-2026-06-16,2026-06-16,PASS,0
ROB-002,BATCH-ROB-002-2026-06-16,2026-06-16,PASS,0
CON-001,BATCH-CON-001-2026-06-16,2026-06-16,PASS,0
PKG-001,BATCH-PKG-001-2026-06-16,2026-06-16,PASS,0
LAB-001,BATCH-LAB-001-2026-06-16,2026-06-16,PASS,0
CNC-001,BATCH-CNC-001-2026-06-17,2026-06-17,REVIEW,1
PRS-001,BATCH-PRS-001-2026-06-17,2026-06-17,PASS,0
ROB-001,BATCH-ROB-001-2026-06-17,2026-06-17,PASS,0
CNC-002,BATCH-CNC-002-2026-06-17,2026-06-17,FAIL,2
WLD-001,BATCH-WLD-001-2026-06-17,2026-06-17,PASS,0
ROB-002,BATCH-ROB-002-2026-06-17,2026-06-17,PASS,0
CON-001,BATCH-CON-001-2026-06-17,2026-06-17,PASS,0
PKG-001,BATCH-PKG-001-2026-06-17,2026-06-17,PASS,0
LAB-001,BATCH-LAB-001-2026-06-17,2026-06-17,PASS,0
CNC-001,BATCH-CNC-001-2026-06-18,2026-06-18,PASS,0
PRS-001,BATCH-PRS-001-2026-06-18,2026-06-18,PASS,0
ROB-001,BATCH-ROB-001-2026-06-18,2026-06-18,PASS,0
CNC-002,BATCH-CNC-002-2026-06-18,2026-06-18,PASS,0
WLD-001,BATCH-WLD-001-2026-06-18,2026-06-18,PASS,0
ROB-002,BATCH-ROB-002-2026-06-18,2026-06-18,PASS,0
CON-001,BATCH-CON-001-2026-06-18,2026-06-18,PASS,0
PKG-001,BATCH-PKG-001-2026-06-18,2026-06-18,PASS,0
LAB-001,BATCH-LAB-001-2026-06-18,2026-06-18,PASS,0
CNC-001,BATCH-CNC-001-2026-06-19,2026-06-19,PASS,0
PRS-001,BATCH-PRS-001-2026-06-19,2026-06-19,PASS,0
ROB-001,BATCH-ROB-001-2026-06-19,2026-06-19,PASS,0
CNC-002,BATCH-CNC-002-2026-06-19,2026-06-19,PASS,0
WLD-001,BATCH-WLD-001-2026-06-19,2026-06-19,PASS,0
ROB-002,BATCH-ROB-002-2026-06-19,2026-06-19,PASS,0
CON-001,BATCH-CON-001-2026-06-19,2026-06-19,PASS,0
PKG-001,BATCH-PKG-001-2026-06-19,2026-06-19,PASS,0
LAB-001,BATCH-LAB-001-2026-06-19,2026-06-19,PASS,0
CNC-001,BATCH-CNC-001-2026-06-20,2026-06-20,PASS,0
PRS-001,BATCH-PRS-001-2026-06-20,2026-06-20,PASS,0
ROB-001,BATCH-ROB-001-2026-06-20,2026-06-20,PASS,0
CNC-002,BATCH-CNC-002-2026-06-20,2026-06-20,PASS,0
WLD-001,BATCH-WLD-001-2026-06-20,2026-06-20,PASS,0
ROB-002,BATCH-ROB-002-2026-06-20,2026-06-20,PASS,0
CON-001,BATCH-CON-001-2026-06-20,2026-06-20,PASS,0
PKG-001,BATCH-PKG-001-2026-06-20,2026-06-20,PASS,0
LAB-001,BATCH-LAB-001-2026-06-20,2026-06-20,PASS,0
CNC-001,BATCH-CNC-001-2026-06-21,2026-06-21,PASS,0
PRS-001,BATCH-PRS-001-2026-06-21,2026-06-21,PASS,0
ROB-001,BATCH-ROB-001-2026-06-21,2026-06-21,PASS,0
CNC-002,BATCH-CNC-002-2026-06-21,2026-06-21,PASS,0
WLD-001,BATCH-WLD-001-2026-06-21,2026-06-21,PASS,0
ROB-002,BATCH-ROB-002-2026-06-21,2026-06-21,PASS,0
CON-001,BATCH-CON-001-2026-06-21,2026-06-21,PASS,0
PKG-001,BATCH-PKG-001-2026-06-21,2026-06-21,PASS,0
LAB-001,BATCH-LAB-001-2026-06-21,2026-06-21,PASS,0
CNC-001,BATCH-CNC-001-2026-06-22,2026-06-22,PASS,0
PRS-001,BATCH-PRS-001-2026-06-22,2026-06-22,PASS,0
ROB-001,BATCH-ROB-001-2026-06-22,2026-06-22,PASS,0
CNC-002,BATCH-CNC-002-2026-06-22,2026-06-22,PASS,0
WLD-001,BATCH-WLD-001-2026-06-22,2026-06-22,PASS,0
ROB-002,BATCH-ROB-002-2026-06-22,2026-06-22,PASS,0
CON-001,BATCH-CON-001-2026-06-22,2026-06-22,PASS,0
PKG-001,BATCH-PKG-001-2026-06-22,2026-06-22,FAIL,1
LAB-001,BATCH-LAB-001-2026-06-22,2026-06-22,PASS,0
CNC-001,BATCH-CNC-001-2026-06-23,2026-06-23,PASS,0
PRS-001,BATCH-PRS-001-2026-06-23,2026-06-23,PASS,0
ROB-001,BATCH-ROB-001-2026-06-23,2026-06-23,PASS,0
CNC-002,BATCH-CNC-002-2026-06-23,2026-06-23,PASS,0
WLD-001,BATCH-WLD-001-2026-06-23,2026-06-23,PASS,0
ROB-002,BATCH-ROB-002-2026-06-23,2026-06-23,REVIEW,5
CON-001,BATCH-CON-001-2026-06-23,2026-06-23,PASS,0
PKG-001,BATCH-PKG-001-2026-06-23,2026-06-23,PASS,0
LAB-001,BATCH-LAB-001-2026-06-23,2026-06-23,PASS,0
CNC-001,BATCH-CNC-001-2026-06-24,2026-06-24,REVIEW,2
PRS-001,BATCH-PRS-001-2026-06-24,2026-06-24,REVIEW,2
ROB-001,BATCH-ROB-001-2026-06-24,2026-06-24,PASS,0
CNC-002,BATCH-CNC-002-2026-06-24,2026-06-24,PASS,0
WLD-001,BATCH-WLD-001-2026-06-24,2026-06-24,PASS,0
ROB-002,BATCH-ROB-002-2026-06-24,2026-06-24,PASS,0
CON-001,BATCH-CON-001-2026-06-24,2026-06-24,PASS,0
PKG-001,BATCH-PKG-001-2026-06-24,2026-06-24,PASS,0
LAB-001,BATCH-LAB-001-2026-06-24,2026-06-24,PASS,0
CNC-001,BATCH-CNC-001-2026-06-25,2026-06-25,PASS,0
PRS-001,BATCH-PRS-001-2026-06-25,2026-06-25,REVIEW,1
ROB-001,BATCH-ROB-001-2026-06-25,2026-06-25,REVIEW,2
CNC-002,BATCH-CNC-002-2026-06-25,2026-06-25,PASS,0
WLD-001,BATCH-WLD-001-2026-06-25,2026-06-25,PASS,0
ROB-002,BATCH-ROB-002-2026-06-25,2026-06-25,PASS,0
CON-001,BATCH-CON-001-2026-06-25,2026-06-25,PASS,0
PKG-001,BATCH-PKG-001-2026-06-25,2026-06-25,PASS,0
LAB-001,BATCH-LAB-001-2026-06-25,2026-06-25,PASS,0
CNC-001,BATCH-CNC-001-2026-06-26,2026-06-26,PASS,0
PRS-001,BATCH-PRS-001-2026-06-26,2026-06-26,PASS,0
ROB-001,BATCH-ROB-001-2026-06-26,2026-06-26,PASS,0
CNC-002,BATCH-CNC-002-2026-06-26,2026-06-26,PASS,0
WLD-001,BATCH-WLD-001-2026-06-26,2026-06-26,REVIEW,2
ROB-002,BATCH-ROB-002-2026-06-26,2026-06-26,FAIL,2
CON-001,BATCH-CON-001-2026-06-26,2026-06-26,PASS,0
PKG-001,BATCH-PKG-001-2026-06-26,2026-06-26,PASS,0
LAB-001,BATCH-LAB-001-2026-06-26,2026-06-26,PASS,0
CNC-001,BATCH-CNC-001-2026-06-27,2026-06-27,PASS,0
PRS-001,BATCH-PRS-001-2026-06-27,2026-06-27,PASS,0
ROB-001,BATCH-ROB-001-2026-06-27,2026-06-27,PASS,0
CNC-002,BATCH-CNC-002-2026-06-27,2026-06-27,PASS,0
WLD-001,BATCH-WLD-001-2026-06-27,2026-06-27,PASS,0
ROB-002,BATCH-ROB-002-2026-06-27,2026-06-27,PASS,0
CON-001,BATCH-CON-001-2026-06-27,2026-06-27,PASS,0
PKG-001,BATCH-PKG-001-2026-06-27,2026-06-27,PASS,0
LAB-001,BATCH-LAB-001-2026-06-27,2026-06-27,PASS,0
CNC-001,BATCH-CNC-001-2026-06-28,2026-06-28,PASS,0
PRS-001,BATCH-PRS-001-2026-06-28,2026-06-28,PASS,0
ROB-001,BATCH-ROB-001-2026-06-28,2026-06-28,REVIEW,2
CNC-002,BATCH-CNC-002-2026-06-28,2026-06-28,PASS,0
WLD-001,BATCH-WLD-001-2026-06-28,2026-06-28,PASS,0
ROB-002,BATCH-ROB-002-2026-06-28,2026-06-28,PASS,0
CON-001,BATCH-CON-001-2026-06-28,2026-06-28,PASS,0
PKG-001,BATCH-PKG-001-2026-06-28,2026-06-28,PASS,0
LAB-001,BATCH-LAB-001-2026-06-28,2026-06-28,PASS,0
CNC-001,BATCH-CNC-001-2026-06-29,2026-06-29,PASS,0
PRS-001,BATCH-PRS-001-2026-06-29,2026-06-29,PASS,0
ROB-001,BATCH-ROB-001-2026-06-29,2026-06-29,PASS,0
CNC-002,BATCH-CNC-002-2026-06-29,2026-06-29,PASS,0
WLD-001,BATCH-WLD-001-2026-06-29,2026-06-29,PASS,0
ROB-002,BATCH-ROB-002-2026-06-29,2026-06-29,PASS,0
CON-001,BATCH-CON-001-2026-06-29,2026-06-29,PASS,0
PKG-001,BATCH-PKG-001-2026-06-29,2026-06-29,PASS,0
LAB-001,BATCH-LAB-001-2026-06-29,2026-06-29,PASS,0
CNC-001,BATCH-CNC-001-2026-06-30,2026-06-30,PASS,0
PRS-001,BATCH-PRS-001-2026-06-30,2026-06-30,PASS,0
ROB-001,BATCH-ROB-001-2026-06-30,2026-06-30,PASS,0
CNC-002,BATCH-CNC-002-2026-06-30,2026-06-30,PASS,0
WLD-001,BATCH-WLD-001-2026-06-30,2026-06-30,PASS,0
ROB-002,BATCH-ROB-002-2026-06-30,2026-06-30,PASS,0
CON-001,BATCH-CON-001-2026-06-30,2026-06-30,PASS,0
PKG-001,BATCH-PKG-001-2026-06-30,2026-06-30,PASS,0
LAB-001,BATCH-LAB-001-2026-06-30,2026-06-30,PASS,0
CNC-001,BATCH-CNC-001-2026-07-01,2026-07-01,PASS,0
PRS-001,BATCH-PRS-001-2026-07-01,2026-07-01,REVIEW,1
ROB-001,BATCH-ROB-001-2026-07-01,2026-07-01,PASS,0
CNC-002,BATCH-CNC-002-2026-07-01,2026-07-01,REVIEW,2
WLD-001,BATCH-WLD-001-2026-07-01,2026-07-01,PASS,0
ROB-002,BATCH-ROB-002-2026-07-01,2026-07-01,PASS,0
CON-001,BATCH-CON-001-2026-07-01,2026-07-01,PASS,0
PKG-001,BATCH-PKG-001-2026-07-01,2026-07-01,PASS,0
LAB-001,BATCH-LAB-001-2026-07-01,2026-07-01,PASS,0
CNC-001,BATCH-CNC-001-2026-07-02,2026-07-02,PASS,0
PRS-001,BATCH-PRS-001-2026-07-02,2026-07-02,PASS,0
ROB-001,BATCH-ROB-001-2026-07-02,2026-07-02,PASS,0
CNC-002,BATCH-CNC-002-2026-07-02,2026-07-02,PASS,0
WLD-001,BATCH-WLD-001-2026-07-02,2026-07-02,PASS,0
ROB-002,BATCH-ROB-002-2026-07-02,2026-07-02,PASS,0
CON-001,BATCH-CON-001-2026-07-02,2026-07-02,PASS,0
PKG-001,BATCH-PKG-001-2026-07-02,2026-07-02,PASS,0
LAB-001,BATCH-LAB-001-2026-07-02,2026-07-02,PASS,0
CNC-001,BATCH-CNC-001-2026-07-03,2026-07-03,PASS,0
PRS-001,BATCH-PRS-001-2026-07-03,2026-07-03,PASS,0
ROB-001,BATCH-ROB-001-2026-07-03,2026-07-03,PASS,0
CNC-002,BATCH-CNC-002-2026-07-03,2026-07-03,PASS,0
WLD-001,BATCH-WLD-001-2026-07-03,2026-07-03,PASS,0
ROB-002,BATCH-ROB-002-2026-07-03,2026-07-03,PASS,0
CON-001,BATCH-CON-001-2026-07-03,2026-07-03,PASS,0
PKG-001,BATCH-PKG-001-2026-07-03,2026-07-03,PASS,0
LAB-001,BATCH-LAB-001-2026-07-03,2026-07-03,PASS,0
CNC-001,BATCH-CNC-001-2026-07-04,2026-07-04,PASS,0
PRS-001,BATCH-PRS-001-2026-07-04,2026-07-04,PASS,0
ROB-001,BATCH-ROB-001-2026-07-04,2026-07-04,PASS,0
CNC-002,BATCH-CNC-002-2026-07-04,2026-07-04,PASS,0
WLD-001,BATCH-WLD-001-2026-07-04,2026-07-04,PASS,0
ROB-002,BATCH-ROB-002-2026-07-04,2026-07-04,PASS,0
CON-001,BATCH-CON-001-2026-07-04,2026-07-04,PASS,0
PKG-001,BATCH-PKG-001-2026-07-04,2026-07-04,PASS,0
LAB-001,BATCH-LAB-001-2026-07-04,2026-07-04,PASS,0
CNC-001,BATCH-CNC-001-2026-07-05,2026-07-05,PASS,0
PRS-001,BATCH-PRS-001-2026-07-05,2026-07-05,PASS,0
ROB-001,BATCH-ROB-001-2026-07-05,2026-07-05,PASS,0
CNC-002,BATCH-CNC-002-2026-07-05,2026-07-05,PASS,0
WLD-001,BATCH-WLD-001-2026-07-05,2026-07-05,REVIEW,1
ROB-002,BATCH-ROB-002-2026-07-05,2026-07-05,PASS,0
CON-001,BATCH-CON-001-2026-07-05,2026-07-05,PASS,0
PKG-001,BATCH-PKG-001-2026-07-05,2026-07-05,PASS,0
LAB-001,BATCH-LAB-001-2026-07-05,2026-07-05,PASS,0
CNC-001,BATCH-CNC-001-2026-07-06,2026-07-06,PASS,0
PRS-001,BATCH-PRS-001-2026-07-06,2026-07-06,PASS,0
ROB-001,BATCH-ROB-001-2026-07-06,2026-07-06,PASS,0
CNC-002,BATCH-CNC-002-2026-07-06,2026-07-06,PASS,0
WLD-001,BATCH-WLD-001-2026-07-06,2026-07-06,PASS,0
ROB-002,BATCH-ROB-002-2026-07-06,2026-07-06,PASS,0
CON-001,BATCH-CON-001-2026-07-06,2026-07-06,PASS,0
PKG-001,BATCH-PKG-001-2026-07-06,2026-07-06,PASS,0
LAB-001,BATCH-LAB-001-2026-07-06,2026-07-06,REVIEW,1
CNC-001,BATCH-CNC-001-2026-07-07,2026-07-07,PASS,0
PRS-001,BATCH-PRS-001-2026-07-07,2026-07-07,PASS,0
ROB-001,BATCH-ROB-001-2026-07-07,2026-07-07,PASS,0
CNC-002,BATCH-CNC-002-2026-07-07,2026-07-07,PASS,0
WLD-001,BATCH-WLD-001-2026-07-07,2026-07-07,PASS,0
ROB-002,BATCH-ROB-002-2026-07-07,2026-07-07,REVIEW,2
CON-001,BATCH-CON-001-2026-07-07,2026-07-07,PASS,0
PKG-001,BATCH-PKG-001-2026-07-07,2026-07-07,REVIEW,2
LAB-001,BATCH-LAB-001-2026-07-07,2026-07-07,PASS,0
CNC-001,BATCH-CNC-001-2026-07-08,2026-07-08,REVIEW,1
PRS-001,BATCH-PRS-001-2026-07-08,2026-07-08,PASS,0
ROB-001,BATCH-ROB-001-2026-07-08,2026-07-08,PASS,0
CNC-002,BATCH-CNC-002-2026-07-08,2026-07-08,PASS,0
WLD-001,BATCH-WLD-001-2026-07-08,2026-07-08,PASS,0
ROB-002,BATCH-ROB-002-2026-07-08,2026-07-08,PASS,0
CON-001,BATCH-CON-001-2026-07-08,2026-07-08,PASS,0
PKG-001,BATCH-PKG-001-2026-07-08,2026-07-08,PASS,0
LAB-001,BATCH-LAB-001-2026-07-08,2026-07-08,PASS,0
CNC-001,BATCH-CNC-001-2026-07-09,2026-07-09,PASS,0
PRS-001,BATCH-PRS-001-2026-07-09,2026-07-09,PASS,0
ROB-001,BATCH-ROB-001-2026-07-09,2026-07-09,PASS,0
CNC-002,BATCH-CNC-002-2026-07-09,2026-07-09,PASS,0
WLD-001,BATCH-WLD-001-2026-07-09,2026-07-09,PASS,0
ROB-002,BATCH-ROB-002-2026-07-09,2026-07-09,PASS,0
CON-001,BATCH-CON-001-2026-07-09,2026-07-09,PASS,0
PKG-001,BATCH-PKG-001-2026-07-09,2026-07-09,PASS,0
LAB-001,BATCH-LAB-001-2026-07-09,2026-07-09,PASS,0
CNC-001,BATCH-CNC-001-2026-07-10,2026-07-10,PASS,0
PRS-001,BATCH-PRS-001-2026-07-10,2026-07-10,PASS,0
ROB-001,BATCH-ROB-001-2026-07-10,2026-07-10,PASS,0
CNC-002,BATCH-CNC-002-2026-07-10,2026-07-10,PASS,0
WLD-001,BATCH-WLD-001-2026-07-10,2026-07-10,PASS,0
ROB-002,BATCH-ROB-002-2026-07-10,2026-07-10,PASS,0
CON-001,BATCH-CON-001-2026-07-10,2026-07-10,PASS,0
PKG-001,BATCH-PKG-001-2026-07-10,2026-07-10,PASS,0
LAB-001,BATCH-LAB-001-2026-07-10,2026-07-10,PASS,0
CNC-001,BATCH-CNC-001-2026-07-11,2026-07-11,PASS,0
PRS-001,BATCH-PRS-001-2026-07-11,2026-07-11,PASS,0
ROB-001,BATCH-ROB-001-2026-07-11,2026-07-11,PASS,0
CNC-002,BATCH-CNC-002-2026-07-11,2026-07-11,PASS,0
WLD-001,BATCH-WLD-001-2026-07-11,2026-07-11,PASS,0
ROB-002,BATCH-ROB-002-2026-07-11,2026-07-11,PASS,0
CON-001,BATCH-CON-001-2026-07-11,2026-07-11,PASS,0
PKG-001,BATCH-PKG-001-2026-07-11,2026-07-11,PASS,0
LAB-001,BATCH-LAB-001-2026-07-11,2026-07-11,PASS,0
CNC-001,BATCH-CNC-001-2026-07-12,2026-07-12,PASS,0
PRS-001,BATCH-PRS-001-2026-07-12,2026-07-12,PASS,0
ROB-001,BATCH-ROB-001-2026-07-12,2026-07-12,PASS,0
CNC-002,BATCH-CNC-002-2026-07-12,2026-07-12,REVIEW,1
WLD-001,BATCH-WLD-001-2026-07-12,2026-07-12,PASS,0
ROB-002,BATCH-ROB-002-2026-07-12,2026-07-12,PASS,0
CON-001,BATCH-CON-001-2026-07-12,2026-07-12,PASS,0
PKG-001,BATCH-PKG-001-2026-07-12,2026-07-12,PASS,0
LAB-001,BATCH-LAB-001-2026-07-12,2026-07-12,PASS,0
CNC-001,BATCH-CNC-001-2026-07-13,2026-07-13,PASS,0
PRS-001,BATCH-PRS-001-2026-07-13,2026-07-13,PASS,0
ROB-001,BATCH-ROB-001-2026-07-13,2026-07-13,REVIEW,1
CNC-002,BATCH-CNC-002-2026-07-13,2026-07-13,PASS,0
WLD-001,BATCH-WLD-001-2026-07-13,2026-07-13,PASS,0
ROB-002,BATCH-ROB-002-2026-07-13,2026-07-13,PASS,0
CON-001,BATCH-CON-001-2026-07-13,2026-07-13,PASS,0
PKG-001,BATCH-PKG-001-2026-07-13,2026-07-13,REVIEW,5
LAB-001,BATCH-LAB-001-2026-07-13,2026-07-13,PASS,0
CNC-001,BATCH-CNC-001-2026-07-14,2026-07-14,FAIL,4
PRS-001,BATCH-PRS-001-2026-07-14,2026-07-14,PASS,0
ROB-001,BATCH-ROB-001-2026-07-14,2026-07-14,PASS,0
CNC-002,BATCH-CNC-002-2026-07-14,2026-07-14,PASS,0
WLD-001,BATCH-WLD-001-2026-07-14,2026-07-14,PASS,0
ROB-002,BATCH-ROB-002-2026-07-14,2026-07-14,PASS,0
CON-001,BATCH-CON-001-2026-07-14,2026-07-14,PASS,0
PKG-001,BATCH-PKG-001-2026-07-14,2026-07-14,REVIEW,3
LAB-001,BATCH-LAB-001-2026-07-14,2026-07-14,PASS,0
CNC-001,BATCH-CNC-001-2026-07-15,2026-07-15,PASS,0
PRS-001,BATCH-PRS-001-2026-07-15,2026-07-15,PASS,0
ROB-001,BATCH-ROB-001-2026-07-15,2026-07-15,PASS,0
CNC-002,BATCH-CNC-002-2026-07-15,2026-07-15,REVIEW,1
WLD-001,BATCH-WLD-001-2026-07-15,2026-07-15,PASS,0
ROB-002,BATCH-ROB-002-2026-07-15,2026-07-15,REVIEW,1
CON-001,BATCH-CON-001-2026-07-15,2026-07-15,REVIEW,1
PKG-001,BATCH-PKG-001-2026-07-15,2026-07-15,PASS,0
LAB-001,BATCH-LAB-001-2026-07-15,2026-07-15,PASS,0
CNC-001,BATCH-CNC-001-2026-07-16,2026-07-16,PASS,0
PRS-001,BATCH-PRS-001-2026-07-16,2026-07-16,PASS,0
ROB-001,BATCH-ROB-001-2026-07-16,2026-07-16,PASS,0
CNC-002,BATCH-CNC-002-2026-07-16,2026-07-16,FAIL,3
WLD-001,BATCH-WLD-001-2026-07-16,2026-07-16,PASS,0
ROB-002,BATCH-ROB-002-2026-07-16,2026-07-16,PASS,0
CON-001,BATCH-CON-001-2026-07-16,2026-07-16,PASS,0
PKG-001,BATCH-PKG-001-2026-07-16,2026-07-16,REVIEW,1
LAB-001,BATCH-LAB-001-2026-07-16,2026-07-16,PASS,0
CNC-001,BATCH-CNC-001-2026-07-17,2026-07-17,PASS,0
PRS-001,BATCH-PRS-001-2026-07-17,2026-07-17,PASS,0
ROB-001,BATCH-ROB-001-2026-07-17,2026-07-17,PASS,0
CNC-002,BATCH-CNC-002-2026-07-17,2026-07-17,FAIL,2
WLD-001,BATCH-WLD-001-2026-07-17,2026-07-17,PASS,0
ROB-002,BATCH-ROB-002-2026-07-17,2026-07-17,PASS,0
CON-001,BATCH-CON-001-2026-07-17,2026-07-17,PASS,0
PKG-001,BATCH-PKG-001-2026-07-17,2026-07-17,PASS,0
LAB-001,BATCH-LAB-001-2026-07-17,2026-07-17,PASS,0
CNC-001,BATCH-CNC-001-2026-07-18,2026-07-18,PASS,0
PRS-001,BATCH-PRS-001-2026-07-18,2026-07-18,PASS,0
ROB-001,BATCH-ROB-001-2026-07-18,2026-07-18,PASS,0
CNC-002,BATCH-CNC-002-2026-07-18,2026-07-18,PASS,0
WLD-001,BATCH-WLD-001-2026-07-18,2026-07-18,REVIEW,1
ROB-002,BATCH-ROB-002-2026-07-18,2026-07-18,PASS,0
CON-001,BATCH-CON-001-2026-07-18,2026-07-18,PASS,0
PKG-001,BATCH-PKG-001-2026-07-18,2026-07-18,REVIEW,2
LAB-001,BATCH-LAB-001-2026-07-18,2026-07-18,PASS,0
CNC-001,BATCH-CNC-001-2026-07-19,2026-07-19,REVIEW,2
PRS-001,BATCH-PRS-001-2026-07-19,2026-07-19,PASS,0
ROB-001,BATCH-ROB-001-2026-07-19,2026-07-19,PASS,0
CNC-002,BATCH-CNC-002-2026-07-19,2026-07-19,PASS,0
WLD-001,BATCH-WLD-001-2026-07-19,2026-07-19,PASS,0
ROB-002,BATCH-ROB-002-2026-07-19,2026-07-19,PASS,0
CON-001,BATCH-CON-001-2026-07-19,2026-07-19,PASS,0
PKG-001,BATCH-PKG-001-2026-07-19,2026-07-19,REVIEW,2
LAB-001,BATCH-LAB-001-2026-07-19,2026-07-19,PASS,0
CNC-001,BATCH-CNC-001-2026-07-20,2026-07-20,PASS,0
PRS-001,BATCH-PRS-001-2026-07-20,2026-07-20,PASS,0
ROB-001,BATCH-ROB-001-2026-07-20,2026-07-20,PASS,0
CNC-002,BATCH-CNC-002-2026-07-20,2026-07-20,PASS,0
WLD-001,BATCH-WLD-001-2026-07-20,2026-07-20,PASS,0
ROB-002,BATCH-ROB-002-2026-07-20,2026-07-20,PASS,0
CON-001,BATCH-CON-001-2026-07-20,2026-07-20,PASS,0
PKG-001,BATCH-PKG-001-2026-07-20,2026-07-20,FAIL,4
LAB-001,BATCH-LAB-001-2026-07-20,2026-07-20,PASS,0
CNC-001,BATCH-CNC-001-2026-07-21,2026-07-21,PASS,0
PRS-001,BATCH-PRS-001-2026-07-21,2026-07-21,PASS,0
ROB-001,BATCH-ROB-001-2026-07-21,2026-07-21,PASS,0
CNC-002,BATCH-CNC-002-2026-07-21,2026-07-21,REVIEW,1
WLD-001,BATCH-WLD-001-2026-07-21,2026-07-21,PASS,0
ROB-002,BATCH-ROB-002-2026-07-21,2026-07-21,PASS,0
CON-001,BATCH-CON-001-2026-07-21,2026-07-21,PASS,0
PKG-001,BATCH-PKG-001-2026-07-21,2026-07-21,PASS,0
LAB-001,BATCH-LAB-001-2026-07-21,2026-07-21,PASS,0
CNC-001,BATCH-CNC-001-2026-07-22,2026-07-22,PASS,0
PRS-001,BATCH-PRS-001-2026-07-22,2026-07-22,PASS,0
ROB-001,BATCH-ROB-001-2026-07-22,2026-07-22,PASS,0
CNC-002,BATCH-CNC-002-2026-07-22,2026-07-22,PASS,0
WLD-001,BATCH-WLD-001-2026-07-22,2026-07-22,PASS,0
ROB-002,BATCH-ROB-002-2026-07-22,2026-07-22,PASS,0
CON-001,BATCH-CON-001-2026-07-22,2026-07-22,PASS,0
PKG-001,BATCH-PKG-001-2026-07-22,2026-07-22,PASS,0
LAB-001,BATCH-LAB-001-2026-07-22,2026-07-22,REVIEW,1
CNC-001,BATCH-CNC-001-2026-07-23,2026-07-23,PASS,0
PRS-001,BATCH-PRS-001-2026-07-23,2026-07-23,PASS,0
ROB-001,BATCH-ROB-001-2026-07-23,2026-07-23,PASS,0
CNC-002,BATCH-CNC-002-2026-07-23,2026-07-23,PASS,0
WLD-001,BATCH-WLD-001-2026-07-23,2026-07-23,PASS,0
ROB-002,BATCH-ROB-002-2026-07-23,2026-07-23,PASS,0
CON-001,BATCH-CON-001-2026-07-23,2026-07-23,PASS,0
PKG-001,BATCH-PKG-001-2026-07-23,2026-07-23,PASS,0
LAB-001,BATCH-LAB-001-2026-07-23,2026-07-23,PASS,0
CNC-001,BATCH-CNC-001-2026-07-24,2026-07-24,REVIEW,2
PRS-001,BATCH-PRS-001-2026-07-24,2026-07-24,FAIL,1
ROB-001,BATCH-ROB-001-2026-07-24,2026-07-24,PASS,0
CNC-002,BATCH-CNC-002-2026-07-24,2026-07-24,PASS,0
WLD-001,BATCH-WLD-001-2026-07-24,2026-07-24,REVIEW,1
ROB-002,BATCH-ROB-002-2026-07-24,2026-07-24,PASS,0
CON-001,BATCH-CON-001-2026-07-24,2026-07-24,FAIL,2
PKG-001,BATCH-PKG-001-2026-07-24,2026-07-24,PASS,0
LAB-001,BATCH-LAB-001-2026-07-24,2026-07-24,PASS,0
CNC-001,BATCH-CNC-001-2026-07-25,2026-07-25,FAIL,1
PRS-001,BATCH-PRS-001-2026-07-25,2026-07-25,PASS,0
ROB-001,BATCH-ROB-001-2026-07-25,2026-07-25,PASS,0
CNC-002,BATCH-CNC-002-2026-07-25,2026-07-25,PASS,0
WLD-001,BATCH-WLD-001-2026-07-25,2026-07-25,FAIL,2
ROB-002,BATCH-ROB-002-2026-07-25,2026-07-25,PASS,0
CON-001,BATCH-CON-001-2026-07-25,2026-07-25,PASS,0
PKG-001,BATCH-PKG-001-2026-07-25,2026-07-25,PASS,0
LAB-001,BATCH-LAB-001-2026-07-25,2026-07-25,PASS,0
CNC-001,BATCH-CNC-001-2026-07-26,2026-07-26,PASS,0
PRS-001,BATCH-PRS-001-2026-07-26,2026-07-26,PASS,0
ROB-001,BATCH-ROB-001-2026-07-26,2026-07-26,PASS,0
CNC-002,BATCH-CNC-002-2026-07-26,2026-07-26,PASS,0
WLD-001,BATCH-WLD-001-2026-07-26,2026-07-26,PASS,0
ROB-002,BATCH-ROB-002-2026-07-26,2026-07-26,PASS,0
CON-001,BATCH-CON-001-2026-07-26,2026-07-26,PASS,0
PKG-001,BATCH-PKG-001-2026-07-26,2026-07-26,PASS,0
LAB-001,BATCH-LAB-001-2026-07-26,2026-07-26,PASS,0
CNC-001,BATCH-CNC-001-2026-07-27,2026-07-27,PASS,0
PRS-001,BATCH-PRS-001-2026-07-27,2026-07-27,PASS,0
ROB-001,BATCH-ROB-001-2026-07-27,2026-07-27,PASS,0
CNC-002,BATCH-CNC-002-2026-07-27,2026-07-27,PASS,0
WLD-001,BATCH-WLD-001-2026-07-27,2026-07-27,PASS,0
ROB-002,BATCH-ROB-002-2026-07-27,2026-07-27,PASS,0
CON-001,BATCH-CON-001-2026-07-27,2026-07-27,PASS,0
PKG-001,BATCH-PKG-001-2026-07-27,2026-07-27,PASS,0
LAB-001,BATCH-LAB-001-2026-07-27,2026-07-27,PASS,0
CNC-001,BATCH-CNC-001-2026-07-28,2026-07-28,PASS,0
PRS-001,BATCH-PRS-001-2026-07-28,2026-07-28,FAIL,4
ROB-001,BATCH-ROB-001-2026-07-28,2026-07-28,PASS,0
CNC-002,BATCH-CNC-002-2026-07-28,2026-07-28,PASS,0
WLD-001,BATCH-WLD-001-2026-07-28,2026-07-28,PASS,0
ROB-002,BATCH-ROB-002-2026-07-28,2026-07-28,PASS,0
CON-001,BATCH-CON-001-2026-07-28,2026-07-28,PASS,0
PKG-001,BATCH-PKG-001-2026-07-28,2026-07-28,PASS,0
LAB-001,BATCH-LAB-001-2026-07-28,2026-07-28,REVIEW,2
CNC-001,BATCH-CNC-001-2026-07-29,2026-07-29,PASS,0
PRS-001,BATCH-PRS-001-2026-07-29,2026-07-29,PASS,0
ROB-001,BATCH-ROB-001-2026-07-29,2026-07-29,PASS,0
CNC-002,BATCH-CNC-002-2026-07-29,2026-07-29,PASS,0
WLD-001,BATCH-WLD-001-2026-07-29,2026-07-29,PASS,0
ROB-002,BATCH-ROB-002-2026-07-29,2026-07-29,PASS,0
CON-001,BATCH-CON-001-2026-07-29,2026-07-29,PASS,0
PKG-001,BATCH-PKG-001-2026-07-29,2026-07-29,PASS,0
LAB-001,BATCH-LAB-001-2026-07-29,2026-07-29,REVIEW,2
CNC-001,BATCH-CNC-001-2026-07-30,2026-07-30,PASS,0
PRS-001,BATCH-PRS-001-2026-07-30,2026-07-30,PASS,0
ROB-001,BATCH-ROB-001-2026-07-30,2026-07-30,PASS,0
CNC-002,BATCH-CNC-002-2026-07-30,2026-07-30,PASS,0
WLD-001,BATCH-WLD-001-2026-07-30,2026-07-30,PASS,0
ROB-002,BATCH-ROB-002-2026-07-30,2026-07-30,REVIEW,2
CON-001,BATCH-CON-001-2026-07-30,2026-07-30,PASS,0
PKG-001,BATCH-PKG-001-2026-07-30,2026-07-30,PASS,0
LAB-001,BATCH-LAB-001-2026-07-30,2026-07-30,PASS,0
CNC-001,BATCH-CNC-001-2026-07-31,2026-07-31,PASS,0
PRS-001,BATCH-PRS-001-2026-07-31,2026-07-31,PASS,0
ROB-001,BATCH-ROB-001-2026-07-31,2026-07-31,PASS,0
CNC-002,BATCH-CNC-002-2026-07-31,2026-07-31,PASS,0
WLD-001,BATCH-WLD-001-2026-07-31,2026-07-31,PASS,0
ROB-002,BATCH-ROB-002-2026-07-31,2026-07-31,PASS,0
CON-001,BATCH-CON-001-2026-07-31,2026-07-31,PASS,0
PKG-001,BATCH-PKG-001-2026-07-31,2026-07-31,PASS,0
LAB-001,BATCH-LAB-001-2026-07-31,2026-07-31,PASS,0
CNC-001,BATCH-CNC-001-2026-08-01,2026-08-01,PASS,0
PRS-001,BATCH-PRS-001-2026-08-01,2026-08-01,PASS,0
ROB-001,BATCH-ROB-001-2026-08-01,2026-08-01,REVIEW,1
CNC-002,BATCH-CNC-002-2026-08-01,2026-08-01,PASS,0
WLD-001,BATCH-WLD-001-2026-08-01,2026-08-01,PASS,0
ROB-002,BATCH-ROB-002-2026-08-01,2026-08-01,PASS,0
CON-001,BATCH-CON-001-2026-08-01,2026-08-01,PASS,0
PKG-001,BATCH-PKG-001-2026-08-01,2026-08-01,PASS,0
LAB-001,BATCH-LAB-001-2026-08-01,2026-08-01,PASS,0
CNC-001,BATCH-CNC-001-2026-08-02,2026-08-02,PASS,0
PRS-001,BATCH-PRS-001-2026-08-02,2026-08-02,FAIL,2
ROB-001,BATCH-ROB-001-2026-08-02,2026-08-02,PASS,0
CNC-002,BATCH-CNC-002-2026-08-02,2026-08-02,PASS,0
WLD-001,BATCH-WLD-001-2026-08-02,2026-08-02,PASS,0
ROB-002,BATCH-ROB-002-2026-08-02,2026-08-02,PASS,0
CON-001,BATCH-CON-001-2026-08-02,2026-08-02,PASS,0
PKG-001,BATCH-PKG-001-2026-08-02,2026-08-02,PASS,0
LAB-001,BATCH-LAB-001-2026-08-02,2026-08-02,PASS,0
CNC-001,BATCH-CNC-001-2026-08-03,2026-08-03,PASS,0
PRS-001,BATCH-PRS-001-2026-08-03,2026-08-03,REVIEW,5
ROB-001,BATCH-ROB-001-2026-08-03,2026-08-03,PASS,0
CNC-002,BATCH-CNC-002-2026-08-03,2026-08-03,PASS,0
WLD-001,BATCH-WLD-001-2026-08-03,2026-08-03,PASS,0
ROB-002,BATCH-ROB-002-2026-08-03,2026-08-03,PASS,0
CON-001,BATCH-CON-001-2026-08-03,2026-08-03,PASS,0
PKG-001,BATCH-PKG-001-2026-08-03,2026-08-03,PASS,0
LAB-001,BATCH-LAB-001-2026-08-03,2026-08-03,PASS,0
CNC-001,BATCH-CNC-001-2026-08-04,2026-08-04,PASS,0
PRS-001,BATCH-PRS-001-2026-08-04,2026-08-04,PASS,0
ROB-001,BATCH-ROB-001-2026-08-04,2026-08-04,PASS,0
CNC-002,BATCH-CNC-002-2026-08-04,2026-08-04,PASS,0
WLD-001,BATCH-WLD-001-2026-08-04,2026-08-04,PASS,0
ROB-002,BATCH-ROB-002-2026-08-04,2026-08-04,PASS,0
CON-001,BATCH-CON-001-2026-08-04,2026-08-04,PASS,0
PKG-001,BATCH-PKG-001-2026-08-04,2026-08-04,PASS,0
LAB-001,BATCH-LAB-001-2026-08-04,2026-08-04,PASS,0
CNC-001,BATCH-CNC-001-2026-08-05,2026-08-05,FAIL,3
PRS-001,BATCH-PRS-001-2026-08-05,2026-08-05,PASS,0
ROB-001,BATCH-ROB-001-2026-08-05,2026-08-05,PASS,0
CNC-002,BATCH-CNC-002-2026-08-05,2026-08-05,PASS,0
WLD-001,BATCH-WLD-001-2026-08-05,2026-08-05,PASS,0
ROB-002,BATCH-ROB-002-2026-08-05,2026-08-05,PASS,0
CON-001,BATCH-CON-001-2026-08-05,2026-08-05,PASS,0
PKG-001,BATCH-PKG-001-2026-08-05,2026-08-05,PASS,0
LAB-001,BATCH-LAB-001-2026-08-05,2026-08-05,PASS,0
CNC-001,BATCH-CNC-001-2026-08-06,2026-08-06,PASS,0
PRS-001,BATCH-PRS-001-2026-08-06,2026-08-06,FAIL,1
ROB-001,BATCH-ROB-001-2026-08-06,2026-08-06,PASS,0
CNC-002,BATCH-CNC-002-2026-08-06,2026-08-06,FAIL,1
WLD-001,BATCH-WLD-001-2026-08-06,2026-08-06,PASS,0
ROB-002,BATCH-ROB-002-2026-08-06,2026-08-06,FAIL,1
CON-001,BATCH-CON-001-2026-08-06,2026-08-06,PASS,0
PKG-001,BATCH-PKG-001-2026-08-06,2026-08-06,PASS,0
LAB-001,BATCH-LAB-001-2026-08-06,2026-08-06,REVIEW,1
CNC-001,BATCH-CNC-001-2026-08-07,2026-08-07,PASS,0
PRS-001,BATCH-PRS-001-2026-08-07,2026-08-07,REVIEW,3
ROB-001,BATCH-ROB-001-2026-08-07,2026-08-07,PASS,0
CNC-002,BATCH-CNC-002-2026-08-07,2026-08-07,PASS,0
WLD-001,BATCH-WLD-001-2026-08-07,2026-08-07,PASS,0
ROB-002,BATCH-ROB-002-2026-08-07,2026-08-07,PASS,0
CON-001,BATCH-CON-001-2026-08-07,2026-08-07,REVIEW,1
PKG-001,BATCH-PKG-001-2026-08-07,2026-08-07,PASS,0
LAB-001,BATCH-LAB-001-2026-08-07,2026-08-07,PASS,0
CNC-001,BATCH-CNC-001-2026-08-08,2026-08-08,REVIEW,3
PRS-001,BATCH-PRS-001-2026-08-08,2026-08-08,PASS,0
ROB-001,BATCH-ROB-001-2026-08-08,2026-08-08,PASS,0
CNC-002,BATCH-CNC-002-2026-08-08,2026-08-08,PASS,0
WLD-001,BATCH-WLD-001-2026-08-08,2026-08-08,REVIEW,3
ROB-002,BATCH-ROB-002-2026-08-08,2026-08-08,PASS,0
CON-001,BATCH-CON-001-2026-08-08,2026-08-08,PASS,0
PKG-001,BATCH-PKG-001-2026-08-08,2026-08-08,PASS,0
LAB-001,BATCH-LAB-001-2026-08-08,2026-08-08,PASS,0
CNC-001,BATCH-CNC-001-2026-08-09,2026-08-09,FAIL,2
PRS-001,BATCH-PRS-001-2026-08-09,2026-08-09,PASS,0
ROB-001,BATCH-ROB-001-2026-08-09,2026-08-09,PASS,0
CNC-002,BATCH-CNC-002-2026-08-09,2026-08-09,PASS,0
WLD-001,BATCH-WLD-001-2026-08-09,2026-08-09,PASS,0
ROB-002,BATCH-ROB-002-2026-08-09,2026-08-09,PASS,0
CON-001,BATCH-CON-001-2026-08-09,2026-08-09,PASS,0
PKG-001,BATCH-PKG-001-2026-08-09,2026-08-09,PASS,0
LAB-001,BATCH-LAB-001-2026-08-09,2026-08-09,PASS,0
CNC-001,BATCH-CNC-001-2026-08-10,2026-08-10,REVIEW,1
PRS-001,BATCH-PRS-001-2026-08-10,2026-08-10,PASS,0
ROB-001,BATCH-ROB-001-2026-08-10,2026-08-10,PASS,0
CNC-002,BATCH-CNC-002-2026-08-10,2026-08-10,PASS,0
WLD-001,BATCH-WLD-001-2026-08-10,2026-08-10,PASS,0
ROB-002,BATCH-ROB-002-2026-08-10,2026-08-10,PASS,0
CON-001,BATCH-CON-001-2026-08-10,2026-08-10,PASS,0
PKG-001,BATCH-PKG-001-2026-08-10,2026-08-10,PASS,0
LAB-001,BATCH-LAB-001-2026-08-10,2026-08-10,PASS,0
CNC-001,BATCH-CNC-001-2026-08-11,2026-08-11,REVIEW,1
PRS-001,BATCH-PRS-001-2026-08-11,2026-08-11,REVIEW,3
ROB-001,BATCH-ROB-001-2026-08-11,2026-08-11,PASS,0
CNC-002,BATCH-CNC-002-2026-08-11,2026-08-11,PASS,0
WLD-001,BATCH-WLD-001-2026-08-11,2026-08-11,REVIEW,1
ROB-002,BATCH-ROB-002-2026-08-11,2026-08-11,PASS,0
CON-001,BATCH-CON-001-2026-08-11,2026-08-11,PASS,0
PKG-001,BATCH-PKG-001-2026-08-11,2026-08-11,PASS,0
LAB-001,BATCH-LAB-001-2026-08-11,2026-08-11,PASS,0
CNC-001,BATCH-CNC-001-2026-08-12,2026-08-12,PASS,0
PRS-001,BATCH-PRS-001-2026-08-12,2026-08-12,PASS,0
ROB-001,BATCH-ROB-001-2026-08-12,2026-08-12,PASS,0
CNC-002,BATCH-CNC-002-2026-08-12,2026-08-12,PASS,0
WLD-001,BATCH-WLD-001-2026-08-12,2026-08-12,REVIEW,1
ROB-002,BATCH-ROB-002-2026-08-12,2026-08-12,PASS,0
CON-001,BATCH-CON-001-2026-08-12,2026-08-12,PASS,0
PKG-001,BATCH-PKG-001-2026-08-12,2026-08-12,PASS,0
LAB-001,BATCH-LAB-001-2026-08-12,2026-08-12,PASS,0
CNC-001,BATCH-CNC-001-2026-08-13,2026-08-13,REVIEW,1
PRS-001,BATCH-PRS-001-2026-08-13,2026-08-13,PASS,0
ROB-001,BATCH-ROB-001-2026-08-13,2026-08-13,PASS,0
CNC-002,BATCH-CNC-002-2026-08-13,2026-08-13,PASS,0
WLD-001,BATCH-WLD-001-2026-08-13,2026-08-13,PASS,0
ROB-002,BATCH-ROB-002-2026-08-13,2026-08-13,REVIEW,2
CON-001,BATCH-CON-001-2026-08-13,2026-08-13,PASS,0
PKG-001,BATCH-PKG-001-2026-08-13,2026-08-13,PASS,0
LAB-001,BATCH-LAB-001-2026-08-13,2026-08-13,PASS,0
CNC-001,BATCH-CNC-001-2026-08-14,2026-08-14,PASS,0
PRS-001,BATCH-PRS-001-2026-08-14,2026-08-14,PASS,0
ROB-001,BATCH-ROB-001-2026-08-14,2026-08-14,FAIL,2
CNC-002,BATCH-CNC-002-2026-08-14,2026-08-14,PASS,0
WLD-001,BATCH-WLD-001-2026-08-14,2026-08-14,FAIL,2
ROB-002,BATCH-ROB-002-2026-08-14,2026-08-14,PASS,0
CON-001,BATCH-CON-001-2026-08-14,2026-08-14,PASS,0
PKG-001,BATCH-PKG-001-2026-08-14,2026-08-14,PASS,0
LAB-001,BATCH-LAB-001-2026-08-14,2026-08-14,PASS,0
CNC-001,BATCH-CNC-001-2026-08-15,2026-08-15,PASS,0
PRS-001,BATCH-PRS-001-2026-08-15,2026-08-15,PASS,0
ROB-001,BATCH-ROB-001-2026-08-15,2026-08-15,PASS,0
CNC-002,BATCH-CNC-002-2026-08-15,2026-08-15,PASS,0
WLD-001,BATCH-WLD-001-2026-08-15,2026-08-15,FAIL,2
ROB-002,BATCH-ROB-002-2026-08-15,2026-08-15,PASS,0
CON-001,BATCH-CON-001-2026-08-15,2026-08-15,PASS,0
PKG-001,BATCH-PKG-001-2026-08-15,2026-08-15,PASS,0
LAB-001,BATCH-LAB-001-2026-08-15,2026-08-15,PASS,0
CNC-001,BATCH-CNC-001-2026-08-16,2026-08-16,PASS,0
PRS-001,BATCH-PRS-001-2026-08-16,2026-08-16,REVIEW,2
ROB-001,BATCH-ROB-001-2026-08-16,2026-08-16,PASS,0
CNC-002,BATCH-CNC-002-2026-08-16,2026-08-16,PASS,0
WLD-001,BATCH-WLD-001-2026-08-16,2026-08-16,PASS,0
ROB-002,BATCH-ROB-002-2026-08-16,2026-08-16,PASS,0
CON-001,BATCH-CON-001-2026-08-16,2026-08-16,PASS,0
PKG-001,BATCH-PKG-001-2026-08-16,2026-08-16,REVIEW,2
LAB-001,BATCH-LAB-001-2026-08-16,2026-08-16,PASS,0
CNC-001,BATCH-CNC-001-2026-08-17,2026-08-17,REVIEW,3
PRS-001,BATCH-PRS-001-2026-08-17,2026-08-17,REVIEW,1
ROB-001,BATCH-ROB-001-2026-08-17,2026-08-17,PASS,0
CNC-002,BATCH-CNC-002-2026-08-17,2026-08-17,PASS,0
WLD-001,BATCH-WLD-001-2026-08-17,2026-08-17,PASS,0
ROB-002,BATCH-ROB-002-2026-08-17,2026-08-17,PASS,0
CON-001,BATCH-CON-001-2026-08-17,2026-08-17,PASS,0
PKG-001,BATCH-PKG-001-2026-08-17,2026-08-17,PASS,0
LAB-001,BATCH-LAB-001-2026-08-17,2026-08-17,PASS,0
CNC-001,BATCH-CNC-001-2026-08-18,2026-08-18,PASS,0
PRS-001,BATCH-PRS-001-2026-08-18,2026-08-18,PASS,0
ROB-001,BATCH-ROB-001-2026-08-18,2026-08-18,REVIEW,2
CNC-002,BATCH-CNC-002-2026-08-18,2026-08-18,PASS,0
WLD-001,BATCH-WLD-001-2026-08-18,2026-08-18,PASS,0
ROB-002,BATCH-ROB-002-2026-08-18,2026-08-18,PASS,0
CON-001,BATCH-CON-001-2026-08-18,2026-08-18,PASS,0
PKG-001,BATCH-PKG-001-2026-08-18,2026-08-18,PASS,0
LAB-001,BATCH-LAB-001-2026-08-18,2026-08-18,PASS,0
CNC-001,BATCH-CNC-001-2026-08-19,2026-08-19,PASS,0
PRS-001,BATCH-PRS-001-2026-08-19,2026-08-19,PASS,0
ROB-001,BATCH-ROB-001-2026-08-19,2026-08-19,PASS,0
CNC-002,BATCH-CNC-002-2026-08-19,2026-08-19,REVIEW,1
WLD-001,BATCH-WLD-001-2026-08-19,2026-08-19,PASS,0
ROB-002,BATCH-ROB-002-2026-08-19,2026-08-19,PASS,0
CON-001,BATCH-CON-001-2026-08-19,2026-08-19,PASS,0
PKG-001,BATCH-PKG-001-2026-08-19,2026-08-19,PASS,0
LAB-001,BATCH-LAB-001-2026-08-19,2026-08-19,PASS,0
CNC-001,BATCH-CNC-001-2026-08-20,2026-08-20,REVIEW,1
PRS-001,BATCH-PRS-001-2026-08-20,2026-08-20,PASS,0
ROB-001,BATCH-ROB-001-2026-08-20,2026-08-20,PASS,0
CNC-002,BATCH-CNC-002-2026-08-20,2026-08-20,PASS,0
WLD-001,BATCH-WLD-001-2026-08-20,2026-08-20,PASS,0
ROB-002,BATCH-ROB-002-2026-08-20,2026-08-20,PASS,0
CON-001,BATCH-CON-001-2026-08-20,2026-08-20,PASS,0
PKG-001,BATCH-PKG-001-2026-08-20,2026-08-20,PASS,0
LAB-001,BATCH-LAB-001-2026-08-20,2026-08-20,PASS,0
CNC-001,BATCH-CNC-001-2026-08-21,2026-08-21,PASS,0
PRS-001,BATCH-PRS-001-2026-08-21,2026-08-21,PASS,0
ROB-001,BATCH-ROB-001-2026-08-21,2026-08-21,PASS,0
CNC-002,BATCH-CNC-002-2026-08-21,2026-08-21,PASS,0
WLD-001,BATCH-WLD-001-2026-08-21,2026-08-21,PASS,0
ROB-002,BATCH-ROB-002-2026-08-21,2026-08-21,PASS,0
CON-001,BATCH-CON-001-2026-08-21,2026-08-21,PASS,0
PKG-001,BATCH-PKG-001-2026-08-21,2026-08-21,PASS,0
LAB-001,BATCH-LAB-001-2026-08-21,2026-08-21,PASS,0
CNC-001,BATCH-CNC-001-2026-08-22,2026-08-22,FAIL,2
PRS-001,BATCH-PRS-001-2026-08-22,2026-08-22,PASS,0
ROB-001,BATCH-ROB-001-2026-08-22,2026-08-22,PASS,0
CNC-002,BATCH-CNC-002-2026-08-22,2026-08-22,FAIL,1
WLD-001,BATCH-WLD-001-2026-08-22,2026-08-22,PASS,0
ROB-002,BATCH-ROB-002-2026-08-22,2026-08-22,PASS,0
CON-001,BATCH-CON-001-2026-08-22,2026-08-22,PASS,0
PKG-001,BATCH-PKG-001-2026-08-22,2026-08-22,PASS,0
LAB-001,BATCH-LAB-001-2026-08-22,2026-08-22,PASS,0
CNC-001,BATCH-CNC-001-2026-08-23,2026-08-23,REVIEW,1
PRS-001,BATCH-PRS-001-2026-08-23,2026-08-23,PASS,0
ROB-001,BATCH-ROB-001-2026-08-23,2026-08-23,PASS,0
CNC-002,BATCH-CNC-002-2026-08-23,2026-08-23,PASS,0
WLD-001,BATCH-WLD-001-2026-08-23,2026-08-23,PASS,0
ROB-002,BATCH-ROB-002-2026-08-23,2026-08-23,PASS,0
CON-001,BATCH-CON-001-2026-08-23,2026-08-23,PASS,0
PKG-001,BATCH-PKG-001-2026-08-23,2026-08-23,PASS,0
LAB-001,BATCH-LAB-001-2026-08-23,2026-08-23,REVIEW,1
CNC-001,BATCH-CNC-001-2026-08-24,2026-08-24,PASS,0
PRS-001,BATCH-PRS-001-2026-08-24,2026-08-24,PASS,0
ROB-001,BATCH-ROB-001-2026-08-24,2026-08-24,PASS,0
CNC-002,BATCH-CNC-002-2026-08-24,2026-08-24,PASS,0
WLD-001,BATCH-WLD-001-2026-08-24,2026-08-24,PASS,0
ROB-002,BATCH-ROB-002-2026-08-24,2026-08-24,PASS,0
CON-001,BATCH-CON-001-2026-08-24,2026-08-24,PASS,0
PKG-001,BATCH-PKG-001-2026-08-24,2026-08-24,PASS,0
LAB-001,BATCH-LAB-001-2026-08-24,2026-08-24,REVIEW,1
CNC-001,BATCH-CNC-001-2026-08-25,2026-08-25,PASS,0
PRS-001,BATCH-PRS-001-2026-08-25,2026-08-25,PASS,0
ROB-001,BATCH-ROB-001-2026-08-25,2026-08-25,PASS,0
CNC-002,BATCH-CNC-002-2026-08-25,2026-08-25,PASS,0
WLD-001,BATCH-WLD-001-2026-08-25,2026-08-25,REVIEW,2
ROB-002,BATCH-ROB-002-2026-08-25,2026-08-25,PASS,0
CON-001,BATCH-CON-001-2026-08-25,2026-08-25,PASS,0
PKG-001,BATCH-PKG-001-2026-08-25,2026-08-25,PASS,0
LAB-001,BATCH-LAB-001-2026-08-25,2026-08-25,PASS,0
CNC-001,BATCH-CNC-001-2026-08-26,2026-08-26,PASS,0
PRS-001,BATCH-PRS-001-2026-08-26,2026-08-26,PASS,0
ROB-001,BATCH-ROB-001-2026-08-26,2026-08-26,PASS,0
CNC-002,BATCH-CNC-002-2026-08-26,2026-08-26,PASS,0
WLD-001,BATCH-WLD-001-2026-08-26,2026-08-26,REVIEW,1
ROB-002,BATCH-ROB-002-2026-08-26,2026-08-26,PASS,0
CON-001,BATCH-CON-001-2026-08-26,2026-08-26,PASS,0
PKG-001,BATCH-PKG-001-2026-08-26,2026-08-26,REVIEW,2
LAB-001,BATCH-LAB-001-2026-08-26,2026-08-26,PASS,0
CNC-001,BATCH-CNC-001-2026-08-27,2026-08-27,PASS,0
PRS-001,BATCH-PRS-001-2026-08-27,2026-08-27,PASS,0
ROB-001,BATCH-ROB-001-2026-08-27,2026-08-27,PASS,0
CNC-002,BATCH-CNC-002-2026-08-27,2026-08-27,PASS,0
WLD-001,BATCH-WLD-001-2026-08-27,2026-08-27,PASS,0
ROB-002,BATCH-ROB-002-2026-08-27,2026-08-27,PASS,0
CON-001,BATCH-CON-001-2026-08-27,2026-08-27,PASS,0
PKG-001,BATCH-PKG-001-2026-08-27,2026-08-27,PASS,0
LAB-001,BATCH-LAB-001-2026-08-27,2026-08-27,PASS,0
CNC-001,BATCH-CNC-001-2026-08-28,2026-08-28,REVIEW,5
PRS-001,BATCH-PRS-001-2026-08-28,2026-08-28,PASS,0
ROB-001,BATCH-ROB-001-2026-08-28,2026-08-28,PASS,0
CNC-002,BATCH-CNC-002-2026-08-28,2026-08-28,PASS,0
WLD-001,BATCH-WLD-001-2026-08-28,2026-08-28,PASS,0
ROB-002,BATCH-ROB-002-2026-08-28,2026-08-28,PASS,0
CON-001,BATCH-CON-001-2026-08-28,2026-08-28,REVIEW,1
PKG-001,BATCH-PKG-001-2026-08-28,2026-08-28,PASS,0
LAB-001,BATCH-LAB-001-2026-08-28,2026-08-28,PASS,0
CNC-001,BATCH-CNC-001-2026-08-29,2026-08-29,PASS,0
PRS-001,BATCH-PRS-001-2026-08-29,2026-08-29,PASS,0
ROB-001,BATCH-ROB-001-2026-08-29,2026-08-29,PASS,0
CNC-002,BATCH-CNC-002-2026-08-29,2026-08-29,PASS,0
WLD-001,BATCH-WLD-001-2026-08-29,2026-08-29,PASS,0
ROB-002,BATCH-ROB-002-2026-08-29,2026-08-29,REVIEW,2
CON-001,BATCH-CON-001-2026-08-29,2026-08-29,PASS,0
PKG-001,BATCH-PKG-001-2026-08-29,2026-08-29,PASS,0
LAB-001,BATCH-LAB-001-2026-08-29,2026-08-29,REVIEW,5
CNC-001,BATCH-CNC-001-2026-08-30,2026-08-30,PASS,0
PRS-001,BATCH-PRS-001-2026-08-30,2026-08-30,PASS,0
ROB-001,BATCH-ROB-001-2026-08-30,2026-08-30,PASS,0
CNC-002,BATCH-CNC-002-2026-08-30,2026-08-30,PASS,0
WLD-001,BATCH-WLD-001-2026-08-30,2026-08-30,PASS,0
ROB-002,BATCH-ROB-002-2026-08-30,2026-08-30,REVIEW,5
CON-001,BATCH-CON-001-2026-08-30,2026-08-30,PASS,0
PKG-001,BATCH-PKG-001-2026-08-30,2026-08-30,PASS,0
LAB-001,BATCH-LAB-001-2026-08-30,2026-08-30,PASS,0
CNC-001,BATCH-CNC-001-2026-08-31,2026-08-31,PASS,0
PRS-001,BATCH-PRS-001-2026-08-31,2026-08-31,REVIEW,4
ROB-001,BATCH-ROB-001-2026-08-31,2026-08-31,PASS,0
CNC-002,BATCH-CNC-002-2026-08-31,2026-08-31,PASS,0
WLD-001,BATCH-WLD-001-2026-08-31,2026-08-31,REVIEW,5
ROB-002,BATCH-ROB-002-2026-08-31,2026-08-31,REVIEW,5
CON-001,BATCH-CON-001-2026-08-31,2026-08-31,PASS,0
PKG-001,BATCH-PKG-001-2026-08-31,2026-08-31,PASS,0
LAB-001,BATCH-LAB-001-2026-08-31,2026-08-31,PASS,0
CNC-001,BATCH-CNC-001-2026-09-01,2026-09-01,PASS,0
PRS-001,BATCH-PRS-001-2026-09-01,2026-09-01,REVIEW,4
ROB-001,BATCH-ROB-001-2026-09-01,2026-09-01,PASS,0
CNC-002,BATCH-CNC-002-2026-09-01,2026-09-01,PASS,0
WLD-001,BATCH-WLD-001-2026-09-01,2026-09-01,PASS,0
ROB-002,BATCH-ROB-002-2026-09-01,2026-09-01,PASS,0
CON-001,BATCH-CON-001-2026-09-01,2026-09-01,PASS,0
PKG-001,BATCH-PKG-001-2026-09-01,2026-09-01,PASS,0
LAB-001,BATCH-LAB-001-2026-09-01,2026-09-01,PASS,0
CNC-001,BATCH-CNC-001-2026-09-02,2026-09-02,PASS,0
PRS-001,BATCH-PRS-001-2026-09-02,2026-09-02,FAIL,1
ROB-001,BATCH-ROB-001-2026-09-02,2026-09-02,FAIL,2
CNC-002,BATCH-CNC-002-2026-09-02,2026-09-02,PASS,0
WLD-001,BATCH-WLD-001-2026-09-02,2026-09-02,PASS,0
ROB-002,BATCH-ROB-002-2026-09-02,2026-09-02,PASS,0
CON-001,BATCH-CON-001-2026-09-02,2026-09-02,PASS,0
PKG-001,BATCH-PKG-001-2026-09-02,2026-09-02,PASS,0
LAB-001,BATCH-LAB-001-2026-09-02,2026-09-02,PASS,0
CNC-001,BATCH-CNC-001-2026-09-03,2026-09-03,PASS,0
PRS-001,BATCH-PRS-001-2026-09-03,2026-09-03,PASS,0
ROB-001,BATCH-ROB-001-2026-09-03,2026-09-03,PASS,0
CNC-002,BATCH-CNC-002-2026-09-03,2026-09-03,PASS,0
WLD-001,BATCH-WLD-001-2026-09-03,2026-09-03,PASS,0
ROB-002,BATCH-ROB-002-2026-09-03,2026-09-03,PASS,0
CON-001,BATCH-CON-001-2026-09-03,2026-09-03,PASS,0
PKG-001,BATCH-PKG-001-2026-09-03,2026-09-03,PASS,0
LAB-001,BATCH-LAB-001-2026-09-03,2026-09-03,PASS,0
CNC-001,BATCH-CNC-001-2026-09-04,2026-09-04,PASS,0
PRS-001,BATCH-PRS-001-2026-09-04,2026-09-04,REVIEW,5
ROB-001,BATCH-ROB-001-2026-09-04,2026-09-04,PASS,0
CNC-002,BATCH-CNC-002-2026-09-04,2026-09-04,PASS,0
WLD-001,BATCH-WLD-001-2026-09-04,2026-09-04,REVIEW,1
ROB-002,BATCH-ROB-002-2026-09-04,2026-09-04,REVIEW,2
CON-001,BATCH-CON-001-2026-09-04,2026-09-04,PASS,0
PKG-001,BATCH-PKG-001-2026-09-04,2026-09-04,PASS,0
LAB-001,BATCH-LAB-001-2026-09-04,2026-09-04,PASS,0
CNC-001,BATCH-CNC-001-2026-09-05,2026-09-05,REVIEW,1
PRS-001,BATCH-PRS-001-2026-09-05,2026-09-05,PASS,0
ROB-001,BATCH-ROB-001-2026-09-05,2026-09-05,PASS,0
CNC-002,BATCH-CNC-002-2026-09-05,2026-09-05,PASS,0
WLD-001,BATCH-WLD-001-2026-09-05,2026-09-05,PASS,0
ROB-002,BATCH-ROB-002-2026-09-05,2026-09-05,PASS,0
CON-001,BATCH-CON-001-2026-09-05,2026-09-05,PASS,0
PKG-001,BATCH-PKG-001-2026-09-05,2026-09-05,PASS,0
LAB-001,BATCH-LAB-001-2026-09-05,2026-09-05,PASS,0
CNC-001,BATCH-CNC-001-2026-09-06,2026-09-06,PASS,0
PRS-001,BATCH-PRS-001-2026-09-06,2026-09-06,PASS,0
ROB-001,BATCH-ROB-001-2026-09-06,2026-09-06,PASS,0
CNC-002,BATCH-CNC-002-2026-09-06,2026-09-06,PASS,0
WLD-001,BATCH-WLD-001-2026-09-06,2026-09-06,PASS,0
ROB-002,BATCH-ROB-002-2026-09-06,2026-09-06,PASS,0
CON-001,BATCH-CON-001-2026-09-06,2026-09-06,PASS,0
PKG-001,BATCH-PKG-001-2026-09-06,2026-09-06,PASS,0
LAB-001,BATCH-LAB-001-2026-09-06,2026-09-06,PASS,0
CNC-001,BATCH-CNC-001-2026-09-07,2026-09-07,REVIEW,3
PRS-001,BATCH-PRS-001-2026-09-07,2026-09-07,PASS,0
ROB-001,BATCH-ROB-001-2026-09-07,2026-09-07,PASS,0
CNC-002,BATCH-CNC-002-2026-09-07,2026-09-07,PASS,0
WLD-001,BATCH-WLD-001-2026-09-07,2026-09-07,PASS,0
ROB-002,BATCH-ROB-002-2026-09-07,2026-09-07,PASS,0
CON-001,BATCH-CON-001-2026-09-07,2026-09-07,PASS,0
PKG-001,BATCH-PKG-001-2026-09-07,2026-09-07,PASS,0
LAB-001,BATCH-LAB-001-2026-09-07,2026-09-07,PASS,0
CNC-001,BATCH-CNC-001-2026-09-08,2026-09-08,FAIL,3
PRS-001,BATCH-PRS-001-2026-09-08,2026-09-08,FAIL,1
ROB-001,BATCH-ROB-001-2026-09-08,2026-09-08,PASS,0
CNC-002,BATCH-CNC-002-2026-09-08,2026-09-08,PASS,0
WLD-001,BATCH-WLD-001-2026-09-08,2026-09-08,PASS,0
ROB-002,BATCH-ROB-002-2026-09-08,2026-09-08,PASS,0
CON-001,BATCH-CON-001-2026-09-08,2026-09-08,PASS,0
PKG-001,BATCH-PKG-001-2026-09-08,2026-09-08,PASS,0
LAB-001,BATCH-LAB-001-2026-09-08,2026-09-08,PASS,0
CNC-001,BATCH-CNC-001-2026-09-09,2026-09-09,PASS,0
PRS-001,BATCH-PRS-001-2026-09-09,2026-09-09,REVIEW,2
ROB-001,BATCH-ROB-001-2026-09-09,2026-09-09,PASS,0
CNC-002,BATCH-CNC-002-2026-09-09,2026-09-09,PASS,0
WLD-001,BATCH-WLD-001-2026-09-09,2026-09-09,PASS,0
ROB-002,BATCH-ROB-002-2026-09-09,2026-09-09,PASS,0
CON-001,BATCH-CON-001-2026-09-09,2026-09-09,PASS,0
PKG-001,BATCH-PKG-001-2026-09-09,2026-09-09,PASS,0
LAB-001,BATCH-LAB-001-2026-09-09,2026-09-09,PASS,0
CNC-001,BATCH-CNC-001-2026-09-10,2026-09-10,PASS,0
PRS-001,BATCH-PRS-001-2026-09-10,2026-09-10,PASS,0
ROB-001,BATCH-ROB-001-2026-09-10,2026-09-10,PASS,0
CNC-002,BATCH-CNC-002-2026-09-10,2026-09-10,PASS,0
WLD-001,BATCH-WLD-001-2026-09-10,2026-09-10,PASS,0
ROB-002,BATCH-ROB-002-2026-09-10,2026-09-10,PASS,0
CON-001,BATCH-CON-001-2026-09-10,2026-09-10,PASS,0
PKG-001,BATCH-PKG-001-2026-09-10,2026-09-10,PASS,0
LAB-001,BATCH-LAB-001-2026-09-10,2026-09-10,PASS,0
CNC-001,BATCH-CNC-001-2026-09-11,2026-09-11,PASS,0
PRS-001,BATCH-PRS-001-2026-09-11,2026-09-11,PASS,0
ROB-001,BATCH-ROB-001-2026-09-11,2026-09-11,PASS,0
CNC-002,BATCH-CNC-002-2026-09-11,2026-09-11,PASS,0
WLD-001,BATCH-WLD-001-2026-09-11,2026-09-11,PASS,0
ROB-002,BATCH-ROB-002-2026-09-11,2026-09-11,FAIL,1
CON-001,BATCH-CON-001-2026-09-11,2026-09-11,PASS,0
PKG-001,BATCH-PKG-001-2026-09-11,2026-09-11,PASS,0
LAB-001,BATCH-LAB-001-2026-09-11,2026-09-11,REVIEW,1
CNC-001,BATCH-CNC-001-2026-09-12,2026-09-12,PASS,0
PRS-001,BATCH-PRS-001-2026-09-12,2026-09-12,REVIEW,1
ROB-001,BATCH-ROB-001-2026-09-12,2026-09-12,PASS,0
CNC-002,BATCH-CNC-002-2026-09-12,2026-09-12,REVIEW,1
WLD-001,BATCH-WLD-001-2026-09-12,2026-09-12,PASS,0
ROB-002,BATCH-ROB-002-2026-09-12,2026-09-12,PASS,0
CON-001,BATCH-CON-001-2026-09-12,2026-09-12,PASS,0
PKG-001,BATCH-PKG-001-2026-09-12,2026-09-12,PASS,0
LAB-001,BATCH-LAB-001-2026-09-12,2026-09-12,PASS,0
CNC-001,BATCH-CNC-001-2026-09-13,2026-09-13,PASS,0
PRS-001,BATCH-PRS-001-2026-09-13,2026-09-13,FAIL,5
ROB-001,BATCH-ROB-001-2026-09-13,2026-09-13,PASS,0
CNC-002,BATCH-CNC-002-2026-09-13,2026-09-13,PASS,0
WLD-001,BATCH-WLD-001-2026-09-13,2026-09-13,PASS,0
ROB-002,BATCH-ROB-002-2026-09-13,2026-09-13,PASS,0
CON-001,BATCH-CON-001-2026-09-13,2026-09-13,PASS,0
PKG-001,BATCH-PKG-001-2026-09-13,2026-09-13,PASS,0
LAB-001,BATCH-LAB-001-2026-09-13,2026-09-13,PASS,0
CNC-001,BATCH-CNC-001-2026-09-14,2026-09-14,PASS,0
PRS-001,BATCH-PRS-001-2026-09-14,2026-09-14,PASS,0
ROB-001,BATCH-ROB-001-2026-09-14,2026-09-14,PASS,0
CNC-002,BATCH-CNC-002-2026-09-14,2026-09-14,PASS,0
WLD-001,BATCH-WLD-001-2026-09-14,2026-09-14,REVIEW,1
ROB-002,BATCH-ROB-002-2026-09-14,2026-09-14,PASS,0
CON-001,BATCH-CON-001-2026-09-14,2026-09-14,PASS,0
PKG-001,BATCH-PKG-001-2026-09-14,2026-09-14,PASS,0
LAB-001,BATCH-LAB-001-2026-09-14,2026-09-14,PASS,0
CNC-001,BATCH-CNC-001-2026-09-15,2026-09-15,PASS,0
PRS-001,BATCH-PRS-001-2026-09-15,2026-09-15,PASS,0
ROB-001,BATCH-ROB-001-2026-09-15,2026-09-15,PASS,0
CNC-002,BATCH-CNC-002-2026-09-15,2026-09-15,PASS,0
WLD-001,BATCH-WLD-001-2026-09-15,2026-09-15,PASS,0
ROB-002,BATCH-ROB-002-2026-09-15,2026-09-15,PASS,0
CON-001,BATCH-CON-001-2026-09-15,2026-09-15,REVIEW,1
PKG-001,BATCH-PKG-001-2026-09-15,2026-09-15,PASS,0
LAB-001,BATCH-LAB-001-2026-09-15,2026-09-15,PASS,0
CNC-001,BATCH-CNC-001-2026-09-16,2026-09-16,FAIL,4
PRS-001,BATCH-PRS-001-2026-09-16,2026-09-16,PASS,0
ROB-001,BATCH-ROB-001-2026-09-16,2026-09-16,PASS,0
CNC-002,BATCH-CNC-002-2026-09-16,2026-09-16,REVIEW,1
WLD-001,BATCH-WLD-001-2026-09-16,2026-09-16,PASS,0
ROB-002,BATCH-ROB-002-2026-09-16,2026-09-16,PASS,0
CON-001,BATCH-CON-001-2026-09-16,2026-09-16,PASS,0
PKG-001,BATCH-PKG-001-2026-09-16,2026-09-16,PASS,0
LAB-001,BATCH-LAB-001-2026-09-16,2026-09-16,REVIEW,2
CNC-001,BATCH-CNC-001-2026-09-17,2026-09-17,PASS,0
PRS-001,BATCH-PRS-001-2026-09-17,2026-09-17,PASS,0
ROB-001,BATCH-ROB-001-2026-09-17,2026-09-17,PASS,0
CNC-002,BATCH-CNC-002-2026-09-17,2026-09-17,PASS,0
WLD-001,BATCH-WLD-001-2026-09-17,2026-09-17,PASS,0
ROB-002,BATCH-ROB-002-2026-09-17,2026-09-17,PASS,0
CON-001,BATCH-CON-001-2026-09-17,2026-09-17,PASS,0
PKG-001,BATCH-PKG-001-2026-09-17,2026-09-17,REVIEW,3
LAB-001,BATCH-LAB-001-2026-09-17,2026-09-17,PASS,0
CNC-001,BATCH-CNC-001-2026-09-18,2026-09-18,PASS,0
PRS-001,BATCH-PRS-001-2026-09-18,2026-09-18,PASS,0
ROB-001,BATCH-ROB-001-2026-09-18,2026-09-18,PASS,0
CNC-002,BATCH-CNC-002-2026-09-18,2026-09-18,PASS,0
WLD-001,BATCH-WLD-001-2026-09-18,2026-09-18,PASS,0
ROB-002,BATCH-ROB-002-2026-09-18,2026-09-18,REVIEW,1
CON-001,BATCH-CON-001-2026-09-18,2026-09-18,PASS,0
PKG-001,BATCH-PKG-001-2026-09-18,2026-09-18,PASS,0
LAB-001,BATCH-LAB-001-2026-09-18,2026-09-18,PASS,0
CNC-001,BATCH-CNC-001-2026-09-19,2026-09-19,REVIEW,2
PRS-001,BATCH-PRS-001-2026-09-19,2026-09-19,PASS,0
ROB-001,BATCH-ROB-001-2026-09-19,2026-09-19,PASS,0
CNC-002,BATCH-CNC-002-2026-09-19,2026-09-19,PASS,0
WLD-001,BATCH-WLD-001-2026-09-19,2026-09-19,PASS,0
ROB-002,BATCH-ROB-002-2026-09-19,2026-09-19,PASS,0
CON-001,BATCH-CON-001-2026-09-19,2026-09-19,PASS,0
PKG-001,BATCH-PKG-001-2026-09-19,2026-09-19,PASS,0
LAB-001,BATCH-LAB-001-2026-09-19,2026-09-19,PASS,0
CNC-001,BATCH-CNC-001-2026-09-20,2026-09-20,PASS,0
PRS-001,BATCH-PRS-001-2026-09-20,2026-09-20,PASS,0
ROB-001,BATCH-ROB-001-2026-09-20,2026-09-20,PASS,0
CNC-002,BATCH-CNC-002-2026-09-20,2026-09-20,PASS,0
WLD-001,BATCH-WLD-001-2026-09-20,2026-09-20,PASS,0
ROB-002,BATCH-ROB-002-2026-09-20,2026-09-20,PASS,0
CON-001,BATCH-CON-001-2026-09-20,2026-09-20,PASS,0
PKG-001,BATCH-PKG-001-2026-09-20,2026-09-20,PASS,0
LAB-001,BATCH-LAB-001-2026-09-20,2026-09-20,PASS,0
CNC-001,BATCH-CNC-001-2026-09-21,2026-09-21,PASS,0
PRS-001,BATCH-PRS-001-2026-09-21,2026-09-21,REVIEW,1
ROB-001,BATCH-ROB-001-2026-09-21,2026-09-21,PASS,0
CNC-002,BATCH-CNC-002-2026-09-21,2026-09-21,PASS,0
WLD-001,BATCH-WLD-001-2026-09-21,2026-09-21,PASS,0
ROB-002,BATCH-ROB-002-2026-09-21,2026-09-21,PASS,0
CON-001,BATCH-CON-001-2026-09-21,2026-09-21,PASS,0
PKG-001,BATCH-PKG-001-2026-09-21,2026-09-21,PASS,0
LAB-001,BATCH-LAB-001-2026-09-21,2026-09-21,PASS,0
CNC-001,BATCH-CNC-001-2026-09-22,2026-09-22,PASS,0
PRS-001,BATCH-PRS-001-2026-09-22,2026-09-22,PASS,0
ROB-001,BATCH-ROB-001-2026-09-22,2026-09-22,PASS,0
CNC-002,BATCH-CNC-002-2026-09-22,2026-09-22,PASS,0
WLD-001,BATCH-WLD-001-2026-09-22,2026-09-22,PASS,0
ROB-002,BATCH-ROB-002-2026-09-22,2026-09-22,PASS,0
CON-001,BATCH-CON-001-2026-09-22,2026-09-22,PASS,0
PKG-001,BATCH-PKG-001-2026-09-22,2026-09-22,PASS,0
LAB-001,BATCH-LAB-001-2026-09-22,2026-09-22,PASS,0
CNC-001,BATCH-CNC-001-2026-09-23,2026-09-23,PASS,0
PRS-001,BATCH-PRS-001-2026-09-23,2026-09-23,PASS,0
ROB-001,BATCH-ROB-001-2026-09-23,2026-09-23,PASS,0
CNC-002,BATCH-CNC-002-2026-09-23,2026-09-23,PASS,0
WLD-001,BATCH-WLD-001-2026-09-23,2026-09-23,REVIEW,1
ROB-002,BATCH-ROB-002-2026-09-23,2026-09-23,PASS,0
CON-001,BATCH-CON-001-2026-09-23,2026-09-23,PASS,0
PKG-001,BATCH-PKG-001-2026-09-23,2026-09-23,PASS,0
LAB-001,BATCH-LAB-001-2026-09-23,2026-09-23,REVIEW,2
CNC-001,BATCH-CNC-001-2026-09-24,2026-09-24,PASS,0
PRS-001,BATCH-PRS-001-2026-09-24,2026-09-24,PASS,0
ROB-001,BATCH-ROB-001-2026-09-24,2026-09-24,PASS,0
CNC-002,BATCH-CNC-002-2026-09-24,2026-09-24,PASS,0
WLD-001,BATCH-WLD-001-2026-09-24,2026-09-24,PASS,0
ROB-002,BATCH-ROB-002-2026-09-24,2026-09-24,PASS,0
CON-001,BATCH-CON-001-2026-09-24,2026-09-24,PASS,0
PKG-001,BATCH-PKG-001-2026-09-24,2026-09-24,REVIEW,1
LAB-001,BATCH-LAB-001-2026-09-24,2026-09-24,PASS,0
CNC-001,BATCH-CNC-001-2026-09-25,2026-09-25,FAIL,3
PRS-001,BATCH-PRS-001-2026-09-25,2026-09-25,PASS,0
ROB-001,BATCH-ROB-001-2026-09-25,2026-09-25,REVIEW,5
CNC-002,BATCH-CNC-002-2026-09-25,2026-09-25,PASS,0
WLD-001,BATCH-WLD-001-2026-09-25,2026-09-25,PASS,0
ROB-002,BATCH-ROB-002-2026-09-25,2026-09-25,PASS,0
CON-001,BATCH-CON-001-2026-09-25,2026-09-25,PASS,0
PKG-001,BATCH-PKG-001-2026-09-25,2026-09-25,PASS,0
LAB-001,BATCH-LAB-001-2026-09-25,2026-09-25,REVIEW,2
CNC-001,BATCH-CNC-001-2026-09-26,2026-09-26,PASS,0
PRS-001,BATCH-PRS-001-2026-09-26,2026-09-26,PASS,0
ROB-001,BATCH-ROB-001-2026-09-26,2026-09-26,PASS,0
CNC-002,BATCH-CNC-002-2026-09-26,2026-09-26,PASS,0
WLD-001,BATCH-WLD-001-2026-09-26,2026-09-26,PASS,0
ROB-002,BATCH-ROB-002-2026-09-26,2026-09-26,PASS,0
CON-001,BATCH-CON-001-2026-09-26,2026-09-26,PASS,0
PKG-001,BATCH-PKG-001-2026-09-26,2026-09-26,PASS,0
LAB-001,BATCH-LAB-001-2026-09-26,2026-09-26,PASS,0
CNC-001,BATCH-CNC-001-2026-09-27,2026-09-27,REVIEW,1
PRS-001,BATCH-PRS-001-2026-09-27,2026-09-27,PASS,0
ROB-001,BATCH-ROB-001-2026-09-27,2026-09-27,PASS,0
CNC-002,BATCH-CNC-002-2026-09-27,2026-09-27,REVIEW,0
WLD-001,BATCH-WLD-001-2026-09-27,2026-09-27,PASS,0
ROB-002,BATCH-ROB-002-2026-09-27,2026-09-27,PASS,0
CON-001,BATCH-CON-001-2026-09-27,2026-09-27,PASS,0
PKG-001,BATCH-PKG-001-2026-09-27,2026-09-27,PASS,0
LAB-001,BATCH-LAB-001-2026-09-27,2026-09-27,FAIL,2
CNC-001,BATCH-CNC-001-2026-09-28,2026-09-28,REVIEW,3
PRS-001,BATCH-PRS-001-2026-09-28,2026-09-28,FAIL,5
ROB-001,BATCH-ROB-001-2026-09-28,2026-09-28,FAIL,5
CNC-002,BATCH-CNC-002-2026-09-28,2026-09-28,PASS,0
WLD-001,BATCH-WLD-001-2026-09-28,2026-09-28,PASS,0
ROB-002,BATCH-ROB-002-2026-09-28,2026-09-28,PASS,0
CON-001,BATCH-CON-001-2026-09-28,2026-09-28,PASS,0
PKG-001,BATCH-PKG-001-2026-09-28,2026-09-28,PASS,0
LAB-001,BATCH-LAB-001-2026-09-28,2026-09-28,REVIEW,4
CNC-001,BATCH-CNC-001-2026-09-29,2026-09-29,PASS,0
PRS-001,BATCH-PRS-001-2026-09-29,2026-09-29,REVIEW,4
ROB-001,BATCH-ROB-001-2026-09-29,2026-09-29,REVIEW,4
CNC-002,BATCH-CNC-002-2026-09-29,2026-09-29,PASS,0
WLD-001,BATCH-WLD-001-2026-09-29,2026-09-29,PASS,0
ROB-002,BATCH-ROB-002-2026-09-29,2026-09-29,PASS,0
CON-001,BATCH-CON-001-2026-09-29,2026-09-29,PASS,0
PKG-001,BATCH-PKG-001-2026-09-29,2026-09-29,PASS,0
LAB-001,BATCH-LAB-001-2026-09-29,2026-09-29,PASS,0
CNC-001,BATCH-CNC-001-2026-09-30,2026-09-30,PASS,0
PRS-001,BATCH-PRS-001-2026-09-30,2026-09-30,FAIL,3
ROB-001,BATCH-ROB-001-2026-09-30,2026-09-30,REVIEW,2
CNC-002,BATCH-CNC-002-2026-09-30,2026-09-30,PASS,0
WLD-001,BATCH-WLD-001-2026-09-30,2026-09-30,PASS,0
ROB-002,BATCH-ROB-002-2026-09-30,2026-09-30,PASS,0
CON-001,BATCH-CON-001-2026-09-30,2026-09-30,PASS,0
PKG-001,BATCH-PKG-001-2026-09-30,2026-09-30,PASS,0
LAB-001,BATCH-LAB-001-2026-09-30,2026-09-30,REVIEW,2
